,delta,Tau,Method,ARI
0,2,0.0,Naive,0.0
1,2,0.1,Randomized,0.0
2,2,0.0,Naive,0.0
3,2,0.1,Randomized,0.13071895424836602
4,2,0.0,Naive,0.0
5,2,0.1,Randomized,0.13071895424836602
6,2,0.0,Naive,0.02145922746781116
7,2,0.1,Randomized,0.0
8,2,0.0,Naive,0.0
9,2,0.1,Randomized,0.0
10,2,0.0,Naive,0.0
11,2,0.1,Randomized,0.0
12,2,0.0,Naive,0.0
13,2,0.1,Randomized,0.0
14,2,0.0,Naive,0.0
15,2,0.1,Randomized,0.0
16,2,0.0,Naive,0.0
17,2,0.1,Randomized,0.0
18,2,0.0,Naive,0.0
19,2,0.1,Randomized,0.0
20,2,0.0,Naive,0.0
21,2,0.1,Randomized,0.06489994591671173
22,2,0.0,Naive,0.0
23,2,0.1,Randomized,0.6208425720620843
24,2,0.0,Naive,0.0
25,2,0.1,Randomized,0.0
26,2,0.0,Naive,0.0
27,2,0.1,Randomized,0.0
28,2,0.0,Naive,0.0
29,2,0.1,Randomized,0.02145922746781116
30,2,0.0,Naive,0.06489994591671173
31,2,0.1,Randomized,0.06489994591671173
32,2,0.0,Naive,0.0
33,2,0.1,Randomized,0.0
34,2,0.0,Naive,-0.004405286343612335
35,2,0.1,Randomized,-0.004405286343612335
36,2,0.0,Naive,0.0
37,2,0.1,Randomized,0.0
38,2,0.0,Naive,0.02145922746781116
39,2,0.1,Randomized,0.3259423503325942
40,2,0.0,Naive,0.0
41,2,0.1,Randomized,0.3303964757709251
42,2,0.0,Naive,0.0
43,2,0.1,Randomized,0.0
44,2,0.0,Naive,0.0
45,2,0.1,Randomized,-0.019313304721030045
46,2,0.0,Naive,0.0
47,2,0.1,Randomized,0.02145922746781116
48,2,0.0,Naive,0.0
49,2,0.1,Randomized,0.0
50,2,0.0,Naive,0.0
51,2,0.1,Randomized,0.0
52,2,0.0,Naive,0.02145922746781116
53,2,0.1,Randomized,-0.034858387799564274
54,2,0.0,Naive,0.0
55,2,0.1,Randomized,0.0
56,2,0.0,Naive,0.0
57,2,0.1,Randomized,0.0
58,2,0.0,Naive,0.2191780821917808
59,2,0.1,Randomized,0.0
60,2,0.0,Naive,0.06489994591671173
61,2,0.1,Randomized,0.06489994591671173
62,2,0.0,Naive,0.0
63,2,0.1,Randomized,0.0
64,2,0.0,Naive,0.06489994591671173
65,2,0.1,Randomized,0.06489994591671173
66,2,0.0,Naive,0.0
67,2,0.1,Randomized,0.0
68,2,0.0,Naive,0.13071895424836602
69,2,0.1,Randomized,0.13071895424836602
70,2,0.0,Naive,0.0
71,2,0.1,Randomized,0.0
72,2,0.0,Naive,0.21227197346600332
73,2,0.1,Randomized,0.02145922746781116
74,2,0.0,Naive,0.0
75,2,0.1,Randomized,0.03997779011660189
76,2,0.0,Naive,0.0
77,2,0.1,Randomized,0.0
78,2,0.0,Naive,0.0
79,2,0.1,Randomized,0.0
80,2,0.0,Naive,0.0
81,2,0.1,Randomized,0.0
82,2,0.0,Naive,0.0
83,2,0.1,Randomized,0.0
84,2,0.0,Naive,0.0
85,2,0.1,Randomized,0.0
86,2,0.0,Naive,0.2191780821917808
87,2,0.1,Randomized,0.0
88,2,0.0,Naive,0.7995558023320377
89,2,0.1,Randomized,0.7995558023320377
90,2,0.0,Naive,0.0
91,2,0.1,Randomized,0.0
92,2,0.0,Naive,0.0
93,2,0.1,Randomized,0.02145922746781116
94,2,0.0,Naive,0.3244444444444444
95,2,0.1,Randomized,0.0
96,2,0.0,Naive,0.0
97,2,0.1,Randomized,0.0
98,2,0.0,Naive,0.0
99,2,0.1,Randomized,0.0
100,2,0.0,Naive,0.0
101,2,0.1,Randomized,0.0
102,2,0.0,Naive,0.0
103,2,0.1,Randomized,0.0
104,2,0.0,Naive,0.0
105,2,0.1,Randomized,0.0
106,2,0.0,Naive,0.0
107,2,0.1,Randomized,0.02145922746781116
108,2,0.0,Naive,-0.019313304721030045
109,2,0.1,Randomized,-0.004405286343612335
110,2,0.0,Naive,0.0
111,2,0.1,Randomized,0.0
112,2,0.0,Naive,0.0
113,2,0.1,Randomized,0.0
114,2,0.0,Naive,0.0
115,2,0.1,Randomized,0.0
116,2,0.0,Naive,0.0
117,2,0.1,Randomized,0.0
118,2,0.0,Naive,0.0
119,2,0.1,Randomized,0.0
120,2,0.0,Naive,0.0
121,2,0.1,Randomized,0.0
122,2,0.0,Naive,0.0
123,2,0.1,Randomized,0.0
124,2,0.0,Naive,0.0
125,2,0.1,Randomized,0.0
126,2,0.0,Naive,0.0
127,2,0.1,Randomized,0.0
128,2,0.0,Naive,0.0
129,2,0.1,Randomized,0.0
130,2,0.0,Naive,0.0
131,2,0.1,Randomized,0.0
132,2,0.0,Naive,0.02145922746781116
133,2,0.1,Randomized,0.006535947712418301
134,2,0.0,Naive,0.0
135,2,0.1,Randomized,-0.019313304721030045
136,2,0.0,Naive,0.0
137,2,0.1,Randomized,0.0
138,2,0.0,Naive,0.0
139,2,0.1,Randomized,0.0
140,2,0.0,Naive,0.06489994591671173
141,2,0.1,Randomized,0.0
142,2,0.0,Naive,0.0
143,2,0.1,Randomized,0.0
144,2,0.0,Naive,0.0
145,2,0.1,Randomized,0.0
146,2,0.0,Naive,0.0
147,2,0.1,Randomized,0.0
148,2,0.0,Naive,0.0
149,2,0.1,Randomized,0.0
150,2,0.0,Naive,0.0
151,2,0.1,Randomized,0.0
152,2,0.0,Naive,0.11529933481152993
153,2,0.1,Randomized,0.11529933481152993
154,2,0.0,Naive,0.0
155,2,0.1,Randomized,0.0
156,2,0.0,Naive,0.0
157,2,0.1,Randomized,0.0
158,2,0.0,Naive,0.02145922746781116
159,2,0.1,Randomized,0.02145922746781116
160,2,0.0,Naive,0.02145922746781116
161,2,0.1,Randomized,0.02145922746781116
162,2,0.0,Naive,0.02145922746781116
163,2,0.1,Randomized,0.02145922746781116
164,2,0.0,Naive,0.0
165,2,0.1,Randomized,0.1211453744493392
166,2,0.0,Naive,0.0
167,2,0.1,Randomized,0.0
168,2,0.0,Naive,0.0
169,2,0.1,Randomized,0.0
170,2,0.0,Naive,0.0
171,2,0.1,Randomized,0.0
172,2,0.0,Naive,0.0
173,2,0.1,Randomized,0.13071895424836602
174,2,0.0,Naive,0.02145922746781116
175,2,0.1,Randomized,0.02145922746781116
176,2,0.0,Naive,0.0
177,2,0.1,Randomized,0.0
178,2,0.0,Naive,0.7995558023320377
179,2,0.1,Randomized,0.02145922746781116
180,2,0.0,Naive,0.0
181,2,0.1,Randomized,0.0
182,2,0.0,Naive,0.0
183,2,0.1,Randomized,0.0
184,2,0.0,Naive,0.0
185,2,0.1,Randomized,0.0
186,2,0.0,Naive,0.0
187,2,0.1,Randomized,-0.019313304721030045
188,2,0.0,Naive,0.0
189,2,0.1,Randomized,0.02145922746781116
190,2,0.0,Naive,0.0
191,2,0.1,Randomized,0.0
192,2,0.0,Naive,0.0
193,2,0.1,Randomized,0.0526027397260274
194,2,0.0,Naive,0.0
195,2,0.1,Randomized,0.0
196,2,0.0,Naive,0.0
197,2,0.1,Randomized,0.02145922746781116
198,2,0.0,Naive,0.0
199,2,0.1,Randomized,0.0
200,2,0.0,Naive,0.0
201,2,0.1,Randomized,0.0
202,2,0.0,Naive,0.0
203,2,0.1,Randomized,0.0
204,2,0.0,Naive,0.0
205,2,0.1,Randomized,0.0
206,2,0.0,Naive,0.0
207,2,0.1,Randomized,0.02145922746781116
208,2,0.0,Naive,0.06489994591671173
209,2,0.1,Randomized,0.0
210,2,0.0,Naive,0.0
211,2,0.1,Randomized,0.02145922746781116
212,2,0.0,Naive,-0.017306652244456464
213,2,0.1,Randomized,0.0
214,2,0.0,Naive,0.0
215,2,0.1,Randomized,0.0
216,2,0.0,Naive,0.3244444444444444
217,2,0.1,Randomized,0.13071895424836602
218,2,0.0,Naive,0.0
219,2,0.1,Randomized,0.0
220,2,0.0,Naive,0.0
221,2,0.1,Randomized,0.0
222,2,0.0,Naive,0.0
223,2,0.1,Randomized,0.0
224,2,0.0,Naive,0.0
225,2,0.1,Randomized,0.0
226,2,0.0,Naive,0.0
227,2,0.1,Randomized,0.06489994591671173
228,2,0.0,Naive,-0.019313304721030045
229,2,0.1,Randomized,0.02145922746781116
230,2,0.0,Naive,0.0
231,2,0.1,Randomized,0.0
232,2,0.0,Naive,0.0
233,2,0.1,Randomized,0.0
234,2,0.0,Naive,0.0
235,2,0.1,Randomized,0.0
236,2,0.0,Naive,0.0
237,2,0.1,Randomized,0.0
238,2,0.0,Naive,0.0
239,2,0.1,Randomized,0.0
240,2,0.0,Naive,0.0
241,2,0.1,Randomized,0.0
242,2,0.0,Naive,0.0
243,2,0.1,Randomized,0.0
244,2,0.0,Naive,0.0
245,2,0.1,Randomized,0.0
246,2,0.0,Naive,0.0
247,2,0.1,Randomized,0.0
248,2,0.0,Naive,0.0
249,2,0.1,Randomized,0.0
250,2,0.0,Naive,0.0
251,2,0.1,Randomized,0.0
252,2,0.0,Naive,0.0
253,2,0.1,Randomized,0.0
254,2,0.0,Naive,0.0
255,2,0.1,Randomized,0.0
256,2,0.0,Naive,0.0
257,2,0.1,Randomized,0.0
258,2,0.0,Naive,0.06489994591671173
259,2,0.1,Randomized,0.06489994591671173
260,2,0.0,Naive,0.02145922746781116
261,2,0.1,Randomized,0.02145922746781116
262,2,0.0,Naive,0.02145922746781116
263,2,0.1,Randomized,0.02145922746781116
264,2,0.0,Naive,0.0
265,2,0.1,Randomized,0.0
266,2,0.0,Naive,0.0
267,2,0.1,Randomized,0.0
268,2,0.0,Naive,0.0
269,2,0.1,Randomized,0.0
270,2,0.0,Naive,0.0
271,2,0.1,Randomized,0.0
272,2,0.0,Naive,0.0
273,2,0.1,Randomized,0.0
274,2,0.0,Naive,0.0
275,2,0.1,Randomized,0.0
276,2,0.0,Naive,0.7995558023320377
277,2,0.1,Randomized,0.02145922746781116
278,2,0.0,Naive,0.02145922746781116
279,2,0.1,Randomized,0.02145922746781116
280,2,0.0,Naive,0.0
281,2,0.1,Randomized,0.0
282,2,0.0,Naive,0.0
283,2,0.1,Randomized,0.2087729039422543
284,2,0.0,Naive,0.0
285,2,0.1,Randomized,0.0
286,2,0.0,Naive,0.0
287,2,0.1,Randomized,0.0
288,2,0.0,Naive,0.0
289,2,0.1,Randomized,0.0
290,2,0.0,Naive,0.0
291,2,0.1,Randomized,0.0
292,2,0.0,Naive,0.0
293,2,0.1,Randomized,0.0
294,2,0.0,Naive,0.2191780821917808
295,2,0.1,Randomized,0.0
296,2,0.0,Naive,0.02145922746781116
297,2,0.1,Randomized,0.02145922746781116
298,2,0.0,Naive,0.0
299,2,0.1,Randomized,0.0
300,2,0.0,Naive,0.0
301,2,0.1,Randomized,0.0
302,2,0.0,Naive,0.0
303,2,0.1,Randomized,0.0
304,2,0.0,Naive,0.0
305,2,0.1,Randomized,0.0
306,2,0.0,Naive,0.0
307,2,0.1,Randomized,0.0
308,2,0.0,Naive,0.0
309,2,0.1,Randomized,0.0
310,2,0.0,Naive,0.46434494195688225
311,2,0.1,Randomized,0.46434494195688225
312,2,0.0,Naive,0.0
313,2,0.1,Randomized,0.0
314,2,0.0,Naive,0.0
315,2,0.1,Randomized,0.02145922746781116
316,2,0.0,Naive,0.46434494195688225
317,2,0.1,Randomized,0.3244444444444444
318,2,0.0,Naive,0.0
319,2,0.1,Randomized,0.0
320,2,0.0,Naive,0.02145922746781116
321,2,0.1,Randomized,0.02145922746781116
322,2,0.0,Naive,0.02145922746781116
323,2,0.1,Randomized,0.02145922746781116
324,2,0.0,Naive,0.0
325,2,0.1,Randomized,0.0
326,2,0.0,Naive,0.02145922746781116
327,2,0.1,Randomized,0.02145922746781116
328,2,0.0,Naive,0.0
329,2,0.1,Randomized,0.0
330,2,0.0,Naive,0.0
331,2,0.1,Randomized,0.0
332,2,0.0,Naive,0.0
333,2,0.1,Randomized,0.0
334,2,0.0,Naive,0.0
335,2,0.1,Randomized,0.0
336,2,0.0,Naive,0.0
337,2,0.1,Randomized,0.0
338,2,0.0,Naive,0.0
339,2,0.1,Randomized,0.0
340,2,0.0,Naive,0.0
341,2,0.1,Randomized,0.06489994591671173
342,2,0.0,Naive,0.0
343,2,0.1,Randomized,-0.017306652244456464
344,2,0.0,Naive,0.0
345,2,0.1,Randomized,0.06489994591671173
346,2,0.0,Naive,0.0
347,2,0.1,Randomized,0.0
348,2,0.0,Naive,0.0
349,2,0.1,Randomized,0.0
350,2,0.0,Naive,0.0
351,2,0.1,Randomized,0.0
352,2,0.0,Naive,0.0
353,2,0.1,Randomized,0.0
354,2,0.0,Naive,0.0
355,2,0.1,Randomized,0.0
356,2,0.0,Naive,0.13071895424836602
357,2,0.1,Randomized,0.0
358,2,0.0,Naive,0.0
359,2,0.1,Randomized,0.06489994591671173
360,2,0.0,Naive,0.46434494195688225
361,2,0.1,Randomized,0.46434494195688225
362,2,0.0,Naive,0.0
363,2,0.1,Randomized,0.0
364,2,0.0,Naive,0.0
365,2,0.1,Randomized,0.0
366,2,0.0,Naive,0.0
367,2,0.1,Randomized,0.0
368,2,0.0,Naive,0.02145922746781116
369,2,0.1,Randomized,0.02145922746781116
370,2,0.0,Naive,-0.019313304721030045
371,2,0.1,Randomized,0.13071895424836602
372,2,0.0,Naive,0.0
373,2,0.1,Randomized,0.0
374,2,0.0,Naive,0.0
375,2,0.1,Randomized,0.0
376,2,0.0,Naive,0.0
377,2,0.1,Randomized,0.0
378,2,0.0,Naive,0.0
379,2,0.1,Randomized,0.0
380,2,0.0,Naive,0.0
381,2,0.1,Randomized,-0.019313304721030045
382,2,0.0,Naive,0.0
383,2,0.1,Randomized,0.0
384,2,0.0,Naive,0.02145922746781116
385,2,0.1,Randomized,0.02145922746781116
386,2,0.0,Naive,0.0
387,2,0.1,Randomized,0.0
388,2,0.0,Naive,0.06489994591671173
389,2,0.1,Randomized,0.06489994591671173
390,2,0.0,Naive,0.0
391,2,0.1,Randomized,0.0
392,2,0.0,Naive,0.0
393,2,0.1,Randomized,0.0
394,2,0.0,Naive,0.02145922746781116
395,2,0.1,Randomized,0.02145922746781116
396,2,0.0,Naive,0.0
397,2,0.1,Randomized,0.0
398,2,0.0,Naive,0.0
399,2,0.1,Randomized,0.0
400,2,0.0,Naive,0.0
401,2,0.1,Randomized,-0.019313304721030045
402,2,0.0,Naive,0.0
403,2,0.1,Randomized,0.0
404,2,0.0,Naive,0.0
405,2,0.1,Randomized,0.0
406,2,0.0,Naive,0.0
407,2,0.1,Randomized,0.0
408,2,0.0,Naive,0.0
409,2,0.1,Randomized,0.0
410,2,0.0,Naive,0.0
411,2,0.1,Randomized,0.0
412,2,0.0,Naive,0.0
413,2,0.1,Randomized,0.0
414,2,0.0,Naive,0.02145922746781116
415,2,0.1,Randomized,0.02145922746781116
416,2,0.0,Naive,0.0
417,2,0.1,Randomized,0.3303964757709251
418,2,0.0,Naive,0.0
419,2,0.1,Randomized,0.0
420,2,0.0,Naive,0.0
421,2,0.1,Randomized,0.06489994591671173
422,2,0.0,Naive,-0.019313304721030045
423,2,0.1,Randomized,0.0
424,2,0.0,Naive,0.0
425,2,0.1,Randomized,0.0
426,2,0.0,Naive,0.02145922746781116
427,2,0.1,Randomized,0.0
428,2,0.0,Naive,0.0
429,2,0.1,Randomized,0.0
430,2,0.0,Naive,0.0
431,2,0.1,Randomized,0.0
432,2,0.0,Naive,0.0
433,2,0.1,Randomized,0.0
434,2,0.0,Naive,0.0
435,2,0.1,Randomized,0.0
436,2,0.0,Naive,0.0
437,2,0.1,Randomized,0.0
438,2,0.0,Naive,0.0
439,2,0.1,Randomized,0.0
440,2,0.0,Naive,0.0
441,2,0.1,Randomized,0.0
442,2,0.0,Naive,-0.017306652244456464
443,2,0.1,Randomized,0.0
444,2,0.0,Naive,0.0
445,2,0.1,Randomized,0.0
446,2,0.0,Naive,0.0
447,2,0.1,Randomized,0.0
448,2,0.0,Naive,0.0
449,2,0.1,Randomized,0.0
450,2,0.0,Naive,0.0
451,2,0.1,Randomized,0.0
452,2,0.0,Naive,0.0
453,2,0.1,Randomized,0.0
454,2,0.0,Naive,0.0
455,2,0.1,Randomized,0.0
456,2,0.0,Naive,0.0
457,2,0.1,Randomized,0.0
458,2,0.0,Naive,0.0
459,2,0.1,Randomized,0.0
460,2,0.0,Naive,0.0
461,2,0.1,Randomized,0.0
462,2,0.0,Naive,0.0
463,2,0.1,Randomized,0.0
464,2,0.0,Naive,0.0
465,2,0.1,Randomized,0.0
466,2,0.0,Naive,0.02145922746781116
467,2,0.1,Randomized,0.02145922746781116
468,2,0.0,Naive,0.0
469,2,0.1,Randomized,0.0
470,2,0.0,Naive,0.0
471,2,0.1,Randomized,0.0
472,2,0.0,Naive,0.0
473,2,0.1,Randomized,0.02145922746781116
474,2,0.0,Naive,0.0
475,2,0.1,Randomized,0.0
476,2,0.0,Naive,0.0
477,2,0.1,Randomized,0.006535947712418301
478,2,0.0,Naive,0.02145922746781116
479,2,0.1,Randomized,0.02145922746781116
480,2,0.0,Naive,0.0
481,2,0.1,Randomized,0.0
482,2,0.0,Naive,0.0
483,2,0.1,Randomized,0.13071895424836602
484,2,0.0,Naive,0.0
485,2,0.1,Randomized,0.0
486,2,0.0,Naive,0.0526027397260274
487,2,0.1,Randomized,0.0
488,2,0.0,Naive,0.3259423503325942
489,2,0.1,Randomized,0.3259423503325942
490,2,0.0,Naive,0.0
491,2,0.1,Randomized,0.0
492,2,0.0,Naive,0.0
493,2,0.1,Randomized,0.0
494,2,0.0,Naive,0.0
495,2,0.1,Randomized,0.0
496,2,0.0,Naive,0.13071895424836602
497,2,0.1,Randomized,0.13071895424836602
498,2,0.0,Naive,0.0
499,2,0.1,Randomized,0.0
500,2,0.0,Naive,0.0
501,2,0.1,Randomized,0.0
502,2,0.0,Naive,0.0
503,2,0.1,Randomized,0.0
504,2,0.0,Naive,0.0
505,2,0.1,Randomized,0.0
506,2,0.0,Naive,0.0
507,2,0.1,Randomized,0.0
508,2,0.0,Naive,0.13071895424836602
509,2,0.1,Randomized,0.13071895424836602
510,2,0.0,Naive,0.02145922746781116
511,2,0.1,Randomized,0.0
512,2,0.0,Naive,0.13071895424836602
513,2,0.1,Randomized,0.13071895424836602
514,2,0.0,Naive,0.0
515,2,0.1,Randomized,0.0
516,2,0.0,Naive,0.0
517,2,0.1,Randomized,0.0
518,2,0.0,Naive,0.0
519,2,0.1,Randomized,0.006535947712418301
520,2,0.0,Naive,0.02145922746781116
521,2,0.1,Randomized,0.02145922746781116
522,2,0.0,Naive,0.0
523,2,0.1,Randomized,0.0
524,2,0.0,Naive,0.02145922746781116
525,2,0.1,Randomized,0.02145922746781116
526,2,0.0,Naive,0.0
527,2,0.1,Randomized,0.0
528,2,0.0,Naive,0.7995558023320377
529,2,0.1,Randomized,0.7995558023320377
530,2,0.0,Naive,0.02145922746781116
531,2,0.1,Randomized,0.02145922746781116
532,2,0.0,Naive,0.0
533,2,0.1,Randomized,0.1211453744493392
534,2,0.0,Naive,0.0
535,2,0.1,Randomized,0.13071895424836602
536,2,0.0,Naive,0.0
537,2,0.1,Randomized,0.0
538,2,0.0,Naive,0.0
539,2,0.1,Randomized,0.0
540,2,0.0,Naive,0.0
541,2,0.1,Randomized,0.62
542,2,0.0,Naive,0.0
543,2,0.1,Randomized,0.0
544,2,0.0,Naive,0.0
545,2,0.1,Randomized,0.0
546,2,0.0,Naive,0.0
547,2,0.1,Randomized,0.0
548,2,0.0,Naive,0.0
549,2,0.1,Randomized,0.0
550,2,0.0,Naive,0.0
551,2,0.1,Randomized,0.0
552,2,0.0,Naive,0.0
553,2,0.1,Randomized,0.0
554,2,0.0,Naive,0.0
555,2,0.1,Randomized,-0.019313304721030045
556,2,0.0,Naive,0.0
557,2,0.1,Randomized,0.0
558,2,0.0,Naive,0.02145922746781116
559,2,0.1,Randomized,0.0
560,2,0.0,Naive,0.02145922746781116
561,2,0.1,Randomized,0.06489994591671173
562,2,0.0,Naive,0.006535947712418301
563,2,0.1,Randomized,0.006535947712418301
564,2,0.0,Naive,0.0
565,2,0.1,Randomized,0.0
566,2,0.0,Naive,0.6208425720620843
567,2,0.1,Randomized,0.6208425720620843
568,2,0.0,Naive,0.06489994591671173
569,2,0.1,Randomized,0.0
570,2,0.0,Naive,0.0
571,2,0.1,Randomized,0.0
572,2,0.0,Naive,0.3244444444444444
573,2,0.1,Randomized,0.3244444444444444
574,2,0.0,Naive,0.0
575,2,0.1,Randomized,0.0
576,2,0.0,Naive,0.02145922746781116
577,2,0.1,Randomized,0.02145922746781116
578,2,0.0,Naive,0.13071895424836602
579,2,0.1,Randomized,0.0
580,2,0.0,Naive,0.0
581,2,0.1,Randomized,0.06489994591671173
582,2,0.0,Naive,-0.019313304721030045
583,2,0.1,Randomized,-0.019313304721030045
584,2,0.0,Naive,0.02145922746781116
585,2,0.1,Randomized,0.02145922746781116
586,2,0.0,Naive,0.0
587,2,0.1,Randomized,-0.019313304721030045
588,2,0.0,Naive,0.0
589,2,0.1,Randomized,0.0
590,2,0.0,Naive,0.0
591,2,0.1,Randomized,0.02145922746781116
592,2,0.0,Naive,0.0
593,2,0.1,Randomized,0.0
594,2,0.0,Naive,-0.017306652244456464
595,2,0.1,Randomized,0.02145922746781116
596,2,0.0,Naive,0.06489994591671173
597,2,0.1,Randomized,0.2191780821917808
598,2,0.0,Naive,0.0
599,2,0.1,Randomized,0.0
600,2,0.0,Naive,0.0
601,2,0.1,Randomized,0.0
602,2,0.0,Naive,0.02145922746781116
603,2,0.1,Randomized,0.0
604,2,0.0,Naive,0.02145922746781116
605,2,0.1,Randomized,0.0
606,2,0.0,Naive,0.0
607,2,0.1,Randomized,0.0
608,2,0.0,Naive,0.3303964757709251
609,2,0.1,Randomized,0.3303964757709251
610,2,0.0,Naive,0.3303964757709251
611,2,0.1,Randomized,0.0
612,2,0.0,Naive,0.0
613,2,0.1,Randomized,0.0
614,2,0.0,Naive,0.0
615,2,0.1,Randomized,0.0
616,2,0.0,Naive,0.0
617,2,0.1,Randomized,0.0
618,2,0.0,Naive,-0.019313304721030045
619,2,0.1,Randomized,-0.019313304721030045
620,2,0.0,Naive,0.0
621,2,0.1,Randomized,0.0
622,2,0.0,Naive,0.0
623,2,0.1,Randomized,0.0
624,2,0.0,Naive,0.0
625,2,0.1,Randomized,0.0
626,2,0.0,Naive,0.02145922746781116
627,2,0.1,Randomized,0.02145922746781116
628,2,0.0,Naive,0.02145922746781116
629,2,0.1,Randomized,0.02145922746781116
630,2,0.0,Naive,0.0
631,2,0.1,Randomized,0.02145922746781116
632,2,0.0,Naive,0.02145922746781116
633,2,0.1,Randomized,0.02145922746781116
634,2,0.0,Naive,0.0
635,2,0.1,Randomized,0.0
636,2,0.0,Naive,0.0
637,2,0.1,Randomized,0.0
638,2,0.0,Naive,0.02145922746781116
639,2,0.1,Randomized,0.02145922746781116
640,2,0.0,Naive,0.0
641,2,0.1,Randomized,0.0
642,2,0.0,Naive,0.02145922746781116
643,2,0.1,Randomized,0.02145922746781116
644,2,0.0,Naive,0.0
645,2,0.1,Randomized,0.0
646,2,0.0,Naive,0.0
647,2,0.1,Randomized,0.02145922746781116
648,2,0.0,Naive,0.0
649,2,0.1,Randomized,0.02145922746781116
650,2,0.0,Naive,0.0
651,2,0.1,Randomized,0.0
652,2,0.0,Naive,0.0
653,2,0.1,Randomized,0.06489994591671173
654,2,0.0,Naive,0.1211453744493392
655,2,0.1,Randomized,0.0
656,2,0.0,Naive,0.0
657,2,0.1,Randomized,0.0
658,2,0.0,Naive,0.0
659,2,0.1,Randomized,0.0
660,2,0.0,Naive,-0.019313304721030045
661,2,0.1,Randomized,0.3244444444444444
662,2,0.0,Naive,0.0
663,2,0.1,Randomized,0.1211453744493392
664,2,0.0,Naive,0.06489994591671173
665,2,0.1,Randomized,0.06489994591671173
666,2,0.0,Naive,0.06489994591671173
667,2,0.1,Randomized,0.06489994591671173
668,2,0.0,Naive,0.0
669,2,0.1,Randomized,0.0
670,2,0.0,Naive,0.0
671,2,0.1,Randomized,0.0
672,2,0.0,Naive,0.6208425720620843
673,2,0.1,Randomized,0.6208425720620843
674,2,0.0,Naive,0.0
675,2,0.1,Randomized,0.0
676,2,0.0,Naive,-0.017306652244456464
677,2,0.1,Randomized,0.02145922746781116
678,2,0.0,Naive,0.0
679,2,0.1,Randomized,0.0
680,2,0.0,Naive,0.0
681,2,0.1,Randomized,0.0
682,2,0.0,Naive,0.62
683,2,0.1,Randomized,0.62
684,2,0.0,Naive,0.0
685,2,0.1,Randomized,0.0
686,2,0.0,Naive,0.0
687,2,0.1,Randomized,0.0
688,2,0.0,Naive,0.0
689,2,0.1,Randomized,0.0
690,2,0.0,Naive,0.0
691,2,0.1,Randomized,0.0
692,2,0.0,Naive,0.0
693,2,0.1,Randomized,0.0
694,2,0.0,Naive,0.02145922746781116
695,2,0.1,Randomized,0.0
696,2,0.0,Naive,0.0
697,2,0.1,Randomized,0.0
698,2,0.0,Naive,0.0
699,2,0.1,Randomized,0.0
700,2,0.0,Naive,0.0
701,2,0.1,Randomized,0.0
702,2,0.0,Naive,0.0
703,2,0.1,Randomized,0.0
704,2,0.0,Naive,0.0
705,2,0.1,Randomized,0.0
706,2,0.0,Naive,0.0
707,2,0.1,Randomized,0.0
708,2,0.0,Naive,0.0
709,2,0.1,Randomized,0.0
710,2,0.0,Naive,0.0
711,2,0.1,Randomized,0.0
712,2,0.0,Naive,0.0
713,2,0.1,Randomized,0.0
714,2,0.0,Naive,0.0
715,2,0.1,Randomized,0.0
716,2,0.0,Naive,0.02145922746781116
717,2,0.1,Randomized,0.02145922746781116
718,2,0.0,Naive,0.0
719,2,0.1,Randomized,0.0
720,2,0.0,Naive,0.02145922746781116
721,2,0.1,Randomized,0.02145922746781116
722,2,0.0,Naive,0.0
723,2,0.1,Randomized,0.02145922746781116
724,2,0.0,Naive,0.0
725,2,0.1,Randomized,0.0
726,2,0.0,Naive,0.0
727,2,0.1,Randomized,0.0
728,2,0.0,Naive,0.0
729,2,0.1,Randomized,0.0
730,2,0.0,Naive,0.0
731,2,0.1,Randomized,0.0
732,2,0.0,Naive,0.0
733,2,0.1,Randomized,0.0
734,2,0.0,Naive,0.0
735,2,0.1,Randomized,0.0
736,2,0.0,Naive,-0.019313304721030045
737,2,0.1,Randomized,-0.019313304721030045
738,2,0.0,Naive,0.0
739,2,0.1,Randomized,0.0
740,2,0.0,Naive,0.06489994591671173
741,2,0.1,Randomized,0.06489994591671173
742,2,0.0,Naive,0.0
743,2,0.1,Randomized,0.0
744,2,0.0,Naive,0.02145922746781116
745,2,0.1,Randomized,0.02145922746781116
746,2,0.0,Naive,0.0
747,2,0.1,Randomized,0.0
748,2,0.0,Naive,0.06489994591671173
749,2,0.1,Randomized,0.06489994591671173
750,2,0.0,Naive,0.02145922746781116
751,2,0.1,Randomized,0.02145922746781116
752,2,0.0,Naive,0.0
753,2,0.1,Randomized,0.0
754,2,0.0,Naive,0.0
755,2,0.1,Randomized,0.0
756,2,0.0,Naive,0.0
757,2,0.1,Randomized,0.0
758,2,0.0,Naive,0.0
759,2,0.1,Randomized,0.0
760,2,0.0,Naive,0.0
761,2,0.1,Randomized,0.0
762,2,0.0,Naive,0.0
763,2,0.1,Randomized,0.0
764,2,0.0,Naive,0.0
765,2,0.1,Randomized,0.0
766,2,0.0,Naive,0.0
767,2,0.1,Randomized,0.0
768,2,0.0,Naive,0.0
769,2,0.1,Randomized,0.46434494195688225
770,2,0.0,Naive,-0.017306652244456464
771,2,0.1,Randomized,0.0
772,2,0.0,Naive,0.21227197346600332
773,2,0.1,Randomized,-0.017306652244456464
774,2,0.0,Naive,0.0
775,2,0.1,Randomized,0.0
776,2,0.0,Naive,0.3303964757709251
777,2,0.1,Randomized,0.0
778,2,0.0,Naive,0.0
779,2,0.1,Randomized,0.0
780,2,0.0,Naive,0.0
781,2,0.1,Randomized,0.0
782,2,0.0,Naive,0.0
783,2,0.1,Randomized,0.0
784,2,0.0,Naive,0.0
785,2,0.1,Randomized,0.0
786,2,0.0,Naive,0.0
787,2,0.1,Randomized,0.0
788,2,0.0,Naive,0.0
789,2,0.1,Randomized,0.0
790,2,0.0,Naive,0.02145922746781116
791,2,0.1,Randomized,0.02145922746781116
792,2,0.0,Naive,0.0
793,2,0.1,Randomized,0.0
794,2,0.0,Naive,0.0
795,2,0.1,Randomized,0.0
796,2,0.0,Naive,0.0
797,2,0.1,Randomized,0.0
798,2,0.0,Naive,0.0
799,2,0.1,Randomized,0.0
800,2,0.0,Naive,0.0
801,2,0.1,Randomized,0.0
802,2,0.0,Naive,0.02145922746781116
803,2,0.1,Randomized,0.02145922746781116
804,2,0.0,Naive,0.0
805,2,0.1,Randomized,0.0
806,2,0.0,Naive,0.0
807,2,0.1,Randomized,0.0
808,2,0.0,Naive,0.0
809,2,0.1,Randomized,0.0
810,2,0.0,Naive,0.3244444444444444
811,2,0.1,Randomized,0.0
812,2,0.0,Naive,0.0
813,2,0.1,Randomized,0.0
814,2,0.0,Naive,0.0
815,2,0.1,Randomized,0.0
816,2,0.0,Naive,0.3303964757709251
817,2,0.1,Randomized,0.13071895424836602
818,2,0.0,Naive,0.7995558023320377
819,2,0.1,Randomized,0.7995558023320377
820,2,0.0,Naive,0.0
821,2,0.1,Randomized,0.0
822,2,0.0,Naive,0.0
823,2,0.1,Randomized,0.0
824,2,0.0,Naive,0.02145922746781116
825,2,0.1,Randomized,0.02145922746781116
826,2,0.0,Naive,0.0
827,2,0.1,Randomized,0.0
828,2,0.0,Naive,0.0
829,2,0.1,Randomized,0.0
830,2,0.0,Naive,0.21227197346600332
831,2,0.1,Randomized,0.21227197346600332
832,2,0.0,Naive,0.02145922746781116
833,2,0.1,Randomized,0.02145922746781116
834,2,0.0,Naive,0.4619655746807329
835,2,0.1,Randomized,0.4619655746807329
836,2,0.0,Naive,0.06489994591671173
837,2,0.1,Randomized,0.06489994591671173
838,2,0.0,Naive,0.02145922746781116
839,2,0.1,Randomized,0.02145922746781116
840,2,0.0,Naive,0.0
841,2,0.1,Randomized,0.0
842,2,0.0,Naive,0.0
843,2,0.1,Randomized,0.7995558023320377
844,2,0.0,Naive,0.13071895424836602
845,2,0.1,Randomized,0.0
846,2,0.0,Naive,0.0
847,2,0.1,Randomized,0.0
848,2,0.0,Naive,0.06489994591671173
849,2,0.1,Randomized,0.0
850,2,0.0,Naive,0.0
851,2,0.1,Randomized,0.0
852,2,0.0,Naive,0.0
853,2,0.1,Randomized,0.0
854,2,0.0,Naive,0.02145922746781116
855,2,0.1,Randomized,0.0
856,2,0.0,Naive,0.0
857,2,0.1,Randomized,0.0
858,2,0.0,Naive,0.0
859,2,0.1,Randomized,0.0
860,2,0.0,Naive,0.0
861,2,0.1,Randomized,-0.017306652244456464
862,2,0.0,Naive,0.0
863,2,0.1,Randomized,0.0
864,2,0.0,Naive,0.0
865,2,0.1,Randomized,0.0
866,2,0.0,Naive,0.0
867,2,0.1,Randomized,0.0
868,2,0.0,Naive,0.02145922746781116
869,2,0.1,Randomized,0.02145922746781116
870,2,0.0,Naive,0.0
871,2,0.1,Randomized,0.02145922746781116
872,2,0.0,Naive,0.0
873,2,0.1,Randomized,0.006535947712418301
874,2,0.0,Naive,0.0
875,2,0.1,Randomized,0.0
876,2,0.0,Naive,0.0
877,2,0.1,Randomized,0.0
878,2,0.0,Naive,0.0
879,2,0.1,Randomized,0.0
880,2,0.0,Naive,0.0
881,2,0.1,Randomized,0.0
882,2,0.0,Naive,0.0
883,2,0.1,Randomized,0.0
884,2,0.0,Naive,0.0
885,2,0.1,Randomized,0.0
886,2,0.0,Naive,0.0
887,2,0.1,Randomized,0.0
888,2,0.0,Naive,0.0
889,2,0.1,Randomized,0.0
890,2,0.0,Naive,0.3303964757709251
891,2,0.1,Randomized,0.02145922746781116
892,2,0.0,Naive,0.3303964757709251
893,2,0.1,Randomized,0.3303964757709251
894,2,0.0,Naive,0.02145922746781116
895,2,0.1,Randomized,0.02145922746781116
896,2,0.0,Naive,0.0
897,2,0.1,Randomized,0.0
898,2,0.0,Naive,0.0
899,2,0.1,Randomized,0.0
900,2,0.0,Naive,0.0
901,2,0.1,Randomized,0.0
902,2,0.0,Naive,0.06489994591671173
903,2,0.1,Randomized,0.06489994591671173
904,2,0.0,Naive,0.0
905,2,0.1,Randomized,0.0
906,2,0.0,Naive,0.0
907,2,0.1,Randomized,0.0
908,2,0.0,Naive,0.02145922746781116
909,2,0.1,Randomized,0.13071895424836602
910,2,0.0,Naive,0.0
911,2,0.1,Randomized,0.0
912,2,0.0,Naive,0.3303964757709251
913,2,0.1,Randomized,-0.017306652244456464
914,2,0.0,Naive,0.02145922746781116
915,2,0.1,Randomized,0.0
916,2,0.0,Naive,0.02145922746781116
917,2,0.1,Randomized,0.02145922746781116
918,2,0.0,Naive,0.2191780821917808
919,2,0.1,Randomized,0.2191780821917808
920,2,0.0,Naive,0.0
921,2,0.1,Randomized,0.0
922,2,0.0,Naive,0.3303964757709251
923,2,0.1,Randomized,0.3303964757709251
924,2,0.0,Naive,0.0
925,2,0.1,Randomized,0.0
926,2,0.0,Naive,0.0
927,2,0.1,Randomized,0.0
928,2,0.0,Naive,0.0
929,2,0.1,Randomized,0.02145922746781116
930,2,0.0,Naive,0.0
931,2,0.1,Randomized,0.0
932,2,0.0,Naive,0.0
933,2,0.1,Randomized,0.0
934,2,0.0,Naive,0.0
935,2,0.1,Randomized,0.0
936,2,0.0,Naive,0.0
937,2,0.1,Randomized,0.0
938,2,0.0,Naive,0.02145922746781116
939,2,0.1,Randomized,0.6208425720620843
940,2,0.0,Naive,0.0
941,2,0.1,Randomized,0.0
942,2,0.0,Naive,0.0
943,2,0.1,Randomized,0.0
944,2,0.0,Naive,0.06489994591671173
945,2,0.1,Randomized,0.0
946,2,0.0,Naive,0.0
947,2,0.1,Randomized,0.0
948,2,0.0,Naive,0.0
949,2,0.1,Randomized,0.0
950,2,0.0,Naive,0.0
951,2,0.1,Randomized,0.3303964757709251
952,2,0.0,Naive,0.0
953,2,0.1,Randomized,0.0
954,2,0.0,Naive,0.0
955,2,0.1,Randomized,0.0
956,2,0.0,Naive,0.13071895424836602
957,2,0.1,Randomized,-0.013333333333333334
958,2,0.0,Naive,0.0
959,2,0.1,Randomized,0.0
960,2,0.0,Naive,0.06489994591671173
961,2,0.1,Randomized,0.06489994591671173
962,2,0.0,Naive,0.62
963,2,0.1,Randomized,0.0
964,2,0.0,Naive,0.0
965,2,0.1,Randomized,0.0
966,2,0.0,Naive,0.0
967,2,0.1,Randomized,0.02145922746781116
968,2,0.0,Naive,0.0
969,2,0.1,Randomized,0.0
970,2,0.0,Naive,0.02145922746781116
971,2,0.1,Randomized,0.06489994591671173
972,2,0.0,Naive,0.0
973,2,0.1,Randomized,0.0
974,2,0.0,Naive,0.0
975,2,0.1,Randomized,0.0
976,2,0.0,Naive,0.0
977,2,0.1,Randomized,0.0
978,2,0.0,Naive,0.7995558023320377
979,2,0.1,Randomized,0.7995558023320377
980,2,0.0,Naive,0.0
981,2,0.1,Randomized,0.0
982,2,0.0,Naive,0.02145922746781116
983,2,0.1,Randomized,0.02145922746781116
984,2,0.0,Naive,0.0
985,2,0.1,Randomized,0.0
986,2,0.0,Naive,0.0
987,2,0.1,Randomized,0.0
988,2,0.0,Naive,0.3303964757709251
989,2,0.1,Randomized,0.0
990,2,0.0,Naive,0.02145922746781116
991,2,0.1,Randomized,0.3259423503325942
992,2,0.0,Naive,0.7995558023320377
993,2,0.1,Randomized,0.0
994,2,0.0,Naive,0.06489994591671173
995,2,0.1,Randomized,0.06489994591671173
996,2,0.0,Naive,0.0
997,2,0.1,Randomized,0.0
998,2,0.0,Naive,0.0
999,2,0.1,Randomized,0.0
1000,4,0.0,Naive,0.0
1001,4,0.1,Randomized,0.6208425720620843
1002,4,0.0,Naive,1.0
1003,4,0.1,Randomized,1.0
1004,4,0.0,Naive,0.0
1005,4,0.1,Randomized,0.0
1006,4,0.0,Naive,0.0
1007,4,0.1,Randomized,0.0
1008,4,0.0,Naive,0.0
1009,4,0.1,Randomized,0.0
1010,4,0.0,Naive,1.0
1011,4,0.1,Randomized,1.0
1012,4,0.0,Naive,0.06489994591671173
1013,4,0.1,Randomized,0.02145922746781116
1014,4,0.0,Naive,0.0
1015,4,0.1,Randomized,0.0
1016,4,0.0,Naive,0.7995558023320377
1017,4,0.1,Randomized,0.7995558023320377
1018,4,0.0,Naive,0.0
1019,4,0.1,Randomized,0.0
1020,4,0.0,Naive,0.0
1021,4,0.1,Randomized,0.0
1022,4,0.0,Naive,0.7995558023320377
1023,4,0.1,Randomized,0.7995558023320377
1024,4,0.0,Naive,0.0
1025,4,0.1,Randomized,0.02145922746781116
1026,4,0.0,Naive,1.0
1027,4,0.1,Randomized,1.0
1028,4,0.0,Naive,0.06489994591671173
1029,4,0.1,Randomized,0.0
1030,4,0.0,Naive,0.46434494195688225
1031,4,0.1,Randomized,0.46434494195688225
1032,4,0.0,Naive,0.0
1033,4,0.1,Randomized,0.0
1034,4,0.0,Naive,0.2191780821917808
1035,4,0.1,Randomized,0.2191780821917808
1036,4,0.0,Naive,1.0
1037,4,0.1,Randomized,0.7995558023320377
1038,4,0.0,Naive,1.0
1039,4,0.1,Randomized,1.0
1040,4,0.0,Naive,0.0
1041,4,0.1,Randomized,0.0
1042,4,0.0,Naive,0.6208425720620843
1043,4,0.1,Randomized,0.6208425720620843
1044,4,0.0,Naive,0.0
1045,4,0.1,Randomized,0.62
1046,4,0.0,Naive,1.0
1047,4,0.1,Randomized,0.0
1048,4,0.0,Naive,1.0
1049,4,0.1,Randomized,1.0
1050,4,0.0,Naive,0.0
1051,4,0.1,Randomized,0.0
1052,4,0.0,Naive,0.0
1053,4,0.1,Randomized,0.0
1054,4,0.0,Naive,1.0
1055,4,0.1,Randomized,0.0
1056,4,0.0,Naive,0.0
1057,4,0.1,Randomized,0.0
1058,4,0.0,Naive,1.0
1059,4,0.1,Randomized,1.0
1060,4,0.0,Naive,1.0
1061,4,0.1,Randomized,1.0
1062,4,0.0,Naive,0.02145922746781116
1063,4,0.1,Randomized,0.6208425720620843
1064,4,0.0,Naive,1.0
1065,4,0.1,Randomized,1.0
1066,4,0.0,Naive,0.6208425720620843
1067,4,0.1,Randomized,0.6208425720620843
1068,4,0.0,Naive,1.0
1069,4,0.1,Randomized,1.0
1070,4,0.0,Naive,0.0
1071,4,0.1,Randomized,0.7995558023320377
1072,4,0.0,Naive,0.0
1073,4,0.1,Randomized,0.0
1074,4,0.0,Naive,1.0
1075,4,0.1,Randomized,1.0
1076,4,0.0,Naive,1.0
1077,4,0.1,Randomized,1.0
1078,4,0.0,Naive,0.0
1079,4,0.1,Randomized,0.0
1080,4,0.0,Naive,0.6208425720620843
1081,4,0.1,Randomized,0.46434494195688225
1082,4,0.0,Naive,0.0
1083,4,0.1,Randomized,0.0
1084,4,0.0,Naive,1.0
1085,4,0.1,Randomized,1.0
1086,4,0.0,Naive,0.0
1087,4,0.1,Randomized,0.0
1088,4,0.0,Naive,1.0
1089,4,0.1,Randomized,0.0
1090,4,0.0,Naive,0.0
1091,4,0.1,Randomized,0.0
1092,4,0.0,Naive,1.0
1093,4,0.1,Randomized,0.0
1094,4,0.0,Naive,0.0
1095,4,0.1,Randomized,0.0
1096,4,0.0,Naive,0.0
1097,4,0.1,Randomized,0.0
1098,4,0.0,Naive,0.0
1099,4,0.1,Randomized,0.2191780821917808
1100,4,0.0,Naive,1.0
1101,4,0.1,Randomized,1.0
1102,4,0.0,Naive,0.0
1103,4,0.1,Randomized,0.0
1104,4,0.0,Naive,0.6208425720620843
1105,4,0.1,Randomized,0.02145922746781116
1106,4,0.0,Naive,0.0
1107,4,0.1,Randomized,0.0
1108,4,0.0,Naive,0.0
1109,4,0.1,Randomized,0.0
1110,4,0.0,Naive,0.13071895424836602
1111,4,0.1,Randomized,0.0
1112,4,0.0,Naive,0.7995558023320377
1113,4,0.1,Randomized,0.0
1114,4,0.0,Naive,1.0
1115,4,0.1,Randomized,1.0
1116,4,0.0,Naive,0.0
1117,4,0.1,Randomized,0.0
1118,4,0.0,Naive,0.02145922746781116
1119,4,0.1,Randomized,0.02145922746781116
1120,4,0.0,Naive,0.0
1121,4,0.1,Randomized,0.0
1122,4,0.0,Naive,1.0
1123,4,0.1,Randomized,1.0
1124,4,0.0,Naive,0.0
1125,4,0.1,Randomized,0.0
1126,4,0.0,Naive,0.0
1127,4,0.1,Randomized,0.0
1128,4,0.0,Naive,1.0
1129,4,0.1,Randomized,1.0
1130,4,0.0,Naive,1.0
1131,4,0.1,Randomized,1.0
1132,4,0.0,Naive,0.0
1133,4,0.1,Randomized,0.0
1134,4,0.0,Naive,0.6208425720620843
1135,4,0.1,Randomized,0.6208425720620843
1136,4,0.0,Naive,0.7995558023320377
1137,4,0.1,Randomized,0.7995558023320377
1138,4,0.0,Naive,0.06489994591671173
1139,4,0.1,Randomized,0.0
1140,4,0.0,Naive,0.13071895424836602
1141,4,0.1,Randomized,0.0
1142,4,0.0,Naive,0.0
1143,4,0.1,Randomized,0.7995558023320377
1144,4,0.0,Naive,1.0
1145,4,0.1,Randomized,1.0
1146,4,0.0,Naive,0.46434494195688225
1147,4,0.1,Randomized,0.46434494195688225
1148,4,0.0,Naive,0.0
1149,4,0.1,Randomized,0.4619655746807329
1150,4,0.0,Naive,0.0
1151,4,0.1,Randomized,0.0
1152,4,0.0,Naive,0.0
1153,4,0.1,Randomized,0.0
1154,4,0.0,Naive,0.0
1155,4,0.1,Randomized,0.0
1156,4,0.0,Naive,1.0
1157,4,0.1,Randomized,0.0
1158,4,0.0,Naive,0.13071895424836602
1159,4,0.1,Randomized,0.0
1160,4,0.0,Naive,0.02145922746781116
1161,4,0.1,Randomized,0.02145922746781116
1162,4,0.0,Naive,0.0
1163,4,0.1,Randomized,0.13071895424836602
1164,4,0.0,Naive,1.0
1165,4,0.1,Randomized,0.0
1166,4,0.0,Naive,0.46434494195688225
1167,4,0.1,Randomized,0.0
1168,4,0.0,Naive,0.0
1169,4,0.1,Randomized,0.0
1170,4,0.0,Naive,0.46434494195688225
1171,4,0.1,Randomized,0.0
1172,4,0.0,Naive,1.0
1173,4,0.1,Randomized,1.0
1174,4,0.0,Naive,0.7995558023320377
1175,4,0.1,Randomized,0.7995558023320377
1176,4,0.0,Naive,0.0
1177,4,0.1,Randomized,0.13071895424836602
1178,4,0.0,Naive,0.0
1179,4,0.1,Randomized,0.0
1180,4,0.0,Naive,1.0
1181,4,0.1,Randomized,1.0
1182,4,0.0,Naive,0.0
1183,4,0.1,Randomized,0.0
1184,4,0.0,Naive,1.0
1185,4,0.1,Randomized,0.7995558023320377
1186,4,0.0,Naive,1.0
1187,4,0.1,Randomized,1.0
1188,4,0.0,Naive,0.06489994591671173
1189,4,0.1,Randomized,0.0
1190,4,0.0,Naive,0.0
1191,4,0.1,Randomized,0.0
1192,4,0.0,Naive,0.7995558023320377
1193,4,0.1,Randomized,1.0
1194,4,0.0,Naive,1.0
1195,4,0.1,Randomized,1.0
1196,4,0.0,Naive,1.0
1197,4,0.1,Randomized,1.0
1198,4,0.0,Naive,0.0
1199,4,0.1,Randomized,0.0
1200,4,0.0,Naive,0.0
1201,4,0.1,Randomized,0.04422332780541736
1202,4,0.0,Naive,0.0
1203,4,0.1,Randomized,0.0
1204,4,0.0,Naive,1.0
1205,4,0.1,Randomized,1.0
1206,4,0.0,Naive,0.0
1207,4,0.1,Randomized,0.7995558023320377
1208,4,0.0,Naive,0.6208425720620843
1209,4,0.1,Randomized,0.6208425720620843
1210,4,0.0,Naive,0.0
1211,4,0.1,Randomized,0.0
1212,4,0.0,Naive,0.6208425720620843
1213,4,0.1,Randomized,0.6208425720620843
1214,4,0.0,Naive,0.0
1215,4,0.1,Randomized,0.0
1216,4,0.0,Naive,0.0
1217,4,0.1,Randomized,0.0
1218,4,0.0,Naive,0.6208425720620843
1219,4,0.1,Randomized,0.6208425720620843
1220,4,0.0,Naive,0.0
1221,4,0.1,Randomized,0.0
1222,4,0.0,Naive,1.0
1223,4,0.1,Randomized,0.0
1224,4,0.0,Naive,0.0
1225,4,0.1,Randomized,0.3303964757709251
1226,4,0.0,Naive,0.7995558023320377
1227,4,0.1,Randomized,0.0
1228,4,0.0,Naive,0.0
1229,4,0.1,Randomized,0.7995558023320377
1230,4,0.0,Naive,1.0
1231,4,0.1,Randomized,1.0
1232,4,0.0,Naive,0.6208425720620843
1233,4,0.1,Randomized,0.46434494195688225
1234,4,0.0,Naive,0.0
1235,4,0.1,Randomized,0.0
1236,4,0.0,Naive,0.3303964757709251
1237,4,0.1,Randomized,0.02145922746781116
1238,4,0.0,Naive,0.0
1239,4,0.1,Randomized,0.0
1240,4,0.0,Naive,0.0
1241,4,0.1,Randomized,0.7995558023320377
1242,4,0.0,Naive,0.0
1243,4,0.1,Randomized,0.7995558023320377
1244,4,0.0,Naive,0.7995558023320377
1245,4,0.1,Randomized,0.7995558023320377
1246,4,0.0,Naive,0.0
1247,4,0.1,Randomized,0.0
1248,4,0.0,Naive,0.0
1249,4,0.1,Randomized,0.02145922746781116
1250,4,0.0,Naive,0.0
1251,4,0.1,Randomized,0.0
1252,4,0.0,Naive,1.0
1253,4,0.1,Randomized,0.7995558023320377
1254,4,0.0,Naive,0.0
1255,4,0.1,Randomized,0.02145922746781116
1256,4,0.0,Naive,0.06489994591671173
1257,4,0.1,Randomized,0.7995558023320377
1258,4,0.0,Naive,1.0
1259,4,0.1,Randomized,0.02145922746781116
1260,4,0.0,Naive,0.0
1261,4,0.1,Randomized,1.0
1262,4,0.0,Naive,0.0
1263,4,0.1,Randomized,0.0
1264,4,0.0,Naive,0.0
1265,4,0.1,Randomized,0.0
1266,4,0.0,Naive,0.6208425720620843
1267,4,0.1,Randomized,0.6208425720620843
1268,4,0.0,Naive,0.0
1269,4,0.1,Randomized,0.06489994591671173
1270,4,0.0,Naive,1.0
1271,4,0.1,Randomized,1.0
1272,4,0.0,Naive,0.0
1273,4,0.1,Randomized,0.0
1274,4,0.0,Naive,1.0
1275,4,0.1,Randomized,0.7995558023320377
1276,4,0.0,Naive,0.7995558023320377
1277,4,0.1,Randomized,0.7995558023320377
1278,4,0.0,Naive,1.0
1279,4,0.1,Randomized,1.0
1280,4,0.0,Naive,0.0
1281,4,0.1,Randomized,0.0
1282,4,0.0,Naive,0.02145922746781116
1283,4,0.1,Randomized,0.02145922746781116
1284,4,0.0,Naive,1.0
1285,4,0.1,Randomized,1.0
1286,4,0.0,Naive,0.0
1287,4,0.1,Randomized,0.0
1288,4,0.0,Naive,0.2191780821917808
1289,4,0.1,Randomized,0.46434494195688225
1290,4,0.0,Naive,1.0
1291,4,0.1,Randomized,1.0
1292,4,0.0,Naive,0.46434494195688225
1293,4,0.1,Randomized,0.46434494195688225
1294,4,0.0,Naive,0.0
1295,4,0.1,Randomized,0.0
1296,4,0.0,Naive,0.6208425720620843
1297,4,0.1,Randomized,0.6208425720620843
1298,4,0.0,Naive,0.7995558023320377
1299,4,0.1,Randomized,1.0
1300,4,0.0,Naive,0.2087729039422543
1301,4,0.1,Randomized,0.2087729039422543
1302,4,0.0,Naive,0.0
1303,4,0.1,Randomized,0.0
1304,4,0.0,Naive,1.0
1305,4,0.1,Randomized,1.0
1306,4,0.0,Naive,1.0
1307,4,0.1,Randomized,1.0
1308,4,0.0,Naive,1.0
1309,4,0.1,Randomized,1.0
1310,4,0.0,Naive,0.02145922746781116
1311,4,0.1,Randomized,0.0
1312,4,0.0,Naive,1.0
1313,4,0.1,Randomized,1.0
1314,4,0.0,Naive,1.0
1315,4,0.1,Randomized,1.0
1316,4,0.0,Naive,0.0
1317,4,0.1,Randomized,0.0
1318,4,0.0,Naive,0.0
1319,4,0.1,Randomized,0.2191780821917808
1320,4,0.0,Naive,0.0
1321,4,0.1,Randomized,0.0
1322,4,0.0,Naive,0.0
1323,4,0.1,Randomized,0.0
1324,4,0.0,Naive,0.6208425720620843
1325,4,0.1,Randomized,0.6208425720620843
1326,4,0.0,Naive,1.0
1327,4,0.1,Randomized,1.0
1328,4,0.0,Naive,0.0
1329,4,0.1,Randomized,0.0
1330,4,0.0,Naive,0.0
1331,4,0.1,Randomized,0.0
1332,4,0.0,Naive,0.0
1333,4,0.1,Randomized,0.0
1334,4,0.0,Naive,1.0
1335,4,0.1,Randomized,1.0
1336,4,0.0,Naive,1.0
1337,4,0.1,Randomized,1.0
1338,4,0.0,Naive,1.0
1339,4,0.1,Randomized,1.0
1340,4,0.0,Naive,0.0
1341,4,0.1,Randomized,0.0
1342,4,0.0,Naive,0.0
1343,4,0.1,Randomized,0.46434494195688225
1344,4,0.0,Naive,0.0
1345,4,0.1,Randomized,1.0
1346,4,0.0,Naive,0.0
1347,4,0.1,Randomized,0.0
1348,4,0.0,Naive,0.7995558023320377
1349,4,0.1,Randomized,0.7995558023320377
1350,4,0.0,Naive,0.0
1351,4,0.1,Randomized,0.02145922746781116
1352,4,0.0,Naive,1.0
1353,4,0.1,Randomized,1.0
1354,4,0.0,Naive,0.6208425720620843
1355,4,0.1,Randomized,0.6208425720620843
1356,4,0.0,Naive,1.0
1357,4,0.1,Randomized,1.0
1358,4,0.0,Naive,0.0
1359,4,0.1,Randomized,0.6208425720620843
1360,4,0.0,Naive,0.0
1361,4,0.1,Randomized,0.0
1362,4,0.0,Naive,0.7995558023320377
1363,4,0.1,Randomized,0.7995558023320377
1364,4,0.0,Naive,0.46434494195688225
1365,4,0.1,Randomized,0.46434494195688225
1366,4,0.0,Naive,0.7995558023320377
1367,4,0.1,Randomized,0.7995558023320377
1368,4,0.0,Naive,0.06489994591671173
1369,4,0.1,Randomized,0.6208425720620843
1370,4,0.0,Naive,1.0
1371,4,0.1,Randomized,1.0
1372,4,0.0,Naive,0.0
1373,4,0.1,Randomized,0.0
1374,4,0.0,Naive,0.0
1375,4,0.1,Randomized,0.0
1376,4,0.0,Naive,0.0
1377,4,0.1,Randomized,0.0
1378,4,0.0,Naive,0.06489994591671173
1379,4,0.1,Randomized,0.02145922746781116
1380,4,0.0,Naive,1.0
1381,4,0.1,Randomized,0.6208425720620843
1382,4,0.0,Naive,1.0
1383,4,0.1,Randomized,1.0
1384,4,0.0,Naive,1.0
1385,4,0.1,Randomized,1.0
1386,4,0.0,Naive,1.0
1387,4,0.1,Randomized,1.0
1388,4,0.0,Naive,1.0
1389,4,0.1,Randomized,0.02145922746781116
1390,4,0.0,Naive,0.0
1391,4,0.1,Randomized,0.0
1392,4,0.0,Naive,0.0
1393,4,0.1,Randomized,0.0
1394,4,0.0,Naive,0.0
1395,4,0.1,Randomized,0.0
1396,4,0.0,Naive,1.0
1397,4,0.1,Randomized,1.0
1398,4,0.0,Naive,0.7995558023320377
1399,4,0.1,Randomized,0.0
1400,4,0.0,Naive,1.0
1401,4,0.1,Randomized,1.0
1402,4,0.0,Naive,0.0
1403,4,0.1,Randomized,0.0
1404,4,0.0,Naive,0.62
1405,4,0.1,Randomized,0.7995558023320377
1406,4,0.0,Naive,0.7995558023320377
1407,4,0.1,Randomized,0.7995558023320377
1408,4,0.0,Naive,1.0
1409,4,0.1,Randomized,0.0
1410,4,0.0,Naive,1.0
1411,4,0.1,Randomized,1.0
1412,4,0.0,Naive,0.7995558023320377
1413,4,0.1,Randomized,0.7995558023320377
1414,4,0.0,Naive,0.6208425720620843
1415,4,0.1,Randomized,0.6208425720620843
1416,4,0.0,Naive,0.7995558023320377
1417,4,0.1,Randomized,0.0
1418,4,0.0,Naive,0.0
1419,4,0.1,Randomized,0.0
1420,4,0.0,Naive,0.0
1421,4,0.1,Randomized,0.0
1422,4,0.0,Naive,0.7995558023320377
1423,4,0.1,Randomized,0.7995558023320377
1424,4,0.0,Naive,0.0
1425,4,0.1,Randomized,0.7995558023320377
1426,4,0.0,Naive,1.0
1427,4,0.1,Randomized,1.0
1428,4,0.0,Naive,0.06489994591671173
1429,4,0.1,Randomized,0.0
1430,4,0.0,Naive,0.6208425720620843
1431,4,0.1,Randomized,0.6208425720620843
1432,4,0.0,Naive,1.0
1433,4,0.1,Randomized,1.0
1434,4,0.0,Naive,0.0
1435,4,0.1,Randomized,0.0
1436,4,0.0,Naive,0.0
1437,4,0.1,Randomized,0.0
1438,4,0.0,Naive,1.0
1439,4,0.1,Randomized,1.0
1440,4,0.0,Naive,1.0
1441,4,0.1,Randomized,1.0
1442,4,0.0,Naive,0.6208425720620843
1443,4,0.1,Randomized,0.6208425720620843
1444,4,0.0,Naive,1.0
1445,4,0.1,Randomized,1.0
1446,4,0.0,Naive,0.0
1447,4,0.1,Randomized,0.0
1448,4,0.0,Naive,1.0
1449,4,0.1,Randomized,1.0
1450,4,0.0,Naive,0.0
1451,4,0.1,Randomized,0.0
1452,4,0.0,Naive,0.02145922746781116
1453,4,0.1,Randomized,0.0
1454,4,0.0,Naive,0.6208425720620843
1455,4,0.1,Randomized,0.0
1456,4,0.0,Naive,0.06489994591671173
1457,4,0.1,Randomized,0.7995558023320377
1458,4,0.0,Naive,0.0
1459,4,0.1,Randomized,0.0
1460,4,0.0,Naive,0.0
1461,4,0.1,Randomized,0.0
1462,4,0.0,Naive,1.0
1463,4,0.1,Randomized,1.0
1464,4,0.0,Naive,0.0
1465,4,0.1,Randomized,0.02145922746781116
1466,4,0.0,Naive,0.0
1467,4,0.1,Randomized,0.0
1468,4,0.0,Naive,0.0
1469,4,0.1,Randomized,0.7995558023320377
1470,4,0.0,Naive,0.7995558023320377
1471,4,0.1,Randomized,0.7995558023320377
1472,4,0.0,Naive,1.0
1473,4,0.1,Randomized,0.0
1474,4,0.0,Naive,0.0
1475,4,0.1,Randomized,0.0
1476,4,0.0,Naive,0.0
1477,4,0.1,Randomized,0.0
1478,4,0.0,Naive,1.0
1479,4,0.1,Randomized,1.0
1480,4,0.0,Naive,0.0
1481,4,0.1,Randomized,0.0
1482,4,0.0,Naive,0.7995558023320377
1483,4,0.1,Randomized,1.0
1484,4,0.0,Naive,0.0
1485,4,0.1,Randomized,0.0
1486,4,0.0,Naive,0.0
1487,4,0.1,Randomized,0.0
1488,4,0.0,Naive,1.0
1489,4,0.1,Randomized,0.0
1490,4,0.0,Naive,1.0
1491,4,0.1,Randomized,0.6208425720620843
1492,4,0.0,Naive,0.0
1493,4,0.1,Randomized,0.06489994591671173
1494,4,0.0,Naive,1.0
1495,4,0.1,Randomized,1.0
1496,4,0.0,Naive,0.02145922746781116
1497,4,0.1,Randomized,0.02145922746781116
1498,4,0.0,Naive,0.0
1499,4,0.1,Randomized,0.0
1500,4,0.0,Naive,1.0
1501,4,0.1,Randomized,1.0
1502,4,0.0,Naive,0.0
1503,4,0.1,Randomized,0.0
1504,4,0.0,Naive,1.0
1505,4,0.1,Randomized,1.0
1506,4,0.0,Naive,0.0
1507,4,0.1,Randomized,0.0
1508,4,0.0,Naive,1.0
1509,4,0.1,Randomized,1.0
1510,4,0.0,Naive,0.0
1511,4,0.1,Randomized,0.0
1512,4,0.0,Naive,0.6208425720620843
1513,4,0.1,Randomized,0.0
1514,4,0.0,Naive,0.0
1515,4,0.1,Randomized,0.0
1516,4,0.0,Naive,1.0
1517,4,0.1,Randomized,1.0
1518,4,0.0,Naive,0.0
1519,4,0.1,Randomized,0.0
1520,4,0.0,Naive,0.0
1521,4,0.1,Randomized,0.0
1522,4,0.0,Naive,0.0
1523,4,0.1,Randomized,0.02145922746781116
1524,4,0.0,Naive,0.0
1525,4,0.1,Randomized,0.0
1526,4,0.0,Naive,0.0
1527,4,0.1,Randomized,0.0
1528,4,0.0,Naive,0.0
1529,4,0.1,Randomized,0.0
1530,4,0.0,Naive,0.0
1531,4,0.1,Randomized,0.0
1532,4,0.0,Naive,0.3303964757709251
1533,4,0.1,Randomized,0.0
1534,4,0.0,Naive,0.0
1535,4,0.1,Randomized,0.0
1536,4,0.0,Naive,0.7995558023320377
1537,4,0.1,Randomized,0.7995558023320377
1538,4,0.0,Naive,0.0
1539,4,0.1,Randomized,0.02145922746781116
1540,4,0.0,Naive,0.46434494195688225
1541,4,0.1,Randomized,0.46434494195688225
1542,4,0.0,Naive,0.0
1543,4,0.1,Randomized,0.0
1544,4,0.0,Naive,0.0
1545,4,0.1,Randomized,0.0
1546,4,0.0,Naive,0.0
1547,4,0.1,Randomized,0.3303964757709251
1548,4,0.0,Naive,0.6208425720620843
1549,4,0.1,Randomized,0.02145922746781116
1550,4,0.0,Naive,0.06489994591671173
1551,4,0.1,Randomized,0.06489994591671173
1552,4,0.0,Naive,1.0
1553,4,0.1,Randomized,1.0
1554,4,0.0,Naive,1.0
1555,4,0.1,Randomized,1.0
1556,4,0.0,Naive,1.0
1557,4,0.1,Randomized,1.0
1558,4,0.0,Naive,0.0
1559,4,0.1,Randomized,0.0
1560,4,0.0,Naive,0.0
1561,4,0.1,Randomized,0.0
1562,4,0.0,Naive,1.0
1563,4,0.1,Randomized,1.0
1564,4,0.0,Naive,0.06489994591671173
1565,4,0.1,Randomized,0.02145922746781116
1566,4,0.0,Naive,0.7995558023320377
1567,4,0.1,Randomized,0.7995558023320377
1568,4,0.0,Naive,0.0
1569,4,0.1,Randomized,0.0
1570,4,0.0,Naive,0.0
1571,4,0.1,Randomized,0.0
1572,4,0.0,Naive,0.06489994591671173
1573,4,0.1,Randomized,0.06489994591671173
1574,4,0.0,Naive,0.0
1575,4,0.1,Randomized,0.0
1576,4,0.0,Naive,0.0
1577,4,0.1,Randomized,0.02145922746781116
1578,4,0.0,Naive,0.0
1579,4,0.1,Randomized,0.0
1580,4,0.0,Naive,1.0
1581,4,0.1,Randomized,0.0
1582,4,0.0,Naive,0.7995558023320377
1583,4,0.1,Randomized,0.7995558023320377
1584,4,0.0,Naive,0.0
1585,4,0.1,Randomized,0.0
1586,4,0.0,Naive,0.02145922746781116
1587,4,0.1,Randomized,0.0
1588,4,0.0,Naive,0.0
1589,4,0.1,Randomized,0.0
1590,4,0.0,Naive,0.0
1591,4,0.1,Randomized,0.0
1592,4,0.0,Naive,0.0
1593,4,0.1,Randomized,0.7995558023320377
1594,4,0.0,Naive,0.02145922746781116
1595,4,0.1,Randomized,0.0
1596,4,0.0,Naive,0.0
1597,4,0.1,Randomized,0.0
1598,4,0.0,Naive,1.0
1599,4,0.1,Randomized,1.0
1600,4,0.0,Naive,0.0
1601,4,0.1,Randomized,0.0
1602,4,0.0,Naive,1.0
1603,4,0.1,Randomized,1.0
1604,4,0.0,Naive,0.6208425720620843
1605,4,0.1,Randomized,0.06489994591671173
1606,4,0.0,Naive,1.0
1607,4,0.1,Randomized,1.0
1608,4,0.0,Naive,1.0
1609,4,0.1,Randomized,1.0
1610,4,0.0,Naive,0.0
1611,4,0.1,Randomized,1.0
1612,4,0.0,Naive,0.0
1613,4,0.1,Randomized,0.0
1614,4,0.0,Naive,0.0
1615,4,0.1,Randomized,0.0
1616,4,0.0,Naive,0.0
1617,4,0.1,Randomized,0.0
1618,4,0.0,Naive,0.0
1619,4,0.1,Randomized,0.0
1620,4,0.0,Naive,0.6208425720620843
1621,4,0.1,Randomized,0.6208425720620843
1622,4,0.0,Naive,0.0
1623,4,0.1,Randomized,0.0
1624,4,0.0,Naive,1.0
1625,4,0.1,Randomized,1.0
1626,4,0.0,Naive,1.0
1627,4,0.1,Randomized,1.0
1628,4,0.0,Naive,1.0
1629,4,0.1,Randomized,0.7995558023320377
1630,4,0.0,Naive,0.0
1631,4,0.1,Randomized,0.0
1632,4,0.0,Naive,0.7995558023320377
1633,4,0.1,Randomized,0.7995558023320377
1634,4,0.0,Naive,0.3303964757709251
1635,4,0.1,Randomized,0.3303964757709251
1636,4,0.0,Naive,0.13071895424836602
1637,4,0.1,Randomized,0.0
1638,4,0.0,Naive,0.6208425720620843
1639,4,0.1,Randomized,0.6208425720620843
1640,4,0.0,Naive,0.02145922746781116
1641,4,0.1,Randomized,0.0
1642,4,0.0,Naive,0.2191780821917808
1643,4,0.1,Randomized,0.0
1644,4,0.0,Naive,0.6208425720620843
1645,4,0.1,Randomized,0.6208425720620843
1646,4,0.0,Naive,1.0
1647,4,0.1,Randomized,1.0
1648,4,0.0,Naive,0.0
1649,4,0.1,Randomized,0.0
1650,4,0.0,Naive,0.6208425720620843
1651,4,0.1,Randomized,0.0
1652,4,0.0,Naive,0.0
1653,4,0.1,Randomized,0.0
1654,4,0.0,Naive,1.0
1655,4,0.1,Randomized,1.0
1656,4,0.0,Naive,0.0
1657,4,0.1,Randomized,0.0
1658,4,0.0,Naive,1.0
1659,4,0.1,Randomized,1.0
1660,4,0.0,Naive,0.0
1661,4,0.1,Randomized,0.0
1662,4,0.0,Naive,1.0
1663,4,0.1,Randomized,0.13071895424836602
1664,4,0.0,Naive,0.0
1665,4,0.1,Randomized,0.0
1666,4,0.0,Naive,0.0
1667,4,0.1,Randomized,0.0
1668,4,0.0,Naive,1.0
1669,4,0.1,Randomized,1.0
1670,4,0.0,Naive,-0.019313304721030045
1671,4,0.1,Randomized,-0.019313304721030045
1672,4,0.0,Naive,0.0
1673,4,0.1,Randomized,0.06489994591671173
1674,4,0.0,Naive,1.0
1675,4,0.1,Randomized,0.02145922746781116
1676,4,0.0,Naive,0.7995558023320377
1677,4,0.1,Randomized,0.0
1678,4,0.0,Naive,0.3303964757709251
1679,4,0.1,Randomized,-0.034858387799564274
1680,4,0.0,Naive,0.6208425720620843
1681,4,0.1,Randomized,0.0
1682,4,0.0,Naive,0.0
1683,4,0.1,Randomized,0.0
1684,4,0.0,Naive,0.6208425720620843
1685,4,0.1,Randomized,0.7995558023320377
1686,4,0.0,Naive,1.0
1687,4,0.1,Randomized,1.0
1688,4,0.0,Naive,0.0
1689,4,0.1,Randomized,0.06489994591671173
1690,4,0.0,Naive,0.0
1691,4,0.1,Randomized,0.6208425720620843
1692,4,0.0,Naive,1.0
1693,4,0.1,Randomized,0.0
1694,4,0.0,Naive,0.02145922746781116
1695,4,0.1,Randomized,0.7995558023320377
1696,4,0.0,Naive,1.0
1697,4,0.1,Randomized,1.0
1698,4,0.0,Naive,0.3303964757709251
1699,4,0.1,Randomized,1.0
1700,4,0.0,Naive,1.0
1701,4,0.1,Randomized,1.0
1702,4,0.0,Naive,0.0
1703,4,0.1,Randomized,0.0
1704,4,0.0,Naive,0.6208425720620843
1705,4,0.1,Randomized,0.6208425720620843
1706,4,0.0,Naive,1.0
1707,4,0.1,Randomized,1.0
1708,4,0.0,Naive,1.0
1709,4,0.1,Randomized,0.0
1710,4,0.0,Naive,0.0
1711,4,0.1,Randomized,0.0
1712,4,0.0,Naive,0.0
1713,4,0.1,Randomized,0.6208425720620843
1714,4,0.0,Naive,0.02145922746781116
1715,4,0.1,Randomized,0.7995558023320377
1716,4,0.0,Naive,1.0
1717,4,0.1,Randomized,0.0
1718,4,0.0,Naive,0.02145922746781116
1719,4,0.1,Randomized,0.0
1720,4,0.0,Naive,0.02145922746781116
1721,4,0.1,Randomized,0.02145922746781116
1722,4,0.0,Naive,1.0
1723,4,0.1,Randomized,1.0
1724,4,0.0,Naive,0.0
1725,4,0.1,Randomized,0.0
1726,4,0.0,Naive,1.0
1727,4,0.1,Randomized,1.0
1728,4,0.0,Naive,-0.017306652244456464
1729,4,0.1,Randomized,-0.017306652244456464
1730,4,0.0,Naive,0.7995558023320377
1731,4,0.1,Randomized,0.7995558023320377
1732,4,0.0,Naive,0.0
1733,4,0.1,Randomized,0.0
1734,4,0.0,Naive,0.02145922746781116
1735,4,0.1,Randomized,0.0
1736,4,0.0,Naive,0.7995558023320377
1737,4,0.1,Randomized,0.7995558023320377
1738,4,0.0,Naive,1.0
1739,4,0.1,Randomized,1.0
1740,4,0.0,Naive,0.0
1741,4,0.1,Randomized,0.0
1742,4,0.0,Naive,0.2191780821917808
1743,4,0.1,Randomized,0.2191780821917808
1744,4,0.0,Naive,1.0
1745,4,0.1,Randomized,0.02145922746781116
1746,4,0.0,Naive,0.02145922746781116
1747,4,0.1,Randomized,0.02145922746781116
1748,4,0.0,Naive,0.7995558023320377
1749,4,0.1,Randomized,0.6208425720620843
1750,4,0.0,Naive,0.0
1751,4,0.1,Randomized,0.0
1752,4,0.0,Naive,1.0
1753,4,0.1,Randomized,0.0
1754,4,0.0,Naive,1.0
1755,4,0.1,Randomized,1.0
1756,4,0.0,Naive,0.7995558023320377
1757,4,0.1,Randomized,0.7995558023320377
1758,4,0.0,Naive,0.0
1759,4,0.1,Randomized,0.0
1760,4,0.0,Naive,0.0
1761,4,0.1,Randomized,0.0
1762,4,0.0,Naive,0.3303964757709251
1763,4,0.1,Randomized,0.0
1764,4,0.0,Naive,1.0
1765,4,0.1,Randomized,1.0
1766,4,0.0,Naive,0.0
1767,4,0.1,Randomized,0.0
1768,4,0.0,Naive,1.0
1769,4,0.1,Randomized,1.0
1770,4,0.0,Naive,0.7995558023320377
1771,4,0.1,Randomized,0.7995558023320377
1772,4,0.0,Naive,1.0
1773,4,0.1,Randomized,1.0
1774,4,0.0,Naive,1.0
1775,4,0.1,Randomized,0.7995558023320377
1776,4,0.0,Naive,0.7995558023320377
1777,4,0.1,Randomized,0.7995558023320377
1778,4,0.0,Naive,0.02145922746781116
1779,4,0.1,Randomized,0.02145922746781116
1780,4,0.0,Naive,1.0
1781,4,0.1,Randomized,1.0
1782,4,0.0,Naive,1.0
1783,4,0.1,Randomized,1.0
1784,4,0.0,Naive,1.0
1785,4,0.1,Randomized,0.7995558023320377
1786,4,0.0,Naive,0.7995558023320377
1787,4,0.1,Randomized,0.0
1788,4,0.0,Naive,0.0
1789,4,0.1,Randomized,0.0
1790,4,0.0,Naive,0.0
1791,4,0.1,Randomized,0.0
1792,4,0.0,Naive,0.7995558023320377
1793,4,0.1,Randomized,0.7995558023320377
1794,4,0.0,Naive,0.0
1795,4,0.1,Randomized,0.7995558023320377
1796,4,0.0,Naive,1.0
1797,4,0.1,Randomized,0.0
1798,4,0.0,Naive,0.06489994591671173
1799,4,0.1,Randomized,0.0
1800,4,0.0,Naive,0.0
1801,4,0.1,Randomized,0.0
1802,4,0.0,Naive,0.02145922746781116
1803,4,0.1,Randomized,0.02145922746781116
1804,4,0.0,Naive,0.7995558023320377
1805,4,0.1,Randomized,1.0
1806,4,0.0,Naive,1.0
1807,4,0.1,Randomized,1.0
1808,4,0.0,Naive,0.0
1809,4,0.1,Randomized,0.6208425720620843
1810,4,0.0,Naive,0.0
1811,4,0.1,Randomized,0.0
1812,4,0.0,Naive,1.0
1813,4,0.1,Randomized,0.0
1814,4,0.0,Naive,0.0
1815,4,0.1,Randomized,0.0
1816,4,0.0,Naive,0.7995558023320377
1817,4,0.1,Randomized,0.7995558023320377
1818,4,0.0,Naive,1.0
1819,4,0.1,Randomized,1.0
1820,4,0.0,Naive,1.0
1821,4,0.1,Randomized,1.0
1822,4,0.0,Naive,0.6208425720620843
1823,4,0.1,Randomized,0.6208425720620843
1824,4,0.0,Naive,0.0
1825,4,0.1,Randomized,1.0
1826,4,0.0,Naive,0.0
1827,4,0.1,Randomized,0.13071895424836602
1828,4,0.0,Naive,0.0
1829,4,0.1,Randomized,0.0
1830,4,0.0,Naive,0.7995558023320377
1831,4,0.1,Randomized,0.62
1832,4,0.0,Naive,0.7995558023320377
1833,4,0.1,Randomized,0.7995558023320377
1834,4,0.0,Naive,0.0
1835,4,0.1,Randomized,0.0
1836,4,0.0,Naive,0.02145922746781116
1837,4,0.1,Randomized,0.02145922746781116
1838,4,0.0,Naive,0.7995558023320377
1839,4,0.1,Randomized,0.7995558023320377
1840,4,0.0,Naive,0.2191780821917808
1841,4,0.1,Randomized,0.06489994591671173
1842,4,0.0,Naive,0.0
1843,4,0.1,Randomized,0.7995558023320377
1844,4,0.0,Naive,1.0
1845,4,0.1,Randomized,1.0
1846,4,0.0,Naive,0.0
1847,4,0.1,Randomized,0.02145922746781116
1848,4,0.0,Naive,0.0
1849,4,0.1,Randomized,0.0
1850,4,0.0,Naive,0.7995558023320377
1851,4,0.1,Randomized,0.7995558023320377
1852,4,0.0,Naive,1.0
1853,4,0.1,Randomized,1.0
1854,4,0.0,Naive,0.0
1855,4,0.1,Randomized,0.0
1856,4,0.0,Naive,0.0
1857,4,0.1,Randomized,0.02145922746781116
1858,4,0.0,Naive,1.0
1859,4,0.1,Randomized,1.0
1860,4,0.0,Naive,1.0
1861,4,0.1,Randomized,1.0
1862,4,0.0,Naive,0.0
1863,4,0.1,Randomized,0.0
1864,4,0.0,Naive,0.0
1865,4,0.1,Randomized,0.0
1866,4,0.0,Naive,0.0
1867,4,0.1,Randomized,0.0
1868,4,0.0,Naive,0.0
1869,4,0.1,Randomized,0.02145922746781116
1870,4,0.0,Naive,1.0
1871,4,0.1,Randomized,1.0
1872,4,0.0,Naive,0.6208425720620843
1873,4,0.1,Randomized,0.6208425720620843
1874,4,0.0,Naive,0.02145922746781116
1875,4,0.1,Randomized,0.02145922746781116
1876,4,0.0,Naive,0.0
1877,4,0.1,Randomized,0.13071895424836602
1878,4,0.0,Naive,1.0
1879,4,0.1,Randomized,1.0
1880,4,0.0,Naive,0.7995558023320377
1881,4,0.1,Randomized,0.7995558023320377
1882,4,0.0,Naive,0.0
1883,4,0.1,Randomized,0.0
1884,4,0.0,Naive,0.0
1885,4,0.1,Randomized,0.0
1886,4,0.0,Naive,0.0
1887,4,0.1,Randomized,0.6208425720620843
1888,4,0.0,Naive,1.0
1889,4,0.1,Randomized,1.0
1890,4,0.0,Naive,0.0
1891,4,0.1,Randomized,0.0
1892,4,0.0,Naive,1.0
1893,4,0.1,Randomized,1.0
1894,4,0.0,Naive,0.0
1895,4,0.1,Randomized,0.46434494195688225
1896,4,0.0,Naive,1.0
1897,4,0.1,Randomized,1.0
1898,4,0.0,Naive,1.0
1899,4,0.1,Randomized,1.0
1900,4,0.0,Naive,0.0
1901,4,0.1,Randomized,0.0
1902,4,0.0,Naive,0.2191780821917808
1903,4,0.1,Randomized,0.02145922746781116
1904,4,0.0,Naive,1.0
1905,4,0.1,Randomized,1.0
1906,4,0.0,Naive,0.0
1907,4,0.1,Randomized,0.0
1908,4,0.0,Naive,0.0
1909,4,0.1,Randomized,0.0
1910,4,0.0,Naive,1.0
1911,4,0.1,Randomized,1.0
1912,4,0.0,Naive,0.0
1913,4,0.1,Randomized,0.0
1914,4,0.0,Naive,0.7995558023320377
1915,4,0.1,Randomized,0.06489994591671173
1916,4,0.0,Naive,0.0
1917,4,0.1,Randomized,1.0
1918,4,0.0,Naive,0.0
1919,4,0.1,Randomized,0.02145922746781116
1920,4,0.0,Naive,0.0
1921,4,0.1,Randomized,0.0
1922,4,0.0,Naive,0.0
1923,4,0.1,Randomized,0.02145922746781116
1924,4,0.0,Naive,0.0
1925,4,0.1,Randomized,0.6208425720620843
1926,4,0.0,Naive,0.0
1927,4,0.1,Randomized,0.0
1928,4,0.0,Naive,0.0
1929,4,0.1,Randomized,0.0
1930,4,0.0,Naive,0.0
1931,4,0.1,Randomized,0.0
1932,4,0.0,Naive,0.0
1933,4,0.1,Randomized,0.0
1934,4,0.0,Naive,0.0
1935,4,0.1,Randomized,0.46434494195688225
1936,4,0.0,Naive,0.7995558023320377
1937,4,0.1,Randomized,0.7995558023320377
1938,4,0.0,Naive,0.13071895424836602
1939,4,0.1,Randomized,0.13071895424836602
1940,4,0.0,Naive,0.0
1941,4,0.1,Randomized,0.0
1942,4,0.0,Naive,0.7995558023320377
1943,4,0.1,Randomized,0.7995558023320377
1944,4,0.0,Naive,0.7995558023320377
1945,4,0.1,Randomized,0.7995558023320377
1946,4,0.0,Naive,0.0
1947,4,0.1,Randomized,0.0
1948,4,0.0,Naive,1.0
1949,4,0.1,Randomized,1.0
1950,4,0.0,Naive,0.0
1951,4,0.1,Randomized,1.0
1952,4,0.0,Naive,0.0
1953,4,0.1,Randomized,0.0
1954,4,0.0,Naive,1.0
1955,4,0.1,Randomized,1.0
1956,4,0.0,Naive,1.0
1957,4,0.1,Randomized,1.0
1958,4,0.0,Naive,1.0
1959,4,0.1,Randomized,1.0
1960,4,0.0,Naive,0.0
1961,4,0.1,Randomized,0.06489994591671173
1962,4,0.0,Naive,0.0
1963,4,0.1,Randomized,0.0
1964,4,0.0,Naive,0.0
1965,4,0.1,Randomized,0.0
1966,4,0.0,Naive,1.0
1967,4,0.1,Randomized,0.0
1968,4,0.0,Naive,0.02145922746781116
1969,4,0.1,Randomized,0.02145922746781116
1970,4,0.0,Naive,0.0
1971,4,0.1,Randomized,0.02145922746781116
1972,4,0.0,Naive,0.0
1973,4,0.1,Randomized,0.0
1974,4,0.0,Naive,0.0
1975,4,0.1,Randomized,0.0
1976,4,0.0,Naive,0.0
1977,4,0.1,Randomized,0.0
1978,4,0.0,Naive,0.7995558023320377
1979,4,0.1,Randomized,0.7995558023320377
1980,4,0.0,Naive,0.0
1981,4,0.1,Randomized,0.0
1982,4,0.0,Naive,0.0
1983,4,0.1,Randomized,0.02145922746781116
1984,4,0.0,Naive,1.0
1985,4,0.1,Randomized,1.0
1986,4,0.0,Naive,1.0
1987,4,0.1,Randomized,1.0
1988,4,0.0,Naive,0.0
1989,4,0.1,Randomized,0.0
1990,4,0.0,Naive,0.0
1991,4,0.1,Randomized,0.0
1992,4,0.0,Naive,0.0
1993,4,0.1,Randomized,0.0
1994,4,0.0,Naive,0.0
1995,4,0.1,Randomized,0.0
1996,4,0.0,Naive,0.0
1997,4,0.1,Randomized,0.0
1998,4,0.0,Naive,0.0
1999,4,0.1,Randomized,0.0
2000,6,0.0,Naive,1.0
2001,6,0.1,Randomized,1.0
2002,6,0.0,Naive,1.0
2003,6,0.1,Randomized,1.0
2004,6,0.0,Naive,1.0
2005,6,0.1,Randomized,1.0
2006,6,0.0,Naive,1.0
2007,6,0.1,Randomized,1.0
2008,6,0.0,Naive,1.0
2009,6,0.1,Randomized,1.0
2010,6,0.0,Naive,1.0
2011,6,0.1,Randomized,1.0
2012,6,0.0,Naive,1.0
2013,6,0.1,Randomized,1.0
2014,6,0.0,Naive,1.0
2015,6,0.1,Randomized,1.0
2016,6,0.0,Naive,1.0
2017,6,0.1,Randomized,0.7995558023320377
2018,6,0.0,Naive,1.0
2019,6,0.1,Randomized,1.0
2020,6,0.0,Naive,1.0
2021,6,0.1,Randomized,1.0
2022,6,0.0,Naive,1.0
2023,6,0.1,Randomized,1.0
2024,6,0.0,Naive,1.0
2025,6,0.1,Randomized,1.0
2026,6,0.0,Naive,1.0
2027,6,0.1,Randomized,1.0
2028,6,0.0,Naive,1.0
2029,6,0.1,Randomized,1.0
2030,6,0.0,Naive,1.0
2031,6,0.1,Randomized,1.0
2032,6,0.0,Naive,1.0
2033,6,0.1,Randomized,1.0
2034,6,0.0,Naive,1.0
2035,6,0.1,Randomized,1.0
2036,6,0.0,Naive,1.0
2037,6,0.1,Randomized,1.0
2038,6,0.0,Naive,1.0
2039,6,0.1,Randomized,1.0
2040,6,0.0,Naive,1.0
2041,6,0.1,Randomized,1.0
2042,6,0.0,Naive,0.0
2043,6,0.1,Randomized,0.0
2044,6,0.0,Naive,0.0
2045,6,0.1,Randomized,0.0
2046,6,0.0,Naive,1.0
2047,6,0.1,Randomized,1.0
2048,6,0.0,Naive,1.0
2049,6,0.1,Randomized,1.0
2050,6,0.0,Naive,1.0
2051,6,0.1,Randomized,1.0
2052,6,0.0,Naive,1.0
2053,6,0.1,Randomized,1.0
2054,6,0.0,Naive,1.0
2055,6,0.1,Randomized,1.0
2056,6,0.0,Naive,1.0
2057,6,0.1,Randomized,1.0
2058,6,0.0,Naive,1.0
2059,6,0.1,Randomized,1.0
2060,6,0.0,Naive,1.0
2061,6,0.1,Randomized,1.0
2062,6,0.0,Naive,1.0
2063,6,0.1,Randomized,1.0
2064,6,0.0,Naive,0.0
2065,6,0.1,Randomized,0.2191780821917808
2066,6,0.0,Naive,1.0
2067,6,0.1,Randomized,1.0
2068,6,0.0,Naive,1.0
2069,6,0.1,Randomized,1.0
2070,6,0.0,Naive,1.0
2071,6,0.1,Randomized,0.0
2072,6,0.0,Naive,1.0
2073,6,0.1,Randomized,1.0
2074,6,0.0,Naive,1.0
2075,6,0.1,Randomized,1.0
2076,6,0.0,Naive,1.0
2077,6,0.1,Randomized,1.0
2078,6,0.0,Naive,1.0
2079,6,0.1,Randomized,1.0
2080,6,0.0,Naive,1.0
2081,6,0.1,Randomized,1.0
2082,6,0.0,Naive,1.0
2083,6,0.1,Randomized,1.0
2084,6,0.0,Naive,1.0
2085,6,0.1,Randomized,1.0
2086,6,0.0,Naive,1.0
2087,6,0.1,Randomized,1.0
2088,6,0.0,Naive,1.0
2089,6,0.1,Randomized,1.0
2090,6,0.0,Naive,1.0
2091,6,0.1,Randomized,1.0
2092,6,0.0,Naive,1.0
2093,6,0.1,Randomized,0.0
2094,6,0.0,Naive,1.0
2095,6,0.1,Randomized,1.0
2096,6,0.0,Naive,1.0
2097,6,0.1,Randomized,1.0
2098,6,0.0,Naive,1.0
2099,6,0.1,Randomized,1.0
2100,6,0.0,Naive,1.0
2101,6,0.1,Randomized,1.0
2102,6,0.0,Naive,1.0
2103,6,0.1,Randomized,1.0
2104,6,0.0,Naive,1.0
2105,6,0.1,Randomized,1.0
2106,6,0.0,Naive,1.0
2107,6,0.1,Randomized,1.0
2108,6,0.0,Naive,1.0
2109,6,0.1,Randomized,1.0
2110,6,0.0,Naive,1.0
2111,6,0.1,Randomized,1.0
2112,6,0.0,Naive,1.0
2113,6,0.1,Randomized,0.06489994591671173
2114,6,0.0,Naive,1.0
2115,6,0.1,Randomized,1.0
2116,6,0.0,Naive,1.0
2117,6,0.1,Randomized,1.0
2118,6,0.0,Naive,1.0
2119,6,0.1,Randomized,1.0
2120,6,0.0,Naive,1.0
2121,6,0.1,Randomized,1.0
2122,6,0.0,Naive,1.0
2123,6,0.1,Randomized,1.0
2124,6,0.0,Naive,1.0
2125,6,0.1,Randomized,1.0
2126,6,0.0,Naive,1.0
2127,6,0.1,Randomized,1.0
2128,6,0.0,Naive,1.0
2129,6,0.1,Randomized,1.0
2130,6,0.0,Naive,1.0
2131,6,0.1,Randomized,1.0
2132,6,0.0,Naive,1.0
2133,6,0.1,Randomized,1.0
2134,6,0.0,Naive,1.0
2135,6,0.1,Randomized,1.0
2136,6,0.0,Naive,1.0
2137,6,0.1,Randomized,1.0
2138,6,0.0,Naive,1.0
2139,6,0.1,Randomized,1.0
2140,6,0.0,Naive,1.0
2141,6,0.1,Randomized,1.0
2142,6,0.0,Naive,1.0
2143,6,0.1,Randomized,1.0
2144,6,0.0,Naive,1.0
2145,6,0.1,Randomized,1.0
2146,6,0.0,Naive,1.0
2147,6,0.1,Randomized,1.0
2148,6,0.0,Naive,1.0
2149,6,0.1,Randomized,1.0
2150,6,0.0,Naive,1.0
2151,6,0.1,Randomized,1.0
2152,6,0.0,Naive,1.0
2153,6,0.1,Randomized,1.0
2154,6,0.0,Naive,1.0
2155,6,0.1,Randomized,1.0
2156,6,0.0,Naive,1.0
2157,6,0.1,Randomized,1.0
2158,6,0.0,Naive,1.0
2159,6,0.1,Randomized,1.0
2160,6,0.0,Naive,0.0
2161,6,0.1,Randomized,0.0
2162,6,0.0,Naive,1.0
2163,6,0.1,Randomized,0.7995558023320377
2164,6,0.0,Naive,1.0
2165,6,0.1,Randomized,1.0
2166,6,0.0,Naive,0.0
2167,6,0.1,Randomized,0.13071895424836602
2168,6,0.0,Naive,1.0
2169,6,0.1,Randomized,1.0
2170,6,0.0,Naive,1.0
2171,6,0.1,Randomized,1.0
2172,6,0.0,Naive,1.0
2173,6,0.1,Randomized,1.0
2174,6,0.0,Naive,1.0
2175,6,0.1,Randomized,1.0
2176,6,0.0,Naive,1.0
2177,6,0.1,Randomized,1.0
2178,6,0.0,Naive,1.0
2179,6,0.1,Randomized,1.0
2180,6,0.0,Naive,1.0
2181,6,0.1,Randomized,1.0
2182,6,0.0,Naive,1.0
2183,6,0.1,Randomized,1.0
2184,6,0.0,Naive,0.0
2185,6,0.1,Randomized,0.0
2186,6,0.0,Naive,1.0
2187,6,0.1,Randomized,1.0
2188,6,0.0,Naive,1.0
2189,6,0.1,Randomized,1.0
2190,6,0.0,Naive,1.0
2191,6,0.1,Randomized,1.0
2192,6,0.0,Naive,1.0
2193,6,0.1,Randomized,1.0
2194,6,0.0,Naive,1.0
2195,6,0.1,Randomized,1.0
2196,6,0.0,Naive,1.0
2197,6,0.1,Randomized,1.0
2198,6,0.0,Naive,1.0
2199,6,0.1,Randomized,1.0
2200,6,0.0,Naive,0.0
2201,6,0.1,Randomized,0.0
2202,6,0.0,Naive,1.0
2203,6,0.1,Randomized,1.0
2204,6,0.0,Naive,1.0
2205,6,0.1,Randomized,1.0
2206,6,0.0,Naive,1.0
2207,6,0.1,Randomized,1.0
2208,6,0.0,Naive,1.0
2209,6,0.1,Randomized,1.0
2210,6,0.0,Naive,1.0
2211,6,0.1,Randomized,1.0
2212,6,0.0,Naive,1.0
2213,6,0.1,Randomized,1.0
2214,6,0.0,Naive,1.0
2215,6,0.1,Randomized,1.0
2216,6,0.0,Naive,1.0
2217,6,0.1,Randomized,1.0
2218,6,0.0,Naive,1.0
2219,6,0.1,Randomized,1.0
2220,6,0.0,Naive,0.0
2221,6,0.1,Randomized,0.0
2222,6,0.0,Naive,1.0
2223,6,0.1,Randomized,0.02145922746781116
2224,6,0.0,Naive,1.0
2225,6,0.1,Randomized,1.0
2226,6,0.0,Naive,1.0
2227,6,0.1,Randomized,1.0
2228,6,0.0,Naive,1.0
2229,6,0.1,Randomized,1.0
2230,6,0.0,Naive,1.0
2231,6,0.1,Randomized,1.0
2232,6,0.0,Naive,1.0
2233,6,0.1,Randomized,1.0
2234,6,0.0,Naive,1.0
2235,6,0.1,Randomized,1.0
2236,6,0.0,Naive,1.0
2237,6,0.1,Randomized,1.0
2238,6,0.0,Naive,1.0
2239,6,0.1,Randomized,1.0
2240,6,0.0,Naive,1.0
2241,6,0.1,Randomized,1.0
2242,6,0.0,Naive,1.0
2243,6,0.1,Randomized,1.0
2244,6,0.0,Naive,1.0
2245,6,0.1,Randomized,1.0
2246,6,0.0,Naive,1.0
2247,6,0.1,Randomized,1.0
2248,6,0.0,Naive,1.0
2249,6,0.1,Randomized,1.0
2250,6,0.0,Naive,1.0
2251,6,0.1,Randomized,1.0
2252,6,0.0,Naive,1.0
2253,6,0.1,Randomized,1.0
2254,6,0.0,Naive,1.0
2255,6,0.1,Randomized,1.0
2256,6,0.0,Naive,1.0
2257,6,0.1,Randomized,1.0
2258,6,0.0,Naive,0.7995558023320377
2259,6,0.1,Randomized,1.0
2260,6,0.0,Naive,1.0
2261,6,0.1,Randomized,1.0
2262,6,0.0,Naive,1.0
2263,6,0.1,Randomized,1.0
2264,6,0.0,Naive,1.0
2265,6,0.1,Randomized,1.0
2266,6,0.0,Naive,1.0
2267,6,0.1,Randomized,0.0
2268,6,0.0,Naive,1.0
2269,6,0.1,Randomized,0.6208425720620843
2270,6,0.0,Naive,1.0
2271,6,0.1,Randomized,1.0
2272,6,0.0,Naive,1.0
2273,6,0.1,Randomized,1.0
2274,6,0.0,Naive,1.0
2275,6,0.1,Randomized,0.0
2276,6,0.0,Naive,1.0
2277,6,0.1,Randomized,1.0
2278,6,0.0,Naive,1.0
2279,6,0.1,Randomized,1.0
2280,6,0.0,Naive,1.0
2281,6,0.1,Randomized,1.0
2282,6,0.0,Naive,1.0
2283,6,0.1,Randomized,1.0
2284,6,0.0,Naive,1.0
2285,6,0.1,Randomized,1.0
2286,6,0.0,Naive,1.0
2287,6,0.1,Randomized,1.0
2288,6,0.0,Naive,1.0
2289,6,0.1,Randomized,1.0
2290,6,0.0,Naive,1.0
2291,6,0.1,Randomized,1.0
2292,6,0.0,Naive,1.0
2293,6,0.1,Randomized,1.0
2294,6,0.0,Naive,1.0
2295,6,0.1,Randomized,1.0
2296,6,0.0,Naive,0.7995558023320377
2297,6,0.1,Randomized,0.0
2298,6,0.0,Naive,1.0
2299,6,0.1,Randomized,1.0
2300,6,0.0,Naive,0.7995558023320377
2301,6,0.1,Randomized,0.7995558023320377
2302,6,0.0,Naive,1.0
2303,6,0.1,Randomized,1.0
2304,6,0.0,Naive,1.0
2305,6,0.1,Randomized,1.0
2306,6,0.0,Naive,1.0
2307,6,0.1,Randomized,1.0
2308,6,0.0,Naive,1.0
2309,6,0.1,Randomized,1.0
2310,6,0.0,Naive,1.0
2311,6,0.1,Randomized,1.0
2312,6,0.0,Naive,1.0
2313,6,0.1,Randomized,1.0
2314,6,0.0,Naive,1.0
2315,6,0.1,Randomized,0.0
2316,6,0.0,Naive,1.0
2317,6,0.1,Randomized,1.0
2318,6,0.0,Naive,1.0
2319,6,0.1,Randomized,1.0
2320,6,0.0,Naive,1.0
2321,6,0.1,Randomized,1.0
2322,6,0.0,Naive,1.0
2323,6,0.1,Randomized,0.46434494195688225
2324,6,0.0,Naive,1.0
2325,6,0.1,Randomized,1.0
2326,6,0.0,Naive,1.0
2327,6,0.1,Randomized,1.0
2328,6,0.0,Naive,1.0
2329,6,0.1,Randomized,1.0
2330,6,0.0,Naive,1.0
2331,6,0.1,Randomized,1.0
2332,6,0.0,Naive,1.0
2333,6,0.1,Randomized,1.0
2334,6,0.0,Naive,1.0
2335,6,0.1,Randomized,1.0
2336,6,0.0,Naive,1.0
2337,6,0.1,Randomized,1.0
2338,6,0.0,Naive,1.0
2339,6,0.1,Randomized,1.0
2340,6,0.0,Naive,1.0
2341,6,0.1,Randomized,1.0
2342,6,0.0,Naive,1.0
2343,6,0.1,Randomized,0.6208425720620843
2344,6,0.0,Naive,1.0
2345,6,0.1,Randomized,1.0
2346,6,0.0,Naive,1.0
2347,6,0.1,Randomized,1.0
2348,6,0.0,Naive,1.0
2349,6,0.1,Randomized,1.0
2350,6,0.0,Naive,1.0
2351,6,0.1,Randomized,1.0
2352,6,0.0,Naive,1.0
2353,6,0.1,Randomized,1.0
2354,6,0.0,Naive,1.0
2355,6,0.1,Randomized,1.0
2356,6,0.0,Naive,1.0
2357,6,0.1,Randomized,1.0
2358,6,0.0,Naive,0.6208425720620843
2359,6,0.1,Randomized,0.6208425720620843
2360,6,0.0,Naive,1.0
2361,6,0.1,Randomized,1.0
2362,6,0.0,Naive,1.0
2363,6,0.1,Randomized,1.0
2364,6,0.0,Naive,1.0
2365,6,0.1,Randomized,1.0
2366,6,0.0,Naive,1.0
2367,6,0.1,Randomized,1.0
2368,6,0.0,Naive,1.0
2369,6,0.1,Randomized,1.0
2370,6,0.0,Naive,0.0
2371,6,0.1,Randomized,0.7995558023320377
2372,6,0.0,Naive,1.0
2373,6,0.1,Randomized,1.0
2374,6,0.0,Naive,1.0
2375,6,0.1,Randomized,1.0
2376,6,0.0,Naive,1.0
2377,6,0.1,Randomized,1.0
2378,6,0.0,Naive,1.0
2379,6,0.1,Randomized,1.0
2380,6,0.0,Naive,1.0
2381,6,0.1,Randomized,1.0
2382,6,0.0,Naive,1.0
2383,6,0.1,Randomized,1.0
2384,6,0.0,Naive,1.0
2385,6,0.1,Randomized,1.0
2386,6,0.0,Naive,1.0
2387,6,0.1,Randomized,1.0
2388,6,0.0,Naive,1.0
2389,6,0.1,Randomized,1.0
2390,6,0.0,Naive,1.0
2391,6,0.1,Randomized,1.0
2392,6,0.0,Naive,1.0
2393,6,0.1,Randomized,1.0
2394,6,0.0,Naive,1.0
2395,6,0.1,Randomized,1.0
2396,6,0.0,Naive,1.0
2397,6,0.1,Randomized,1.0
2398,6,0.0,Naive,1.0
2399,6,0.1,Randomized,1.0
2400,6,0.0,Naive,1.0
2401,6,0.1,Randomized,0.0
2402,6,0.0,Naive,1.0
2403,6,0.1,Randomized,1.0
2404,6,0.0,Naive,0.7995558023320377
2405,6,0.1,Randomized,0.7995558023320377
2406,6,0.0,Naive,1.0
2407,6,0.1,Randomized,0.0
2408,6,0.0,Naive,1.0
2409,6,0.1,Randomized,1.0
2410,6,0.0,Naive,1.0
2411,6,0.1,Randomized,1.0
2412,6,0.0,Naive,1.0
2413,6,0.1,Randomized,0.0
2414,6,0.0,Naive,1.0
2415,6,0.1,Randomized,1.0
2416,6,0.0,Naive,1.0
2417,6,0.1,Randomized,1.0
2418,6,0.0,Naive,1.0
2419,6,0.1,Randomized,1.0
2420,6,0.0,Naive,1.0
2421,6,0.1,Randomized,1.0
2422,6,0.0,Naive,1.0
2423,6,0.1,Randomized,1.0
2424,6,0.0,Naive,1.0
2425,6,0.1,Randomized,1.0
2426,6,0.0,Naive,0.0
2427,6,0.1,Randomized,0.0
2428,6,0.0,Naive,1.0
2429,6,0.1,Randomized,1.0
2430,6,0.0,Naive,1.0
2431,6,0.1,Randomized,1.0
2432,6,0.0,Naive,1.0
2433,6,0.1,Randomized,1.0
2434,6,0.0,Naive,0.0
2435,6,0.1,Randomized,0.0
2436,6,0.0,Naive,1.0
2437,6,0.1,Randomized,1.0
2438,6,0.0,Naive,0.2191780821917808
2439,6,0.1,Randomized,1.0
2440,6,0.0,Naive,1.0
2441,6,0.1,Randomized,1.0
2442,6,0.0,Naive,1.0
2443,6,0.1,Randomized,1.0
2444,6,0.0,Naive,1.0
2445,6,0.1,Randomized,1.0
2446,6,0.0,Naive,1.0
2447,6,0.1,Randomized,1.0
2448,6,0.0,Naive,1.0
2449,6,0.1,Randomized,1.0
2450,6,0.0,Naive,1.0
2451,6,0.1,Randomized,1.0
2452,6,0.0,Naive,1.0
2453,6,0.1,Randomized,1.0
2454,6,0.0,Naive,1.0
2455,6,0.1,Randomized,1.0
2456,6,0.0,Naive,1.0
2457,6,0.1,Randomized,1.0
2458,6,0.0,Naive,1.0
2459,6,0.1,Randomized,1.0
2460,6,0.0,Naive,0.7995558023320377
2461,6,0.1,Randomized,0.7995558023320377
2462,6,0.0,Naive,1.0
2463,6,0.1,Randomized,1.0
2464,6,0.0,Naive,1.0
2465,6,0.1,Randomized,1.0
2466,6,0.0,Naive,1.0
2467,6,0.1,Randomized,1.0
2468,6,0.0,Naive,1.0
2469,6,0.1,Randomized,1.0
2470,6,0.0,Naive,1.0
2471,6,0.1,Randomized,1.0
2472,6,0.0,Naive,1.0
2473,6,0.1,Randomized,1.0
2474,6,0.0,Naive,1.0
2475,6,0.1,Randomized,1.0
2476,6,0.0,Naive,1.0
2477,6,0.1,Randomized,1.0
2478,6,0.0,Naive,1.0
2479,6,0.1,Randomized,1.0
2480,6,0.0,Naive,1.0
2481,6,0.1,Randomized,1.0
2482,6,0.0,Naive,1.0
2483,6,0.1,Randomized,1.0
2484,6,0.0,Naive,1.0
2485,6,0.1,Randomized,1.0
2486,6,0.0,Naive,1.0
2487,6,0.1,Randomized,1.0
2488,6,0.0,Naive,1.0
2489,6,0.1,Randomized,1.0
2490,6,0.0,Naive,1.0
2491,6,0.1,Randomized,0.0
2492,6,0.0,Naive,1.0
2493,6,0.1,Randomized,1.0
2494,6,0.0,Naive,1.0
2495,6,0.1,Randomized,1.0
2496,6,0.0,Naive,1.0
2497,6,0.1,Randomized,1.0
2498,6,0.0,Naive,1.0
2499,6,0.1,Randomized,1.0
2500,6,0.0,Naive,1.0
2501,6,0.1,Randomized,1.0
2502,6,0.0,Naive,0.0
2503,6,0.1,Randomized,0.0
2504,6,0.0,Naive,1.0
2505,6,0.1,Randomized,1.0
2506,6,0.0,Naive,1.0
2507,6,0.1,Randomized,1.0
2508,6,0.0,Naive,1.0
2509,6,0.1,Randomized,1.0
2510,6,0.0,Naive,1.0
2511,6,0.1,Randomized,1.0
2512,6,0.0,Naive,1.0
2513,6,0.1,Randomized,1.0
2514,6,0.0,Naive,1.0
2515,6,0.1,Randomized,1.0
2516,6,0.0,Naive,1.0
2517,6,0.1,Randomized,1.0
2518,6,0.0,Naive,1.0
2519,6,0.1,Randomized,1.0
2520,6,0.0,Naive,1.0
2521,6,0.1,Randomized,1.0
2522,6,0.0,Naive,1.0
2523,6,0.1,Randomized,1.0
2524,6,0.0,Naive,1.0
2525,6,0.1,Randomized,1.0
2526,6,0.0,Naive,1.0
2527,6,0.1,Randomized,1.0
2528,6,0.0,Naive,0.0
2529,6,0.1,Randomized,0.0
2530,6,0.0,Naive,1.0
2531,6,0.1,Randomized,1.0
2532,6,0.0,Naive,1.0
2533,6,0.1,Randomized,1.0
2534,6,0.0,Naive,1.0
2535,6,0.1,Randomized,1.0
2536,6,0.0,Naive,1.0
2537,6,0.1,Randomized,1.0
2538,6,0.0,Naive,1.0
2539,6,0.1,Randomized,1.0
2540,6,0.0,Naive,1.0
2541,6,0.1,Randomized,1.0
2542,6,0.0,Naive,1.0
2543,6,0.1,Randomized,1.0
2544,6,0.0,Naive,1.0
2545,6,0.1,Randomized,1.0
2546,6,0.0,Naive,1.0
2547,6,0.1,Randomized,0.0
2548,6,0.0,Naive,1.0
2549,6,0.1,Randomized,0.7995558023320377
2550,6,0.0,Naive,1.0
2551,6,0.1,Randomized,1.0
2552,6,0.0,Naive,1.0
2553,6,0.1,Randomized,1.0
2554,6,0.0,Naive,0.7995558023320377
2555,6,0.1,Randomized,0.0
2556,6,0.0,Naive,1.0
2557,6,0.1,Randomized,1.0
2558,6,0.0,Naive,1.0
2559,6,0.1,Randomized,1.0
2560,6,0.0,Naive,1.0
2561,6,0.1,Randomized,1.0
2562,6,0.0,Naive,1.0
2563,6,0.1,Randomized,1.0
2564,6,0.0,Naive,1.0
2565,6,0.1,Randomized,1.0
2566,6,0.0,Naive,1.0
2567,6,0.1,Randomized,1.0
2568,6,0.0,Naive,1.0
2569,6,0.1,Randomized,1.0
2570,6,0.0,Naive,0.2191780821917808
2571,6,0.1,Randomized,1.0
2572,6,0.0,Naive,1.0
2573,6,0.1,Randomized,1.0
2574,6,0.0,Naive,0.0
2575,6,0.1,Randomized,0.0
2576,6,0.0,Naive,1.0
2577,6,0.1,Randomized,1.0
2578,6,0.0,Naive,1.0
2579,6,0.1,Randomized,1.0
2580,6,0.0,Naive,1.0
2581,6,0.1,Randomized,1.0
2582,6,0.0,Naive,1.0
2583,6,0.1,Randomized,1.0
2584,6,0.0,Naive,0.7995558023320377
2585,6,0.1,Randomized,0.7995558023320377
2586,6,0.0,Naive,1.0
2587,6,0.1,Randomized,1.0
2588,6,0.0,Naive,1.0
2589,6,0.1,Randomized,1.0
2590,6,0.0,Naive,1.0
2591,6,0.1,Randomized,1.0
2592,6,0.0,Naive,1.0
2593,6,0.1,Randomized,1.0
2594,6,0.0,Naive,1.0
2595,6,0.1,Randomized,1.0
2596,6,0.0,Naive,1.0
2597,6,0.1,Randomized,1.0
2598,6,0.0,Naive,1.0
2599,6,0.1,Randomized,1.0
2600,6,0.0,Naive,1.0
2601,6,0.1,Randomized,1.0
2602,6,0.0,Naive,1.0
2603,6,0.1,Randomized,1.0
2604,6,0.0,Naive,1.0
2605,6,0.1,Randomized,1.0
2606,6,0.0,Naive,1.0
2607,6,0.1,Randomized,1.0
2608,6,0.0,Naive,1.0
2609,6,0.1,Randomized,1.0
2610,6,0.0,Naive,1.0
2611,6,0.1,Randomized,1.0
2612,6,0.0,Naive,1.0
2613,6,0.1,Randomized,1.0
2614,6,0.0,Naive,1.0
2615,6,0.1,Randomized,1.0
2616,6,0.0,Naive,1.0
2617,6,0.1,Randomized,1.0
2618,6,0.0,Naive,1.0
2619,6,0.1,Randomized,1.0
2620,6,0.0,Naive,1.0
2621,6,0.1,Randomized,1.0
2622,6,0.0,Naive,1.0
2623,6,0.1,Randomized,1.0
2624,6,0.0,Naive,0.7995558023320377
2625,6,0.1,Randomized,0.7995558023320377
2626,6,0.0,Naive,1.0
2627,6,0.1,Randomized,1.0
2628,6,0.0,Naive,1.0
2629,6,0.1,Randomized,1.0
2630,6,0.0,Naive,0.7995558023320377
2631,6,0.1,Randomized,0.7995558023320377
2632,6,0.0,Naive,1.0
2633,6,0.1,Randomized,1.0
2634,6,0.0,Naive,1.0
2635,6,0.1,Randomized,0.6208425720620843
2636,6,0.0,Naive,1.0
2637,6,0.1,Randomized,1.0
2638,6,0.0,Naive,1.0
2639,6,0.1,Randomized,1.0
2640,6,0.0,Naive,1.0
2641,6,0.1,Randomized,1.0
2642,6,0.0,Naive,1.0
2643,6,0.1,Randomized,1.0
2644,6,0.0,Naive,1.0
2645,6,0.1,Randomized,1.0
2646,6,0.0,Naive,1.0
2647,6,0.1,Randomized,1.0
2648,6,0.0,Naive,1.0
2649,6,0.1,Randomized,1.0
2650,6,0.0,Naive,1.0
2651,6,0.1,Randomized,1.0
2652,6,0.0,Naive,1.0
2653,6,0.1,Randomized,1.0
2654,6,0.0,Naive,1.0
2655,6,0.1,Randomized,1.0
2656,6,0.0,Naive,1.0
2657,6,0.1,Randomized,1.0
2658,6,0.0,Naive,1.0
2659,6,0.1,Randomized,1.0
2660,6,0.0,Naive,1.0
2661,6,0.1,Randomized,1.0
2662,6,0.0,Naive,1.0
2663,6,0.1,Randomized,1.0
2664,6,0.0,Naive,0.7995558023320377
2665,6,0.1,Randomized,0.7995558023320377
2666,6,0.0,Naive,1.0
2667,6,0.1,Randomized,1.0
2668,6,0.0,Naive,1.0
2669,6,0.1,Randomized,1.0
2670,6,0.0,Naive,1.0
2671,6,0.1,Randomized,1.0
2672,6,0.0,Naive,1.0
2673,6,0.1,Randomized,1.0
2674,6,0.0,Naive,1.0
2675,6,0.1,Randomized,1.0
2676,6,0.0,Naive,1.0
2677,6,0.1,Randomized,1.0
2678,6,0.0,Naive,1.0
2679,6,0.1,Randomized,1.0
2680,6,0.0,Naive,1.0
2681,6,0.1,Randomized,1.0
2682,6,0.0,Naive,1.0
2683,6,0.1,Randomized,1.0
2684,6,0.0,Naive,1.0
2685,6,0.1,Randomized,1.0
2686,6,0.0,Naive,1.0
2687,6,0.1,Randomized,1.0
2688,6,0.0,Naive,1.0
2689,6,0.1,Randomized,1.0
2690,6,0.0,Naive,1.0
2691,6,0.1,Randomized,1.0
2692,6,0.0,Naive,1.0
2693,6,0.1,Randomized,1.0
2694,6,0.0,Naive,1.0
2695,6,0.1,Randomized,1.0
2696,6,0.0,Naive,1.0
2697,6,0.1,Randomized,1.0
2698,6,0.0,Naive,0.7995558023320377
2699,6,0.1,Randomized,0.7995558023320377
2700,6,0.0,Naive,0.7995558023320377
2701,6,0.1,Randomized,0.7995558023320377
2702,6,0.0,Naive,1.0
2703,6,0.1,Randomized,1.0
2704,6,0.0,Naive,1.0
2705,6,0.1,Randomized,1.0
2706,6,0.0,Naive,0.7995558023320377
2707,6,0.1,Randomized,0.7995558023320377
2708,6,0.0,Naive,1.0
2709,6,0.1,Randomized,1.0
2710,6,0.0,Naive,1.0
2711,6,0.1,Randomized,1.0
2712,6,0.0,Naive,0.02145922746781116
2713,6,0.1,Randomized,0.6208425720620843
2714,6,0.0,Naive,1.0
2715,6,0.1,Randomized,1.0
2716,6,0.0,Naive,1.0
2717,6,0.1,Randomized,1.0
2718,6,0.0,Naive,1.0
2719,6,0.1,Randomized,1.0
2720,6,0.0,Naive,1.0
2721,6,0.1,Randomized,1.0
2722,6,0.0,Naive,1.0
2723,6,0.1,Randomized,1.0
2724,6,0.0,Naive,1.0
2725,6,0.1,Randomized,1.0
2726,6,0.0,Naive,1.0
2727,6,0.1,Randomized,1.0
2728,6,0.0,Naive,1.0
2729,6,0.1,Randomized,1.0
2730,6,0.0,Naive,0.7995558023320377
2731,6,0.1,Randomized,0.06489994591671173
2732,6,0.0,Naive,1.0
2733,6,0.1,Randomized,1.0
2734,6,0.0,Naive,1.0
2735,6,0.1,Randomized,1.0
2736,6,0.0,Naive,1.0
2737,6,0.1,Randomized,1.0
2738,6,0.0,Naive,0.7995558023320377
2739,6,0.1,Randomized,0.7995558023320377
2740,6,0.0,Naive,1.0
2741,6,0.1,Randomized,1.0
2742,6,0.0,Naive,0.0
2743,6,0.1,Randomized,0.0
2744,6,0.0,Naive,1.0
2745,6,0.1,Randomized,1.0
2746,6,0.0,Naive,1.0
2747,6,0.1,Randomized,1.0
2748,6,0.0,Naive,1.0
2749,6,0.1,Randomized,1.0
2750,6,0.0,Naive,1.0
2751,6,0.1,Randomized,1.0
2752,6,0.0,Naive,1.0
2753,6,0.1,Randomized,1.0
2754,6,0.0,Naive,1.0
2755,6,0.1,Randomized,1.0
2756,6,0.0,Naive,0.7995558023320377
2757,6,0.1,Randomized,0.7995558023320377
2758,6,0.0,Naive,1.0
2759,6,0.1,Randomized,1.0
2760,6,0.0,Naive,1.0
2761,6,0.1,Randomized,1.0
2762,6,0.0,Naive,1.0
2763,6,0.1,Randomized,1.0
2764,6,0.0,Naive,1.0
2765,6,0.1,Randomized,1.0
2766,6,0.0,Naive,1.0
2767,6,0.1,Randomized,1.0
2768,6,0.0,Naive,1.0
2769,6,0.1,Randomized,1.0
2770,6,0.0,Naive,1.0
2771,6,0.1,Randomized,1.0
2772,6,0.0,Naive,1.0
2773,6,0.1,Randomized,1.0
2774,6,0.0,Naive,1.0
2775,6,0.1,Randomized,1.0
2776,6,0.0,Naive,1.0
2777,6,0.1,Randomized,0.7995558023320377
2778,6,0.0,Naive,1.0
2779,6,0.1,Randomized,1.0
2780,6,0.0,Naive,1.0
2781,6,0.1,Randomized,1.0
2782,6,0.0,Naive,0.7995558023320377
2783,6,0.1,Randomized,0.06489994591671173
2784,6,0.0,Naive,1.0
2785,6,0.1,Randomized,1.0
2786,6,0.0,Naive,1.0
2787,6,0.1,Randomized,1.0
2788,6,0.0,Naive,0.0
2789,6,0.1,Randomized,1.0
2790,6,0.0,Naive,1.0
2791,6,0.1,Randomized,1.0
2792,6,0.0,Naive,1.0
2793,6,0.1,Randomized,1.0
2794,6,0.0,Naive,1.0
2795,6,0.1,Randomized,1.0
2796,6,0.0,Naive,1.0
2797,6,0.1,Randomized,1.0
2798,6,0.0,Naive,1.0
2799,6,0.1,Randomized,0.06489994591671173
2800,6,0.0,Naive,1.0
2801,6,0.1,Randomized,1.0
2802,6,0.0,Naive,1.0
2803,6,0.1,Randomized,1.0
2804,6,0.0,Naive,1.0
2805,6,0.1,Randomized,1.0
2806,6,0.0,Naive,1.0
2807,6,0.1,Randomized,1.0
2808,6,0.0,Naive,0.7995558023320377
2809,6,0.1,Randomized,1.0
2810,6,0.0,Naive,1.0
2811,6,0.1,Randomized,0.7995558023320377
2812,6,0.0,Naive,1.0
2813,6,0.1,Randomized,0.0
2814,6,0.0,Naive,1.0
2815,6,0.1,Randomized,1.0
2816,6,0.0,Naive,1.0
2817,6,0.1,Randomized,1.0
2818,6,0.0,Naive,1.0
2819,6,0.1,Randomized,1.0
2820,6,0.0,Naive,1.0
2821,6,0.1,Randomized,1.0
2822,6,0.0,Naive,0.0
2823,6,0.1,Randomized,1.0
2824,6,0.0,Naive,1.0
2825,6,0.1,Randomized,1.0
2826,6,0.0,Naive,0.7995558023320377
2827,6,0.1,Randomized,0.7995558023320377
2828,6,0.0,Naive,1.0
2829,6,0.1,Randomized,1.0
2830,6,0.0,Naive,1.0
2831,6,0.1,Randomized,1.0
2832,6,0.0,Naive,1.0
2833,6,0.1,Randomized,1.0
2834,6,0.0,Naive,1.0
2835,6,0.1,Randomized,1.0
2836,6,0.0,Naive,1.0
2837,6,0.1,Randomized,1.0
2838,6,0.0,Naive,1.0
2839,6,0.1,Randomized,1.0
2840,6,0.0,Naive,1.0
2841,6,0.1,Randomized,1.0
2842,6,0.0,Naive,1.0
2843,6,0.1,Randomized,1.0
2844,6,0.0,Naive,0.0
2845,6,0.1,Randomized,0.7995558023320377
2846,6,0.0,Naive,1.0
2847,6,0.1,Randomized,1.0
2848,6,0.0,Naive,1.0
2849,6,0.1,Randomized,1.0
2850,6,0.0,Naive,1.0
2851,6,0.1,Randomized,1.0
2852,6,0.0,Naive,0.7995558023320377
2853,6,0.1,Randomized,0.7995558023320377
2854,6,0.0,Naive,1.0
2855,6,0.1,Randomized,1.0
2856,6,0.0,Naive,1.0
2857,6,0.1,Randomized,0.6208425720620843
2858,6,0.0,Naive,1.0
2859,6,0.1,Randomized,1.0
2860,6,0.0,Naive,1.0
2861,6,0.1,Randomized,1.0
2862,6,0.0,Naive,1.0
2863,6,0.1,Randomized,1.0
2864,6,0.0,Naive,1.0
2865,6,0.1,Randomized,1.0
2866,6,0.0,Naive,1.0
2867,6,0.1,Randomized,1.0
2868,6,0.0,Naive,1.0
2869,6,0.1,Randomized,1.0
2870,6,0.0,Naive,1.0
2871,6,0.1,Randomized,1.0
2872,6,0.0,Naive,1.0
2873,6,0.1,Randomized,1.0
2874,6,0.0,Naive,1.0
2875,6,0.1,Randomized,1.0
2876,6,0.0,Naive,0.6208425720620843
2877,6,0.1,Randomized,0.0
2878,6,0.0,Naive,1.0
2879,6,0.1,Randomized,1.0
2880,6,0.0,Naive,1.0
2881,6,0.1,Randomized,1.0
2882,6,0.0,Naive,1.0
2883,6,0.1,Randomized,1.0
2884,6,0.0,Naive,1.0
2885,6,0.1,Randomized,1.0
2886,6,0.0,Naive,1.0
2887,6,0.1,Randomized,1.0
2888,6,0.0,Naive,1.0
2889,6,0.1,Randomized,1.0
2890,6,0.0,Naive,0.7995558023320377
2891,6,0.1,Randomized,0.0
2892,6,0.0,Naive,0.7995558023320377
2893,6,0.1,Randomized,0.6208425720620843
2894,6,0.0,Naive,0.0
2895,6,0.1,Randomized,0.0
2896,6,0.0,Naive,1.0
2897,6,0.1,Randomized,1.0
2898,6,0.0,Naive,1.0
2899,6,0.1,Randomized,1.0
2900,6,0.0,Naive,1.0
2901,6,0.1,Randomized,1.0
2902,6,0.0,Naive,1.0
2903,6,0.1,Randomized,1.0
2904,6,0.0,Naive,0.7995558023320377
2905,6,0.1,Randomized,0.7995558023320377
2906,6,0.0,Naive,1.0
2907,6,0.1,Randomized,1.0
2908,6,0.0,Naive,1.0
2909,6,0.1,Randomized,1.0
2910,6,0.0,Naive,1.0
2911,6,0.1,Randomized,1.0
2912,6,0.0,Naive,1.0
2913,6,0.1,Randomized,0.7995558023320377
2914,6,0.0,Naive,1.0
2915,6,0.1,Randomized,1.0
2916,6,0.0,Naive,1.0
2917,6,0.1,Randomized,1.0
2918,6,0.0,Naive,1.0
2919,6,0.1,Randomized,1.0
2920,6,0.0,Naive,1.0
2921,6,0.1,Randomized,1.0
2922,6,0.0,Naive,1.0
2923,6,0.1,Randomized,1.0
2924,6,0.0,Naive,1.0
2925,6,0.1,Randomized,1.0
2926,6,0.0,Naive,1.0
2927,6,0.1,Randomized,0.0
2928,6,0.0,Naive,0.7995558023320377
2929,6,0.1,Randomized,0.0
2930,6,0.0,Naive,1.0
2931,6,0.1,Randomized,1.0
2932,6,0.0,Naive,1.0
2933,6,0.1,Randomized,1.0
2934,6,0.0,Naive,1.0
2935,6,0.1,Randomized,1.0
2936,6,0.0,Naive,1.0
2937,6,0.1,Randomized,1.0
2938,6,0.0,Naive,1.0
2939,6,0.1,Randomized,0.02145922746781116
2940,6,0.0,Naive,1.0
2941,6,0.1,Randomized,1.0
2942,6,0.0,Naive,1.0
2943,6,0.1,Randomized,1.0
2944,6,0.0,Naive,1.0
2945,6,0.1,Randomized,1.0
2946,6,0.0,Naive,1.0
2947,6,0.1,Randomized,1.0
2948,6,0.0,Naive,1.0
2949,6,0.1,Randomized,1.0
2950,6,0.0,Naive,1.0
2951,6,0.1,Randomized,1.0
2952,6,0.0,Naive,1.0
2953,6,0.1,Randomized,1.0
2954,6,0.0,Naive,1.0
2955,6,0.1,Randomized,1.0
2956,6,0.0,Naive,1.0
2957,6,0.1,Randomized,1.0
2958,6,0.0,Naive,1.0
2959,6,0.1,Randomized,0.7995558023320377
2960,6,0.0,Naive,1.0
2961,6,0.1,Randomized,0.0
2962,6,0.0,Naive,1.0
2963,6,0.1,Randomized,1.0
2964,6,0.0,Naive,1.0
2965,6,0.1,Randomized,1.0
2966,6,0.0,Naive,1.0
2967,6,0.1,Randomized,1.0
2968,6,0.0,Naive,1.0
2969,6,0.1,Randomized,1.0
2970,6,0.0,Naive,1.0
2971,6,0.1,Randomized,1.0
2972,6,0.0,Naive,1.0
2973,6,0.1,Randomized,1.0
2974,6,0.0,Naive,1.0
2975,6,0.1,Randomized,1.0
2976,6,0.0,Naive,1.0
2977,6,0.1,Randomized,0.0
2978,6,0.0,Naive,1.0
2979,6,0.1,Randomized,1.0
2980,6,0.0,Naive,1.0
2981,6,0.1,Randomized,1.0
2982,6,0.0,Naive,1.0
2983,6,0.1,Randomized,1.0
2984,6,0.0,Naive,1.0
2985,6,0.1,Randomized,0.7995558023320377
2986,6,0.0,Naive,1.0
2987,6,0.1,Randomized,1.0
2988,6,0.0,Naive,1.0
2989,6,0.1,Randomized,1.0
2990,6,0.0,Naive,1.0
2991,6,0.1,Randomized,1.0
2992,6,0.0,Naive,1.0
2993,6,0.1,Randomized,1.0
2994,6,0.0,Naive,0.0
2995,6,0.1,Randomized,0.0
2996,6,0.0,Naive,1.0
2997,6,0.1,Randomized,1.0
2998,6,0.0,Naive,1.0
2999,6,0.1,Randomized,1.0
3000,8,0.0,Naive,1.0
3001,8,0.1,Randomized,1.0
3002,8,0.0,Naive,1.0
3003,8,0.1,Randomized,1.0
3004,8,0.0,Naive,1.0
3005,8,0.1,Randomized,1.0
3006,8,0.0,Naive,1.0
3007,8,0.1,Randomized,1.0
3008,8,0.0,Naive,1.0
3009,8,0.1,Randomized,1.0
3010,8,0.0,Naive,1.0
3011,8,0.1,Randomized,1.0
3012,8,0.0,Naive,1.0
3013,8,0.1,Randomized,1.0
3014,8,0.0,Naive,1.0
3015,8,0.1,Randomized,1.0
3016,8,0.0,Naive,1.0
3017,8,0.1,Randomized,1.0
3018,8,0.0,Naive,1.0
3019,8,0.1,Randomized,1.0
3020,8,0.0,Naive,1.0
3021,8,0.1,Randomized,1.0
3022,8,0.0,Naive,1.0
3023,8,0.1,Randomized,1.0
3024,8,0.0,Naive,1.0
3025,8,0.1,Randomized,1.0
3026,8,0.0,Naive,1.0
3027,8,0.1,Randomized,1.0
3028,8,0.0,Naive,1.0
3029,8,0.1,Randomized,1.0
3030,8,0.0,Naive,1.0
3031,8,0.1,Randomized,1.0
3032,8,0.0,Naive,1.0
3033,8,0.1,Randomized,1.0
3034,8,0.0,Naive,1.0
3035,8,0.1,Randomized,1.0
3036,8,0.0,Naive,1.0
3037,8,0.1,Randomized,1.0
3038,8,0.0,Naive,1.0
3039,8,0.1,Randomized,1.0
3040,8,0.0,Naive,1.0
3041,8,0.1,Randomized,1.0
3042,8,0.0,Naive,1.0
3043,8,0.1,Randomized,1.0
3044,8,0.0,Naive,1.0
3045,8,0.1,Randomized,1.0
3046,8,0.0,Naive,1.0
3047,8,0.1,Randomized,1.0
3048,8,0.0,Naive,1.0
3049,8,0.1,Randomized,1.0
3050,8,0.0,Naive,1.0
3051,8,0.1,Randomized,1.0
3052,8,0.0,Naive,1.0
3053,8,0.1,Randomized,1.0
3054,8,0.0,Naive,1.0
3055,8,0.1,Randomized,1.0
3056,8,0.0,Naive,1.0
3057,8,0.1,Randomized,1.0
3058,8,0.0,Naive,1.0
3059,8,0.1,Randomized,1.0
3060,8,0.0,Naive,1.0
3061,8,0.1,Randomized,1.0
3062,8,0.0,Naive,1.0
3063,8,0.1,Randomized,1.0
3064,8,0.0,Naive,1.0
3065,8,0.1,Randomized,1.0
3066,8,0.0,Naive,1.0
3067,8,0.1,Randomized,1.0
3068,8,0.0,Naive,1.0
3069,8,0.1,Randomized,1.0
3070,8,0.0,Naive,1.0
3071,8,0.1,Randomized,1.0
3072,8,0.0,Naive,1.0
3073,8,0.1,Randomized,1.0
3074,8,0.0,Naive,1.0
3075,8,0.1,Randomized,1.0
3076,8,0.0,Naive,1.0
3077,8,0.1,Randomized,1.0
3078,8,0.0,Naive,1.0
3079,8,0.1,Randomized,1.0
3080,8,0.0,Naive,1.0
3081,8,0.1,Randomized,1.0
3082,8,0.0,Naive,1.0
3083,8,0.1,Randomized,1.0
3084,8,0.0,Naive,1.0
3085,8,0.1,Randomized,1.0
3086,8,0.0,Naive,1.0
3087,8,0.1,Randomized,1.0
3088,8,0.0,Naive,1.0
3089,8,0.1,Randomized,1.0
3090,8,0.0,Naive,1.0
3091,8,0.1,Randomized,1.0
3092,8,0.0,Naive,1.0
3093,8,0.1,Randomized,1.0
3094,8,0.0,Naive,1.0
3095,8,0.1,Randomized,1.0
3096,8,0.0,Naive,1.0
3097,8,0.1,Randomized,1.0
3098,8,0.0,Naive,1.0
3099,8,0.1,Randomized,1.0
3100,8,0.0,Naive,1.0
3101,8,0.1,Randomized,1.0
3102,8,0.0,Naive,1.0
3103,8,0.1,Randomized,1.0
3104,8,0.0,Naive,1.0
3105,8,0.1,Randomized,1.0
3106,8,0.0,Naive,1.0
3107,8,0.1,Randomized,1.0
3108,8,0.0,Naive,1.0
3109,8,0.1,Randomized,1.0
3110,8,0.0,Naive,1.0
3111,8,0.1,Randomized,1.0
3112,8,0.0,Naive,1.0
3113,8,0.1,Randomized,1.0
3114,8,0.0,Naive,1.0
3115,8,0.1,Randomized,1.0
3116,8,0.0,Naive,1.0
3117,8,0.1,Randomized,1.0
3118,8,0.0,Naive,1.0
3119,8,0.1,Randomized,1.0
3120,8,0.0,Naive,1.0
3121,8,0.1,Randomized,1.0
3122,8,0.0,Naive,1.0
3123,8,0.1,Randomized,1.0
3124,8,0.0,Naive,1.0
3125,8,0.1,Randomized,1.0
3126,8,0.0,Naive,1.0
3127,8,0.1,Randomized,1.0
3128,8,0.0,Naive,1.0
3129,8,0.1,Randomized,1.0
3130,8,0.0,Naive,1.0
3131,8,0.1,Randomized,1.0
3132,8,0.0,Naive,1.0
3133,8,0.1,Randomized,1.0
3134,8,0.0,Naive,1.0
3135,8,0.1,Randomized,1.0
3136,8,0.0,Naive,1.0
3137,8,0.1,Randomized,1.0
3138,8,0.0,Naive,1.0
3139,8,0.1,Randomized,1.0
3140,8,0.0,Naive,1.0
3141,8,0.1,Randomized,1.0
3142,8,0.0,Naive,1.0
3143,8,0.1,Randomized,1.0
3144,8,0.0,Naive,1.0
3145,8,0.1,Randomized,1.0
3146,8,0.0,Naive,1.0
3147,8,0.1,Randomized,1.0
3148,8,0.0,Naive,1.0
3149,8,0.1,Randomized,0.3303964757709251
3150,8,0.0,Naive,1.0
3151,8,0.1,Randomized,1.0
3152,8,0.0,Naive,1.0
3153,8,0.1,Randomized,1.0
3154,8,0.0,Naive,1.0
3155,8,0.1,Randomized,1.0
3156,8,0.0,Naive,1.0
3157,8,0.1,Randomized,1.0
3158,8,0.0,Naive,1.0
3159,8,0.1,Randomized,1.0
3160,8,0.0,Naive,1.0
3161,8,0.1,Randomized,1.0
3162,8,0.0,Naive,1.0
3163,8,0.1,Randomized,1.0
3164,8,0.0,Naive,1.0
3165,8,0.1,Randomized,1.0
3166,8,0.0,Naive,1.0
3167,8,0.1,Randomized,1.0
3168,8,0.0,Naive,1.0
3169,8,0.1,Randomized,1.0
3170,8,0.0,Naive,1.0
3171,8,0.1,Randomized,1.0
3172,8,0.0,Naive,1.0
3173,8,0.1,Randomized,1.0
3174,8,0.0,Naive,1.0
3175,8,0.1,Randomized,1.0
3176,8,0.0,Naive,1.0
3177,8,0.1,Randomized,1.0
3178,8,0.0,Naive,1.0
3179,8,0.1,Randomized,1.0
3180,8,0.0,Naive,1.0
3181,8,0.1,Randomized,1.0
3182,8,0.0,Naive,1.0
3183,8,0.1,Randomized,1.0
3184,8,0.0,Naive,1.0
3185,8,0.1,Randomized,1.0
3186,8,0.0,Naive,1.0
3187,8,0.1,Randomized,1.0
3188,8,0.0,Naive,1.0
3189,8,0.1,Randomized,1.0
3190,8,0.0,Naive,1.0
3191,8,0.1,Randomized,1.0
3192,8,0.0,Naive,1.0
3193,8,0.1,Randomized,1.0
3194,8,0.0,Naive,1.0
3195,8,0.1,Randomized,1.0
3196,8,0.0,Naive,1.0
3197,8,0.1,Randomized,1.0
3198,8,0.0,Naive,1.0
3199,8,0.1,Randomized,1.0
3200,8,0.0,Naive,1.0
3201,8,0.1,Randomized,1.0
3202,8,0.0,Naive,1.0
3203,8,0.1,Randomized,1.0
3204,8,0.0,Naive,1.0
3205,8,0.1,Randomized,1.0
3206,8,0.0,Naive,1.0
3207,8,0.1,Randomized,1.0
3208,8,0.0,Naive,1.0
3209,8,0.1,Randomized,1.0
3210,8,0.0,Naive,1.0
3211,8,0.1,Randomized,1.0
3212,8,0.0,Naive,1.0
3213,8,0.1,Randomized,1.0
3214,8,0.0,Naive,1.0
3215,8,0.1,Randomized,1.0
3216,8,0.0,Naive,1.0
3217,8,0.1,Randomized,1.0
3218,8,0.0,Naive,1.0
3219,8,0.1,Randomized,1.0
3220,8,0.0,Naive,1.0
3221,8,0.1,Randomized,1.0
3222,8,0.0,Naive,1.0
3223,8,0.1,Randomized,1.0
3224,8,0.0,Naive,1.0
3225,8,0.1,Randomized,1.0
3226,8,0.0,Naive,1.0
3227,8,0.1,Randomized,1.0
3228,8,0.0,Naive,1.0
3229,8,0.1,Randomized,1.0
3230,8,0.0,Naive,1.0
3231,8,0.1,Randomized,1.0
3232,8,0.0,Naive,1.0
3233,8,0.1,Randomized,1.0
3234,8,0.0,Naive,1.0
3235,8,0.1,Randomized,1.0
3236,8,0.0,Naive,1.0
3237,8,0.1,Randomized,1.0
3238,8,0.0,Naive,1.0
3239,8,0.1,Randomized,1.0
3240,8,0.0,Naive,1.0
3241,8,0.1,Randomized,1.0
3242,8,0.0,Naive,1.0
3243,8,0.1,Randomized,1.0
3244,8,0.0,Naive,1.0
3245,8,0.1,Randomized,1.0
3246,8,0.0,Naive,1.0
3247,8,0.1,Randomized,1.0
3248,8,0.0,Naive,1.0
3249,8,0.1,Randomized,1.0
3250,8,0.0,Naive,1.0
3251,8,0.1,Randomized,1.0
3252,8,0.0,Naive,1.0
3253,8,0.1,Randomized,1.0
3254,8,0.0,Naive,1.0
3255,8,0.1,Randomized,1.0
3256,8,0.0,Naive,1.0
3257,8,0.1,Randomized,1.0
3258,8,0.0,Naive,1.0
3259,8,0.1,Randomized,1.0
3260,8,0.0,Naive,1.0
3261,8,0.1,Randomized,1.0
3262,8,0.0,Naive,1.0
3263,8,0.1,Randomized,1.0
3264,8,0.0,Naive,1.0
3265,8,0.1,Randomized,1.0
3266,8,0.0,Naive,1.0
3267,8,0.1,Randomized,1.0
3268,8,0.0,Naive,1.0
3269,8,0.1,Randomized,1.0
3270,8,0.0,Naive,1.0
3271,8,0.1,Randomized,1.0
3272,8,0.0,Naive,1.0
3273,8,0.1,Randomized,1.0
3274,8,0.0,Naive,1.0
3275,8,0.1,Randomized,1.0
3276,8,0.0,Naive,1.0
3277,8,0.1,Randomized,1.0
3278,8,0.0,Naive,1.0
3279,8,0.1,Randomized,1.0
3280,8,0.0,Naive,1.0
3281,8,0.1,Randomized,1.0
3282,8,0.0,Naive,1.0
3283,8,0.1,Randomized,1.0
3284,8,0.0,Naive,1.0
3285,8,0.1,Randomized,1.0
3286,8,0.0,Naive,1.0
3287,8,0.1,Randomized,1.0
3288,8,0.0,Naive,1.0
3289,8,0.1,Randomized,1.0
3290,8,0.0,Naive,1.0
3291,8,0.1,Randomized,1.0
3292,8,0.0,Naive,1.0
3293,8,0.1,Randomized,1.0
3294,8,0.0,Naive,1.0
3295,8,0.1,Randomized,1.0
3296,8,0.0,Naive,1.0
3297,8,0.1,Randomized,1.0
3298,8,0.0,Naive,1.0
3299,8,0.1,Randomized,1.0
3300,8,0.0,Naive,1.0
3301,8,0.1,Randomized,1.0
3302,8,0.0,Naive,1.0
3303,8,0.1,Randomized,1.0
3304,8,0.0,Naive,1.0
3305,8,0.1,Randomized,1.0
3306,8,0.0,Naive,1.0
3307,8,0.1,Randomized,1.0
3308,8,0.0,Naive,1.0
3309,8,0.1,Randomized,1.0
3310,8,0.0,Naive,1.0
3311,8,0.1,Randomized,1.0
3312,8,0.0,Naive,1.0
3313,8,0.1,Randomized,1.0
3314,8,0.0,Naive,1.0
3315,8,0.1,Randomized,1.0
3316,8,0.0,Naive,1.0
3317,8,0.1,Randomized,1.0
3318,8,0.0,Naive,1.0
3319,8,0.1,Randomized,1.0
3320,8,0.0,Naive,1.0
3321,8,0.1,Randomized,1.0
3322,8,0.0,Naive,1.0
3323,8,0.1,Randomized,1.0
3324,8,0.0,Naive,1.0
3325,8,0.1,Randomized,1.0
3326,8,0.0,Naive,1.0
3327,8,0.1,Randomized,1.0
3328,8,0.0,Naive,1.0
3329,8,0.1,Randomized,1.0
3330,8,0.0,Naive,1.0
3331,8,0.1,Randomized,1.0
3332,8,0.0,Naive,1.0
3333,8,0.1,Randomized,1.0
3334,8,0.0,Naive,1.0
3335,8,0.1,Randomized,1.0
3336,8,0.0,Naive,1.0
3337,8,0.1,Randomized,1.0
3338,8,0.0,Naive,1.0
3339,8,0.1,Randomized,1.0
3340,8,0.0,Naive,1.0
3341,8,0.1,Randomized,1.0
3342,8,0.0,Naive,1.0
3343,8,0.1,Randomized,1.0
3344,8,0.0,Naive,1.0
3345,8,0.1,Randomized,1.0
3346,8,0.0,Naive,1.0
3347,8,0.1,Randomized,1.0
3348,8,0.0,Naive,1.0
3349,8,0.1,Randomized,1.0
3350,8,0.0,Naive,1.0
3351,8,0.1,Randomized,1.0
3352,8,0.0,Naive,1.0
3353,8,0.1,Randomized,1.0
3354,8,0.0,Naive,1.0
3355,8,0.1,Randomized,1.0
3356,8,0.0,Naive,1.0
3357,8,0.1,Randomized,1.0
3358,8,0.0,Naive,1.0
3359,8,0.1,Randomized,1.0
3360,8,0.0,Naive,1.0
3361,8,0.1,Randomized,1.0
3362,8,0.0,Naive,1.0
3363,8,0.1,Randomized,1.0
3364,8,0.0,Naive,1.0
3365,8,0.1,Randomized,1.0
3366,8,0.0,Naive,1.0
3367,8,0.1,Randomized,1.0
3368,8,0.0,Naive,1.0
3369,8,0.1,Randomized,1.0
3370,8,0.0,Naive,1.0
3371,8,0.1,Randomized,1.0
3372,8,0.0,Naive,1.0
3373,8,0.1,Randomized,1.0
3374,8,0.0,Naive,1.0
3375,8,0.1,Randomized,1.0
3376,8,0.0,Naive,1.0
3377,8,0.1,Randomized,1.0
3378,8,0.0,Naive,1.0
3379,8,0.1,Randomized,1.0
3380,8,0.0,Naive,1.0
3381,8,0.1,Randomized,1.0
3382,8,0.0,Naive,1.0
3383,8,0.1,Randomized,1.0
3384,8,0.0,Naive,1.0
3385,8,0.1,Randomized,1.0
3386,8,0.0,Naive,1.0
3387,8,0.1,Randomized,1.0
3388,8,0.0,Naive,1.0
3389,8,0.1,Randomized,1.0
3390,8,0.0,Naive,1.0
3391,8,0.1,Randomized,1.0
3392,8,0.0,Naive,1.0
3393,8,0.1,Randomized,1.0
3394,8,0.0,Naive,1.0
3395,8,0.1,Randomized,1.0
3396,8,0.0,Naive,1.0
3397,8,0.1,Randomized,1.0
3398,8,0.0,Naive,1.0
3399,8,0.1,Randomized,1.0
3400,8,0.0,Naive,1.0
3401,8,0.1,Randomized,1.0
3402,8,0.0,Naive,1.0
3403,8,0.1,Randomized,1.0
3404,8,0.0,Naive,1.0
3405,8,0.1,Randomized,1.0
3406,8,0.0,Naive,1.0
3407,8,0.1,Randomized,1.0
3408,8,0.0,Naive,1.0
3409,8,0.1,Randomized,1.0
3410,8,0.0,Naive,1.0
3411,8,0.1,Randomized,1.0
3412,8,0.0,Naive,1.0
3413,8,0.1,Randomized,1.0
3414,8,0.0,Naive,1.0
3415,8,0.1,Randomized,1.0
3416,8,0.0,Naive,1.0
3417,8,0.1,Randomized,1.0
3418,8,0.0,Naive,1.0
3419,8,0.1,Randomized,1.0
3420,8,0.0,Naive,1.0
3421,8,0.1,Randomized,1.0
3422,8,0.0,Naive,1.0
3423,8,0.1,Randomized,1.0
3424,8,0.0,Naive,1.0
3425,8,0.1,Randomized,1.0
3426,8,0.0,Naive,1.0
3427,8,0.1,Randomized,1.0
3428,8,0.0,Naive,1.0
3429,8,0.1,Randomized,1.0
3430,8,0.0,Naive,1.0
3431,8,0.1,Randomized,1.0
3432,8,0.0,Naive,1.0
3433,8,0.1,Randomized,1.0
3434,8,0.0,Naive,1.0
3435,8,0.1,Randomized,1.0
3436,8,0.0,Naive,1.0
3437,8,0.1,Randomized,1.0
3438,8,0.0,Naive,1.0
3439,8,0.1,Randomized,1.0
3440,8,0.0,Naive,1.0
3441,8,0.1,Randomized,1.0
3442,8,0.0,Naive,1.0
3443,8,0.1,Randomized,1.0
3444,8,0.0,Naive,1.0
3445,8,0.1,Randomized,1.0
3446,8,0.0,Naive,1.0
3447,8,0.1,Randomized,1.0
3448,8,0.0,Naive,1.0
3449,8,0.1,Randomized,1.0
3450,8,0.0,Naive,1.0
3451,8,0.1,Randomized,1.0
3452,8,0.0,Naive,1.0
3453,8,0.1,Randomized,1.0
3454,8,0.0,Naive,1.0
3455,8,0.1,Randomized,1.0
3456,8,0.0,Naive,1.0
3457,8,0.1,Randomized,1.0
3458,8,0.0,Naive,1.0
3459,8,0.1,Randomized,1.0
3460,8,0.0,Naive,1.0
3461,8,0.1,Randomized,1.0
3462,8,0.0,Naive,1.0
3463,8,0.1,Randomized,1.0
3464,8,0.0,Naive,1.0
3465,8,0.1,Randomized,1.0
3466,8,0.0,Naive,1.0
3467,8,0.1,Randomized,1.0
3468,8,0.0,Naive,1.0
3469,8,0.1,Randomized,1.0
3470,8,0.0,Naive,1.0
3471,8,0.1,Randomized,1.0
3472,8,0.0,Naive,1.0
3473,8,0.1,Randomized,1.0
3474,8,0.0,Naive,1.0
3475,8,0.1,Randomized,1.0
3476,8,0.0,Naive,1.0
3477,8,0.1,Randomized,1.0
3478,8,0.0,Naive,1.0
3479,8,0.1,Randomized,1.0
3480,8,0.0,Naive,1.0
3481,8,0.1,Randomized,1.0
3482,8,0.0,Naive,1.0
3483,8,0.1,Randomized,1.0
3484,8,0.0,Naive,1.0
3485,8,0.1,Randomized,1.0
3486,8,0.0,Naive,1.0
3487,8,0.1,Randomized,1.0
3488,8,0.0,Naive,1.0
3489,8,0.1,Randomized,1.0
3490,8,0.0,Naive,1.0
3491,8,0.1,Randomized,1.0
3492,8,0.0,Naive,1.0
3493,8,0.1,Randomized,1.0
3494,8,0.0,Naive,1.0
3495,8,0.1,Randomized,1.0
3496,8,0.0,Naive,1.0
3497,8,0.1,Randomized,1.0
3498,8,0.0,Naive,1.0
3499,8,0.1,Randomized,1.0
3500,8,0.0,Naive,1.0
3501,8,0.1,Randomized,1.0
3502,8,0.0,Naive,1.0
3503,8,0.1,Randomized,1.0
3504,8,0.0,Naive,1.0
3505,8,0.1,Randomized,1.0
3506,8,0.0,Naive,1.0
3507,8,0.1,Randomized,1.0
3508,8,0.0,Naive,1.0
3509,8,0.1,Randomized,1.0
3510,8,0.0,Naive,1.0
3511,8,0.1,Randomized,1.0
3512,8,0.0,Naive,1.0
3513,8,0.1,Randomized,1.0
3514,8,0.0,Naive,1.0
3515,8,0.1,Randomized,1.0
3516,8,0.0,Naive,1.0
3517,8,0.1,Randomized,1.0
3518,8,0.0,Naive,1.0
3519,8,0.1,Randomized,1.0
3520,8,0.0,Naive,1.0
3521,8,0.1,Randomized,1.0
3522,8,0.0,Naive,1.0
3523,8,0.1,Randomized,1.0
3524,8,0.0,Naive,1.0
3525,8,0.1,Randomized,1.0
3526,8,0.0,Naive,1.0
3527,8,0.1,Randomized,1.0
3528,8,0.0,Naive,1.0
3529,8,0.1,Randomized,1.0
3530,8,0.0,Naive,1.0
3531,8,0.1,Randomized,1.0
3532,8,0.0,Naive,1.0
3533,8,0.1,Randomized,1.0
3534,8,0.0,Naive,1.0
3535,8,0.1,Randomized,1.0
3536,8,0.0,Naive,1.0
3537,8,0.1,Randomized,1.0
3538,8,0.0,Naive,1.0
3539,8,0.1,Randomized,1.0
3540,8,0.0,Naive,1.0
3541,8,0.1,Randomized,1.0
3542,8,0.0,Naive,1.0
3543,8,0.1,Randomized,1.0
3544,8,0.0,Naive,1.0
3545,8,0.1,Randomized,1.0
3546,8,0.0,Naive,1.0
3547,8,0.1,Randomized,1.0
3548,8,0.0,Naive,1.0
3549,8,0.1,Randomized,1.0
3550,8,0.0,Naive,1.0
3551,8,0.1,Randomized,1.0
3552,8,0.0,Naive,1.0
3553,8,0.1,Randomized,1.0
3554,8,0.0,Naive,1.0
3555,8,0.1,Randomized,1.0
3556,8,0.0,Naive,1.0
3557,8,0.1,Randomized,1.0
3558,8,0.0,Naive,1.0
3559,8,0.1,Randomized,1.0
3560,8,0.0,Naive,1.0
3561,8,0.1,Randomized,1.0
3562,8,0.0,Naive,1.0
3563,8,0.1,Randomized,1.0
3564,8,0.0,Naive,1.0
3565,8,0.1,Randomized,1.0
3566,8,0.0,Naive,1.0
3567,8,0.1,Randomized,1.0
3568,8,0.0,Naive,1.0
3569,8,0.1,Randomized,1.0
3570,8,0.0,Naive,1.0
3571,8,0.1,Randomized,1.0
3572,8,0.0,Naive,1.0
3573,8,0.1,Randomized,1.0
3574,8,0.0,Naive,1.0
3575,8,0.1,Randomized,1.0
3576,8,0.0,Naive,1.0
3577,8,0.1,Randomized,1.0
3578,8,0.0,Naive,1.0
3579,8,0.1,Randomized,1.0
3580,8,0.0,Naive,1.0
3581,8,0.1,Randomized,1.0
3582,8,0.0,Naive,1.0
3583,8,0.1,Randomized,1.0
3584,8,0.0,Naive,1.0
3585,8,0.1,Randomized,1.0
3586,8,0.0,Naive,1.0
3587,8,0.1,Randomized,1.0
3588,8,0.0,Naive,1.0
3589,8,0.1,Randomized,1.0
3590,8,0.0,Naive,1.0
3591,8,0.1,Randomized,1.0
3592,8,0.0,Naive,1.0
3593,8,0.1,Randomized,1.0
3594,8,0.0,Naive,1.0
3595,8,0.1,Randomized,1.0
3596,8,0.0,Naive,1.0
3597,8,0.1,Randomized,1.0
3598,8,0.0,Naive,1.0
3599,8,0.1,Randomized,1.0
3600,8,0.0,Naive,1.0
3601,8,0.1,Randomized,1.0
3602,8,0.0,Naive,1.0
3603,8,0.1,Randomized,1.0
3604,8,0.0,Naive,1.0
3605,8,0.1,Randomized,1.0
3606,8,0.0,Naive,1.0
3607,8,0.1,Randomized,1.0
3608,8,0.0,Naive,1.0
3609,8,0.1,Randomized,1.0
3610,8,0.0,Naive,1.0
3611,8,0.1,Randomized,1.0
3612,8,0.0,Naive,1.0
3613,8,0.1,Randomized,1.0
3614,8,0.0,Naive,1.0
3615,8,0.1,Randomized,1.0
3616,8,0.0,Naive,1.0
3617,8,0.1,Randomized,1.0
3618,8,0.0,Naive,1.0
3619,8,0.1,Randomized,1.0
3620,8,0.0,Naive,1.0
3621,8,0.1,Randomized,1.0
3622,8,0.0,Naive,1.0
3623,8,0.1,Randomized,1.0
3624,8,0.0,Naive,1.0
3625,8,0.1,Randomized,1.0
3626,8,0.0,Naive,1.0
3627,8,0.1,Randomized,1.0
3628,8,0.0,Naive,1.0
3629,8,0.1,Randomized,1.0
3630,8,0.0,Naive,1.0
3631,8,0.1,Randomized,1.0
3632,8,0.0,Naive,1.0
3633,8,0.1,Randomized,1.0
3634,8,0.0,Naive,1.0
3635,8,0.1,Randomized,1.0
3636,8,0.0,Naive,1.0
3637,8,0.1,Randomized,1.0
3638,8,0.0,Naive,1.0
3639,8,0.1,Randomized,1.0
3640,8,0.0,Naive,1.0
3641,8,0.1,Randomized,1.0
3642,8,0.0,Naive,1.0
3643,8,0.1,Randomized,1.0
3644,8,0.0,Naive,1.0
3645,8,0.1,Randomized,1.0
3646,8,0.0,Naive,1.0
3647,8,0.1,Randomized,1.0
3648,8,0.0,Naive,1.0
3649,8,0.1,Randomized,1.0
3650,8,0.0,Naive,1.0
3651,8,0.1,Randomized,1.0
3652,8,0.0,Naive,1.0
3653,8,0.1,Randomized,1.0
3654,8,0.0,Naive,1.0
3655,8,0.1,Randomized,1.0
3656,8,0.0,Naive,1.0
3657,8,0.1,Randomized,1.0
3658,8,0.0,Naive,1.0
3659,8,0.1,Randomized,1.0
3660,8,0.0,Naive,1.0
3661,8,0.1,Randomized,1.0
3662,8,0.0,Naive,1.0
3663,8,0.1,Randomized,1.0
3664,8,0.0,Naive,1.0
3665,8,0.1,Randomized,1.0
3666,8,0.0,Naive,1.0
3667,8,0.1,Randomized,1.0
3668,8,0.0,Naive,1.0
3669,8,0.1,Randomized,1.0
3670,8,0.0,Naive,1.0
3671,8,0.1,Randomized,1.0
3672,8,0.0,Naive,1.0
3673,8,0.1,Randomized,1.0
3674,8,0.0,Naive,1.0
3675,8,0.1,Randomized,1.0
3676,8,0.0,Naive,1.0
3677,8,0.1,Randomized,1.0
3678,8,0.0,Naive,1.0
3679,8,0.1,Randomized,1.0
3680,8,0.0,Naive,1.0
3681,8,0.1,Randomized,1.0
3682,8,0.0,Naive,1.0
3683,8,0.1,Randomized,1.0
3684,8,0.0,Naive,1.0
3685,8,0.1,Randomized,1.0
3686,8,0.0,Naive,1.0
3687,8,0.1,Randomized,1.0
3688,8,0.0,Naive,1.0
3689,8,0.1,Randomized,1.0
3690,8,0.0,Naive,1.0
3691,8,0.1,Randomized,1.0
3692,8,0.0,Naive,1.0
3693,8,0.1,Randomized,1.0
3694,8,0.0,Naive,1.0
3695,8,0.1,Randomized,1.0
3696,8,0.0,Naive,1.0
3697,8,0.1,Randomized,1.0
3698,8,0.0,Naive,1.0
3699,8,0.1,Randomized,1.0
3700,8,0.0,Naive,1.0
3701,8,0.1,Randomized,1.0
3702,8,0.0,Naive,1.0
3703,8,0.1,Randomized,1.0
3704,8,0.0,Naive,1.0
3705,8,0.1,Randomized,1.0
3706,8,0.0,Naive,1.0
3707,8,0.1,Randomized,1.0
3708,8,0.0,Naive,1.0
3709,8,0.1,Randomized,1.0
3710,8,0.0,Naive,1.0
3711,8,0.1,Randomized,1.0
3712,8,0.0,Naive,1.0
3713,8,0.1,Randomized,1.0
3714,8,0.0,Naive,1.0
3715,8,0.1,Randomized,1.0
3716,8,0.0,Naive,1.0
3717,8,0.1,Randomized,1.0
3718,8,0.0,Naive,1.0
3719,8,0.1,Randomized,1.0
3720,8,0.0,Naive,1.0
3721,8,0.1,Randomized,1.0
3722,8,0.0,Naive,1.0
3723,8,0.1,Randomized,1.0
3724,8,0.0,Naive,1.0
3725,8,0.1,Randomized,1.0
3726,8,0.0,Naive,1.0
3727,8,0.1,Randomized,1.0
3728,8,0.0,Naive,1.0
3729,8,0.1,Randomized,1.0
3730,8,0.0,Naive,1.0
3731,8,0.1,Randomized,1.0
3732,8,0.0,Naive,1.0
3733,8,0.1,Randomized,1.0
3734,8,0.0,Naive,1.0
3735,8,0.1,Randomized,1.0
3736,8,0.0,Naive,1.0
3737,8,0.1,Randomized,1.0
3738,8,0.0,Naive,1.0
3739,8,0.1,Randomized,1.0
3740,8,0.0,Naive,1.0
3741,8,0.1,Randomized,1.0
3742,8,0.0,Naive,1.0
3743,8,0.1,Randomized,1.0
3744,8,0.0,Naive,1.0
3745,8,0.1,Randomized,1.0
3746,8,0.0,Naive,1.0
3747,8,0.1,Randomized,1.0
3748,8,0.0,Naive,1.0
3749,8,0.1,Randomized,1.0
3750,8,0.0,Naive,1.0
3751,8,0.1,Randomized,1.0
3752,8,0.0,Naive,1.0
3753,8,0.1,Randomized,1.0
3754,8,0.0,Naive,1.0
3755,8,0.1,Randomized,1.0
3756,8,0.0,Naive,1.0
3757,8,0.1,Randomized,1.0
3758,8,0.0,Naive,1.0
3759,8,0.1,Randomized,1.0
3760,8,0.0,Naive,0.7995558023320377
3761,8,0.1,Randomized,1.0
3762,8,0.0,Naive,1.0
3763,8,0.1,Randomized,0.0
3764,8,0.0,Naive,1.0
3765,8,0.1,Randomized,1.0
3766,8,0.0,Naive,1.0
3767,8,0.1,Randomized,1.0
3768,8,0.0,Naive,1.0
3769,8,0.1,Randomized,1.0
3770,8,0.0,Naive,1.0
3771,8,0.1,Randomized,1.0
3772,8,0.0,Naive,1.0
3773,8,0.1,Randomized,1.0
3774,8,0.0,Naive,1.0
3775,8,0.1,Randomized,1.0
3776,8,0.0,Naive,1.0
3777,8,0.1,Randomized,1.0
3778,8,0.0,Naive,1.0
3779,8,0.1,Randomized,1.0
3780,8,0.0,Naive,1.0
3781,8,0.1,Randomized,1.0
3782,8,0.0,Naive,1.0
3783,8,0.1,Randomized,1.0
3784,8,0.0,Naive,1.0
3785,8,0.1,Randomized,1.0
3786,8,0.0,Naive,1.0
3787,8,0.1,Randomized,1.0
3788,8,0.0,Naive,1.0
3789,8,0.1,Randomized,1.0
3790,8,0.0,Naive,1.0
3791,8,0.1,Randomized,1.0
3792,8,0.0,Naive,1.0
3793,8,0.1,Randomized,1.0
3794,8,0.0,Naive,1.0
3795,8,0.1,Randomized,1.0
3796,8,0.0,Naive,1.0
3797,8,0.1,Randomized,1.0
3798,8,0.0,Naive,1.0
3799,8,0.1,Randomized,1.0
3800,8,0.0,Naive,1.0
3801,8,0.1,Randomized,1.0
3802,8,0.0,Naive,1.0
3803,8,0.1,Randomized,1.0
3804,8,0.0,Naive,1.0
3805,8,0.1,Randomized,1.0
3806,8,0.0,Naive,1.0
3807,8,0.1,Randomized,1.0
3808,8,0.0,Naive,1.0
3809,8,0.1,Randomized,1.0
3810,8,0.0,Naive,1.0
3811,8,0.1,Randomized,1.0
3812,8,0.0,Naive,1.0
3813,8,0.1,Randomized,1.0
3814,8,0.0,Naive,1.0
3815,8,0.1,Randomized,1.0
3816,8,0.0,Naive,1.0
3817,8,0.1,Randomized,1.0
3818,8,0.0,Naive,1.0
3819,8,0.1,Randomized,1.0
3820,8,0.0,Naive,1.0
3821,8,0.1,Randomized,1.0
3822,8,0.0,Naive,1.0
3823,8,0.1,Randomized,1.0
3824,8,0.0,Naive,1.0
3825,8,0.1,Randomized,0.0
3826,8,0.0,Naive,1.0
3827,8,0.1,Randomized,1.0
3828,8,0.0,Naive,1.0
3829,8,0.1,Randomized,1.0
3830,8,0.0,Naive,1.0
3831,8,0.1,Randomized,1.0
3832,8,0.0,Naive,1.0
3833,8,0.1,Randomized,1.0
3834,8,0.0,Naive,1.0
3835,8,0.1,Randomized,1.0
3836,8,0.0,Naive,1.0
3837,8,0.1,Randomized,0.0
3838,8,0.0,Naive,1.0
3839,8,0.1,Randomized,1.0
3840,8,0.0,Naive,1.0
3841,8,0.1,Randomized,1.0
3842,8,0.0,Naive,1.0
3843,8,0.1,Randomized,1.0
3844,8,0.0,Naive,1.0
3845,8,0.1,Randomized,1.0
3846,8,0.0,Naive,1.0
3847,8,0.1,Randomized,1.0
3848,8,0.0,Naive,1.0
3849,8,0.1,Randomized,1.0
3850,8,0.0,Naive,1.0
3851,8,0.1,Randomized,1.0
3852,8,0.0,Naive,1.0
3853,8,0.1,Randomized,1.0
3854,8,0.0,Naive,1.0
3855,8,0.1,Randomized,1.0
3856,8,0.0,Naive,1.0
3857,8,0.1,Randomized,1.0
3858,8,0.0,Naive,1.0
3859,8,0.1,Randomized,1.0
3860,8,0.0,Naive,1.0
3861,8,0.1,Randomized,1.0
3862,8,0.0,Naive,1.0
3863,8,0.1,Randomized,1.0
3864,8,0.0,Naive,1.0
3865,8,0.1,Randomized,1.0
3866,8,0.0,Naive,1.0
3867,8,0.1,Randomized,1.0
3868,8,0.0,Naive,1.0
3869,8,0.1,Randomized,1.0
3870,8,0.0,Naive,1.0
3871,8,0.1,Randomized,1.0
3872,8,0.0,Naive,1.0
3873,8,0.1,Randomized,1.0
3874,8,0.0,Naive,1.0
3875,8,0.1,Randomized,1.0
3876,8,0.0,Naive,1.0
3877,8,0.1,Randomized,1.0
3878,8,0.0,Naive,1.0
3879,8,0.1,Randomized,1.0
3880,8,0.0,Naive,1.0
3881,8,0.1,Randomized,1.0
3882,8,0.0,Naive,1.0
3883,8,0.1,Randomized,1.0
3884,8,0.0,Naive,1.0
3885,8,0.1,Randomized,1.0
3886,8,0.0,Naive,1.0
3887,8,0.1,Randomized,1.0
3888,8,0.0,Naive,1.0
3889,8,0.1,Randomized,1.0
3890,8,0.0,Naive,1.0
3891,8,0.1,Randomized,1.0
3892,8,0.0,Naive,1.0
3893,8,0.1,Randomized,1.0
3894,8,0.0,Naive,1.0
3895,8,0.1,Randomized,1.0
3896,8,0.0,Naive,1.0
3897,8,0.1,Randomized,1.0
3898,8,0.0,Naive,1.0
3899,8,0.1,Randomized,1.0
3900,8,0.0,Naive,1.0
3901,8,0.1,Randomized,1.0
3902,8,0.0,Naive,1.0
3903,8,0.1,Randomized,1.0
3904,8,0.0,Naive,1.0
3905,8,0.1,Randomized,1.0
3906,8,0.0,Naive,1.0
3907,8,0.1,Randomized,1.0
3908,8,0.0,Naive,1.0
3909,8,0.1,Randomized,1.0
3910,8,0.0,Naive,1.0
3911,8,0.1,Randomized,1.0
3912,8,0.0,Naive,1.0
3913,8,0.1,Randomized,1.0
3914,8,0.0,Naive,1.0
3915,8,0.1,Randomized,1.0
3916,8,0.0,Naive,1.0
3917,8,0.1,Randomized,1.0
3918,8,0.0,Naive,1.0
3919,8,0.1,Randomized,1.0
3920,8,0.0,Naive,1.0
3921,8,0.1,Randomized,1.0
3922,8,0.0,Naive,1.0
3923,8,0.1,Randomized,1.0
3924,8,0.0,Naive,1.0
3925,8,0.1,Randomized,1.0
3926,8,0.0,Naive,1.0
3927,8,0.1,Randomized,1.0
3928,8,0.0,Naive,1.0
3929,8,0.1,Randomized,1.0
3930,8,0.0,Naive,1.0
3931,8,0.1,Randomized,1.0
3932,8,0.0,Naive,1.0
3933,8,0.1,Randomized,1.0
3934,8,0.0,Naive,1.0
3935,8,0.1,Randomized,1.0
3936,8,0.0,Naive,1.0
3937,8,0.1,Randomized,1.0
3938,8,0.0,Naive,1.0
3939,8,0.1,Randomized,1.0
3940,8,0.0,Naive,1.0
3941,8,0.1,Randomized,1.0
3942,8,0.0,Naive,1.0
3943,8,0.1,Randomized,1.0
3944,8,0.0,Naive,1.0
3945,8,0.1,Randomized,0.0
3946,8,0.0,Naive,1.0
3947,8,0.1,Randomized,1.0
3948,8,0.0,Naive,1.0
3949,8,0.1,Randomized,1.0
3950,8,0.0,Naive,1.0
3951,8,0.1,Randomized,1.0
3952,8,0.0,Naive,1.0
3953,8,0.1,Randomized,1.0
3954,8,0.0,Naive,1.0
3955,8,0.1,Randomized,1.0
3956,8,0.0,Naive,1.0
3957,8,0.1,Randomized,1.0
3958,8,0.0,Naive,1.0
3959,8,0.1,Randomized,1.0
3960,8,0.0,Naive,1.0
3961,8,0.1,Randomized,1.0
3962,8,0.0,Naive,1.0
3963,8,0.1,Randomized,1.0
3964,8,0.0,Naive,1.0
3965,8,0.1,Randomized,1.0
3966,8,0.0,Naive,1.0
3967,8,0.1,Randomized,1.0
3968,8,0.0,Naive,1.0
3969,8,0.1,Randomized,1.0
3970,8,0.0,Naive,1.0
3971,8,0.1,Randomized,1.0
3972,8,0.0,Naive,1.0
3973,8,0.1,Randomized,1.0
3974,8,0.0,Naive,1.0
3975,8,0.1,Randomized,1.0
3976,8,0.0,Naive,1.0
3977,8,0.1,Randomized,1.0
3978,8,0.0,Naive,1.0
3979,8,0.1,Randomized,1.0
3980,8,0.0,Naive,1.0
3981,8,0.1,Randomized,1.0
3982,8,0.0,Naive,1.0
3983,8,0.1,Randomized,1.0
3984,8,0.0,Naive,1.0
3985,8,0.1,Randomized,1.0
3986,8,0.0,Naive,1.0
3987,8,0.1,Randomized,1.0
3988,8,0.0,Naive,1.0
3989,8,0.1,Randomized,1.0
3990,8,0.0,Naive,1.0
3991,8,0.1,Randomized,1.0
3992,8,0.0,Naive,1.0
3993,8,0.1,Randomized,1.0
3994,8,0.0,Naive,1.0
3995,8,0.1,Randomized,1.0
3996,8,0.0,Naive,1.0
3997,8,0.1,Randomized,1.0
3998,8,0.0,Naive,1.0
3999,8,0.1,Randomized,1.0
4000,10,0.0,Naive,1.0
4001,10,0.1,Randomized,1.0
4002,10,0.0,Naive,1.0
4003,10,0.1,Randomized,1.0
4004,10,0.0,Naive,1.0
4005,10,0.1,Randomized,1.0
4006,10,0.0,Naive,1.0
4007,10,0.1,Randomized,1.0
4008,10,0.0,Naive,1.0
4009,10,0.1,Randomized,1.0
4010,10,0.0,Naive,1.0
4011,10,0.1,Randomized,1.0
4012,10,0.0,Naive,1.0
4013,10,0.1,Randomized,1.0
4014,10,0.0,Naive,1.0
4015,10,0.1,Randomized,1.0
4016,10,0.0,Naive,1.0
4017,10,0.1,Randomized,1.0
4018,10,0.0,Naive,1.0
4019,10,0.1,Randomized,1.0
4020,10,0.0,Naive,1.0
4021,10,0.1,Randomized,1.0
4022,10,0.0,Naive,1.0
4023,10,0.1,Randomized,1.0
4024,10,0.0,Naive,1.0
4025,10,0.1,Randomized,1.0
4026,10,0.0,Naive,1.0
4027,10,0.1,Randomized,1.0
4028,10,0.0,Naive,1.0
4029,10,0.1,Randomized,1.0
4030,10,0.0,Naive,1.0
4031,10,0.1,Randomized,1.0
4032,10,0.0,Naive,1.0
4033,10,0.1,Randomized,1.0
4034,10,0.0,Naive,1.0
4035,10,0.1,Randomized,1.0
4036,10,0.0,Naive,1.0
4037,10,0.1,Randomized,1.0
4038,10,0.0,Naive,1.0
4039,10,0.1,Randomized,1.0
4040,10,0.0,Naive,1.0
4041,10,0.1,Randomized,1.0
4042,10,0.0,Naive,1.0
4043,10,0.1,Randomized,1.0
4044,10,0.0,Naive,1.0
4045,10,0.1,Randomized,1.0
4046,10,0.0,Naive,1.0
4047,10,0.1,Randomized,1.0
4048,10,0.0,Naive,1.0
4049,10,0.1,Randomized,1.0
4050,10,0.0,Naive,1.0
4051,10,0.1,Randomized,1.0
4052,10,0.0,Naive,1.0
4053,10,0.1,Randomized,1.0
4054,10,0.0,Naive,1.0
4055,10,0.1,Randomized,1.0
4056,10,0.0,Naive,1.0
4057,10,0.1,Randomized,1.0
4058,10,0.0,Naive,1.0
4059,10,0.1,Randomized,1.0
4060,10,0.0,Naive,1.0
4061,10,0.1,Randomized,1.0
4062,10,0.0,Naive,1.0
4063,10,0.1,Randomized,1.0
4064,10,0.0,Naive,1.0
4065,10,0.1,Randomized,1.0
4066,10,0.0,Naive,1.0
4067,10,0.1,Randomized,1.0
4068,10,0.0,Naive,1.0
4069,10,0.1,Randomized,1.0
4070,10,0.0,Naive,1.0
4071,10,0.1,Randomized,1.0
4072,10,0.0,Naive,1.0
4073,10,0.1,Randomized,1.0
4074,10,0.0,Naive,1.0
4075,10,0.1,Randomized,1.0
4076,10,0.0,Naive,1.0
4077,10,0.1,Randomized,1.0
4078,10,0.0,Naive,1.0
4079,10,0.1,Randomized,1.0
4080,10,0.0,Naive,1.0
4081,10,0.1,Randomized,1.0
4082,10,0.0,Naive,1.0
4083,10,0.1,Randomized,1.0
4084,10,0.0,Naive,1.0
4085,10,0.1,Randomized,1.0
4086,10,0.0,Naive,1.0
4087,10,0.1,Randomized,1.0
4088,10,0.0,Naive,1.0
4089,10,0.1,Randomized,1.0
4090,10,0.0,Naive,1.0
4091,10,0.1,Randomized,1.0
4092,10,0.0,Naive,1.0
4093,10,0.1,Randomized,1.0
4094,10,0.0,Naive,1.0
4095,10,0.1,Randomized,1.0
4096,10,0.0,Naive,1.0
4097,10,0.1,Randomized,1.0
4098,10,0.0,Naive,1.0
4099,10,0.1,Randomized,1.0
4100,10,0.0,Naive,1.0
4101,10,0.1,Randomized,1.0
4102,10,0.0,Naive,1.0
4103,10,0.1,Randomized,1.0
4104,10,0.0,Naive,1.0
4105,10,0.1,Randomized,1.0
4106,10,0.0,Naive,1.0
4107,10,0.1,Randomized,1.0
4108,10,0.0,Naive,1.0
4109,10,0.1,Randomized,1.0
4110,10,0.0,Naive,1.0
4111,10,0.1,Randomized,1.0
4112,10,0.0,Naive,1.0
4113,10,0.1,Randomized,1.0
4114,10,0.0,Naive,1.0
4115,10,0.1,Randomized,1.0
4116,10,0.0,Naive,1.0
4117,10,0.1,Randomized,1.0
4118,10,0.0,Naive,1.0
4119,10,0.1,Randomized,1.0
4120,10,0.0,Naive,1.0
4121,10,0.1,Randomized,1.0
4122,10,0.0,Naive,1.0
4123,10,0.1,Randomized,1.0
4124,10,0.0,Naive,1.0
4125,10,0.1,Randomized,1.0
4126,10,0.0,Naive,1.0
4127,10,0.1,Randomized,1.0
4128,10,0.0,Naive,1.0
4129,10,0.1,Randomized,1.0
4130,10,0.0,Naive,1.0
4131,10,0.1,Randomized,1.0
4132,10,0.0,Naive,1.0
4133,10,0.1,Randomized,1.0
4134,10,0.0,Naive,1.0
4135,10,0.1,Randomized,1.0
4136,10,0.0,Naive,1.0
4137,10,0.1,Randomized,1.0
4138,10,0.0,Naive,1.0
4139,10,0.1,Randomized,1.0
4140,10,0.0,Naive,1.0
4141,10,0.1,Randomized,1.0
4142,10,0.0,Naive,1.0
4143,10,0.1,Randomized,1.0
4144,10,0.0,Naive,1.0
4145,10,0.1,Randomized,1.0
4146,10,0.0,Naive,1.0
4147,10,0.1,Randomized,1.0
4148,10,0.0,Naive,1.0
4149,10,0.1,Randomized,1.0
4150,10,0.0,Naive,1.0
4151,10,0.1,Randomized,1.0
4152,10,0.0,Naive,1.0
4153,10,0.1,Randomized,1.0
4154,10,0.0,Naive,1.0
4155,10,0.1,Randomized,1.0
4156,10,0.0,Naive,1.0
4157,10,0.1,Randomized,1.0
4158,10,0.0,Naive,1.0
4159,10,0.1,Randomized,1.0
4160,10,0.0,Naive,1.0
4161,10,0.1,Randomized,1.0
4162,10,0.0,Naive,1.0
4163,10,0.1,Randomized,1.0
4164,10,0.0,Naive,1.0
4165,10,0.1,Randomized,1.0
4166,10,0.0,Naive,1.0
4167,10,0.1,Randomized,1.0
4168,10,0.0,Naive,1.0
4169,10,0.1,Randomized,1.0
4170,10,0.0,Naive,1.0
4171,10,0.1,Randomized,1.0
4172,10,0.0,Naive,1.0
4173,10,0.1,Randomized,1.0
4174,10,0.0,Naive,1.0
4175,10,0.1,Randomized,1.0
4176,10,0.0,Naive,1.0
4177,10,0.1,Randomized,1.0
4178,10,0.0,Naive,1.0
4179,10,0.1,Randomized,1.0
4180,10,0.0,Naive,1.0
4181,10,0.1,Randomized,1.0
4182,10,0.0,Naive,1.0
4183,10,0.1,Randomized,1.0
4184,10,0.0,Naive,1.0
4185,10,0.1,Randomized,1.0
4186,10,0.0,Naive,1.0
4187,10,0.1,Randomized,1.0
4188,10,0.0,Naive,1.0
4189,10,0.1,Randomized,1.0
4190,10,0.0,Naive,1.0
4191,10,0.1,Randomized,1.0
4192,10,0.0,Naive,1.0
4193,10,0.1,Randomized,1.0
4194,10,0.0,Naive,1.0
4195,10,0.1,Randomized,1.0
4196,10,0.0,Naive,1.0
4197,10,0.1,Randomized,1.0
4198,10,0.0,Naive,1.0
4199,10,0.1,Randomized,1.0
4200,10,0.0,Naive,1.0
4201,10,0.1,Randomized,1.0
4202,10,0.0,Naive,1.0
4203,10,0.1,Randomized,1.0
4204,10,0.0,Naive,1.0
4205,10,0.1,Randomized,1.0
4206,10,0.0,Naive,1.0
4207,10,0.1,Randomized,1.0
4208,10,0.0,Naive,1.0
4209,10,0.1,Randomized,1.0
4210,10,0.0,Naive,1.0
4211,10,0.1,Randomized,1.0
4212,10,0.0,Naive,1.0
4213,10,0.1,Randomized,1.0
4214,10,0.0,Naive,1.0
4215,10,0.1,Randomized,1.0
4216,10,0.0,Naive,1.0
4217,10,0.1,Randomized,1.0
4218,10,0.0,Naive,1.0
4219,10,0.1,Randomized,1.0
4220,10,0.0,Naive,1.0
4221,10,0.1,Randomized,1.0
4222,10,0.0,Naive,1.0
4223,10,0.1,Randomized,1.0
4224,10,0.0,Naive,1.0
4225,10,0.1,Randomized,1.0
4226,10,0.0,Naive,1.0
4227,10,0.1,Randomized,1.0
4228,10,0.0,Naive,1.0
4229,10,0.1,Randomized,1.0
4230,10,0.0,Naive,1.0
4231,10,0.1,Randomized,1.0
4232,10,0.0,Naive,1.0
4233,10,0.1,Randomized,1.0
4234,10,0.0,Naive,1.0
4235,10,0.1,Randomized,1.0
4236,10,0.0,Naive,1.0
4237,10,0.1,Randomized,1.0
4238,10,0.0,Naive,1.0
4239,10,0.1,Randomized,1.0
4240,10,0.0,Naive,1.0
4241,10,0.1,Randomized,1.0
4242,10,0.0,Naive,1.0
4243,10,0.1,Randomized,1.0
4244,10,0.0,Naive,1.0
4245,10,0.1,Randomized,1.0
4246,10,0.0,Naive,1.0
4247,10,0.1,Randomized,1.0
4248,10,0.0,Naive,1.0
4249,10,0.1,Randomized,1.0
4250,10,0.0,Naive,1.0
4251,10,0.1,Randomized,1.0
4252,10,0.0,Naive,1.0
4253,10,0.1,Randomized,1.0
4254,10,0.0,Naive,1.0
4255,10,0.1,Randomized,1.0
4256,10,0.0,Naive,1.0
4257,10,0.1,Randomized,1.0
4258,10,0.0,Naive,1.0
4259,10,0.1,Randomized,1.0
4260,10,0.0,Naive,1.0
4261,10,0.1,Randomized,1.0
4262,10,0.0,Naive,1.0
4263,10,0.1,Randomized,1.0
4264,10,0.0,Naive,1.0
4265,10,0.1,Randomized,1.0
4266,10,0.0,Naive,1.0
4267,10,0.1,Randomized,1.0
4268,10,0.0,Naive,1.0
4269,10,0.1,Randomized,1.0
4270,10,0.0,Naive,1.0
4271,10,0.1,Randomized,1.0
4272,10,0.0,Naive,1.0
4273,10,0.1,Randomized,1.0
4274,10,0.0,Naive,1.0
4275,10,0.1,Randomized,1.0
4276,10,0.0,Naive,1.0
4277,10,0.1,Randomized,1.0
4278,10,0.0,Naive,1.0
4279,10,0.1,Randomized,1.0
4280,10,0.0,Naive,1.0
4281,10,0.1,Randomized,1.0
4282,10,0.0,Naive,1.0
4283,10,0.1,Randomized,1.0
4284,10,0.0,Naive,1.0
4285,10,0.1,Randomized,1.0
4286,10,0.0,Naive,1.0
4287,10,0.1,Randomized,1.0
4288,10,0.0,Naive,1.0
4289,10,0.1,Randomized,1.0
4290,10,0.0,Naive,1.0
4291,10,0.1,Randomized,1.0
4292,10,0.0,Naive,1.0
4293,10,0.1,Randomized,1.0
4294,10,0.0,Naive,1.0
4295,10,0.1,Randomized,1.0
4296,10,0.0,Naive,1.0
4297,10,0.1,Randomized,1.0
4298,10,0.0,Naive,1.0
4299,10,0.1,Randomized,1.0
4300,10,0.0,Naive,1.0
4301,10,0.1,Randomized,1.0
4302,10,0.0,Naive,1.0
4303,10,0.1,Randomized,1.0
4304,10,0.0,Naive,1.0
4305,10,0.1,Randomized,1.0
4306,10,0.0,Naive,1.0
4307,10,0.1,Randomized,1.0
4308,10,0.0,Naive,1.0
4309,10,0.1,Randomized,1.0
4310,10,0.0,Naive,1.0
4311,10,0.1,Randomized,1.0
4312,10,0.0,Naive,1.0
4313,10,0.1,Randomized,1.0
4314,10,0.0,Naive,1.0
4315,10,0.1,Randomized,1.0
4316,10,0.0,Naive,1.0
4317,10,0.1,Randomized,1.0
4318,10,0.0,Naive,1.0
4319,10,0.1,Randomized,1.0
4320,10,0.0,Naive,1.0
4321,10,0.1,Randomized,1.0
4322,10,0.0,Naive,1.0
4323,10,0.1,Randomized,1.0
4324,10,0.0,Naive,1.0
4325,10,0.1,Randomized,1.0
4326,10,0.0,Naive,1.0
4327,10,0.1,Randomized,1.0
4328,10,0.0,Naive,1.0
4329,10,0.1,Randomized,1.0
4330,10,0.0,Naive,1.0
4331,10,0.1,Randomized,1.0
4332,10,0.0,Naive,1.0
4333,10,0.1,Randomized,1.0
4334,10,0.0,Naive,1.0
4335,10,0.1,Randomized,1.0
4336,10,0.0,Naive,1.0
4337,10,0.1,Randomized,1.0
4338,10,0.0,Naive,1.0
4339,10,0.1,Randomized,1.0
4340,10,0.0,Naive,1.0
4341,10,0.1,Randomized,1.0
4342,10,0.0,Naive,1.0
4343,10,0.1,Randomized,1.0
4344,10,0.0,Naive,1.0
4345,10,0.1,Randomized,1.0
4346,10,0.0,Naive,1.0
4347,10,0.1,Randomized,1.0
4348,10,0.0,Naive,1.0
4349,10,0.1,Randomized,1.0
4350,10,0.0,Naive,1.0
4351,10,0.1,Randomized,1.0
4352,10,0.0,Naive,1.0
4353,10,0.1,Randomized,1.0
4354,10,0.0,Naive,1.0
4355,10,0.1,Randomized,1.0
4356,10,0.0,Naive,1.0
4357,10,0.1,Randomized,1.0
4358,10,0.0,Naive,1.0
4359,10,0.1,Randomized,1.0
4360,10,0.0,Naive,1.0
4361,10,0.1,Randomized,1.0
4362,10,0.0,Naive,1.0
4363,10,0.1,Randomized,1.0
4364,10,0.0,Naive,1.0
4365,10,0.1,Randomized,1.0
4366,10,0.0,Naive,1.0
4367,10,0.1,Randomized,1.0
4368,10,0.0,Naive,1.0
4369,10,0.1,Randomized,1.0
4370,10,0.0,Naive,1.0
4371,10,0.1,Randomized,1.0
4372,10,0.0,Naive,1.0
4373,10,0.1,Randomized,1.0
4374,10,0.0,Naive,1.0
4375,10,0.1,Randomized,1.0
4376,10,0.0,Naive,1.0
4377,10,0.1,Randomized,1.0
4378,10,0.0,Naive,1.0
4379,10,0.1,Randomized,1.0
4380,10,0.0,Naive,1.0
4381,10,0.1,Randomized,1.0
4382,10,0.0,Naive,1.0
4383,10,0.1,Randomized,1.0
4384,10,0.0,Naive,1.0
4385,10,0.1,Randomized,1.0
4386,10,0.0,Naive,1.0
4387,10,0.1,Randomized,1.0
4388,10,0.0,Naive,1.0
4389,10,0.1,Randomized,1.0
4390,10,0.0,Naive,1.0
4391,10,0.1,Randomized,1.0
4392,10,0.0,Naive,1.0
4393,10,0.1,Randomized,1.0
4394,10,0.0,Naive,1.0
4395,10,0.1,Randomized,1.0
4396,10,0.0,Naive,1.0
4397,10,0.1,Randomized,1.0
4398,10,0.0,Naive,1.0
4399,10,0.1,Randomized,1.0
4400,10,0.0,Naive,1.0
4401,10,0.1,Randomized,1.0
4402,10,0.0,Naive,1.0
4403,10,0.1,Randomized,1.0
4404,10,0.0,Naive,1.0
4405,10,0.1,Randomized,1.0
4406,10,0.0,Naive,1.0
4407,10,0.1,Randomized,1.0
4408,10,0.0,Naive,1.0
4409,10,0.1,Randomized,1.0
4410,10,0.0,Naive,1.0
4411,10,0.1,Randomized,1.0
4412,10,0.0,Naive,1.0
4413,10,0.1,Randomized,1.0
4414,10,0.0,Naive,1.0
4415,10,0.1,Randomized,1.0
4416,10,0.0,Naive,1.0
4417,10,0.1,Randomized,1.0
4418,10,0.0,Naive,1.0
4419,10,0.1,Randomized,1.0
4420,10,0.0,Naive,1.0
4421,10,0.1,Randomized,1.0
4422,10,0.0,Naive,1.0
4423,10,0.1,Randomized,1.0
4424,10,0.0,Naive,1.0
4425,10,0.1,Randomized,1.0
4426,10,0.0,Naive,1.0
4427,10,0.1,Randomized,1.0
4428,10,0.0,Naive,1.0
4429,10,0.1,Randomized,1.0
4430,10,0.0,Naive,1.0
4431,10,0.1,Randomized,1.0
4432,10,0.0,Naive,1.0
4433,10,0.1,Randomized,1.0
4434,10,0.0,Naive,1.0
4435,10,0.1,Randomized,1.0
4436,10,0.0,Naive,1.0
4437,10,0.1,Randomized,1.0
4438,10,0.0,Naive,1.0
4439,10,0.1,Randomized,1.0
4440,10,0.0,Naive,1.0
4441,10,0.1,Randomized,1.0
4442,10,0.0,Naive,1.0
4443,10,0.1,Randomized,1.0
4444,10,0.0,Naive,1.0
4445,10,0.1,Randomized,1.0
4446,10,0.0,Naive,1.0
4447,10,0.1,Randomized,1.0
4448,10,0.0,Naive,1.0
4449,10,0.1,Randomized,1.0
4450,10,0.0,Naive,1.0
4451,10,0.1,Randomized,1.0
4452,10,0.0,Naive,1.0
4453,10,0.1,Randomized,1.0
4454,10,0.0,Naive,1.0
4455,10,0.1,Randomized,1.0
4456,10,0.0,Naive,1.0
4457,10,0.1,Randomized,1.0
4458,10,0.0,Naive,1.0
4459,10,0.1,Randomized,1.0
4460,10,0.0,Naive,1.0
4461,10,0.1,Randomized,1.0
4462,10,0.0,Naive,1.0
4463,10,0.1,Randomized,1.0
4464,10,0.0,Naive,1.0
4465,10,0.1,Randomized,1.0
4466,10,0.0,Naive,1.0
4467,10,0.1,Randomized,1.0
4468,10,0.0,Naive,1.0
4469,10,0.1,Randomized,1.0
4470,10,0.0,Naive,1.0
4471,10,0.1,Randomized,1.0
4472,10,0.0,Naive,1.0
4473,10,0.1,Randomized,1.0
4474,10,0.0,Naive,1.0
4475,10,0.1,Randomized,1.0
4476,10,0.0,Naive,1.0
4477,10,0.1,Randomized,1.0
4478,10,0.0,Naive,1.0
4479,10,0.1,Randomized,1.0
4480,10,0.0,Naive,1.0
4481,10,0.1,Randomized,1.0
4482,10,0.0,Naive,1.0
4483,10,0.1,Randomized,1.0
4484,10,0.0,Naive,1.0
4485,10,0.1,Randomized,1.0
4486,10,0.0,Naive,1.0
4487,10,0.1,Randomized,1.0
4488,10,0.0,Naive,1.0
4489,10,0.1,Randomized,1.0
4490,10,0.0,Naive,1.0
4491,10,0.1,Randomized,1.0
4492,10,0.0,Naive,1.0
4493,10,0.1,Randomized,1.0
4494,10,0.0,Naive,1.0
4495,10,0.1,Randomized,1.0
4496,10,0.0,Naive,1.0
4497,10,0.1,Randomized,1.0
4498,10,0.0,Naive,1.0
4499,10,0.1,Randomized,1.0
4500,10,0.0,Naive,1.0
4501,10,0.1,Randomized,1.0
4502,10,0.0,Naive,1.0
4503,10,0.1,Randomized,1.0
4504,10,0.0,Naive,1.0
4505,10,0.1,Randomized,1.0
4506,10,0.0,Naive,1.0
4507,10,0.1,Randomized,1.0
4508,10,0.0,Naive,1.0
4509,10,0.1,Randomized,1.0
4510,10,0.0,Naive,1.0
4511,10,0.1,Randomized,1.0
4512,10,0.0,Naive,1.0
4513,10,0.1,Randomized,0.0
4514,10,0.0,Naive,1.0
4515,10,0.1,Randomized,1.0
4516,10,0.0,Naive,1.0
4517,10,0.1,Randomized,1.0
4518,10,0.0,Naive,1.0
4519,10,0.1,Randomized,1.0
4520,10,0.0,Naive,1.0
4521,10,0.1,Randomized,1.0
4522,10,0.0,Naive,1.0
4523,10,0.1,Randomized,1.0
4524,10,0.0,Naive,1.0
4525,10,0.1,Randomized,1.0
4526,10,0.0,Naive,1.0
4527,10,0.1,Randomized,1.0
4528,10,0.0,Naive,1.0
4529,10,0.1,Randomized,1.0
4530,10,0.0,Naive,1.0
4531,10,0.1,Randomized,1.0
4532,10,0.0,Naive,1.0
4533,10,0.1,Randomized,1.0
4534,10,0.0,Naive,1.0
4535,10,0.1,Randomized,1.0
4536,10,0.0,Naive,1.0
4537,10,0.1,Randomized,1.0
4538,10,0.0,Naive,1.0
4539,10,0.1,Randomized,1.0
4540,10,0.0,Naive,1.0
4541,10,0.1,Randomized,1.0
4542,10,0.0,Naive,1.0
4543,10,0.1,Randomized,1.0
4544,10,0.0,Naive,1.0
4545,10,0.1,Randomized,1.0
4546,10,0.0,Naive,1.0
4547,10,0.1,Randomized,1.0
4548,10,0.0,Naive,1.0
4549,10,0.1,Randomized,1.0
4550,10,0.0,Naive,1.0
4551,10,0.1,Randomized,1.0
4552,10,0.0,Naive,1.0
4553,10,0.1,Randomized,1.0
4554,10,0.0,Naive,1.0
4555,10,0.1,Randomized,1.0
4556,10,0.0,Naive,1.0
4557,10,0.1,Randomized,1.0
4558,10,0.0,Naive,1.0
4559,10,0.1,Randomized,1.0
4560,10,0.0,Naive,1.0
4561,10,0.1,Randomized,1.0
4562,10,0.0,Naive,1.0
4563,10,0.1,Randomized,1.0
4564,10,0.0,Naive,1.0
4565,10,0.1,Randomized,1.0
4566,10,0.0,Naive,1.0
4567,10,0.1,Randomized,1.0
4568,10,0.0,Naive,1.0
4569,10,0.1,Randomized,1.0
4570,10,0.0,Naive,1.0
4571,10,0.1,Randomized,1.0
4572,10,0.0,Naive,1.0
4573,10,0.1,Randomized,1.0
4574,10,0.0,Naive,1.0
4575,10,0.1,Randomized,1.0
4576,10,0.0,Naive,1.0
4577,10,0.1,Randomized,1.0
4578,10,0.0,Naive,1.0
4579,10,0.1,Randomized,1.0
4580,10,0.0,Naive,1.0
4581,10,0.1,Randomized,1.0
4582,10,0.0,Naive,1.0
4583,10,0.1,Randomized,1.0
4584,10,0.0,Naive,1.0
4585,10,0.1,Randomized,1.0
4586,10,0.0,Naive,1.0
4587,10,0.1,Randomized,1.0
4588,10,0.0,Naive,1.0
4589,10,0.1,Randomized,1.0
4590,10,0.0,Naive,1.0
4591,10,0.1,Randomized,1.0
4592,10,0.0,Naive,1.0
4593,10,0.1,Randomized,1.0
4594,10,0.0,Naive,1.0
4595,10,0.1,Randomized,1.0
4596,10,0.0,Naive,1.0
4597,10,0.1,Randomized,1.0
4598,10,0.0,Naive,1.0
4599,10,0.1,Randomized,1.0
4600,10,0.0,Naive,1.0
4601,10,0.1,Randomized,1.0
4602,10,0.0,Naive,1.0
4603,10,0.1,Randomized,1.0
4604,10,0.0,Naive,1.0
4605,10,0.1,Randomized,1.0
4606,10,0.0,Naive,1.0
4607,10,0.1,Randomized,1.0
4608,10,0.0,Naive,1.0
4609,10,0.1,Randomized,1.0
4610,10,0.0,Naive,1.0
4611,10,0.1,Randomized,1.0
4612,10,0.0,Naive,1.0
4613,10,0.1,Randomized,1.0
4614,10,0.0,Naive,1.0
4615,10,0.1,Randomized,1.0
4616,10,0.0,Naive,1.0
4617,10,0.1,Randomized,1.0
4618,10,0.0,Naive,1.0
4619,10,0.1,Randomized,1.0
4620,10,0.0,Naive,1.0
4621,10,0.1,Randomized,1.0
4622,10,0.0,Naive,1.0
4623,10,0.1,Randomized,1.0
4624,10,0.0,Naive,1.0
4625,10,0.1,Randomized,1.0
4626,10,0.0,Naive,1.0
4627,10,0.1,Randomized,1.0
4628,10,0.0,Naive,1.0
4629,10,0.1,Randomized,1.0
4630,10,0.0,Naive,1.0
4631,10,0.1,Randomized,1.0
4632,10,0.0,Naive,1.0
4633,10,0.1,Randomized,1.0
4634,10,0.0,Naive,1.0
4635,10,0.1,Randomized,1.0
4636,10,0.0,Naive,1.0
4637,10,0.1,Randomized,1.0
4638,10,0.0,Naive,1.0
4639,10,0.1,Randomized,1.0
4640,10,0.0,Naive,1.0
4641,10,0.1,Randomized,1.0
4642,10,0.0,Naive,1.0
4643,10,0.1,Randomized,1.0
4644,10,0.0,Naive,1.0
4645,10,0.1,Randomized,1.0
4646,10,0.0,Naive,1.0
4647,10,0.1,Randomized,1.0
4648,10,0.0,Naive,1.0
4649,10,0.1,Randomized,1.0
4650,10,0.0,Naive,1.0
4651,10,0.1,Randomized,1.0
4652,10,0.0,Naive,1.0
4653,10,0.1,Randomized,1.0
4654,10,0.0,Naive,1.0
4655,10,0.1,Randomized,1.0
4656,10,0.0,Naive,1.0
4657,10,0.1,Randomized,1.0
4658,10,0.0,Naive,1.0
4659,10,0.1,Randomized,1.0
4660,10,0.0,Naive,1.0
4661,10,0.1,Randomized,1.0
4662,10,0.0,Naive,1.0
4663,10,0.1,Randomized,1.0
4664,10,0.0,Naive,1.0
4665,10,0.1,Randomized,1.0
4666,10,0.0,Naive,1.0
4667,10,0.1,Randomized,1.0
4668,10,0.0,Naive,1.0
4669,10,0.1,Randomized,1.0
4670,10,0.0,Naive,1.0
4671,10,0.1,Randomized,1.0
4672,10,0.0,Naive,1.0
4673,10,0.1,Randomized,1.0
4674,10,0.0,Naive,1.0
4675,10,0.1,Randomized,1.0
4676,10,0.0,Naive,1.0
4677,10,0.1,Randomized,1.0
4678,10,0.0,Naive,1.0
4679,10,0.1,Randomized,1.0
4680,10,0.0,Naive,1.0
4681,10,0.1,Randomized,1.0
4682,10,0.0,Naive,1.0
4683,10,0.1,Randomized,1.0
4684,10,0.0,Naive,1.0
4685,10,0.1,Randomized,1.0
4686,10,0.0,Naive,1.0
4687,10,0.1,Randomized,1.0
4688,10,0.0,Naive,1.0
4689,10,0.1,Randomized,1.0
4690,10,0.0,Naive,1.0
4691,10,0.1,Randomized,1.0
4692,10,0.0,Naive,1.0
4693,10,0.1,Randomized,1.0
4694,10,0.0,Naive,1.0
4695,10,0.1,Randomized,1.0
4696,10,0.0,Naive,1.0
4697,10,0.1,Randomized,1.0
4698,10,0.0,Naive,1.0
4699,10,0.1,Randomized,1.0
4700,10,0.0,Naive,1.0
4701,10,0.1,Randomized,1.0
4702,10,0.0,Naive,1.0
4703,10,0.1,Randomized,1.0
4704,10,0.0,Naive,1.0
4705,10,0.1,Randomized,1.0
4706,10,0.0,Naive,1.0
4707,10,0.1,Randomized,1.0
4708,10,0.0,Naive,1.0
4709,10,0.1,Randomized,1.0
4710,10,0.0,Naive,1.0
4711,10,0.1,Randomized,1.0
4712,10,0.0,Naive,1.0
4713,10,0.1,Randomized,1.0
4714,10,0.0,Naive,1.0
4715,10,0.1,Randomized,1.0
4716,10,0.0,Naive,1.0
4717,10,0.1,Randomized,1.0
4718,10,0.0,Naive,1.0
4719,10,0.1,Randomized,1.0
4720,10,0.0,Naive,1.0
4721,10,0.1,Randomized,1.0
4722,10,0.0,Naive,1.0
4723,10,0.1,Randomized,1.0
4724,10,0.0,Naive,1.0
4725,10,0.1,Randomized,1.0
4726,10,0.0,Naive,1.0
4727,10,0.1,Randomized,1.0
4728,10,0.0,Naive,1.0
4729,10,0.1,Randomized,1.0
4730,10,0.0,Naive,1.0
4731,10,0.1,Randomized,1.0
4732,10,0.0,Naive,1.0
4733,10,0.1,Randomized,1.0
4734,10,0.0,Naive,1.0
4735,10,0.1,Randomized,1.0
4736,10,0.0,Naive,1.0
4737,10,0.1,Randomized,1.0
4738,10,0.0,Naive,1.0
4739,10,0.1,Randomized,1.0
4740,10,0.0,Naive,1.0
4741,10,0.1,Randomized,1.0
4742,10,0.0,Naive,1.0
4743,10,0.1,Randomized,1.0
4744,10,0.0,Naive,1.0
4745,10,0.1,Randomized,1.0
4746,10,0.0,Naive,1.0
4747,10,0.1,Randomized,1.0
4748,10,0.0,Naive,1.0
4749,10,0.1,Randomized,1.0
4750,10,0.0,Naive,1.0
4751,10,0.1,Randomized,1.0
4752,10,0.0,Naive,1.0
4753,10,0.1,Randomized,1.0
4754,10,0.0,Naive,1.0
4755,10,0.1,Randomized,1.0
4756,10,0.0,Naive,1.0
4757,10,0.1,Randomized,1.0
4758,10,0.0,Naive,1.0
4759,10,0.1,Randomized,1.0
4760,10,0.0,Naive,1.0
4761,10,0.1,Randomized,1.0
4762,10,0.0,Naive,1.0
4763,10,0.1,Randomized,1.0
4764,10,0.0,Naive,1.0
4765,10,0.1,Randomized,1.0
4766,10,0.0,Naive,1.0
4767,10,0.1,Randomized,1.0
4768,10,0.0,Naive,1.0
4769,10,0.1,Randomized,1.0
4770,10,0.0,Naive,1.0
4771,10,0.1,Randomized,1.0
4772,10,0.0,Naive,1.0
4773,10,0.1,Randomized,1.0
4774,10,0.0,Naive,1.0
4775,10,0.1,Randomized,1.0
4776,10,0.0,Naive,1.0
4777,10,0.1,Randomized,1.0
4778,10,0.0,Naive,1.0
4779,10,0.1,Randomized,1.0
4780,10,0.0,Naive,1.0
4781,10,0.1,Randomized,1.0
4782,10,0.0,Naive,1.0
4783,10,0.1,Randomized,1.0
4784,10,0.0,Naive,1.0
4785,10,0.1,Randomized,1.0
4786,10,0.0,Naive,1.0
4787,10,0.1,Randomized,1.0
4788,10,0.0,Naive,1.0
4789,10,0.1,Randomized,1.0
4790,10,0.0,Naive,1.0
4791,10,0.1,Randomized,1.0
4792,10,0.0,Naive,1.0
4793,10,0.1,Randomized,1.0
4794,10,0.0,Naive,1.0
4795,10,0.1,Randomized,1.0
4796,10,0.0,Naive,1.0
4797,10,0.1,Randomized,1.0
4798,10,0.0,Naive,1.0
4799,10,0.1,Randomized,1.0
4800,10,0.0,Naive,1.0
4801,10,0.1,Randomized,1.0
4802,10,0.0,Naive,1.0
4803,10,0.1,Randomized,1.0
4804,10,0.0,Naive,1.0
4805,10,0.1,Randomized,1.0
4806,10,0.0,Naive,1.0
4807,10,0.1,Randomized,1.0
4808,10,0.0,Naive,1.0
4809,10,0.1,Randomized,1.0
4810,10,0.0,Naive,1.0
4811,10,0.1,Randomized,1.0
4812,10,0.0,Naive,1.0
4813,10,0.1,Randomized,1.0
4814,10,0.0,Naive,1.0
4815,10,0.1,Randomized,1.0
4816,10,0.0,Naive,1.0
4817,10,0.1,Randomized,1.0
4818,10,0.0,Naive,1.0
4819,10,0.1,Randomized,1.0
4820,10,0.0,Naive,1.0
4821,10,0.1,Randomized,1.0
4822,10,0.0,Naive,1.0
4823,10,0.1,Randomized,1.0
4824,10,0.0,Naive,1.0
4825,10,0.1,Randomized,1.0
4826,10,0.0,Naive,1.0
4827,10,0.1,Randomized,1.0
4828,10,0.0,Naive,1.0
4829,10,0.1,Randomized,1.0
4830,10,0.0,Naive,1.0
4831,10,0.1,Randomized,1.0
4832,10,0.0,Naive,1.0
4833,10,0.1,Randomized,1.0
4834,10,0.0,Naive,1.0
4835,10,0.1,Randomized,1.0
4836,10,0.0,Naive,1.0
4837,10,0.1,Randomized,1.0
4838,10,0.0,Naive,1.0
4839,10,0.1,Randomized,1.0
4840,10,0.0,Naive,1.0
4841,10,0.1,Randomized,1.0
4842,10,0.0,Naive,1.0
4843,10,0.1,Randomized,1.0
4844,10,0.0,Naive,1.0
4845,10,0.1,Randomized,1.0
4846,10,0.0,Naive,1.0
4847,10,0.1,Randomized,1.0
4848,10,0.0,Naive,1.0
4849,10,0.1,Randomized,1.0
4850,10,0.0,Naive,1.0
4851,10,0.1,Randomized,1.0
4852,10,0.0,Naive,1.0
4853,10,0.1,Randomized,1.0
4854,10,0.0,Naive,1.0
4855,10,0.1,Randomized,1.0
4856,10,0.0,Naive,1.0
4857,10,0.1,Randomized,1.0
4858,10,0.0,Naive,1.0
4859,10,0.1,Randomized,1.0
4860,10,0.0,Naive,1.0
4861,10,0.1,Randomized,1.0
4862,10,0.0,Naive,1.0
4863,10,0.1,Randomized,1.0
4864,10,0.0,Naive,1.0
4865,10,0.1,Randomized,1.0
4866,10,0.0,Naive,1.0
4867,10,0.1,Randomized,1.0
4868,10,0.0,Naive,1.0
4869,10,0.1,Randomized,1.0
4870,10,0.0,Naive,1.0
4871,10,0.1,Randomized,1.0
4872,10,0.0,Naive,1.0
4873,10,0.1,Randomized,1.0
4874,10,0.0,Naive,1.0
4875,10,0.1,Randomized,1.0
4876,10,0.0,Naive,1.0
4877,10,0.1,Randomized,1.0
4878,10,0.0,Naive,1.0
4879,10,0.1,Randomized,1.0
4880,10,0.0,Naive,1.0
4881,10,0.1,Randomized,1.0
4882,10,0.0,Naive,1.0
4883,10,0.1,Randomized,1.0
4884,10,0.0,Naive,1.0
4885,10,0.1,Randomized,1.0
4886,10,0.0,Naive,1.0
4887,10,0.1,Randomized,1.0
4888,10,0.0,Naive,1.0
4889,10,0.1,Randomized,1.0
4890,10,0.0,Naive,1.0
4891,10,0.1,Randomized,1.0
4892,10,0.0,Naive,1.0
4893,10,0.1,Randomized,1.0
4894,10,0.0,Naive,1.0
4895,10,0.1,Randomized,1.0
4896,10,0.0,Naive,1.0
4897,10,0.1,Randomized,1.0
4898,10,0.0,Naive,1.0
4899,10,0.1,Randomized,1.0
4900,10,0.0,Naive,1.0
4901,10,0.1,Randomized,1.0
4902,10,0.0,Naive,1.0
4903,10,0.1,Randomized,1.0
4904,10,0.0,Naive,1.0
4905,10,0.1,Randomized,1.0
4906,10,0.0,Naive,1.0
4907,10,0.1,Randomized,1.0
4908,10,0.0,Naive,1.0
4909,10,0.1,Randomized,1.0
4910,10,0.0,Naive,1.0
4911,10,0.1,Randomized,1.0
4912,10,0.0,Naive,1.0
4913,10,0.1,Randomized,1.0
4914,10,0.0,Naive,1.0
4915,10,0.1,Randomized,1.0
4916,10,0.0,Naive,1.0
4917,10,0.1,Randomized,1.0
4918,10,0.0,Naive,1.0
4919,10,0.1,Randomized,1.0
4920,10,0.0,Naive,1.0
4921,10,0.1,Randomized,1.0
4922,10,0.0,Naive,1.0
4923,10,0.1,Randomized,1.0
4924,10,0.0,Naive,1.0
4925,10,0.1,Randomized,1.0
4926,10,0.0,Naive,1.0
4927,10,0.1,Randomized,1.0
4928,10,0.0,Naive,1.0
4929,10,0.1,Randomized,1.0
4930,10,0.0,Naive,1.0
4931,10,0.1,Randomized,1.0
4932,10,0.0,Naive,1.0
4933,10,0.1,Randomized,1.0
4934,10,0.0,Naive,1.0
4935,10,0.1,Randomized,1.0
4936,10,0.0,Naive,1.0
4937,10,0.1,Randomized,1.0
4938,10,0.0,Naive,1.0
4939,10,0.1,Randomized,1.0
4940,10,0.0,Naive,1.0
4941,10,0.1,Randomized,1.0
4942,10,0.0,Naive,1.0
4943,10,0.1,Randomized,1.0
4944,10,0.0,Naive,1.0
4945,10,0.1,Randomized,1.0
4946,10,0.0,Naive,1.0
4947,10,0.1,Randomized,1.0
4948,10,0.0,Naive,1.0
4949,10,0.1,Randomized,1.0
4950,10,0.0,Naive,1.0
4951,10,0.1,Randomized,1.0
4952,10,0.0,Naive,1.0
4953,10,0.1,Randomized,1.0
4954,10,0.0,Naive,1.0
4955,10,0.1,Randomized,1.0
4956,10,0.0,Naive,1.0
4957,10,0.1,Randomized,1.0
4958,10,0.0,Naive,1.0
4959,10,0.1,Randomized,1.0
4960,10,0.0,Naive,1.0
4961,10,0.1,Randomized,1.0
4962,10,0.0,Naive,1.0
4963,10,0.1,Randomized,1.0
4964,10,0.0,Naive,1.0
4965,10,0.1,Randomized,1.0
4966,10,0.0,Naive,1.0
4967,10,0.1,Randomized,1.0
4968,10,0.0,Naive,1.0
4969,10,0.1,Randomized,1.0
4970,10,0.0,Naive,1.0
4971,10,0.1,Randomized,1.0
4972,10,0.0,Naive,1.0
4973,10,0.1,Randomized,1.0
4974,10,0.0,Naive,1.0
4975,10,0.1,Randomized,1.0
4976,10,0.0,Naive,1.0
4977,10,0.1,Randomized,1.0
4978,10,0.0,Naive,1.0
4979,10,0.1,Randomized,1.0
4980,10,0.0,Naive,1.0
4981,10,0.1,Randomized,1.0
4982,10,0.0,Naive,1.0
4983,10,0.1,Randomized,1.0
4984,10,0.0,Naive,1.0
4985,10,0.1,Randomized,1.0
4986,10,0.0,Naive,1.0
4987,10,0.1,Randomized,1.0
4988,10,0.0,Naive,1.0
4989,10,0.1,Randomized,1.0
4990,10,0.0,Naive,1.0
4991,10,0.1,Randomized,1.0
4992,10,0.0,Naive,1.0
4993,10,0.1,Randomized,1.0
4994,10,0.0,Naive,1.0
4995,10,0.1,Randomized,1.0
4996,10,0.0,Naive,1.0
4997,10,0.1,Randomized,1.0
4998,10,0.0,Naive,1.0
4999,10,0.1,Randomized,1.0
5000,12,0.0,Naive,1.0
5001,12,0.1,Randomized,1.0
5002,12,0.0,Naive,1.0
5003,12,0.1,Randomized,1.0
5004,12,0.0,Naive,1.0
5005,12,0.1,Randomized,1.0
5006,12,0.0,Naive,1.0
5007,12,0.1,Randomized,1.0
5008,12,0.0,Naive,1.0
5009,12,0.1,Randomized,1.0
5010,12,0.0,Naive,1.0
5011,12,0.1,Randomized,1.0
5012,12,0.0,Naive,1.0
5013,12,0.1,Randomized,1.0
5014,12,0.0,Naive,1.0
5015,12,0.1,Randomized,1.0
5016,12,0.0,Naive,1.0
5017,12,0.1,Randomized,1.0
5018,12,0.0,Naive,1.0
5019,12,0.1,Randomized,1.0
5020,12,0.0,Naive,1.0
5021,12,0.1,Randomized,1.0
5022,12,0.0,Naive,1.0
5023,12,0.1,Randomized,1.0
5024,12,0.0,Naive,1.0
5025,12,0.1,Randomized,1.0
5026,12,0.0,Naive,1.0
5027,12,0.1,Randomized,1.0
5028,12,0.0,Naive,1.0
5029,12,0.1,Randomized,1.0
5030,12,0.0,Naive,1.0
5031,12,0.1,Randomized,1.0
5032,12,0.0,Naive,1.0
5033,12,0.1,Randomized,1.0
5034,12,0.0,Naive,1.0
5035,12,0.1,Randomized,1.0
5036,12,0.0,Naive,1.0
5037,12,0.1,Randomized,1.0
5038,12,0.0,Naive,1.0
5039,12,0.1,Randomized,1.0
5040,12,0.0,Naive,1.0
5041,12,0.1,Randomized,1.0
5042,12,0.0,Naive,1.0
5043,12,0.1,Randomized,1.0
5044,12,0.0,Naive,1.0
5045,12,0.1,Randomized,1.0
5046,12,0.0,Naive,1.0
5047,12,0.1,Randomized,1.0
5048,12,0.0,Naive,1.0
5049,12,0.1,Randomized,1.0
5050,12,0.0,Naive,1.0
5051,12,0.1,Randomized,1.0
5052,12,0.0,Naive,1.0
5053,12,0.1,Randomized,1.0
5054,12,0.0,Naive,1.0
5055,12,0.1,Randomized,1.0
5056,12,0.0,Naive,1.0
5057,12,0.1,Randomized,1.0
5058,12,0.0,Naive,1.0
5059,12,0.1,Randomized,1.0
5060,12,0.0,Naive,1.0
5061,12,0.1,Randomized,1.0
5062,12,0.0,Naive,1.0
5063,12,0.1,Randomized,1.0
5064,12,0.0,Naive,1.0
5065,12,0.1,Randomized,1.0
5066,12,0.0,Naive,1.0
5067,12,0.1,Randomized,1.0
5068,12,0.0,Naive,1.0
5069,12,0.1,Randomized,1.0
5070,12,0.0,Naive,1.0
5071,12,0.1,Randomized,1.0
5072,12,0.0,Naive,1.0
5073,12,0.1,Randomized,1.0
5074,12,0.0,Naive,1.0
5075,12,0.1,Randomized,1.0
5076,12,0.0,Naive,1.0
5077,12,0.1,Randomized,1.0
5078,12,0.0,Naive,1.0
5079,12,0.1,Randomized,1.0
5080,12,0.0,Naive,1.0
5081,12,0.1,Randomized,1.0
5082,12,0.0,Naive,1.0
5083,12,0.1,Randomized,1.0
5084,12,0.0,Naive,1.0
5085,12,0.1,Randomized,1.0
5086,12,0.0,Naive,1.0
5087,12,0.1,Randomized,1.0
5088,12,0.0,Naive,1.0
5089,12,0.1,Randomized,1.0
5090,12,0.0,Naive,1.0
5091,12,0.1,Randomized,1.0
5092,12,0.0,Naive,1.0
5093,12,0.1,Randomized,1.0
5094,12,0.0,Naive,1.0
5095,12,0.1,Randomized,1.0
5096,12,0.0,Naive,1.0
5097,12,0.1,Randomized,1.0
5098,12,0.0,Naive,1.0
5099,12,0.1,Randomized,1.0
5100,12,0.0,Naive,1.0
5101,12,0.1,Randomized,1.0
5102,12,0.0,Naive,1.0
5103,12,0.1,Randomized,1.0
5104,12,0.0,Naive,1.0
5105,12,0.1,Randomized,1.0
5106,12,0.0,Naive,1.0
5107,12,0.1,Randomized,1.0
5108,12,0.0,Naive,1.0
5109,12,0.1,Randomized,1.0
5110,12,0.0,Naive,1.0
5111,12,0.1,Randomized,1.0
5112,12,0.0,Naive,1.0
5113,12,0.1,Randomized,1.0
5114,12,0.0,Naive,1.0
5115,12,0.1,Randomized,1.0
5116,12,0.0,Naive,1.0
5117,12,0.1,Randomized,1.0
5118,12,0.0,Naive,1.0
5119,12,0.1,Randomized,1.0
5120,12,0.0,Naive,1.0
5121,12,0.1,Randomized,1.0
5122,12,0.0,Naive,1.0
5123,12,0.1,Randomized,1.0
5124,12,0.0,Naive,1.0
5125,12,0.1,Randomized,1.0
5126,12,0.0,Naive,1.0
5127,12,0.1,Randomized,1.0
5128,12,0.0,Naive,1.0
5129,12,0.1,Randomized,1.0
5130,12,0.0,Naive,1.0
5131,12,0.1,Randomized,1.0
5132,12,0.0,Naive,1.0
5133,12,0.1,Randomized,1.0
5134,12,0.0,Naive,1.0
5135,12,0.1,Randomized,1.0
5136,12,0.0,Naive,1.0
5137,12,0.1,Randomized,1.0
5138,12,0.0,Naive,1.0
5139,12,0.1,Randomized,1.0
5140,12,0.0,Naive,1.0
5141,12,0.1,Randomized,1.0
5142,12,0.0,Naive,1.0
5143,12,0.1,Randomized,1.0
5144,12,0.0,Naive,1.0
5145,12,0.1,Randomized,1.0
5146,12,0.0,Naive,1.0
5147,12,0.1,Randomized,1.0
5148,12,0.0,Naive,1.0
5149,12,0.1,Randomized,1.0
5150,12,0.0,Naive,1.0
5151,12,0.1,Randomized,1.0
5152,12,0.0,Naive,1.0
5153,12,0.1,Randomized,1.0
5154,12,0.0,Naive,1.0
5155,12,0.1,Randomized,1.0
5156,12,0.0,Naive,1.0
5157,12,0.1,Randomized,1.0
5158,12,0.0,Naive,1.0
5159,12,0.1,Randomized,1.0
5160,12,0.0,Naive,1.0
5161,12,0.1,Randomized,1.0
5162,12,0.0,Naive,1.0
5163,12,0.1,Randomized,1.0
5164,12,0.0,Naive,1.0
5165,12,0.1,Randomized,1.0
5166,12,0.0,Naive,1.0
5167,12,0.1,Randomized,1.0
5168,12,0.0,Naive,1.0
5169,12,0.1,Randomized,1.0
5170,12,0.0,Naive,1.0
5171,12,0.1,Randomized,1.0
5172,12,0.0,Naive,1.0
5173,12,0.1,Randomized,1.0
5174,12,0.0,Naive,1.0
5175,12,0.1,Randomized,1.0
5176,12,0.0,Naive,1.0
5177,12,0.1,Randomized,1.0
5178,12,0.0,Naive,1.0
5179,12,0.1,Randomized,1.0
5180,12,0.0,Naive,1.0
5181,12,0.1,Randomized,1.0
5182,12,0.0,Naive,1.0
5183,12,0.1,Randomized,1.0
5184,12,0.0,Naive,1.0
5185,12,0.1,Randomized,1.0
5186,12,0.0,Naive,1.0
5187,12,0.1,Randomized,1.0
5188,12,0.0,Naive,1.0
5189,12,0.1,Randomized,1.0
5190,12,0.0,Naive,1.0
5191,12,0.1,Randomized,1.0
5192,12,0.0,Naive,1.0
5193,12,0.1,Randomized,1.0
5194,12,0.0,Naive,1.0
5195,12,0.1,Randomized,1.0
5196,12,0.0,Naive,1.0
5197,12,0.1,Randomized,1.0
5198,12,0.0,Naive,1.0
5199,12,0.1,Randomized,1.0
5200,12,0.0,Naive,1.0
5201,12,0.1,Randomized,1.0
5202,12,0.0,Naive,1.0
5203,12,0.1,Randomized,1.0
5204,12,0.0,Naive,1.0
5205,12,0.1,Randomized,1.0
5206,12,0.0,Naive,1.0
5207,12,0.1,Randomized,1.0
5208,12,0.0,Naive,1.0
5209,12,0.1,Randomized,1.0
5210,12,0.0,Naive,1.0
5211,12,0.1,Randomized,1.0
5212,12,0.0,Naive,1.0
5213,12,0.1,Randomized,1.0
5214,12,0.0,Naive,1.0
5215,12,0.1,Randomized,1.0
5216,12,0.0,Naive,1.0
5217,12,0.1,Randomized,1.0
5218,12,0.0,Naive,1.0
5219,12,0.1,Randomized,1.0
5220,12,0.0,Naive,1.0
5221,12,0.1,Randomized,1.0
5222,12,0.0,Naive,1.0
5223,12,0.1,Randomized,1.0
5224,12,0.0,Naive,1.0
5225,12,0.1,Randomized,1.0
5226,12,0.0,Naive,1.0
5227,12,0.1,Randomized,1.0
5228,12,0.0,Naive,1.0
5229,12,0.1,Randomized,1.0
5230,12,0.0,Naive,1.0
5231,12,0.1,Randomized,1.0
5232,12,0.0,Naive,1.0
5233,12,0.1,Randomized,1.0
5234,12,0.0,Naive,1.0
5235,12,0.1,Randomized,1.0
5236,12,0.0,Naive,1.0
5237,12,0.1,Randomized,1.0
5238,12,0.0,Naive,1.0
5239,12,0.1,Randomized,1.0
5240,12,0.0,Naive,1.0
5241,12,0.1,Randomized,1.0
5242,12,0.0,Naive,1.0
5243,12,0.1,Randomized,1.0
5244,12,0.0,Naive,1.0
5245,12,0.1,Randomized,1.0
5246,12,0.0,Naive,1.0
5247,12,0.1,Randomized,1.0
5248,12,0.0,Naive,1.0
5249,12,0.1,Randomized,1.0
5250,12,0.0,Naive,1.0
5251,12,0.1,Randomized,1.0
5252,12,0.0,Naive,1.0
5253,12,0.1,Randomized,1.0
5254,12,0.0,Naive,1.0
5255,12,0.1,Randomized,1.0
5256,12,0.0,Naive,1.0
5257,12,0.1,Randomized,1.0
5258,12,0.0,Naive,1.0
5259,12,0.1,Randomized,1.0
5260,12,0.0,Naive,1.0
5261,12,0.1,Randomized,1.0
5262,12,0.0,Naive,1.0
5263,12,0.1,Randomized,1.0
5264,12,0.0,Naive,1.0
5265,12,0.1,Randomized,1.0
5266,12,0.0,Naive,1.0
5267,12,0.1,Randomized,1.0
5268,12,0.0,Naive,1.0
5269,12,0.1,Randomized,1.0
5270,12,0.0,Naive,1.0
5271,12,0.1,Randomized,1.0
5272,12,0.0,Naive,1.0
5273,12,0.1,Randomized,1.0
5274,12,0.0,Naive,1.0
5275,12,0.1,Randomized,1.0
5276,12,0.0,Naive,1.0
5277,12,0.1,Randomized,1.0
5278,12,0.0,Naive,1.0
5279,12,0.1,Randomized,1.0
5280,12,0.0,Naive,1.0
5281,12,0.1,Randomized,1.0
5282,12,0.0,Naive,1.0
5283,12,0.1,Randomized,1.0
5284,12,0.0,Naive,1.0
5285,12,0.1,Randomized,1.0
5286,12,0.0,Naive,1.0
5287,12,0.1,Randomized,1.0
5288,12,0.0,Naive,1.0
5289,12,0.1,Randomized,1.0
5290,12,0.0,Naive,1.0
5291,12,0.1,Randomized,1.0
5292,12,0.0,Naive,1.0
5293,12,0.1,Randomized,1.0
5294,12,0.0,Naive,1.0
5295,12,0.1,Randomized,1.0
5296,12,0.0,Naive,1.0
5297,12,0.1,Randomized,1.0
5298,12,0.0,Naive,1.0
5299,12,0.1,Randomized,1.0
5300,12,0.0,Naive,1.0
5301,12,0.1,Randomized,1.0
5302,12,0.0,Naive,1.0
5303,12,0.1,Randomized,1.0
5304,12,0.0,Naive,1.0
5305,12,0.1,Randomized,1.0
5306,12,0.0,Naive,1.0
5307,12,0.1,Randomized,1.0
5308,12,0.0,Naive,1.0
5309,12,0.1,Randomized,1.0
5310,12,0.0,Naive,1.0
5311,12,0.1,Randomized,1.0
5312,12,0.0,Naive,1.0
5313,12,0.1,Randomized,1.0
5314,12,0.0,Naive,1.0
5315,12,0.1,Randomized,1.0
5316,12,0.0,Naive,1.0
5317,12,0.1,Randomized,1.0
5318,12,0.0,Naive,1.0
5319,12,0.1,Randomized,1.0
5320,12,0.0,Naive,1.0
5321,12,0.1,Randomized,1.0
5322,12,0.0,Naive,1.0
5323,12,0.1,Randomized,1.0
5324,12,0.0,Naive,1.0
5325,12,0.1,Randomized,1.0
5326,12,0.0,Naive,1.0
5327,12,0.1,Randomized,1.0
5328,12,0.0,Naive,1.0
5329,12,0.1,Randomized,1.0
5330,12,0.0,Naive,1.0
5331,12,0.1,Randomized,1.0
5332,12,0.0,Naive,1.0
5333,12,0.1,Randomized,1.0
5334,12,0.0,Naive,1.0
5335,12,0.1,Randomized,1.0
5336,12,0.0,Naive,1.0
5337,12,0.1,Randomized,1.0
5338,12,0.0,Naive,1.0
5339,12,0.1,Randomized,1.0
5340,12,0.0,Naive,1.0
5341,12,0.1,Randomized,1.0
5342,12,0.0,Naive,1.0
5343,12,0.1,Randomized,1.0
5344,12,0.0,Naive,1.0
5345,12,0.1,Randomized,1.0
5346,12,0.0,Naive,1.0
5347,12,0.1,Randomized,1.0
5348,12,0.0,Naive,1.0
5349,12,0.1,Randomized,1.0
5350,12,0.0,Naive,1.0
5351,12,0.1,Randomized,1.0
5352,12,0.0,Naive,1.0
5353,12,0.1,Randomized,1.0
5354,12,0.0,Naive,1.0
5355,12,0.1,Randomized,1.0
5356,12,0.0,Naive,1.0
5357,12,0.1,Randomized,1.0
5358,12,0.0,Naive,1.0
5359,12,0.1,Randomized,1.0
5360,12,0.0,Naive,1.0
5361,12,0.1,Randomized,1.0
5362,12,0.0,Naive,1.0
5363,12,0.1,Randomized,1.0
5364,12,0.0,Naive,1.0
5365,12,0.1,Randomized,1.0
5366,12,0.0,Naive,1.0
5367,12,0.1,Randomized,1.0
5368,12,0.0,Naive,1.0
5369,12,0.1,Randomized,1.0
5370,12,0.0,Naive,1.0
5371,12,0.1,Randomized,1.0
5372,12,0.0,Naive,1.0
5373,12,0.1,Randomized,1.0
5374,12,0.0,Naive,1.0
5375,12,0.1,Randomized,1.0
5376,12,0.0,Naive,1.0
5377,12,0.1,Randomized,1.0
5378,12,0.0,Naive,1.0
5379,12,0.1,Randomized,1.0
5380,12,0.0,Naive,1.0
5381,12,0.1,Randomized,1.0
5382,12,0.0,Naive,1.0
5383,12,0.1,Randomized,1.0
5384,12,0.0,Naive,1.0
5385,12,0.1,Randomized,1.0
5386,12,0.0,Naive,1.0
5387,12,0.1,Randomized,1.0
5388,12,0.0,Naive,1.0
5389,12,0.1,Randomized,1.0
5390,12,0.0,Naive,1.0
5391,12,0.1,Randomized,1.0
5392,12,0.0,Naive,1.0
5393,12,0.1,Randomized,1.0
5394,12,0.0,Naive,1.0
5395,12,0.1,Randomized,1.0
5396,12,0.0,Naive,1.0
5397,12,0.1,Randomized,1.0
5398,12,0.0,Naive,1.0
5399,12,0.1,Randomized,1.0
5400,12,0.0,Naive,1.0
5401,12,0.1,Randomized,1.0
5402,12,0.0,Naive,1.0
5403,12,0.1,Randomized,1.0
5404,12,0.0,Naive,1.0
5405,12,0.1,Randomized,1.0
5406,12,0.0,Naive,1.0
5407,12,0.1,Randomized,1.0
5408,12,0.0,Naive,1.0
5409,12,0.1,Randomized,1.0
5410,12,0.0,Naive,1.0
5411,12,0.1,Randomized,1.0
5412,12,0.0,Naive,1.0
5413,12,0.1,Randomized,1.0
5414,12,0.0,Naive,1.0
5415,12,0.1,Randomized,1.0
5416,12,0.0,Naive,1.0
5417,12,0.1,Randomized,1.0
5418,12,0.0,Naive,1.0
5419,12,0.1,Randomized,1.0
5420,12,0.0,Naive,1.0
5421,12,0.1,Randomized,1.0
5422,12,0.0,Naive,1.0
5423,12,0.1,Randomized,1.0
5424,12,0.0,Naive,1.0
5425,12,0.1,Randomized,1.0
5426,12,0.0,Naive,1.0
5427,12,0.1,Randomized,1.0
5428,12,0.0,Naive,1.0
5429,12,0.1,Randomized,1.0
5430,12,0.0,Naive,1.0
5431,12,0.1,Randomized,1.0
5432,12,0.0,Naive,1.0
5433,12,0.1,Randomized,1.0
5434,12,0.0,Naive,1.0
5435,12,0.1,Randomized,1.0
5436,12,0.0,Naive,1.0
5437,12,0.1,Randomized,1.0
5438,12,0.0,Naive,1.0
5439,12,0.1,Randomized,1.0
5440,12,0.0,Naive,1.0
5441,12,0.1,Randomized,1.0
5442,12,0.0,Naive,1.0
5443,12,0.1,Randomized,1.0
5444,12,0.0,Naive,1.0
5445,12,0.1,Randomized,1.0
5446,12,0.0,Naive,1.0
5447,12,0.1,Randomized,1.0
5448,12,0.0,Naive,1.0
5449,12,0.1,Randomized,1.0
5450,12,0.0,Naive,1.0
5451,12,0.1,Randomized,1.0
5452,12,0.0,Naive,1.0
5453,12,0.1,Randomized,1.0
5454,12,0.0,Naive,1.0
5455,12,0.1,Randomized,1.0
5456,12,0.0,Naive,1.0
5457,12,0.1,Randomized,1.0
5458,12,0.0,Naive,1.0
5459,12,0.1,Randomized,1.0
5460,12,0.0,Naive,1.0
5461,12,0.1,Randomized,1.0
5462,12,0.0,Naive,1.0
5463,12,0.1,Randomized,1.0
5464,12,0.0,Naive,1.0
5465,12,0.1,Randomized,1.0
5466,12,0.0,Naive,1.0
5467,12,0.1,Randomized,1.0
5468,12,0.0,Naive,1.0
5469,12,0.1,Randomized,1.0
5470,12,0.0,Naive,1.0
5471,12,0.1,Randomized,1.0
5472,12,0.0,Naive,1.0
5473,12,0.1,Randomized,1.0
5474,12,0.0,Naive,1.0
5475,12,0.1,Randomized,1.0
5476,12,0.0,Naive,1.0
5477,12,0.1,Randomized,1.0
5478,12,0.0,Naive,1.0
5479,12,0.1,Randomized,1.0
5480,12,0.0,Naive,1.0
5481,12,0.1,Randomized,1.0
5482,12,0.0,Naive,1.0
5483,12,0.1,Randomized,1.0
5484,12,0.0,Naive,1.0
5485,12,0.1,Randomized,1.0
5486,12,0.0,Naive,1.0
5487,12,0.1,Randomized,1.0
5488,12,0.0,Naive,1.0
5489,12,0.1,Randomized,1.0
5490,12,0.0,Naive,1.0
5491,12,0.1,Randomized,1.0
5492,12,0.0,Naive,1.0
5493,12,0.1,Randomized,1.0
5494,12,0.0,Naive,1.0
5495,12,0.1,Randomized,1.0
5496,12,0.0,Naive,1.0
5497,12,0.1,Randomized,1.0
5498,12,0.0,Naive,1.0
5499,12,0.1,Randomized,1.0
5500,12,0.0,Naive,1.0
5501,12,0.1,Randomized,1.0
5502,12,0.0,Naive,1.0
5503,12,0.1,Randomized,1.0
5504,12,0.0,Naive,1.0
5505,12,0.1,Randomized,1.0
5506,12,0.0,Naive,1.0
5507,12,0.1,Randomized,1.0
5508,12,0.0,Naive,1.0
5509,12,0.1,Randomized,1.0
5510,12,0.0,Naive,1.0
5511,12,0.1,Randomized,1.0
5512,12,0.0,Naive,1.0
5513,12,0.1,Randomized,1.0
5514,12,0.0,Naive,1.0
5515,12,0.1,Randomized,1.0
5516,12,0.0,Naive,1.0
5517,12,0.1,Randomized,1.0
5518,12,0.0,Naive,1.0
5519,12,0.1,Randomized,1.0
5520,12,0.0,Naive,1.0
5521,12,0.1,Randomized,1.0
5522,12,0.0,Naive,1.0
5523,12,0.1,Randomized,1.0
5524,12,0.0,Naive,1.0
5525,12,0.1,Randomized,1.0
5526,12,0.0,Naive,1.0
5527,12,0.1,Randomized,1.0
5528,12,0.0,Naive,1.0
5529,12,0.1,Randomized,1.0
5530,12,0.0,Naive,1.0
5531,12,0.1,Randomized,1.0
5532,12,0.0,Naive,1.0
5533,12,0.1,Randomized,1.0
5534,12,0.0,Naive,1.0
5535,12,0.1,Randomized,1.0
5536,12,0.0,Naive,1.0
5537,12,0.1,Randomized,1.0
5538,12,0.0,Naive,1.0
5539,12,0.1,Randomized,1.0
5540,12,0.0,Naive,1.0
5541,12,0.1,Randomized,1.0
5542,12,0.0,Naive,1.0
5543,12,0.1,Randomized,1.0
5544,12,0.0,Naive,1.0
5545,12,0.1,Randomized,1.0
5546,12,0.0,Naive,1.0
5547,12,0.1,Randomized,1.0
5548,12,0.0,Naive,1.0
5549,12,0.1,Randomized,1.0
5550,12,0.0,Naive,1.0
5551,12,0.1,Randomized,1.0
5552,12,0.0,Naive,1.0
5553,12,0.1,Randomized,1.0
5554,12,0.0,Naive,1.0
5555,12,0.1,Randomized,1.0
5556,12,0.0,Naive,1.0
5557,12,0.1,Randomized,1.0
5558,12,0.0,Naive,1.0
5559,12,0.1,Randomized,1.0
5560,12,0.0,Naive,1.0
5561,12,0.1,Randomized,1.0
5562,12,0.0,Naive,1.0
5563,12,0.1,Randomized,1.0
5564,12,0.0,Naive,1.0
5565,12,0.1,Randomized,1.0
5566,12,0.0,Naive,1.0
5567,12,0.1,Randomized,1.0
5568,12,0.0,Naive,1.0
5569,12,0.1,Randomized,1.0
5570,12,0.0,Naive,1.0
5571,12,0.1,Randomized,1.0
5572,12,0.0,Naive,1.0
5573,12,0.1,Randomized,1.0
5574,12,0.0,Naive,1.0
5575,12,0.1,Randomized,1.0
5576,12,0.0,Naive,1.0
5577,12,0.1,Randomized,1.0
5578,12,0.0,Naive,1.0
5579,12,0.1,Randomized,1.0
5580,12,0.0,Naive,1.0
5581,12,0.1,Randomized,1.0
5582,12,0.0,Naive,1.0
5583,12,0.1,Randomized,1.0
5584,12,0.0,Naive,1.0
5585,12,0.1,Randomized,1.0
5586,12,0.0,Naive,1.0
5587,12,0.1,Randomized,1.0
5588,12,0.0,Naive,1.0
5589,12,0.1,Randomized,1.0
5590,12,0.0,Naive,1.0
5591,12,0.1,Randomized,1.0
5592,12,0.0,Naive,1.0
5593,12,0.1,Randomized,1.0
5594,12,0.0,Naive,1.0
5595,12,0.1,Randomized,1.0
5596,12,0.0,Naive,1.0
5597,12,0.1,Randomized,1.0
5598,12,0.0,Naive,1.0
5599,12,0.1,Randomized,1.0
5600,12,0.0,Naive,1.0
5601,12,0.1,Randomized,1.0
5602,12,0.0,Naive,1.0
5603,12,0.1,Randomized,1.0
5604,12,0.0,Naive,1.0
5605,12,0.1,Randomized,1.0
5606,12,0.0,Naive,1.0
5607,12,0.1,Randomized,1.0
5608,12,0.0,Naive,1.0
5609,12,0.1,Randomized,1.0
5610,12,0.0,Naive,1.0
5611,12,0.1,Randomized,1.0
5612,12,0.0,Naive,1.0
5613,12,0.1,Randomized,1.0
5614,12,0.0,Naive,1.0
5615,12,0.1,Randomized,1.0
5616,12,0.0,Naive,1.0
5617,12,0.1,Randomized,1.0
5618,12,0.0,Naive,1.0
5619,12,0.1,Randomized,1.0
5620,12,0.0,Naive,1.0
5621,12,0.1,Randomized,1.0
5622,12,0.0,Naive,1.0
5623,12,0.1,Randomized,1.0
5624,12,0.0,Naive,1.0
5625,12,0.1,Randomized,1.0
5626,12,0.0,Naive,1.0
5627,12,0.1,Randomized,1.0
5628,12,0.0,Naive,1.0
5629,12,0.1,Randomized,1.0
5630,12,0.0,Naive,1.0
5631,12,0.1,Randomized,1.0
5632,12,0.0,Naive,1.0
5633,12,0.1,Randomized,1.0
5634,12,0.0,Naive,1.0
5635,12,0.1,Randomized,1.0
5636,12,0.0,Naive,1.0
5637,12,0.1,Randomized,1.0
5638,12,0.0,Naive,1.0
5639,12,0.1,Randomized,1.0
5640,12,0.0,Naive,1.0
5641,12,0.1,Randomized,1.0
5642,12,0.0,Naive,1.0
5643,12,0.1,Randomized,1.0
5644,12,0.0,Naive,1.0
5645,12,0.1,Randomized,1.0
5646,12,0.0,Naive,1.0
5647,12,0.1,Randomized,1.0
5648,12,0.0,Naive,1.0
5649,12,0.1,Randomized,1.0
5650,12,0.0,Naive,1.0
5651,12,0.1,Randomized,1.0
5652,12,0.0,Naive,1.0
5653,12,0.1,Randomized,1.0
5654,12,0.0,Naive,1.0
5655,12,0.1,Randomized,1.0
5656,12,0.0,Naive,1.0
5657,12,0.1,Randomized,1.0
5658,12,0.0,Naive,1.0
5659,12,0.1,Randomized,1.0
5660,12,0.0,Naive,1.0
5661,12,0.1,Randomized,1.0
5662,12,0.0,Naive,1.0
5663,12,0.1,Randomized,1.0
5664,12,0.0,Naive,1.0
5665,12,0.1,Randomized,1.0
5666,12,0.0,Naive,1.0
5667,12,0.1,Randomized,1.0
5668,12,0.0,Naive,1.0
5669,12,0.1,Randomized,1.0
5670,12,0.0,Naive,1.0
5671,12,0.1,Randomized,1.0
5672,12,0.0,Naive,1.0
5673,12,0.1,Randomized,1.0
5674,12,0.0,Naive,1.0
5675,12,0.1,Randomized,1.0
5676,12,0.0,Naive,1.0
5677,12,0.1,Randomized,1.0
5678,12,0.0,Naive,1.0
5679,12,0.1,Randomized,1.0
5680,12,0.0,Naive,1.0
5681,12,0.1,Randomized,1.0
5682,12,0.0,Naive,1.0
5683,12,0.1,Randomized,1.0
5684,12,0.0,Naive,1.0
5685,12,0.1,Randomized,1.0
5686,12,0.0,Naive,1.0
5687,12,0.1,Randomized,1.0
5688,12,0.0,Naive,1.0
5689,12,0.1,Randomized,1.0
5690,12,0.0,Naive,1.0
5691,12,0.1,Randomized,1.0
5692,12,0.0,Naive,1.0
5693,12,0.1,Randomized,1.0
5694,12,0.0,Naive,1.0
5695,12,0.1,Randomized,1.0
5696,12,0.0,Naive,1.0
5697,12,0.1,Randomized,1.0
5698,12,0.0,Naive,1.0
5699,12,0.1,Randomized,1.0
5700,12,0.0,Naive,1.0
5701,12,0.1,Randomized,1.0
5702,12,0.0,Naive,1.0
5703,12,0.1,Randomized,1.0
5704,12,0.0,Naive,1.0
5705,12,0.1,Randomized,1.0
5706,12,0.0,Naive,1.0
5707,12,0.1,Randomized,1.0
5708,12,0.0,Naive,1.0
5709,12,0.1,Randomized,1.0
5710,12,0.0,Naive,1.0
5711,12,0.1,Randomized,1.0
5712,12,0.0,Naive,1.0
5713,12,0.1,Randomized,1.0
5714,12,0.0,Naive,1.0
5715,12,0.1,Randomized,1.0
5716,12,0.0,Naive,1.0
5717,12,0.1,Randomized,1.0
5718,12,0.0,Naive,1.0
5719,12,0.1,Randomized,1.0
5720,12,0.0,Naive,1.0
5721,12,0.1,Randomized,1.0
5722,12,0.0,Naive,1.0
5723,12,0.1,Randomized,1.0
5724,12,0.0,Naive,1.0
5725,12,0.1,Randomized,1.0
5726,12,0.0,Naive,1.0
5727,12,0.1,Randomized,1.0
5728,12,0.0,Naive,1.0
5729,12,0.1,Randomized,1.0
5730,12,0.0,Naive,1.0
5731,12,0.1,Randomized,1.0
5732,12,0.0,Naive,1.0
5733,12,0.1,Randomized,1.0
5734,12,0.0,Naive,1.0
5735,12,0.1,Randomized,1.0
5736,12,0.0,Naive,1.0
5737,12,0.1,Randomized,1.0
5738,12,0.0,Naive,1.0
5739,12,0.1,Randomized,1.0
5740,12,0.0,Naive,1.0
5741,12,0.1,Randomized,1.0
5742,12,0.0,Naive,1.0
5743,12,0.1,Randomized,1.0
5744,12,0.0,Naive,1.0
5745,12,0.1,Randomized,1.0
5746,12,0.0,Naive,1.0
5747,12,0.1,Randomized,1.0
5748,12,0.0,Naive,1.0
5749,12,0.1,Randomized,1.0
5750,12,0.0,Naive,1.0
5751,12,0.1,Randomized,1.0
5752,12,0.0,Naive,1.0
5753,12,0.1,Randomized,1.0
5754,12,0.0,Naive,1.0
5755,12,0.1,Randomized,1.0
5756,12,0.0,Naive,1.0
5757,12,0.1,Randomized,1.0
5758,12,0.0,Naive,1.0
5759,12,0.1,Randomized,1.0
5760,12,0.0,Naive,1.0
5761,12,0.1,Randomized,1.0
5762,12,0.0,Naive,1.0
5763,12,0.1,Randomized,1.0
5764,12,0.0,Naive,1.0
5765,12,0.1,Randomized,1.0
5766,12,0.0,Naive,1.0
5767,12,0.1,Randomized,1.0
5768,12,0.0,Naive,1.0
5769,12,0.1,Randomized,1.0
5770,12,0.0,Naive,1.0
5771,12,0.1,Randomized,1.0
5772,12,0.0,Naive,1.0
5773,12,0.1,Randomized,1.0
5774,12,0.0,Naive,1.0
5775,12,0.1,Randomized,1.0
5776,12,0.0,Naive,1.0
5777,12,0.1,Randomized,1.0
5778,12,0.0,Naive,1.0
5779,12,0.1,Randomized,1.0
5780,12,0.0,Naive,1.0
5781,12,0.1,Randomized,1.0
5782,12,0.0,Naive,1.0
5783,12,0.1,Randomized,1.0
5784,12,0.0,Naive,1.0
5785,12,0.1,Randomized,1.0
5786,12,0.0,Naive,1.0
5787,12,0.1,Randomized,1.0
5788,12,0.0,Naive,1.0
5789,12,0.1,Randomized,1.0
5790,12,0.0,Naive,1.0
5791,12,0.1,Randomized,1.0
5792,12,0.0,Naive,1.0
5793,12,0.1,Randomized,1.0
5794,12,0.0,Naive,1.0
5795,12,0.1,Randomized,1.0
5796,12,0.0,Naive,1.0
5797,12,0.1,Randomized,1.0
5798,12,0.0,Naive,1.0
5799,12,0.1,Randomized,1.0
5800,12,0.0,Naive,1.0
5801,12,0.1,Randomized,1.0
5802,12,0.0,Naive,1.0
5803,12,0.1,Randomized,1.0
5804,12,0.0,Naive,1.0
5805,12,0.1,Randomized,1.0
5806,12,0.0,Naive,1.0
5807,12,0.1,Randomized,1.0
5808,12,0.0,Naive,1.0
5809,12,0.1,Randomized,1.0
5810,12,0.0,Naive,1.0
5811,12,0.1,Randomized,1.0
5812,12,0.0,Naive,1.0
5813,12,0.1,Randomized,1.0
5814,12,0.0,Naive,1.0
5815,12,0.1,Randomized,1.0
5816,12,0.0,Naive,1.0
5817,12,0.1,Randomized,1.0
5818,12,0.0,Naive,1.0
5819,12,0.1,Randomized,1.0
5820,12,0.0,Naive,1.0
5821,12,0.1,Randomized,1.0
5822,12,0.0,Naive,1.0
5823,12,0.1,Randomized,1.0
5824,12,0.0,Naive,1.0
5825,12,0.1,Randomized,1.0
5826,12,0.0,Naive,1.0
5827,12,0.1,Randomized,1.0
5828,12,0.0,Naive,1.0
5829,12,0.1,Randomized,1.0
5830,12,0.0,Naive,1.0
5831,12,0.1,Randomized,1.0
5832,12,0.0,Naive,1.0
5833,12,0.1,Randomized,1.0
5834,12,0.0,Naive,1.0
5835,12,0.1,Randomized,1.0
5836,12,0.0,Naive,1.0
5837,12,0.1,Randomized,1.0
5838,12,0.0,Naive,1.0
5839,12,0.1,Randomized,1.0
5840,12,0.0,Naive,1.0
5841,12,0.1,Randomized,1.0
5842,12,0.0,Naive,1.0
5843,12,0.1,Randomized,1.0
5844,12,0.0,Naive,1.0
5845,12,0.1,Randomized,1.0
5846,12,0.0,Naive,1.0
5847,12,0.1,Randomized,1.0
5848,12,0.0,Naive,1.0
5849,12,0.1,Randomized,1.0
5850,12,0.0,Naive,1.0
5851,12,0.1,Randomized,1.0
5852,12,0.0,Naive,1.0
5853,12,0.1,Randomized,1.0
5854,12,0.0,Naive,1.0
5855,12,0.1,Randomized,1.0
5856,12,0.0,Naive,1.0
5857,12,0.1,Randomized,1.0
5858,12,0.0,Naive,1.0
5859,12,0.1,Randomized,1.0
5860,12,0.0,Naive,1.0
5861,12,0.1,Randomized,1.0
5862,12,0.0,Naive,1.0
5863,12,0.1,Randomized,1.0
5864,12,0.0,Naive,1.0
5865,12,0.1,Randomized,1.0
5866,12,0.0,Naive,1.0
5867,12,0.1,Randomized,1.0
5868,12,0.0,Naive,1.0
5869,12,0.1,Randomized,1.0
5870,12,0.0,Naive,1.0
5871,12,0.1,Randomized,1.0
5872,12,0.0,Naive,1.0
5873,12,0.1,Randomized,1.0
5874,12,0.0,Naive,1.0
5875,12,0.1,Randomized,1.0
5876,12,0.0,Naive,1.0
5877,12,0.1,Randomized,1.0
5878,12,0.0,Naive,1.0
5879,12,0.1,Randomized,1.0
5880,12,0.0,Naive,1.0
5881,12,0.1,Randomized,1.0
5882,12,0.0,Naive,1.0
5883,12,0.1,Randomized,1.0
5884,12,0.0,Naive,1.0
5885,12,0.1,Randomized,1.0
5886,12,0.0,Naive,1.0
5887,12,0.1,Randomized,1.0
5888,12,0.0,Naive,1.0
5889,12,0.1,Randomized,1.0
5890,12,0.0,Naive,1.0
5891,12,0.1,Randomized,1.0
5892,12,0.0,Naive,1.0
5893,12,0.1,Randomized,1.0
5894,12,0.0,Naive,1.0
5895,12,0.1,Randomized,1.0
5896,12,0.0,Naive,1.0
5897,12,0.1,Randomized,1.0
5898,12,0.0,Naive,1.0
5899,12,0.1,Randomized,1.0
5900,12,0.0,Naive,1.0
5901,12,0.1,Randomized,1.0
5902,12,0.0,Naive,1.0
5903,12,0.1,Randomized,1.0
5904,12,0.0,Naive,1.0
5905,12,0.1,Randomized,1.0
5906,12,0.0,Naive,1.0
5907,12,0.1,Randomized,1.0
5908,12,0.0,Naive,1.0
5909,12,0.1,Randomized,1.0
5910,12,0.0,Naive,1.0
5911,12,0.1,Randomized,1.0
5912,12,0.0,Naive,1.0
5913,12,0.1,Randomized,1.0
5914,12,0.0,Naive,1.0
5915,12,0.1,Randomized,1.0
5916,12,0.0,Naive,1.0
5917,12,0.1,Randomized,1.0
5918,12,0.0,Naive,1.0
5919,12,0.1,Randomized,1.0
5920,12,0.0,Naive,1.0
5921,12,0.1,Randomized,1.0
5922,12,0.0,Naive,1.0
5923,12,0.1,Randomized,1.0
5924,12,0.0,Naive,1.0
5925,12,0.1,Randomized,1.0
5926,12,0.0,Naive,1.0
5927,12,0.1,Randomized,1.0
5928,12,0.0,Naive,1.0
5929,12,0.1,Randomized,1.0
5930,12,0.0,Naive,1.0
5931,12,0.1,Randomized,1.0
5932,12,0.0,Naive,1.0
5933,12,0.1,Randomized,1.0
5934,12,0.0,Naive,1.0
5935,12,0.1,Randomized,1.0
5936,12,0.0,Naive,1.0
5937,12,0.1,Randomized,1.0
5938,12,0.0,Naive,1.0
5939,12,0.1,Randomized,1.0
5940,12,0.0,Naive,1.0
5941,12,0.1,Randomized,1.0
5942,12,0.0,Naive,1.0
5943,12,0.1,Randomized,1.0
5944,12,0.0,Naive,1.0
5945,12,0.1,Randomized,1.0
5946,12,0.0,Naive,1.0
5947,12,0.1,Randomized,1.0
5948,12,0.0,Naive,1.0
5949,12,0.1,Randomized,1.0
5950,12,0.0,Naive,1.0
5951,12,0.1,Randomized,1.0
5952,12,0.0,Naive,1.0
5953,12,0.1,Randomized,1.0
5954,12,0.0,Naive,1.0
5955,12,0.1,Randomized,1.0
5956,12,0.0,Naive,1.0
5957,12,0.1,Randomized,1.0
5958,12,0.0,Naive,1.0
5959,12,0.1,Randomized,1.0
5960,12,0.0,Naive,1.0
5961,12,0.1,Randomized,1.0
5962,12,0.0,Naive,1.0
5963,12,0.1,Randomized,1.0
5964,12,0.0,Naive,1.0
5965,12,0.1,Randomized,1.0
5966,12,0.0,Naive,1.0
5967,12,0.1,Randomized,1.0
5968,12,0.0,Naive,1.0
5969,12,0.1,Randomized,1.0
5970,12,0.0,Naive,1.0
5971,12,0.1,Randomized,1.0
5972,12,0.0,Naive,1.0
5973,12,0.1,Randomized,1.0
5974,12,0.0,Naive,1.0
5975,12,0.1,Randomized,1.0
5976,12,0.0,Naive,1.0
5977,12,0.1,Randomized,1.0
5978,12,0.0,Naive,1.0
5979,12,0.1,Randomized,1.0
5980,12,0.0,Naive,1.0
5981,12,0.1,Randomized,1.0
5982,12,0.0,Naive,1.0
5983,12,0.1,Randomized,1.0
5984,12,0.0,Naive,1.0
5985,12,0.1,Randomized,1.0
5986,12,0.0,Naive,1.0
5987,12,0.1,Randomized,1.0
5988,12,0.0,Naive,1.0
5989,12,0.1,Randomized,1.0
5990,12,0.0,Naive,1.0
5991,12,0.1,Randomized,1.0
5992,12,0.0,Naive,1.0
5993,12,0.1,Randomized,1.0
5994,12,0.0,Naive,1.0
5995,12,0.1,Randomized,1.0
5996,12,0.0,Naive,1.0
5997,12,0.1,Randomized,1.0
5998,12,0.0,Naive,1.0
5999,12,0.1,Randomized,1.0
6000,14,0.0,Naive,1.0
6001,14,0.1,Randomized,1.0
6002,14,0.0,Naive,1.0
6003,14,0.1,Randomized,1.0
6004,14,0.0,Naive,1.0
6005,14,0.1,Randomized,1.0
6006,14,0.0,Naive,1.0
6007,14,0.1,Randomized,1.0
6008,14,0.0,Naive,1.0
6009,14,0.1,Randomized,1.0
6010,14,0.0,Naive,1.0
6011,14,0.1,Randomized,1.0
6012,14,0.0,Naive,1.0
6013,14,0.1,Randomized,1.0
6014,14,0.0,Naive,1.0
6015,14,0.1,Randomized,1.0
6016,14,0.0,Naive,1.0
6017,14,0.1,Randomized,1.0
6018,14,0.0,Naive,1.0
6019,14,0.1,Randomized,1.0
6020,14,0.0,Naive,1.0
6021,14,0.1,Randomized,1.0
6022,14,0.0,Naive,1.0
6023,14,0.1,Randomized,1.0
6024,14,0.0,Naive,1.0
6025,14,0.1,Randomized,1.0
6026,14,0.0,Naive,1.0
6027,14,0.1,Randomized,1.0
6028,14,0.0,Naive,1.0
6029,14,0.1,Randomized,1.0
6030,14,0.0,Naive,1.0
6031,14,0.1,Randomized,1.0
6032,14,0.0,Naive,1.0
6033,14,0.1,Randomized,1.0
6034,14,0.0,Naive,1.0
6035,14,0.1,Randomized,1.0
6036,14,0.0,Naive,1.0
6037,14,0.1,Randomized,1.0
6038,14,0.0,Naive,1.0
6039,14,0.1,Randomized,1.0
6040,14,0.0,Naive,1.0
6041,14,0.1,Randomized,1.0
6042,14,0.0,Naive,1.0
6043,14,0.1,Randomized,1.0
6044,14,0.0,Naive,1.0
6045,14,0.1,Randomized,1.0
6046,14,0.0,Naive,1.0
6047,14,0.1,Randomized,1.0
6048,14,0.0,Naive,1.0
6049,14,0.1,Randomized,1.0
6050,14,0.0,Naive,1.0
6051,14,0.1,Randomized,1.0
6052,14,0.0,Naive,1.0
6053,14,0.1,Randomized,1.0
6054,14,0.0,Naive,1.0
6055,14,0.1,Randomized,1.0
6056,14,0.0,Naive,1.0
6057,14,0.1,Randomized,1.0
6058,14,0.0,Naive,1.0
6059,14,0.1,Randomized,1.0
6060,14,0.0,Naive,1.0
6061,14,0.1,Randomized,1.0
6062,14,0.0,Naive,1.0
6063,14,0.1,Randomized,1.0
6064,14,0.0,Naive,1.0
6065,14,0.1,Randomized,1.0
6066,14,0.0,Naive,1.0
6067,14,0.1,Randomized,1.0
6068,14,0.0,Naive,1.0
6069,14,0.1,Randomized,1.0
6070,14,0.0,Naive,1.0
6071,14,0.1,Randomized,1.0
6072,14,0.0,Naive,1.0
6073,14,0.1,Randomized,1.0
6074,14,0.0,Naive,1.0
6075,14,0.1,Randomized,1.0
6076,14,0.0,Naive,1.0
6077,14,0.1,Randomized,1.0
6078,14,0.0,Naive,1.0
6079,14,0.1,Randomized,1.0
6080,14,0.0,Naive,1.0
6081,14,0.1,Randomized,1.0
6082,14,0.0,Naive,1.0
6083,14,0.1,Randomized,1.0
6084,14,0.0,Naive,1.0
6085,14,0.1,Randomized,1.0
6086,14,0.0,Naive,1.0
6087,14,0.1,Randomized,1.0
6088,14,0.0,Naive,1.0
6089,14,0.1,Randomized,1.0
6090,14,0.0,Naive,1.0
6091,14,0.1,Randomized,1.0
6092,14,0.0,Naive,1.0
6093,14,0.1,Randomized,1.0
6094,14,0.0,Naive,1.0
6095,14,0.1,Randomized,1.0
6096,14,0.0,Naive,1.0
6097,14,0.1,Randomized,1.0
6098,14,0.0,Naive,1.0
6099,14,0.1,Randomized,1.0
6100,14,0.0,Naive,1.0
6101,14,0.1,Randomized,1.0
6102,14,0.0,Naive,1.0
6103,14,0.1,Randomized,1.0
6104,14,0.0,Naive,1.0
6105,14,0.1,Randomized,1.0
6106,14,0.0,Naive,1.0
6107,14,0.1,Randomized,1.0
6108,14,0.0,Naive,1.0
6109,14,0.1,Randomized,1.0
6110,14,0.0,Naive,1.0
6111,14,0.1,Randomized,1.0
6112,14,0.0,Naive,1.0
6113,14,0.1,Randomized,1.0
6114,14,0.0,Naive,1.0
6115,14,0.1,Randomized,1.0
6116,14,0.0,Naive,1.0
6117,14,0.1,Randomized,1.0
6118,14,0.0,Naive,1.0
6119,14,0.1,Randomized,1.0
6120,14,0.0,Naive,1.0
6121,14,0.1,Randomized,1.0
6122,14,0.0,Naive,1.0
6123,14,0.1,Randomized,1.0
6124,14,0.0,Naive,1.0
6125,14,0.1,Randomized,1.0
6126,14,0.0,Naive,1.0
6127,14,0.1,Randomized,1.0
6128,14,0.0,Naive,1.0
6129,14,0.1,Randomized,1.0
6130,14,0.0,Naive,1.0
6131,14,0.1,Randomized,1.0
6132,14,0.0,Naive,1.0
6133,14,0.1,Randomized,1.0
6134,14,0.0,Naive,1.0
6135,14,0.1,Randomized,1.0
6136,14,0.0,Naive,1.0
6137,14,0.1,Randomized,1.0
6138,14,0.0,Naive,1.0
6139,14,0.1,Randomized,1.0
6140,14,0.0,Naive,1.0
6141,14,0.1,Randomized,1.0
6142,14,0.0,Naive,1.0
6143,14,0.1,Randomized,1.0
6144,14,0.0,Naive,1.0
6145,14,0.1,Randomized,1.0
6146,14,0.0,Naive,1.0
6147,14,0.1,Randomized,1.0
6148,14,0.0,Naive,1.0
6149,14,0.1,Randomized,1.0
6150,14,0.0,Naive,1.0
6151,14,0.1,Randomized,1.0
6152,14,0.0,Naive,1.0
6153,14,0.1,Randomized,1.0
6154,14,0.0,Naive,1.0
6155,14,0.1,Randomized,1.0
6156,14,0.0,Naive,1.0
6157,14,0.1,Randomized,1.0
6158,14,0.0,Naive,1.0
6159,14,0.1,Randomized,1.0
6160,14,0.0,Naive,1.0
6161,14,0.1,Randomized,1.0
6162,14,0.0,Naive,1.0
6163,14,0.1,Randomized,1.0
6164,14,0.0,Naive,1.0
6165,14,0.1,Randomized,1.0
6166,14,0.0,Naive,1.0
6167,14,0.1,Randomized,1.0
6168,14,0.0,Naive,1.0
6169,14,0.1,Randomized,1.0
6170,14,0.0,Naive,1.0
6171,14,0.1,Randomized,1.0
6172,14,0.0,Naive,1.0
6173,14,0.1,Randomized,1.0
6174,14,0.0,Naive,1.0
6175,14,0.1,Randomized,1.0
6176,14,0.0,Naive,1.0
6177,14,0.1,Randomized,1.0
6178,14,0.0,Naive,1.0
6179,14,0.1,Randomized,1.0
6180,14,0.0,Naive,1.0
6181,14,0.1,Randomized,1.0
6182,14,0.0,Naive,1.0
6183,14,0.1,Randomized,1.0
6184,14,0.0,Naive,1.0
6185,14,0.1,Randomized,1.0
6186,14,0.0,Naive,1.0
6187,14,0.1,Randomized,1.0
6188,14,0.0,Naive,1.0
6189,14,0.1,Randomized,1.0
6190,14,0.0,Naive,1.0
6191,14,0.1,Randomized,1.0
6192,14,0.0,Naive,1.0
6193,14,0.1,Randomized,1.0
6194,14,0.0,Naive,1.0
6195,14,0.1,Randomized,1.0
6196,14,0.0,Naive,1.0
6197,14,0.1,Randomized,1.0
6198,14,0.0,Naive,1.0
6199,14,0.1,Randomized,1.0
6200,14,0.0,Naive,1.0
6201,14,0.1,Randomized,1.0
6202,14,0.0,Naive,1.0
6203,14,0.1,Randomized,1.0
6204,14,0.0,Naive,1.0
6205,14,0.1,Randomized,1.0
6206,14,0.0,Naive,1.0
6207,14,0.1,Randomized,1.0
6208,14,0.0,Naive,1.0
6209,14,0.1,Randomized,1.0
6210,14,0.0,Naive,1.0
6211,14,0.1,Randomized,1.0
6212,14,0.0,Naive,1.0
6213,14,0.1,Randomized,1.0
6214,14,0.0,Naive,1.0
6215,14,0.1,Randomized,1.0
6216,14,0.0,Naive,1.0
6217,14,0.1,Randomized,1.0
6218,14,0.0,Naive,1.0
6219,14,0.1,Randomized,1.0
6220,14,0.0,Naive,1.0
6221,14,0.1,Randomized,1.0
6222,14,0.0,Naive,1.0
6223,14,0.1,Randomized,1.0
6224,14,0.0,Naive,1.0
6225,14,0.1,Randomized,1.0
6226,14,0.0,Naive,1.0
6227,14,0.1,Randomized,1.0
6228,14,0.0,Naive,1.0
6229,14,0.1,Randomized,1.0
6230,14,0.0,Naive,1.0
6231,14,0.1,Randomized,1.0
6232,14,0.0,Naive,1.0
6233,14,0.1,Randomized,1.0
6234,14,0.0,Naive,1.0
6235,14,0.1,Randomized,1.0
6236,14,0.0,Naive,1.0
6237,14,0.1,Randomized,1.0
6238,14,0.0,Naive,1.0
6239,14,0.1,Randomized,1.0
6240,14,0.0,Naive,1.0
6241,14,0.1,Randomized,1.0
6242,14,0.0,Naive,1.0
6243,14,0.1,Randomized,1.0
6244,14,0.0,Naive,1.0
6245,14,0.1,Randomized,1.0
6246,14,0.0,Naive,1.0
6247,14,0.1,Randomized,1.0
6248,14,0.0,Naive,1.0
6249,14,0.1,Randomized,1.0
6250,14,0.0,Naive,1.0
6251,14,0.1,Randomized,1.0
6252,14,0.0,Naive,1.0
6253,14,0.1,Randomized,1.0
6254,14,0.0,Naive,1.0
6255,14,0.1,Randomized,1.0
6256,14,0.0,Naive,1.0
6257,14,0.1,Randomized,1.0
6258,14,0.0,Naive,1.0
6259,14,0.1,Randomized,1.0
6260,14,0.0,Naive,1.0
6261,14,0.1,Randomized,1.0
6262,14,0.0,Naive,1.0
6263,14,0.1,Randomized,1.0
6264,14,0.0,Naive,1.0
6265,14,0.1,Randomized,1.0
6266,14,0.0,Naive,1.0
6267,14,0.1,Randomized,1.0
6268,14,0.0,Naive,1.0
6269,14,0.1,Randomized,1.0
6270,14,0.0,Naive,1.0
6271,14,0.1,Randomized,1.0
6272,14,0.0,Naive,1.0
6273,14,0.1,Randomized,1.0
6274,14,0.0,Naive,1.0
6275,14,0.1,Randomized,1.0
6276,14,0.0,Naive,1.0
6277,14,0.1,Randomized,1.0
6278,14,0.0,Naive,1.0
6279,14,0.1,Randomized,1.0
6280,14,0.0,Naive,1.0
6281,14,0.1,Randomized,1.0
6282,14,0.0,Naive,1.0
6283,14,0.1,Randomized,1.0
6284,14,0.0,Naive,1.0
6285,14,0.1,Randomized,1.0
6286,14,0.0,Naive,1.0
6287,14,0.1,Randomized,1.0
6288,14,0.0,Naive,1.0
6289,14,0.1,Randomized,1.0
6290,14,0.0,Naive,1.0
6291,14,0.1,Randomized,1.0
6292,14,0.0,Naive,1.0
6293,14,0.1,Randomized,1.0
6294,14,0.0,Naive,1.0
6295,14,0.1,Randomized,1.0
6296,14,0.0,Naive,1.0
6297,14,0.1,Randomized,1.0
6298,14,0.0,Naive,1.0
6299,14,0.1,Randomized,1.0
6300,14,0.0,Naive,1.0
6301,14,0.1,Randomized,1.0
6302,14,0.0,Naive,1.0
6303,14,0.1,Randomized,1.0
6304,14,0.0,Naive,1.0
6305,14,0.1,Randomized,1.0
6306,14,0.0,Naive,1.0
6307,14,0.1,Randomized,1.0
6308,14,0.0,Naive,1.0
6309,14,0.1,Randomized,1.0
6310,14,0.0,Naive,1.0
6311,14,0.1,Randomized,1.0
6312,14,0.0,Naive,1.0
6313,14,0.1,Randomized,1.0
6314,14,0.0,Naive,1.0
6315,14,0.1,Randomized,1.0
6316,14,0.0,Naive,1.0
6317,14,0.1,Randomized,1.0
6318,14,0.0,Naive,1.0
6319,14,0.1,Randomized,1.0
6320,14,0.0,Naive,1.0
6321,14,0.1,Randomized,1.0
6322,14,0.0,Naive,1.0
6323,14,0.1,Randomized,1.0
6324,14,0.0,Naive,1.0
6325,14,0.1,Randomized,1.0
6326,14,0.0,Naive,1.0
6327,14,0.1,Randomized,1.0
6328,14,0.0,Naive,1.0
6329,14,0.1,Randomized,1.0
6330,14,0.0,Naive,1.0
6331,14,0.1,Randomized,1.0
6332,14,0.0,Naive,1.0
6333,14,0.1,Randomized,1.0
6334,14,0.0,Naive,1.0
6335,14,0.1,Randomized,1.0
6336,14,0.0,Naive,1.0
6337,14,0.1,Randomized,1.0
6338,14,0.0,Naive,1.0
6339,14,0.1,Randomized,1.0
6340,14,0.0,Naive,1.0
6341,14,0.1,Randomized,1.0
6342,14,0.0,Naive,1.0
6343,14,0.1,Randomized,1.0
6344,14,0.0,Naive,1.0
6345,14,0.1,Randomized,1.0
6346,14,0.0,Naive,1.0
6347,14,0.1,Randomized,1.0
6348,14,0.0,Naive,1.0
6349,14,0.1,Randomized,1.0
6350,14,0.0,Naive,1.0
6351,14,0.1,Randomized,1.0
6352,14,0.0,Naive,1.0
6353,14,0.1,Randomized,1.0
6354,14,0.0,Naive,1.0
6355,14,0.1,Randomized,1.0
6356,14,0.0,Naive,1.0
6357,14,0.1,Randomized,1.0
6358,14,0.0,Naive,1.0
6359,14,0.1,Randomized,1.0
6360,14,0.0,Naive,1.0
6361,14,0.1,Randomized,1.0
6362,14,0.0,Naive,1.0
6363,14,0.1,Randomized,1.0
6364,14,0.0,Naive,1.0
6365,14,0.1,Randomized,1.0
6366,14,0.0,Naive,1.0
6367,14,0.1,Randomized,1.0
6368,14,0.0,Naive,1.0
6369,14,0.1,Randomized,1.0
6370,14,0.0,Naive,1.0
6371,14,0.1,Randomized,1.0
6372,14,0.0,Naive,1.0
6373,14,0.1,Randomized,1.0
6374,14,0.0,Naive,1.0
6375,14,0.1,Randomized,1.0
6376,14,0.0,Naive,1.0
6377,14,0.1,Randomized,1.0
6378,14,0.0,Naive,1.0
6379,14,0.1,Randomized,1.0
6380,14,0.0,Naive,1.0
6381,14,0.1,Randomized,1.0
6382,14,0.0,Naive,1.0
6383,14,0.1,Randomized,1.0
6384,14,0.0,Naive,1.0
6385,14,0.1,Randomized,1.0
6386,14,0.0,Naive,1.0
6387,14,0.1,Randomized,1.0
6388,14,0.0,Naive,1.0
6389,14,0.1,Randomized,1.0
6390,14,0.0,Naive,1.0
6391,14,0.1,Randomized,1.0
6392,14,0.0,Naive,1.0
6393,14,0.1,Randomized,1.0
6394,14,0.0,Naive,1.0
6395,14,0.1,Randomized,1.0
6396,14,0.0,Naive,1.0
6397,14,0.1,Randomized,1.0
6398,14,0.0,Naive,1.0
6399,14,0.1,Randomized,1.0
6400,14,0.0,Naive,1.0
6401,14,0.1,Randomized,1.0
6402,14,0.0,Naive,1.0
6403,14,0.1,Randomized,1.0
6404,14,0.0,Naive,1.0
6405,14,0.1,Randomized,1.0
6406,14,0.0,Naive,1.0
6407,14,0.1,Randomized,1.0
6408,14,0.0,Naive,1.0
6409,14,0.1,Randomized,1.0
6410,14,0.0,Naive,1.0
6411,14,0.1,Randomized,1.0
6412,14,0.0,Naive,1.0
6413,14,0.1,Randomized,1.0
6414,14,0.0,Naive,1.0
6415,14,0.1,Randomized,1.0
6416,14,0.0,Naive,1.0
6417,14,0.1,Randomized,1.0
6418,14,0.0,Naive,1.0
6419,14,0.1,Randomized,1.0
6420,14,0.0,Naive,1.0
6421,14,0.1,Randomized,1.0
6422,14,0.0,Naive,1.0
6423,14,0.1,Randomized,1.0
6424,14,0.0,Naive,1.0
6425,14,0.1,Randomized,1.0
6426,14,0.0,Naive,1.0
6427,14,0.1,Randomized,1.0
6428,14,0.0,Naive,1.0
6429,14,0.1,Randomized,1.0
6430,14,0.0,Naive,1.0
6431,14,0.1,Randomized,1.0
6432,14,0.0,Naive,1.0
6433,14,0.1,Randomized,1.0
6434,14,0.0,Naive,1.0
6435,14,0.1,Randomized,1.0
6436,14,0.0,Naive,1.0
6437,14,0.1,Randomized,1.0
6438,14,0.0,Naive,1.0
6439,14,0.1,Randomized,1.0
6440,14,0.0,Naive,1.0
6441,14,0.1,Randomized,1.0
6442,14,0.0,Naive,1.0
6443,14,0.1,Randomized,1.0
6444,14,0.0,Naive,1.0
6445,14,0.1,Randomized,1.0
6446,14,0.0,Naive,1.0
6447,14,0.1,Randomized,1.0
6448,14,0.0,Naive,1.0
6449,14,0.1,Randomized,1.0
6450,14,0.0,Naive,1.0
6451,14,0.1,Randomized,1.0
6452,14,0.0,Naive,1.0
6453,14,0.1,Randomized,1.0
6454,14,0.0,Naive,1.0
6455,14,0.1,Randomized,1.0
6456,14,0.0,Naive,1.0
6457,14,0.1,Randomized,1.0
6458,14,0.0,Naive,1.0
6459,14,0.1,Randomized,1.0
6460,14,0.0,Naive,1.0
6461,14,0.1,Randomized,1.0
6462,14,0.0,Naive,1.0
6463,14,0.1,Randomized,1.0
6464,14,0.0,Naive,1.0
6465,14,0.1,Randomized,1.0
6466,14,0.0,Naive,1.0
6467,14,0.1,Randomized,1.0
6468,14,0.0,Naive,1.0
6469,14,0.1,Randomized,1.0
6470,14,0.0,Naive,1.0
6471,14,0.1,Randomized,1.0
6472,14,0.0,Naive,1.0
6473,14,0.1,Randomized,1.0
6474,14,0.0,Naive,1.0
6475,14,0.1,Randomized,1.0
6476,14,0.0,Naive,1.0
6477,14,0.1,Randomized,1.0
6478,14,0.0,Naive,1.0
6479,14,0.1,Randomized,1.0
6480,14,0.0,Naive,1.0
6481,14,0.1,Randomized,1.0
6482,14,0.0,Naive,1.0
6483,14,0.1,Randomized,1.0
6484,14,0.0,Naive,1.0
6485,14,0.1,Randomized,1.0
6486,14,0.0,Naive,1.0
6487,14,0.1,Randomized,1.0
6488,14,0.0,Naive,1.0
6489,14,0.1,Randomized,1.0
6490,14,0.0,Naive,1.0
6491,14,0.1,Randomized,1.0
6492,14,0.0,Naive,1.0
6493,14,0.1,Randomized,1.0
6494,14,0.0,Naive,1.0
6495,14,0.1,Randomized,1.0
6496,14,0.0,Naive,1.0
6497,14,0.1,Randomized,1.0
6498,14,0.0,Naive,1.0
6499,14,0.1,Randomized,1.0
6500,14,0.0,Naive,1.0
6501,14,0.1,Randomized,1.0
6502,14,0.0,Naive,1.0
6503,14,0.1,Randomized,1.0
6504,14,0.0,Naive,1.0
6505,14,0.1,Randomized,1.0
6506,14,0.0,Naive,1.0
6507,14,0.1,Randomized,1.0
6508,14,0.0,Naive,1.0
6509,14,0.1,Randomized,1.0
6510,14,0.0,Naive,1.0
6511,14,0.1,Randomized,1.0
6512,14,0.0,Naive,1.0
6513,14,0.1,Randomized,1.0
6514,14,0.0,Naive,1.0
6515,14,0.1,Randomized,1.0
6516,14,0.0,Naive,1.0
6517,14,0.1,Randomized,1.0
6518,14,0.0,Naive,1.0
6519,14,0.1,Randomized,1.0
6520,14,0.0,Naive,1.0
6521,14,0.1,Randomized,1.0
6522,14,0.0,Naive,1.0
6523,14,0.1,Randomized,1.0
6524,14,0.0,Naive,1.0
6525,14,0.1,Randomized,1.0
6526,14,0.0,Naive,1.0
6527,14,0.1,Randomized,1.0
6528,14,0.0,Naive,1.0
6529,14,0.1,Randomized,1.0
6530,14,0.0,Naive,1.0
6531,14,0.1,Randomized,1.0
6532,14,0.0,Naive,1.0
6533,14,0.1,Randomized,1.0
6534,14,0.0,Naive,1.0
6535,14,0.1,Randomized,1.0
6536,14,0.0,Naive,1.0
6537,14,0.1,Randomized,1.0
6538,14,0.0,Naive,1.0
6539,14,0.1,Randomized,1.0
6540,14,0.0,Naive,1.0
6541,14,0.1,Randomized,1.0
6542,14,0.0,Naive,1.0
6543,14,0.1,Randomized,1.0
6544,14,0.0,Naive,1.0
6545,14,0.1,Randomized,1.0
6546,14,0.0,Naive,1.0
6547,14,0.1,Randomized,1.0
6548,14,0.0,Naive,1.0
6549,14,0.1,Randomized,1.0
6550,14,0.0,Naive,1.0
6551,14,0.1,Randomized,1.0
6552,14,0.0,Naive,1.0
6553,14,0.1,Randomized,1.0
6554,14,0.0,Naive,1.0
6555,14,0.1,Randomized,1.0
6556,14,0.0,Naive,1.0
6557,14,0.1,Randomized,1.0
6558,14,0.0,Naive,1.0
6559,14,0.1,Randomized,1.0
6560,14,0.0,Naive,1.0
6561,14,0.1,Randomized,1.0
6562,14,0.0,Naive,1.0
6563,14,0.1,Randomized,1.0
6564,14,0.0,Naive,1.0
6565,14,0.1,Randomized,1.0
6566,14,0.0,Naive,1.0
6567,14,0.1,Randomized,1.0
6568,14,0.0,Naive,1.0
6569,14,0.1,Randomized,1.0
6570,14,0.0,Naive,1.0
6571,14,0.1,Randomized,1.0
6572,14,0.0,Naive,1.0
6573,14,0.1,Randomized,1.0
6574,14,0.0,Naive,1.0
6575,14,0.1,Randomized,1.0
6576,14,0.0,Naive,1.0
6577,14,0.1,Randomized,1.0
6578,14,0.0,Naive,1.0
6579,14,0.1,Randomized,1.0
6580,14,0.0,Naive,1.0
6581,14,0.1,Randomized,1.0
6582,14,0.0,Naive,1.0
6583,14,0.1,Randomized,1.0
6584,14,0.0,Naive,1.0
6585,14,0.1,Randomized,1.0
6586,14,0.0,Naive,1.0
6587,14,0.1,Randomized,1.0
6588,14,0.0,Naive,1.0
6589,14,0.1,Randomized,1.0
6590,14,0.0,Naive,1.0
6591,14,0.1,Randomized,1.0
6592,14,0.0,Naive,1.0
6593,14,0.1,Randomized,1.0
6594,14,0.0,Naive,1.0
6595,14,0.1,Randomized,1.0
6596,14,0.0,Naive,1.0
6597,14,0.1,Randomized,1.0
6598,14,0.0,Naive,1.0
6599,14,0.1,Randomized,1.0
6600,14,0.0,Naive,1.0
6601,14,0.1,Randomized,1.0
6602,14,0.0,Naive,1.0
6603,14,0.1,Randomized,1.0
6604,14,0.0,Naive,1.0
6605,14,0.1,Randomized,1.0
6606,14,0.0,Naive,1.0
6607,14,0.1,Randomized,1.0
6608,14,0.0,Naive,1.0
6609,14,0.1,Randomized,1.0
6610,14,0.0,Naive,1.0
6611,14,0.1,Randomized,1.0
6612,14,0.0,Naive,1.0
6613,14,0.1,Randomized,1.0
6614,14,0.0,Naive,1.0
6615,14,0.1,Randomized,1.0
6616,14,0.0,Naive,1.0
6617,14,0.1,Randomized,1.0
6618,14,0.0,Naive,1.0
6619,14,0.1,Randomized,1.0
6620,14,0.0,Naive,1.0
6621,14,0.1,Randomized,1.0
6622,14,0.0,Naive,1.0
6623,14,0.1,Randomized,1.0
6624,14,0.0,Naive,1.0
6625,14,0.1,Randomized,1.0
6626,14,0.0,Naive,1.0
6627,14,0.1,Randomized,1.0
6628,14,0.0,Naive,1.0
6629,14,0.1,Randomized,1.0
6630,14,0.0,Naive,1.0
6631,14,0.1,Randomized,1.0
6632,14,0.0,Naive,1.0
6633,14,0.1,Randomized,1.0
6634,14,0.0,Naive,1.0
6635,14,0.1,Randomized,1.0
6636,14,0.0,Naive,1.0
6637,14,0.1,Randomized,1.0
6638,14,0.0,Naive,1.0
6639,14,0.1,Randomized,1.0
6640,14,0.0,Naive,1.0
6641,14,0.1,Randomized,1.0
6642,14,0.0,Naive,1.0
6643,14,0.1,Randomized,1.0
6644,14,0.0,Naive,1.0
6645,14,0.1,Randomized,1.0
6646,14,0.0,Naive,1.0
6647,14,0.1,Randomized,1.0
6648,14,0.0,Naive,1.0
6649,14,0.1,Randomized,1.0
6650,14,0.0,Naive,1.0
6651,14,0.1,Randomized,1.0
6652,14,0.0,Naive,1.0
6653,14,0.1,Randomized,1.0
6654,14,0.0,Naive,1.0
6655,14,0.1,Randomized,1.0
6656,14,0.0,Naive,1.0
6657,14,0.1,Randomized,1.0
6658,14,0.0,Naive,1.0
6659,14,0.1,Randomized,1.0
6660,14,0.0,Naive,1.0
6661,14,0.1,Randomized,1.0
6662,14,0.0,Naive,1.0
6663,14,0.1,Randomized,1.0
6664,14,0.0,Naive,1.0
6665,14,0.1,Randomized,1.0
6666,14,0.0,Naive,1.0
6667,14,0.1,Randomized,1.0
6668,14,0.0,Naive,1.0
6669,14,0.1,Randomized,1.0
6670,14,0.0,Naive,1.0
6671,14,0.1,Randomized,1.0
6672,14,0.0,Naive,1.0
6673,14,0.1,Randomized,1.0
6674,14,0.0,Naive,1.0
6675,14,0.1,Randomized,1.0
6676,14,0.0,Naive,1.0
6677,14,0.1,Randomized,1.0
6678,14,0.0,Naive,1.0
6679,14,0.1,Randomized,1.0
6680,14,0.0,Naive,1.0
6681,14,0.1,Randomized,1.0
6682,14,0.0,Naive,1.0
6683,14,0.1,Randomized,1.0
6684,14,0.0,Naive,1.0
6685,14,0.1,Randomized,1.0
6686,14,0.0,Naive,1.0
6687,14,0.1,Randomized,1.0
6688,14,0.0,Naive,1.0
6689,14,0.1,Randomized,1.0
6690,14,0.0,Naive,1.0
6691,14,0.1,Randomized,1.0
6692,14,0.0,Naive,1.0
6693,14,0.1,Randomized,1.0
6694,14,0.0,Naive,1.0
6695,14,0.1,Randomized,1.0
6696,14,0.0,Naive,1.0
6697,14,0.1,Randomized,1.0
6698,14,0.0,Naive,1.0
6699,14,0.1,Randomized,1.0
6700,14,0.0,Naive,1.0
6701,14,0.1,Randomized,1.0
6702,14,0.0,Naive,1.0
6703,14,0.1,Randomized,1.0
6704,14,0.0,Naive,1.0
6705,14,0.1,Randomized,1.0
6706,14,0.0,Naive,1.0
6707,14,0.1,Randomized,1.0
6708,14,0.0,Naive,1.0
6709,14,0.1,Randomized,1.0
6710,14,0.0,Naive,1.0
6711,14,0.1,Randomized,1.0
6712,14,0.0,Naive,1.0
6713,14,0.1,Randomized,1.0
6714,14,0.0,Naive,1.0
6715,14,0.1,Randomized,1.0
6716,14,0.0,Naive,1.0
6717,14,0.1,Randomized,1.0
6718,14,0.0,Naive,1.0
6719,14,0.1,Randomized,1.0
6720,14,0.0,Naive,1.0
6721,14,0.1,Randomized,1.0
6722,14,0.0,Naive,1.0
6723,14,0.1,Randomized,1.0
6724,14,0.0,Naive,1.0
6725,14,0.1,Randomized,1.0
6726,14,0.0,Naive,1.0
6727,14,0.1,Randomized,1.0
6728,14,0.0,Naive,1.0
6729,14,0.1,Randomized,1.0
6730,14,0.0,Naive,1.0
6731,14,0.1,Randomized,1.0
6732,14,0.0,Naive,1.0
6733,14,0.1,Randomized,1.0
6734,14,0.0,Naive,1.0
6735,14,0.1,Randomized,1.0
6736,14,0.0,Naive,1.0
6737,14,0.1,Randomized,1.0
6738,14,0.0,Naive,1.0
6739,14,0.1,Randomized,1.0
6740,14,0.0,Naive,1.0
6741,14,0.1,Randomized,1.0
6742,14,0.0,Naive,1.0
6743,14,0.1,Randomized,1.0
6744,14,0.0,Naive,1.0
6745,14,0.1,Randomized,1.0
6746,14,0.0,Naive,1.0
6747,14,0.1,Randomized,1.0
6748,14,0.0,Naive,1.0
6749,14,0.1,Randomized,1.0
6750,14,0.0,Naive,1.0
6751,14,0.1,Randomized,1.0
6752,14,0.0,Naive,1.0
6753,14,0.1,Randomized,1.0
6754,14,0.0,Naive,1.0
6755,14,0.1,Randomized,1.0
6756,14,0.0,Naive,1.0
6757,14,0.1,Randomized,1.0
6758,14,0.0,Naive,1.0
6759,14,0.1,Randomized,1.0
6760,14,0.0,Naive,1.0
6761,14,0.1,Randomized,1.0
6762,14,0.0,Naive,1.0
6763,14,0.1,Randomized,1.0
6764,14,0.0,Naive,1.0
6765,14,0.1,Randomized,1.0
6766,14,0.0,Naive,1.0
6767,14,0.1,Randomized,1.0
6768,14,0.0,Naive,1.0
6769,14,0.1,Randomized,1.0
6770,14,0.0,Naive,1.0
6771,14,0.1,Randomized,1.0
6772,14,0.0,Naive,1.0
6773,14,0.1,Randomized,1.0
6774,14,0.0,Naive,1.0
6775,14,0.1,Randomized,1.0
6776,14,0.0,Naive,1.0
6777,14,0.1,Randomized,1.0
6778,14,0.0,Naive,1.0
6779,14,0.1,Randomized,1.0
6780,14,0.0,Naive,1.0
6781,14,0.1,Randomized,1.0
6782,14,0.0,Naive,1.0
6783,14,0.1,Randomized,1.0
6784,14,0.0,Naive,1.0
6785,14,0.1,Randomized,1.0
6786,14,0.0,Naive,1.0
6787,14,0.1,Randomized,1.0
6788,14,0.0,Naive,1.0
6789,14,0.1,Randomized,1.0
6790,14,0.0,Naive,1.0
6791,14,0.1,Randomized,1.0
6792,14,0.0,Naive,1.0
6793,14,0.1,Randomized,1.0
6794,14,0.0,Naive,1.0
6795,14,0.1,Randomized,1.0
6796,14,0.0,Naive,1.0
6797,14,0.1,Randomized,1.0
6798,14,0.0,Naive,1.0
6799,14,0.1,Randomized,1.0
6800,14,0.0,Naive,1.0
6801,14,0.1,Randomized,1.0
6802,14,0.0,Naive,1.0
6803,14,0.1,Randomized,1.0
6804,14,0.0,Naive,1.0
6805,14,0.1,Randomized,1.0
6806,14,0.0,Naive,1.0
6807,14,0.1,Randomized,1.0
6808,14,0.0,Naive,1.0
6809,14,0.1,Randomized,1.0
6810,14,0.0,Naive,1.0
6811,14,0.1,Randomized,1.0
6812,14,0.0,Naive,1.0
6813,14,0.1,Randomized,1.0
6814,14,0.0,Naive,1.0
6815,14,0.1,Randomized,1.0
6816,14,0.0,Naive,1.0
6817,14,0.1,Randomized,1.0
6818,14,0.0,Naive,1.0
6819,14,0.1,Randomized,1.0
6820,14,0.0,Naive,1.0
6821,14,0.1,Randomized,1.0
6822,14,0.0,Naive,1.0
6823,14,0.1,Randomized,1.0
6824,14,0.0,Naive,1.0
6825,14,0.1,Randomized,1.0
6826,14,0.0,Naive,1.0
6827,14,0.1,Randomized,1.0
6828,14,0.0,Naive,1.0
6829,14,0.1,Randomized,1.0
6830,14,0.0,Naive,1.0
6831,14,0.1,Randomized,1.0
6832,14,0.0,Naive,1.0
6833,14,0.1,Randomized,1.0
6834,14,0.0,Naive,1.0
6835,14,0.1,Randomized,1.0
6836,14,0.0,Naive,1.0
6837,14,0.1,Randomized,1.0
6838,14,0.0,Naive,1.0
6839,14,0.1,Randomized,1.0
6840,14,0.0,Naive,1.0
6841,14,0.1,Randomized,1.0
6842,14,0.0,Naive,1.0
6843,14,0.1,Randomized,1.0
6844,14,0.0,Naive,1.0
6845,14,0.1,Randomized,1.0
6846,14,0.0,Naive,1.0
6847,14,0.1,Randomized,1.0
6848,14,0.0,Naive,1.0
6849,14,0.1,Randomized,1.0
6850,14,0.0,Naive,1.0
6851,14,0.1,Randomized,1.0
6852,14,0.0,Naive,1.0
6853,14,0.1,Randomized,1.0
6854,14,0.0,Naive,1.0
6855,14,0.1,Randomized,1.0
6856,14,0.0,Naive,1.0
6857,14,0.1,Randomized,1.0
6858,14,0.0,Naive,1.0
6859,14,0.1,Randomized,1.0
6860,14,0.0,Naive,1.0
6861,14,0.1,Randomized,1.0
6862,14,0.0,Naive,1.0
6863,14,0.1,Randomized,1.0
6864,14,0.0,Naive,1.0
6865,14,0.1,Randomized,1.0
6866,14,0.0,Naive,1.0
6867,14,0.1,Randomized,1.0
6868,14,0.0,Naive,1.0
6869,14,0.1,Randomized,1.0
6870,14,0.0,Naive,1.0
6871,14,0.1,Randomized,1.0
6872,14,0.0,Naive,1.0
6873,14,0.1,Randomized,1.0
6874,14,0.0,Naive,1.0
6875,14,0.1,Randomized,1.0
6876,14,0.0,Naive,1.0
6877,14,0.1,Randomized,1.0
6878,14,0.0,Naive,1.0
6879,14,0.1,Randomized,1.0
6880,14,0.0,Naive,1.0
6881,14,0.1,Randomized,1.0
6882,14,0.0,Naive,1.0
6883,14,0.1,Randomized,1.0
6884,14,0.0,Naive,1.0
6885,14,0.1,Randomized,1.0
6886,14,0.0,Naive,1.0
6887,14,0.1,Randomized,1.0
6888,14,0.0,Naive,1.0
6889,14,0.1,Randomized,1.0
6890,14,0.0,Naive,1.0
6891,14,0.1,Randomized,1.0
6892,14,0.0,Naive,1.0
6893,14,0.1,Randomized,1.0
6894,14,0.0,Naive,1.0
6895,14,0.1,Randomized,1.0
6896,14,0.0,Naive,1.0
6897,14,0.1,Randomized,1.0
6898,14,0.0,Naive,1.0
6899,14,0.1,Randomized,1.0
6900,14,0.0,Naive,1.0
6901,14,0.1,Randomized,1.0
6902,14,0.0,Naive,1.0
6903,14,0.1,Randomized,1.0
6904,14,0.0,Naive,1.0
6905,14,0.1,Randomized,1.0
6906,14,0.0,Naive,1.0
6907,14,0.1,Randomized,1.0
6908,14,0.0,Naive,1.0
6909,14,0.1,Randomized,1.0
6910,14,0.0,Naive,1.0
6911,14,0.1,Randomized,1.0
6912,14,0.0,Naive,1.0
6913,14,0.1,Randomized,1.0
6914,14,0.0,Naive,1.0
6915,14,0.1,Randomized,1.0
6916,14,0.0,Naive,1.0
6917,14,0.1,Randomized,1.0
6918,14,0.0,Naive,1.0
6919,14,0.1,Randomized,1.0
6920,14,0.0,Naive,1.0
6921,14,0.1,Randomized,1.0
6922,14,0.0,Naive,1.0
6923,14,0.1,Randomized,1.0
6924,14,0.0,Naive,1.0
6925,14,0.1,Randomized,1.0
6926,14,0.0,Naive,1.0
6927,14,0.1,Randomized,1.0
6928,14,0.0,Naive,1.0
6929,14,0.1,Randomized,1.0
6930,14,0.0,Naive,1.0
6931,14,0.1,Randomized,1.0
6932,14,0.0,Naive,1.0
6933,14,0.1,Randomized,1.0
6934,14,0.0,Naive,1.0
6935,14,0.1,Randomized,1.0
6936,14,0.0,Naive,1.0
6937,14,0.1,Randomized,1.0
6938,14,0.0,Naive,1.0
6939,14,0.1,Randomized,1.0
6940,14,0.0,Naive,1.0
6941,14,0.1,Randomized,1.0
6942,14,0.0,Naive,1.0
6943,14,0.1,Randomized,1.0
6944,14,0.0,Naive,1.0
6945,14,0.1,Randomized,1.0
6946,14,0.0,Naive,1.0
6947,14,0.1,Randomized,1.0
6948,14,0.0,Naive,1.0
6949,14,0.1,Randomized,1.0
6950,14,0.0,Naive,1.0
6951,14,0.1,Randomized,1.0
6952,14,0.0,Naive,1.0
6953,14,0.1,Randomized,1.0
6954,14,0.0,Naive,1.0
6955,14,0.1,Randomized,1.0
6956,14,0.0,Naive,1.0
6957,14,0.1,Randomized,1.0
6958,14,0.0,Naive,1.0
6959,14,0.1,Randomized,1.0
6960,14,0.0,Naive,1.0
6961,14,0.1,Randomized,1.0
6962,14,0.0,Naive,1.0
6963,14,0.1,Randomized,1.0
6964,14,0.0,Naive,1.0
6965,14,0.1,Randomized,1.0
6966,14,0.0,Naive,1.0
6967,14,0.1,Randomized,1.0
6968,14,0.0,Naive,1.0
6969,14,0.1,Randomized,1.0
6970,14,0.0,Naive,1.0
6971,14,0.1,Randomized,1.0
6972,14,0.0,Naive,1.0
6973,14,0.1,Randomized,1.0
6974,14,0.0,Naive,1.0
6975,14,0.1,Randomized,1.0
6976,14,0.0,Naive,1.0
6977,14,0.1,Randomized,1.0
6978,14,0.0,Naive,1.0
6979,14,0.1,Randomized,1.0
6980,14,0.0,Naive,1.0
6981,14,0.1,Randomized,1.0
6982,14,0.0,Naive,1.0
6983,14,0.1,Randomized,1.0
6984,14,0.0,Naive,1.0
6985,14,0.1,Randomized,1.0
6986,14,0.0,Naive,1.0
6987,14,0.1,Randomized,1.0
6988,14,0.0,Naive,1.0
6989,14,0.1,Randomized,1.0
6990,14,0.0,Naive,1.0
6991,14,0.1,Randomized,1.0
6992,14,0.0,Naive,1.0
6993,14,0.1,Randomized,1.0
6994,14,0.0,Naive,1.0
6995,14,0.1,Randomized,1.0
6996,14,0.0,Naive,1.0
6997,14,0.1,Randomized,1.0
6998,14,0.0,Naive,1.0
6999,14,0.1,Randomized,1.0
