,delta,Tau,Method,Recovery
0,2,0.0,Naive,0
1,2,0.1,Randomized,0
2,2,0.0,Naive,0
3,2,0.1,Randomized,0
4,2,0.0,Naive,0
5,2,0.1,Randomized,0
6,2,0.0,Naive,0
7,2,0.1,Randomized,0
8,2,0.0,Naive,0
9,2,0.1,Randomized,0
10,2,0.0,Naive,0
11,2,0.1,Randomized,0
12,2,0.0,Naive,0
13,2,0.1,Randomized,0
14,2,0.0,Naive,0
15,2,0.1,Randomized,0
16,2,0.0,Naive,0
17,2,0.1,Randomized,0
18,2,0.0,Naive,0
19,2,0.1,Randomized,0
20,2,0.0,Naive,0
21,2,0.1,Randomized,0
22,2,0.0,Naive,0
23,2,0.1,Randomized,0
24,2,0.0,Naive,0
25,2,0.1,Randomized,0
26,2,0.0,Naive,0
27,2,0.1,Randomized,0
28,2,0.0,Naive,0
29,2,0.1,Randomized,0
30,2,0.0,Naive,0
31,2,0.1,Randomized,0
32,2,0.0,Naive,0
33,2,0.1,Randomized,0
34,2,0.0,Naive,0
35,2,0.1,Randomized,0
36,2,0.0,Naive,0
37,2,0.1,Randomized,0
38,2,0.0,Naive,0
39,2,0.1,Randomized,0
40,2,0.0,Naive,0
41,2,0.1,Randomized,0
42,2,0.0,Naive,0
43,2,0.1,Randomized,0
44,2,0.0,Naive,0
45,2,0.1,Randomized,0
46,2,0.0,Naive,0
47,2,0.1,Randomized,0
48,2,0.0,Naive,0
49,2,0.1,Randomized,0
50,2,0.0,Naive,0
51,2,0.1,Randomized,0
52,2,0.0,Naive,0
53,2,0.1,Randomized,0
54,2,0.0,Naive,0
55,2,0.1,Randomized,0
56,2,0.0,Naive,0
57,2,0.1,Randomized,0
58,2,0.0,Naive,0
59,2,0.1,Randomized,0
60,2,0.0,Naive,0
61,2,0.1,Randomized,0
62,2,0.0,Naive,0
63,2,0.1,Randomized,0
64,2,0.0,Naive,0
65,2,0.1,Randomized,0
66,2,0.0,Naive,0
67,2,0.1,Randomized,0
68,2,0.0,Naive,0
69,2,0.1,Randomized,0
70,2,0.0,Naive,0
71,2,0.1,Randomized,0
72,2,0.0,Naive,0
73,2,0.1,Randomized,0
74,2,0.0,Naive,0
75,2,0.1,Randomized,0
76,2,0.0,Naive,0
77,2,0.1,Randomized,0
78,2,0.0,Naive,0
79,2,0.1,Randomized,0
80,2,0.0,Naive,0
81,2,0.1,Randomized,0
82,2,0.0,Naive,0
83,2,0.1,Randomized,0
84,2,0.0,Naive,0
85,2,0.1,Randomized,0
86,2,0.0,Naive,0
87,2,0.1,Randomized,0
88,2,0.0,Naive,0
89,2,0.1,Randomized,0
90,2,0.0,Naive,0
91,2,0.1,Randomized,0
92,2,0.0,Naive,0
93,2,0.1,Randomized,0
94,2,0.0,Naive,0
95,2,0.1,Randomized,0
96,2,0.0,Naive,0
97,2,0.1,Randomized,0
98,2,0.0,Naive,0
99,2,0.1,Randomized,0
100,2,0.0,Naive,0
101,2,0.1,Randomized,0
102,2,0.0,Naive,0
103,2,0.1,Randomized,0
104,2,0.0,Naive,0
105,2,0.1,Randomized,0
106,2,0.0,Naive,0
107,2,0.1,Randomized,0
108,2,0.0,Naive,0
109,2,0.1,Randomized,0
110,2,0.0,Naive,0
111,2,0.1,Randomized,0
112,2,0.0,Naive,0
113,2,0.1,Randomized,0
114,2,0.0,Naive,0
115,2,0.1,Randomized,0
116,2,0.0,Naive,0
117,2,0.1,Randomized,0
118,2,0.0,Naive,0
119,2,0.1,Randomized,0
120,2,0.0,Naive,0
121,2,0.1,Randomized,0
122,2,0.0,Naive,0
123,2,0.1,Randomized,0
124,2,0.0,Naive,0
125,2,0.1,Randomized,0
126,2,0.0,Naive,0
127,2,0.1,Randomized,0
128,2,0.0,Naive,0
129,2,0.1,Randomized,0
130,2,0.0,Naive,0
131,2,0.1,Randomized,0
132,2,0.0,Naive,0
133,2,0.1,Randomized,0
134,2,0.0,Naive,0
135,2,0.1,Randomized,0
136,2,0.0,Naive,0
137,2,0.1,Randomized,0
138,2,0.0,Naive,0
139,2,0.1,Randomized,0
140,2,0.0,Naive,0
141,2,0.1,Randomized,0
142,2,0.0,Naive,0
143,2,0.1,Randomized,0
144,2,0.0,Naive,0
145,2,0.1,Randomized,0
146,2,0.0,Naive,0
147,2,0.1,Randomized,0
148,2,0.0,Naive,0
149,2,0.1,Randomized,0
150,2,0.0,Naive,0
151,2,0.1,Randomized,0
152,2,0.0,Naive,0
153,2,0.1,Randomized,0
154,2,0.0,Naive,0
155,2,0.1,Randomized,0
156,2,0.0,Naive,0
157,2,0.1,Randomized,0
158,2,0.0,Naive,0
159,2,0.1,Randomized,0
160,2,0.0,Naive,0
161,2,0.1,Randomized,0
162,2,0.0,Naive,0
163,2,0.1,Randomized,0
164,2,0.0,Naive,0
165,2,0.1,Randomized,0
166,2,0.0,Naive,0
167,2,0.1,Randomized,0
168,2,0.0,Naive,0
169,2,0.1,Randomized,0
170,2,0.0,Naive,0
171,2,0.1,Randomized,0
172,2,0.0,Naive,0
173,2,0.1,Randomized,0
174,2,0.0,Naive,0
175,2,0.1,Randomized,0
176,2,0.0,Naive,0
177,2,0.1,Randomized,0
178,2,0.0,Naive,0
179,2,0.1,Randomized,0
180,2,0.0,Naive,0
181,2,0.1,Randomized,0
182,2,0.0,Naive,0
183,2,0.1,Randomized,0
184,2,0.0,Naive,0
185,2,0.1,Randomized,0
186,2,0.0,Naive,0
187,2,0.1,Randomized,0
188,2,0.0,Naive,0
189,2,0.1,Randomized,0
190,2,0.0,Naive,0
191,2,0.1,Randomized,0
192,2,0.0,Naive,0
193,2,0.1,Randomized,0
194,2,0.0,Naive,0
195,2,0.1,Randomized,0
196,2,0.0,Naive,0
197,2,0.1,Randomized,0
198,2,0.0,Naive,0
199,2,0.1,Randomized,0
200,2,0.0,Naive,0
201,2,0.1,Randomized,0
202,2,0.0,Naive,0
203,2,0.1,Randomized,0
204,2,0.0,Naive,0
205,2,0.1,Randomized,0
206,2,0.0,Naive,0
207,2,0.1,Randomized,0
208,2,0.0,Naive,0
209,2,0.1,Randomized,0
210,2,0.0,Naive,0
211,2,0.1,Randomized,0
212,2,0.0,Naive,0
213,2,0.1,Randomized,0
214,2,0.0,Naive,0
215,2,0.1,Randomized,0
216,2,0.0,Naive,0
217,2,0.1,Randomized,0
218,2,0.0,Naive,0
219,2,0.1,Randomized,0
220,2,0.0,Naive,0
221,2,0.1,Randomized,0
222,2,0.0,Naive,0
223,2,0.1,Randomized,0
224,2,0.0,Naive,0
225,2,0.1,Randomized,0
226,2,0.0,Naive,0
227,2,0.1,Randomized,0
228,2,0.0,Naive,0
229,2,0.1,Randomized,0
230,2,0.0,Naive,0
231,2,0.1,Randomized,0
232,2,0.0,Naive,0
233,2,0.1,Randomized,0
234,2,0.0,Naive,0
235,2,0.1,Randomized,0
236,2,0.0,Naive,0
237,2,0.1,Randomized,0
238,2,0.0,Naive,0
239,2,0.1,Randomized,0
240,2,0.0,Naive,0
241,2,0.1,Randomized,0
242,2,0.0,Naive,0
243,2,0.1,Randomized,0
244,2,0.0,Naive,0
245,2,0.1,Randomized,0
246,2,0.0,Naive,0
247,2,0.1,Randomized,0
248,2,0.0,Naive,0
249,2,0.1,Randomized,0
250,2,0.0,Naive,0
251,2,0.1,Randomized,0
252,2,0.0,Naive,0
253,2,0.1,Randomized,0
254,2,0.0,Naive,0
255,2,0.1,Randomized,0
256,2,0.0,Naive,0
257,2,0.1,Randomized,0
258,2,0.0,Naive,0
259,2,0.1,Randomized,0
260,2,0.0,Naive,0
261,2,0.1,Randomized,0
262,2,0.0,Naive,0
263,2,0.1,Randomized,0
264,2,0.0,Naive,0
265,2,0.1,Randomized,0
266,2,0.0,Naive,0
267,2,0.1,Randomized,0
268,2,0.0,Naive,0
269,2,0.1,Randomized,0
270,2,0.0,Naive,0
271,2,0.1,Randomized,0
272,2,0.0,Naive,0
273,2,0.1,Randomized,0
274,2,0.0,Naive,0
275,2,0.1,Randomized,0
276,2,0.0,Naive,0
277,2,0.1,Randomized,0
278,2,0.0,Naive,0
279,2,0.1,Randomized,0
280,2,0.0,Naive,0
281,2,0.1,Randomized,0
282,2,0.0,Naive,0
283,2,0.1,Randomized,0
284,2,0.0,Naive,0
285,2,0.1,Randomized,0
286,2,0.0,Naive,0
287,2,0.1,Randomized,0
288,2,0.0,Naive,0
289,2,0.1,Randomized,0
290,2,0.0,Naive,0
291,2,0.1,Randomized,0
292,2,0.0,Naive,0
293,2,0.1,Randomized,0
294,2,0.0,Naive,0
295,2,0.1,Randomized,0
296,2,0.0,Naive,0
297,2,0.1,Randomized,0
298,2,0.0,Naive,0
299,2,0.1,Randomized,0
300,2,0.0,Naive,0
301,2,0.1,Randomized,0
302,2,0.0,Naive,0
303,2,0.1,Randomized,0
304,2,0.0,Naive,0
305,2,0.1,Randomized,0
306,2,0.0,Naive,0
307,2,0.1,Randomized,0
308,2,0.0,Naive,0
309,2,0.1,Randomized,0
310,2,0.0,Naive,0
311,2,0.1,Randomized,0
312,2,0.0,Naive,0
313,2,0.1,Randomized,0
314,2,0.0,Naive,0
315,2,0.1,Randomized,0
316,2,0.0,Naive,0
317,2,0.1,Randomized,0
318,2,0.0,Naive,0
319,2,0.1,Randomized,0
320,2,0.0,Naive,0
321,2,0.1,Randomized,0
322,2,0.0,Naive,0
323,2,0.1,Randomized,0
324,2,0.0,Naive,0
325,2,0.1,Randomized,0
326,2,0.0,Naive,0
327,2,0.1,Randomized,0
328,2,0.0,Naive,0
329,2,0.1,Randomized,0
330,2,0.0,Naive,0
331,2,0.1,Randomized,0
332,2,0.0,Naive,0
333,2,0.1,Randomized,0
334,2,0.0,Naive,0
335,2,0.1,Randomized,0
336,2,0.0,Naive,0
337,2,0.1,Randomized,0
338,2,0.0,Naive,0
339,2,0.1,Randomized,0
340,2,0.0,Naive,0
341,2,0.1,Randomized,0
342,2,0.0,Naive,0
343,2,0.1,Randomized,0
344,2,0.0,Naive,0
345,2,0.1,Randomized,0
346,2,0.0,Naive,0
347,2,0.1,Randomized,0
348,2,0.0,Naive,0
349,2,0.1,Randomized,0
350,2,0.0,Naive,0
351,2,0.1,Randomized,0
352,2,0.0,Naive,0
353,2,0.1,Randomized,0
354,2,0.0,Naive,0
355,2,0.1,Randomized,0
356,2,0.0,Naive,0
357,2,0.1,Randomized,0
358,2,0.0,Naive,0
359,2,0.1,Randomized,0
360,2,0.0,Naive,0
361,2,0.1,Randomized,0
362,2,0.0,Naive,0
363,2,0.1,Randomized,0
364,2,0.0,Naive,0
365,2,0.1,Randomized,0
366,2,0.0,Naive,0
367,2,0.1,Randomized,0
368,2,0.0,Naive,0
369,2,0.1,Randomized,0
370,2,0.0,Naive,0
371,2,0.1,Randomized,0
372,2,0.0,Naive,0
373,2,0.1,Randomized,0
374,2,0.0,Naive,0
375,2,0.1,Randomized,0
376,2,0.0,Naive,0
377,2,0.1,Randomized,0
378,2,0.0,Naive,0
379,2,0.1,Randomized,0
380,2,0.0,Naive,0
381,2,0.1,Randomized,0
382,2,0.0,Naive,0
383,2,0.1,Randomized,0
384,2,0.0,Naive,0
385,2,0.1,Randomized,0
386,2,0.0,Naive,0
387,2,0.1,Randomized,0
388,2,0.0,Naive,0
389,2,0.1,Randomized,0
390,2,0.0,Naive,0
391,2,0.1,Randomized,0
392,2,0.0,Naive,0
393,2,0.1,Randomized,0
394,2,0.0,Naive,0
395,2,0.1,Randomized,0
396,2,0.0,Naive,0
397,2,0.1,Randomized,0
398,2,0.0,Naive,0
399,2,0.1,Randomized,0
400,2,0.0,Naive,0
401,2,0.1,Randomized,0
402,2,0.0,Naive,0
403,2,0.1,Randomized,0
404,2,0.0,Naive,0
405,2,0.1,Randomized,0
406,2,0.0,Naive,0
407,2,0.1,Randomized,0
408,2,0.0,Naive,0
409,2,0.1,Randomized,0
410,2,0.0,Naive,0
411,2,0.1,Randomized,0
412,2,0.0,Naive,0
413,2,0.1,Randomized,0
414,2,0.0,Naive,0
415,2,0.1,Randomized,0
416,2,0.0,Naive,0
417,2,0.1,Randomized,0
418,2,0.0,Naive,0
419,2,0.1,Randomized,0
420,2,0.0,Naive,0
421,2,0.1,Randomized,0
422,2,0.0,Naive,0
423,2,0.1,Randomized,0
424,2,0.0,Naive,0
425,2,0.1,Randomized,0
426,2,0.0,Naive,0
427,2,0.1,Randomized,0
428,2,0.0,Naive,0
429,2,0.1,Randomized,0
430,2,0.0,Naive,0
431,2,0.1,Randomized,0
432,2,0.0,Naive,0
433,2,0.1,Randomized,0
434,2,0.0,Naive,0
435,2,0.1,Randomized,0
436,2,0.0,Naive,0
437,2,0.1,Randomized,0
438,2,0.0,Naive,0
439,2,0.1,Randomized,0
440,2,0.0,Naive,0
441,2,0.1,Randomized,0
442,2,0.0,Naive,0
443,2,0.1,Randomized,0
444,2,0.0,Naive,0
445,2,0.1,Randomized,0
446,2,0.0,Naive,0
447,2,0.1,Randomized,0
448,2,0.0,Naive,0
449,2,0.1,Randomized,0
450,2,0.0,Naive,0
451,2,0.1,Randomized,0
452,2,0.0,Naive,0
453,2,0.1,Randomized,0
454,2,0.0,Naive,0
455,2,0.1,Randomized,0
456,2,0.0,Naive,0
457,2,0.1,Randomized,0
458,2,0.0,Naive,0
459,2,0.1,Randomized,0
460,2,0.0,Naive,0
461,2,0.1,Randomized,0
462,2,0.0,Naive,0
463,2,0.1,Randomized,0
464,2,0.0,Naive,0
465,2,0.1,Randomized,0
466,2,0.0,Naive,0
467,2,0.1,Randomized,0
468,2,0.0,Naive,0
469,2,0.1,Randomized,0
470,2,0.0,Naive,0
471,2,0.1,Randomized,0
472,2,0.0,Naive,0
473,2,0.1,Randomized,0
474,2,0.0,Naive,0
475,2,0.1,Randomized,0
476,2,0.0,Naive,0
477,2,0.1,Randomized,0
478,2,0.0,Naive,0
479,2,0.1,Randomized,0
480,2,0.0,Naive,0
481,2,0.1,Randomized,0
482,2,0.0,Naive,0
483,2,0.1,Randomized,0
484,2,0.0,Naive,0
485,2,0.1,Randomized,0
486,2,0.0,Naive,0
487,2,0.1,Randomized,0
488,2,0.0,Naive,0
489,2,0.1,Randomized,0
490,2,0.0,Naive,0
491,2,0.1,Randomized,0
492,2,0.0,Naive,0
493,2,0.1,Randomized,0
494,2,0.0,Naive,0
495,2,0.1,Randomized,0
496,2,0.0,Naive,0
497,2,0.1,Randomized,0
498,2,0.0,Naive,0
499,2,0.1,Randomized,0
500,2,0.0,Naive,0
501,2,0.1,Randomized,0
502,2,0.0,Naive,0
503,2,0.1,Randomized,0
504,2,0.0,Naive,0
505,2,0.1,Randomized,0
506,2,0.0,Naive,0
507,2,0.1,Randomized,0
508,2,0.0,Naive,0
509,2,0.1,Randomized,0
510,2,0.0,Naive,0
511,2,0.1,Randomized,0
512,2,0.0,Naive,0
513,2,0.1,Randomized,0
514,2,0.0,Naive,0
515,2,0.1,Randomized,0
516,2,0.0,Naive,0
517,2,0.1,Randomized,0
518,2,0.0,Naive,0
519,2,0.1,Randomized,0
520,2,0.0,Naive,0
521,2,0.1,Randomized,0
522,2,0.0,Naive,0
523,2,0.1,Randomized,0
524,2,0.0,Naive,0
525,2,0.1,Randomized,0
526,2,0.0,Naive,0
527,2,0.1,Randomized,0
528,2,0.0,Naive,0
529,2,0.1,Randomized,0
530,2,0.0,Naive,0
531,2,0.1,Randomized,0
532,2,0.0,Naive,0
533,2,0.1,Randomized,0
534,2,0.0,Naive,0
535,2,0.1,Randomized,0
536,2,0.0,Naive,0
537,2,0.1,Randomized,0
538,2,0.0,Naive,0
539,2,0.1,Randomized,0
540,2,0.0,Naive,0
541,2,0.1,Randomized,0
542,2,0.0,Naive,0
543,2,0.1,Randomized,0
544,2,0.0,Naive,0
545,2,0.1,Randomized,0
546,2,0.0,Naive,0
547,2,0.1,Randomized,0
548,2,0.0,Naive,0
549,2,0.1,Randomized,0
550,2,0.0,Naive,0
551,2,0.1,Randomized,0
552,2,0.0,Naive,0
553,2,0.1,Randomized,0
554,2,0.0,Naive,0
555,2,0.1,Randomized,0
556,2,0.0,Naive,0
557,2,0.1,Randomized,0
558,2,0.0,Naive,0
559,2,0.1,Randomized,0
560,2,0.0,Naive,0
561,2,0.1,Randomized,0
562,2,0.0,Naive,0
563,2,0.1,Randomized,0
564,2,0.0,Naive,0
565,2,0.1,Randomized,0
566,2,0.0,Naive,0
567,2,0.1,Randomized,0
568,2,0.0,Naive,0
569,2,0.1,Randomized,0
570,2,0.0,Naive,0
571,2,0.1,Randomized,0
572,2,0.0,Naive,0
573,2,0.1,Randomized,0
574,2,0.0,Naive,0
575,2,0.1,Randomized,0
576,2,0.0,Naive,0
577,2,0.1,Randomized,0
578,2,0.0,Naive,0
579,2,0.1,Randomized,0
580,2,0.0,Naive,0
581,2,0.1,Randomized,0
582,2,0.0,Naive,0
583,2,0.1,Randomized,0
584,2,0.0,Naive,0
585,2,0.1,Randomized,0
586,2,0.0,Naive,0
587,2,0.1,Randomized,0
588,2,0.0,Naive,0
589,2,0.1,Randomized,0
590,2,0.0,Naive,0
591,2,0.1,Randomized,0
592,2,0.0,Naive,0
593,2,0.1,Randomized,0
594,2,0.0,Naive,0
595,2,0.1,Randomized,0
596,2,0.0,Naive,0
597,2,0.1,Randomized,0
598,2,0.0,Naive,0
599,2,0.1,Randomized,0
600,2,0.0,Naive,0
601,2,0.1,Randomized,0
602,2,0.0,Naive,0
603,2,0.1,Randomized,0
604,2,0.0,Naive,0
605,2,0.1,Randomized,0
606,2,0.0,Naive,0
607,2,0.1,Randomized,0
608,2,0.0,Naive,0
609,2,0.1,Randomized,0
610,2,0.0,Naive,0
611,2,0.1,Randomized,0
612,2,0.0,Naive,0
613,2,0.1,Randomized,0
614,2,0.0,Naive,0
615,2,0.1,Randomized,0
616,2,0.0,Naive,0
617,2,0.1,Randomized,0
618,2,0.0,Naive,0
619,2,0.1,Randomized,0
620,2,0.0,Naive,0
621,2,0.1,Randomized,0
622,2,0.0,Naive,0
623,2,0.1,Randomized,0
624,2,0.0,Naive,0
625,2,0.1,Randomized,0
626,2,0.0,Naive,0
627,2,0.1,Randomized,0
628,2,0.0,Naive,0
629,2,0.1,Randomized,0
630,2,0.0,Naive,0
631,2,0.1,Randomized,0
632,2,0.0,Naive,0
633,2,0.1,Randomized,0
634,2,0.0,Naive,0
635,2,0.1,Randomized,0
636,2,0.0,Naive,0
637,2,0.1,Randomized,0
638,2,0.0,Naive,0
639,2,0.1,Randomized,0
640,2,0.0,Naive,0
641,2,0.1,Randomized,0
642,2,0.0,Naive,0
643,2,0.1,Randomized,0
644,2,0.0,Naive,0
645,2,0.1,Randomized,0
646,2,0.0,Naive,0
647,2,0.1,Randomized,0
648,2,0.0,Naive,0
649,2,0.1,Randomized,0
650,2,0.0,Naive,0
651,2,0.1,Randomized,0
652,2,0.0,Naive,0
653,2,0.1,Randomized,0
654,2,0.0,Naive,0
655,2,0.1,Randomized,0
656,2,0.0,Naive,0
657,2,0.1,Randomized,0
658,2,0.0,Naive,0
659,2,0.1,Randomized,0
660,2,0.0,Naive,0
661,2,0.1,Randomized,0
662,2,0.0,Naive,0
663,2,0.1,Randomized,0
664,2,0.0,Naive,0
665,2,0.1,Randomized,0
666,2,0.0,Naive,0
667,2,0.1,Randomized,0
668,2,0.0,Naive,0
669,2,0.1,Randomized,0
670,2,0.0,Naive,0
671,2,0.1,Randomized,0
672,2,0.0,Naive,0
673,2,0.1,Randomized,0
674,2,0.0,Naive,0
675,2,0.1,Randomized,0
676,2,0.0,Naive,0
677,2,0.1,Randomized,0
678,2,0.0,Naive,0
679,2,0.1,Randomized,0
680,2,0.0,Naive,0
681,2,0.1,Randomized,0
682,2,0.0,Naive,0
683,2,0.1,Randomized,0
684,2,0.0,Naive,0
685,2,0.1,Randomized,0
686,2,0.0,Naive,0
687,2,0.1,Randomized,0
688,2,0.0,Naive,0
689,2,0.1,Randomized,0
690,2,0.0,Naive,0
691,2,0.1,Randomized,0
692,2,0.0,Naive,0
693,2,0.1,Randomized,0
694,2,0.0,Naive,0
695,2,0.1,Randomized,0
696,2,0.0,Naive,0
697,2,0.1,Randomized,0
698,2,0.0,Naive,0
699,2,0.1,Randomized,0
700,2,0.0,Naive,0
701,2,0.1,Randomized,0
702,2,0.0,Naive,0
703,2,0.1,Randomized,0
704,2,0.0,Naive,0
705,2,0.1,Randomized,0
706,2,0.0,Naive,0
707,2,0.1,Randomized,0
708,2,0.0,Naive,0
709,2,0.1,Randomized,0
710,2,0.0,Naive,0
711,2,0.1,Randomized,0
712,2,0.0,Naive,0
713,2,0.1,Randomized,0
714,2,0.0,Naive,0
715,2,0.1,Randomized,0
716,2,0.0,Naive,0
717,2,0.1,Randomized,0
718,2,0.0,Naive,0
719,2,0.1,Randomized,0
720,2,0.0,Naive,0
721,2,0.1,Randomized,0
722,2,0.0,Naive,0
723,2,0.1,Randomized,0
724,2,0.0,Naive,0
725,2,0.1,Randomized,0
726,2,0.0,Naive,0
727,2,0.1,Randomized,0
728,2,0.0,Naive,0
729,2,0.1,Randomized,0
730,2,0.0,Naive,0
731,2,0.1,Randomized,0
732,2,0.0,Naive,0
733,2,0.1,Randomized,0
734,2,0.0,Naive,0
735,2,0.1,Randomized,0
736,2,0.0,Naive,0
737,2,0.1,Randomized,0
738,2,0.0,Naive,0
739,2,0.1,Randomized,0
740,2,0.0,Naive,0
741,2,0.1,Randomized,0
742,2,0.0,Naive,0
743,2,0.1,Randomized,0
744,2,0.0,Naive,0
745,2,0.1,Randomized,0
746,2,0.0,Naive,0
747,2,0.1,Randomized,0
748,2,0.0,Naive,0
749,2,0.1,Randomized,0
750,2,0.0,Naive,0
751,2,0.1,Randomized,0
752,2,0.0,Naive,0
753,2,0.1,Randomized,0
754,2,0.0,Naive,0
755,2,0.1,Randomized,0
756,2,0.0,Naive,0
757,2,0.1,Randomized,0
758,2,0.0,Naive,0
759,2,0.1,Randomized,0
760,2,0.0,Naive,0
761,2,0.1,Randomized,0
762,2,0.0,Naive,0
763,2,0.1,Randomized,0
764,2,0.0,Naive,0
765,2,0.1,Randomized,0
766,2,0.0,Naive,0
767,2,0.1,Randomized,0
768,2,0.0,Naive,0
769,2,0.1,Randomized,0
770,2,0.0,Naive,0
771,2,0.1,Randomized,0
772,2,0.0,Naive,0
773,2,0.1,Randomized,0
774,2,0.0,Naive,0
775,2,0.1,Randomized,0
776,2,0.0,Naive,0
777,2,0.1,Randomized,0
778,2,0.0,Naive,0
779,2,0.1,Randomized,0
780,2,0.0,Naive,0
781,2,0.1,Randomized,0
782,2,0.0,Naive,0
783,2,0.1,Randomized,0
784,2,0.0,Naive,0
785,2,0.1,Randomized,0
786,2,0.0,Naive,0
787,2,0.1,Randomized,0
788,2,0.0,Naive,0
789,2,0.1,Randomized,0
790,2,0.0,Naive,0
791,2,0.1,Randomized,0
792,2,0.0,Naive,0
793,2,0.1,Randomized,0
794,2,0.0,Naive,0
795,2,0.1,Randomized,0
796,2,0.0,Naive,0
797,2,0.1,Randomized,0
798,2,0.0,Naive,0
799,2,0.1,Randomized,0
800,2,0.0,Naive,0
801,2,0.1,Randomized,0
802,2,0.0,Naive,0
803,2,0.1,Randomized,0
804,2,0.0,Naive,0
805,2,0.1,Randomized,0
806,2,0.0,Naive,0
807,2,0.1,Randomized,0
808,2,0.0,Naive,0
809,2,0.1,Randomized,0
810,2,0.0,Naive,0
811,2,0.1,Randomized,0
812,2,0.0,Naive,0
813,2,0.1,Randomized,0
814,2,0.0,Naive,0
815,2,0.1,Randomized,0
816,2,0.0,Naive,0
817,2,0.1,Randomized,0
818,2,0.0,Naive,0
819,2,0.1,Randomized,0
820,2,0.0,Naive,0
821,2,0.1,Randomized,0
822,2,0.0,Naive,0
823,2,0.1,Randomized,0
824,2,0.0,Naive,0
825,2,0.1,Randomized,0
826,2,0.0,Naive,0
827,2,0.1,Randomized,0
828,2,0.0,Naive,0
829,2,0.1,Randomized,0
830,2,0.0,Naive,0
831,2,0.1,Randomized,0
832,2,0.0,Naive,0
833,2,0.1,Randomized,0
834,2,0.0,Naive,0
835,2,0.1,Randomized,0
836,2,0.0,Naive,0
837,2,0.1,Randomized,0
838,2,0.0,Naive,0
839,2,0.1,Randomized,0
840,2,0.0,Naive,0
841,2,0.1,Randomized,0
842,2,0.0,Naive,0
843,2,0.1,Randomized,0
844,2,0.0,Naive,0
845,2,0.1,Randomized,0
846,2,0.0,Naive,0
847,2,0.1,Randomized,0
848,2,0.0,Naive,0
849,2,0.1,Randomized,0
850,2,0.0,Naive,0
851,2,0.1,Randomized,0
852,2,0.0,Naive,0
853,2,0.1,Randomized,0
854,2,0.0,Naive,0
855,2,0.1,Randomized,0
856,2,0.0,Naive,0
857,2,0.1,Randomized,0
858,2,0.0,Naive,0
859,2,0.1,Randomized,0
860,2,0.0,Naive,0
861,2,0.1,Randomized,0
862,2,0.0,Naive,0
863,2,0.1,Randomized,0
864,2,0.0,Naive,0
865,2,0.1,Randomized,0
866,2,0.0,Naive,0
867,2,0.1,Randomized,0
868,2,0.0,Naive,0
869,2,0.1,Randomized,0
870,2,0.0,Naive,0
871,2,0.1,Randomized,0
872,2,0.0,Naive,0
873,2,0.1,Randomized,0
874,2,0.0,Naive,0
875,2,0.1,Randomized,0
876,2,0.0,Naive,0
877,2,0.1,Randomized,0
878,2,0.0,Naive,0
879,2,0.1,Randomized,0
880,2,0.0,Naive,0
881,2,0.1,Randomized,0
882,2,0.0,Naive,0
883,2,0.1,Randomized,0
884,2,0.0,Naive,0
885,2,0.1,Randomized,0
886,2,0.0,Naive,0
887,2,0.1,Randomized,0
888,2,0.0,Naive,0
889,2,0.1,Randomized,0
890,2,0.0,Naive,0
891,2,0.1,Randomized,0
892,2,0.0,Naive,0
893,2,0.1,Randomized,0
894,2,0.0,Naive,0
895,2,0.1,Randomized,0
896,2,0.0,Naive,0
897,2,0.1,Randomized,0
898,2,0.0,Naive,0
899,2,0.1,Randomized,0
900,2,0.0,Naive,0
901,2,0.1,Randomized,0
902,2,0.0,Naive,0
903,2,0.1,Randomized,0
904,2,0.0,Naive,0
905,2,0.1,Randomized,0
906,2,0.0,Naive,0
907,2,0.1,Randomized,0
908,2,0.0,Naive,0
909,2,0.1,Randomized,0
910,2,0.0,Naive,0
911,2,0.1,Randomized,0
912,2,0.0,Naive,0
913,2,0.1,Randomized,0
914,2,0.0,Naive,0
915,2,0.1,Randomized,0
916,2,0.0,Naive,0
917,2,0.1,Randomized,0
918,2,0.0,Naive,0
919,2,0.1,Randomized,0
920,2,0.0,Naive,0
921,2,0.1,Randomized,0
922,2,0.0,Naive,0
923,2,0.1,Randomized,0
924,2,0.0,Naive,0
925,2,0.1,Randomized,0
926,2,0.0,Naive,0
927,2,0.1,Randomized,0
928,2,0.0,Naive,0
929,2,0.1,Randomized,0
930,2,0.0,Naive,0
931,2,0.1,Randomized,0
932,2,0.0,Naive,0
933,2,0.1,Randomized,0
934,2,0.0,Naive,0
935,2,0.1,Randomized,0
936,2,0.0,Naive,0
937,2,0.1,Randomized,0
938,2,0.0,Naive,0
939,2,0.1,Randomized,0
940,2,0.0,Naive,0
941,2,0.1,Randomized,0
942,2,0.0,Naive,0
943,2,0.1,Randomized,0
944,2,0.0,Naive,0
945,2,0.1,Randomized,0
946,2,0.0,Naive,0
947,2,0.1,Randomized,0
948,2,0.0,Naive,0
949,2,0.1,Randomized,0
950,2,0.0,Naive,0
951,2,0.1,Randomized,0
952,2,0.0,Naive,0
953,2,0.1,Randomized,0
954,2,0.0,Naive,0
955,2,0.1,Randomized,0
956,2,0.0,Naive,0
957,2,0.1,Randomized,0
958,2,0.0,Naive,0
959,2,0.1,Randomized,0
960,2,0.0,Naive,0
961,2,0.1,Randomized,0
962,2,0.0,Naive,0
963,2,0.1,Randomized,0
964,2,0.0,Naive,0
965,2,0.1,Randomized,0
966,2,0.0,Naive,0
967,2,0.1,Randomized,0
968,2,0.0,Naive,0
969,2,0.1,Randomized,0
970,2,0.0,Naive,0
971,2,0.1,Randomized,0
972,2,0.0,Naive,0
973,2,0.1,Randomized,0
974,2,0.0,Naive,0
975,2,0.1,Randomized,0
976,2,0.0,Naive,0
977,2,0.1,Randomized,0
978,2,0.0,Naive,0
979,2,0.1,Randomized,0
980,2,0.0,Naive,0
981,2,0.1,Randomized,0
982,2,0.0,Naive,0
983,2,0.1,Randomized,0
984,2,0.0,Naive,0
985,2,0.1,Randomized,0
986,2,0.0,Naive,0
987,2,0.1,Randomized,0
988,2,0.0,Naive,0
989,2,0.1,Randomized,0
990,2,0.0,Naive,0
991,2,0.1,Randomized,0
992,2,0.0,Naive,0
993,2,0.1,Randomized,0
994,2,0.0,Naive,0
995,2,0.1,Randomized,0
996,2,0.0,Naive,0
997,2,0.1,Randomized,0
998,2,0.0,Naive,0
999,2,0.1,Randomized,0
1000,4,0.0,Naive,0
1001,4,0.1,Randomized,0
1002,4,0.0,Naive,1
1003,4,0.1,Randomized,1
1004,4,0.0,Naive,0
1005,4,0.1,Randomized,0
1006,4,0.0,Naive,0
1007,4,0.1,Randomized,0
1008,4,0.0,Naive,0
1009,4,0.1,Randomized,0
1010,4,0.0,Naive,1
1011,4,0.1,Randomized,1
1012,4,0.0,Naive,0
1013,4,0.1,Randomized,0
1014,4,0.0,Naive,0
1015,4,0.1,Randomized,0
1016,4,0.0,Naive,0
1017,4,0.1,Randomized,0
1018,4,0.0,Naive,0
1019,4,0.1,Randomized,0
1020,4,0.0,Naive,0
1021,4,0.1,Randomized,0
1022,4,0.0,Naive,0
1023,4,0.1,Randomized,0
1024,4,0.0,Naive,0
1025,4,0.1,Randomized,0
1026,4,0.0,Naive,1
1027,4,0.1,Randomized,1
1028,4,0.0,Naive,0
1029,4,0.1,Randomized,0
1030,4,0.0,Naive,0
1031,4,0.1,Randomized,0
1032,4,0.0,Naive,0
1033,4,0.1,Randomized,0
1034,4,0.0,Naive,0
1035,4,0.1,Randomized,0
1036,4,0.0,Naive,1
1037,4,0.1,Randomized,0
1038,4,0.0,Naive,1
1039,4,0.1,Randomized,1
1040,4,0.0,Naive,0
1041,4,0.1,Randomized,0
1042,4,0.0,Naive,0
1043,4,0.1,Randomized,0
1044,4,0.0,Naive,0
1045,4,0.1,Randomized,0
1046,4,0.0,Naive,1
1047,4,0.1,Randomized,0
1048,4,0.0,Naive,1
1049,4,0.1,Randomized,1
1050,4,0.0,Naive,0
1051,4,0.1,Randomized,0
1052,4,0.0,Naive,0
1053,4,0.1,Randomized,0
1054,4,0.0,Naive,1
1055,4,0.1,Randomized,0
1056,4,0.0,Naive,0
1057,4,0.1,Randomized,0
1058,4,0.0,Naive,1
1059,4,0.1,Randomized,1
1060,4,0.0,Naive,1
1061,4,0.1,Randomized,1
1062,4,0.0,Naive,0
1063,4,0.1,Randomized,0
1064,4,0.0,Naive,1
1065,4,0.1,Randomized,1
1066,4,0.0,Naive,0
1067,4,0.1,Randomized,0
1068,4,0.0,Naive,1
1069,4,0.1,Randomized,1
1070,4,0.0,Naive,0
1071,4,0.1,Randomized,0
1072,4,0.0,Naive,0
1073,4,0.1,Randomized,0
1074,4,0.0,Naive,1
1075,4,0.1,Randomized,1
1076,4,0.0,Naive,1
1077,4,0.1,Randomized,1
1078,4,0.0,Naive,0
1079,4,0.1,Randomized,0
1080,4,0.0,Naive,0
1081,4,0.1,Randomized,0
1082,4,0.0,Naive,0
1083,4,0.1,Randomized,0
1084,4,0.0,Naive,1
1085,4,0.1,Randomized,1
1086,4,0.0,Naive,0
1087,4,0.1,Randomized,0
1088,4,0.0,Naive,1
1089,4,0.1,Randomized,0
1090,4,0.0,Naive,0
1091,4,0.1,Randomized,0
1092,4,0.0,Naive,1
1093,4,0.1,Randomized,0
1094,4,0.0,Naive,0
1095,4,0.1,Randomized,0
1096,4,0.0,Naive,0
1097,4,0.1,Randomized,0
1098,4,0.0,Naive,0
1099,4,0.1,Randomized,0
1100,4,0.0,Naive,1
1101,4,0.1,Randomized,1
1102,4,0.0,Naive,0
1103,4,0.1,Randomized,0
1104,4,0.0,Naive,0
1105,4,0.1,Randomized,0
1106,4,0.0,Naive,0
1107,4,0.1,Randomized,0
1108,4,0.0,Naive,0
1109,4,0.1,Randomized,0
1110,4,0.0,Naive,0
1111,4,0.1,Randomized,0
1112,4,0.0,Naive,0
1113,4,0.1,Randomized,0
1114,4,0.0,Naive,1
1115,4,0.1,Randomized,1
1116,4,0.0,Naive,0
1117,4,0.1,Randomized,0
1118,4,0.0,Naive,0
1119,4,0.1,Randomized,0
1120,4,0.0,Naive,0
1121,4,0.1,Randomized,0
1122,4,0.0,Naive,1
1123,4,0.1,Randomized,1
1124,4,0.0,Naive,0
1125,4,0.1,Randomized,0
1126,4,0.0,Naive,0
1127,4,0.1,Randomized,0
1128,4,0.0,Naive,1
1129,4,0.1,Randomized,1
1130,4,0.0,Naive,1
1131,4,0.1,Randomized,1
1132,4,0.0,Naive,0
1133,4,0.1,Randomized,0
1134,4,0.0,Naive,0
1135,4,0.1,Randomized,0
1136,4,0.0,Naive,0
1137,4,0.1,Randomized,0
1138,4,0.0,Naive,0
1139,4,0.1,Randomized,0
1140,4,0.0,Naive,0
1141,4,0.1,Randomized,0
1142,4,0.0,Naive,0
1143,4,0.1,Randomized,0
1144,4,0.0,Naive,1
1145,4,0.1,Randomized,1
1146,4,0.0,Naive,0
1147,4,0.1,Randomized,0
1148,4,0.0,Naive,0
1149,4,0.1,Randomized,0
1150,4,0.0,Naive,0
1151,4,0.1,Randomized,0
1152,4,0.0,Naive,0
1153,4,0.1,Randomized,0
1154,4,0.0,Naive,0
1155,4,0.1,Randomized,0
1156,4,0.0,Naive,1
1157,4,0.1,Randomized,0
1158,4,0.0,Naive,0
1159,4,0.1,Randomized,0
1160,4,0.0,Naive,0
1161,4,0.1,Randomized,0
1162,4,0.0,Naive,0
1163,4,0.1,Randomized,0
1164,4,0.0,Naive,1
1165,4,0.1,Randomized,0
1166,4,0.0,Naive,0
1167,4,0.1,Randomized,0
1168,4,0.0,Naive,0
1169,4,0.1,Randomized,0
1170,4,0.0,Naive,0
1171,4,0.1,Randomized,0
1172,4,0.0,Naive,1
1173,4,0.1,Randomized,1
1174,4,0.0,Naive,0
1175,4,0.1,Randomized,0
1176,4,0.0,Naive,0
1177,4,0.1,Randomized,0
1178,4,0.0,Naive,0
1179,4,0.1,Randomized,0
1180,4,0.0,Naive,1
1181,4,0.1,Randomized,1
1182,4,0.0,Naive,0
1183,4,0.1,Randomized,0
1184,4,0.0,Naive,1
1185,4,0.1,Randomized,0
1186,4,0.0,Naive,1
1187,4,0.1,Randomized,1
1188,4,0.0,Naive,0
1189,4,0.1,Randomized,0
1190,4,0.0,Naive,0
1191,4,0.1,Randomized,0
1192,4,0.0,Naive,0
1193,4,0.1,Randomized,1
1194,4,0.0,Naive,1
1195,4,0.1,Randomized,1
1196,4,0.0,Naive,1
1197,4,0.1,Randomized,1
1198,4,0.0,Naive,0
1199,4,0.1,Randomized,0
1200,4,0.0,Naive,0
1201,4,0.1,Randomized,0
1202,4,0.0,Naive,0
1203,4,0.1,Randomized,0
1204,4,0.0,Naive,1
1205,4,0.1,Randomized,1
1206,4,0.0,Naive,0
1207,4,0.1,Randomized,0
1208,4,0.0,Naive,0
1209,4,0.1,Randomized,0
1210,4,0.0,Naive,0
1211,4,0.1,Randomized,0
1212,4,0.0,Naive,0
1213,4,0.1,Randomized,0
1214,4,0.0,Naive,0
1215,4,0.1,Randomized,0
1216,4,0.0,Naive,0
1217,4,0.1,Randomized,0
1218,4,0.0,Naive,0
1219,4,0.1,Randomized,0
1220,4,0.0,Naive,0
1221,4,0.1,Randomized,0
1222,4,0.0,Naive,1
1223,4,0.1,Randomized,0
1224,4,0.0,Naive,0
1225,4,0.1,Randomized,0
1226,4,0.0,Naive,0
1227,4,0.1,Randomized,0
1228,4,0.0,Naive,0
1229,4,0.1,Randomized,0
1230,4,0.0,Naive,1
1231,4,0.1,Randomized,1
1232,4,0.0,Naive,0
1233,4,0.1,Randomized,0
1234,4,0.0,Naive,0
1235,4,0.1,Randomized,0
1236,4,0.0,Naive,0
1237,4,0.1,Randomized,0
1238,4,0.0,Naive,0
1239,4,0.1,Randomized,0
1240,4,0.0,Naive,0
1241,4,0.1,Randomized,0
1242,4,0.0,Naive,0
1243,4,0.1,Randomized,0
1244,4,0.0,Naive,0
1245,4,0.1,Randomized,0
1246,4,0.0,Naive,0
1247,4,0.1,Randomized,0
1248,4,0.0,Naive,0
1249,4,0.1,Randomized,0
1250,4,0.0,Naive,0
1251,4,0.1,Randomized,0
1252,4,0.0,Naive,1
1253,4,0.1,Randomized,0
1254,4,0.0,Naive,0
1255,4,0.1,Randomized,0
1256,4,0.0,Naive,0
1257,4,0.1,Randomized,0
1258,4,0.0,Naive,1
1259,4,0.1,Randomized,0
1260,4,0.0,Naive,0
1261,4,0.1,Randomized,1
1262,4,0.0,Naive,0
1263,4,0.1,Randomized,0
1264,4,0.0,Naive,0
1265,4,0.1,Randomized,0
1266,4,0.0,Naive,0
1267,4,0.1,Randomized,0
1268,4,0.0,Naive,0
1269,4,0.1,Randomized,0
1270,4,0.0,Naive,1
1271,4,0.1,Randomized,1
1272,4,0.0,Naive,0
1273,4,0.1,Randomized,0
1274,4,0.0,Naive,1
1275,4,0.1,Randomized,0
1276,4,0.0,Naive,0
1277,4,0.1,Randomized,0
1278,4,0.0,Naive,1
1279,4,0.1,Randomized,1
1280,4,0.0,Naive,0
1281,4,0.1,Randomized,0
1282,4,0.0,Naive,0
1283,4,0.1,Randomized,0
1284,4,0.0,Naive,1
1285,4,0.1,Randomized,1
1286,4,0.0,Naive,0
1287,4,0.1,Randomized,0
1288,4,0.0,Naive,0
1289,4,0.1,Randomized,0
1290,4,0.0,Naive,1
1291,4,0.1,Randomized,1
1292,4,0.0,Naive,0
1293,4,0.1,Randomized,0
1294,4,0.0,Naive,0
1295,4,0.1,Randomized,0
1296,4,0.0,Naive,0
1297,4,0.1,Randomized,0
1298,4,0.0,Naive,0
1299,4,0.1,Randomized,1
1300,4,0.0,Naive,0
1301,4,0.1,Randomized,0
1302,4,0.0,Naive,0
1303,4,0.1,Randomized,0
1304,4,0.0,Naive,1
1305,4,0.1,Randomized,1
1306,4,0.0,Naive,1
1307,4,0.1,Randomized,1
1308,4,0.0,Naive,1
1309,4,0.1,Randomized,1
1310,4,0.0,Naive,0
1311,4,0.1,Randomized,0
1312,4,0.0,Naive,1
1313,4,0.1,Randomized,1
1314,4,0.0,Naive,1
1315,4,0.1,Randomized,1
1316,4,0.0,Naive,0
1317,4,0.1,Randomized,0
1318,4,0.0,Naive,0
1319,4,0.1,Randomized,0
1320,4,0.0,Naive,0
1321,4,0.1,Randomized,0
1322,4,0.0,Naive,0
1323,4,0.1,Randomized,0
1324,4,0.0,Naive,0
1325,4,0.1,Randomized,0
1326,4,0.0,Naive,1
1327,4,0.1,Randomized,1
1328,4,0.0,Naive,0
1329,4,0.1,Randomized,0
1330,4,0.0,Naive,0
1331,4,0.1,Randomized,0
1332,4,0.0,Naive,0
1333,4,0.1,Randomized,0
1334,4,0.0,Naive,1
1335,4,0.1,Randomized,1
1336,4,0.0,Naive,1
1337,4,0.1,Randomized,1
1338,4,0.0,Naive,1
1339,4,0.1,Randomized,1
1340,4,0.0,Naive,0
1341,4,0.1,Randomized,0
1342,4,0.0,Naive,0
1343,4,0.1,Randomized,0
1344,4,0.0,Naive,0
1345,4,0.1,Randomized,1
1346,4,0.0,Naive,0
1347,4,0.1,Randomized,0
1348,4,0.0,Naive,0
1349,4,0.1,Randomized,0
1350,4,0.0,Naive,0
1351,4,0.1,Randomized,0
1352,4,0.0,Naive,1
1353,4,0.1,Randomized,1
1354,4,0.0,Naive,0
1355,4,0.1,Randomized,0
1356,4,0.0,Naive,1
1357,4,0.1,Randomized,1
1358,4,0.0,Naive,0
1359,4,0.1,Randomized,0
1360,4,0.0,Naive,0
1361,4,0.1,Randomized,0
1362,4,0.0,Naive,0
1363,4,0.1,Randomized,0
1364,4,0.0,Naive,0
1365,4,0.1,Randomized,0
1366,4,0.0,Naive,0
1367,4,0.1,Randomized,0
1368,4,0.0,Naive,0
1369,4,0.1,Randomized,0
1370,4,0.0,Naive,1
1371,4,0.1,Randomized,1
1372,4,0.0,Naive,0
1373,4,0.1,Randomized,0
1374,4,0.0,Naive,0
1375,4,0.1,Randomized,0
1376,4,0.0,Naive,0
1377,4,0.1,Randomized,0
1378,4,0.0,Naive,0
1379,4,0.1,Randomized,0
1380,4,0.0,Naive,1
1381,4,0.1,Randomized,0
1382,4,0.0,Naive,1
1383,4,0.1,Randomized,1
1384,4,0.0,Naive,1
1385,4,0.1,Randomized,1
1386,4,0.0,Naive,1
1387,4,0.1,Randomized,1
1388,4,0.0,Naive,1
1389,4,0.1,Randomized,0
1390,4,0.0,Naive,0
1391,4,0.1,Randomized,0
1392,4,0.0,Naive,0
1393,4,0.1,Randomized,0
1394,4,0.0,Naive,0
1395,4,0.1,Randomized,0
1396,4,0.0,Naive,1
1397,4,0.1,Randomized,1
1398,4,0.0,Naive,0
1399,4,0.1,Randomized,0
1400,4,0.0,Naive,1
1401,4,0.1,Randomized,1
1402,4,0.0,Naive,0
1403,4,0.1,Randomized,0
1404,4,0.0,Naive,0
1405,4,0.1,Randomized,0
1406,4,0.0,Naive,0
1407,4,0.1,Randomized,0
1408,4,0.0,Naive,1
1409,4,0.1,Randomized,0
1410,4,0.0,Naive,1
1411,4,0.1,Randomized,1
1412,4,0.0,Naive,0
1413,4,0.1,Randomized,0
1414,4,0.0,Naive,0
1415,4,0.1,Randomized,0
1416,4,0.0,Naive,0
1417,4,0.1,Randomized,0
1418,4,0.0,Naive,0
1419,4,0.1,Randomized,0
1420,4,0.0,Naive,0
1421,4,0.1,Randomized,0
1422,4,0.0,Naive,0
1423,4,0.1,Randomized,0
1424,4,0.0,Naive,0
1425,4,0.1,Randomized,0
1426,4,0.0,Naive,1
1427,4,0.1,Randomized,1
1428,4,0.0,Naive,0
1429,4,0.1,Randomized,0
1430,4,0.0,Naive,0
1431,4,0.1,Randomized,0
1432,4,0.0,Naive,1
1433,4,0.1,Randomized,1
1434,4,0.0,Naive,0
1435,4,0.1,Randomized,0
1436,4,0.0,Naive,0
1437,4,0.1,Randomized,0
1438,4,0.0,Naive,1
1439,4,0.1,Randomized,1
1440,4,0.0,Naive,1
1441,4,0.1,Randomized,1
1442,4,0.0,Naive,0
1443,4,0.1,Randomized,0
1444,4,0.0,Naive,1
1445,4,0.1,Randomized,1
1446,4,0.0,Naive,0
1447,4,0.1,Randomized,0
1448,4,0.0,Naive,1
1449,4,0.1,Randomized,1
1450,4,0.0,Naive,0
1451,4,0.1,Randomized,0
1452,4,0.0,Naive,0
1453,4,0.1,Randomized,0
1454,4,0.0,Naive,0
1455,4,0.1,Randomized,0
1456,4,0.0,Naive,0
1457,4,0.1,Randomized,0
1458,4,0.0,Naive,0
1459,4,0.1,Randomized,0
1460,4,0.0,Naive,0
1461,4,0.1,Randomized,0
1462,4,0.0,Naive,1
1463,4,0.1,Randomized,1
1464,4,0.0,Naive,0
1465,4,0.1,Randomized,0
1466,4,0.0,Naive,0
1467,4,0.1,Randomized,0
1468,4,0.0,Naive,0
1469,4,0.1,Randomized,0
1470,4,0.0,Naive,0
1471,4,0.1,Randomized,0
1472,4,0.0,Naive,1
1473,4,0.1,Randomized,0
1474,4,0.0,Naive,0
1475,4,0.1,Randomized,0
1476,4,0.0,Naive,0
1477,4,0.1,Randomized,0
1478,4,0.0,Naive,1
1479,4,0.1,Randomized,1
1480,4,0.0,Naive,0
1481,4,0.1,Randomized,0
1482,4,0.0,Naive,0
1483,4,0.1,Randomized,1
1484,4,0.0,Naive,0
1485,4,0.1,Randomized,0
1486,4,0.0,Naive,0
1487,4,0.1,Randomized,0
1488,4,0.0,Naive,1
1489,4,0.1,Randomized,0
1490,4,0.0,Naive,1
1491,4,0.1,Randomized,0
1492,4,0.0,Naive,0
1493,4,0.1,Randomized,0
1494,4,0.0,Naive,1
1495,4,0.1,Randomized,1
1496,4,0.0,Naive,0
1497,4,0.1,Randomized,0
1498,4,0.0,Naive,0
1499,4,0.1,Randomized,0
1500,4,0.0,Naive,1
1501,4,0.1,Randomized,1
1502,4,0.0,Naive,0
1503,4,0.1,Randomized,0
1504,4,0.0,Naive,1
1505,4,0.1,Randomized,1
1506,4,0.0,Naive,0
1507,4,0.1,Randomized,0
1508,4,0.0,Naive,1
1509,4,0.1,Randomized,1
1510,4,0.0,Naive,0
1511,4,0.1,Randomized,0
1512,4,0.0,Naive,0
1513,4,0.1,Randomized,0
1514,4,0.0,Naive,0
1515,4,0.1,Randomized,0
1516,4,0.0,Naive,1
1517,4,0.1,Randomized,1
1518,4,0.0,Naive,0
1519,4,0.1,Randomized,0
1520,4,0.0,Naive,0
1521,4,0.1,Randomized,0
1522,4,0.0,Naive,0
1523,4,0.1,Randomized,0
1524,4,0.0,Naive,0
1525,4,0.1,Randomized,0
1526,4,0.0,Naive,0
1527,4,0.1,Randomized,0
1528,4,0.0,Naive,0
1529,4,0.1,Randomized,0
1530,4,0.0,Naive,0
1531,4,0.1,Randomized,0
1532,4,0.0,Naive,0
1533,4,0.1,Randomized,0
1534,4,0.0,Naive,0
1535,4,0.1,Randomized,0
1536,4,0.0,Naive,0
1537,4,0.1,Randomized,0
1538,4,0.0,Naive,0
1539,4,0.1,Randomized,0
1540,4,0.0,Naive,0
1541,4,0.1,Randomized,0
1542,4,0.0,Naive,0
1543,4,0.1,Randomized,0
1544,4,0.0,Naive,0
1545,4,0.1,Randomized,0
1546,4,0.0,Naive,0
1547,4,0.1,Randomized,0
1548,4,0.0,Naive,0
1549,4,0.1,Randomized,0
1550,4,0.0,Naive,0
1551,4,0.1,Randomized,0
1552,4,0.0,Naive,1
1553,4,0.1,Randomized,1
1554,4,0.0,Naive,1
1555,4,0.1,Randomized,1
1556,4,0.0,Naive,1
1557,4,0.1,Randomized,1
1558,4,0.0,Naive,0
1559,4,0.1,Randomized,0
1560,4,0.0,Naive,0
1561,4,0.1,Randomized,0
1562,4,0.0,Naive,1
1563,4,0.1,Randomized,1
1564,4,0.0,Naive,0
1565,4,0.1,Randomized,0
1566,4,0.0,Naive,0
1567,4,0.1,Randomized,0
1568,4,0.0,Naive,0
1569,4,0.1,Randomized,0
1570,4,0.0,Naive,0
1571,4,0.1,Randomized,0
1572,4,0.0,Naive,0
1573,4,0.1,Randomized,0
1574,4,0.0,Naive,0
1575,4,0.1,Randomized,0
1576,4,0.0,Naive,0
1577,4,0.1,Randomized,0
1578,4,0.0,Naive,0
1579,4,0.1,Randomized,0
1580,4,0.0,Naive,1
1581,4,0.1,Randomized,0
1582,4,0.0,Naive,0
1583,4,0.1,Randomized,0
1584,4,0.0,Naive,0
1585,4,0.1,Randomized,0
1586,4,0.0,Naive,0
1587,4,0.1,Randomized,0
1588,4,0.0,Naive,0
1589,4,0.1,Randomized,0
1590,4,0.0,Naive,0
1591,4,0.1,Randomized,0
1592,4,0.0,Naive,0
1593,4,0.1,Randomized,0
1594,4,0.0,Naive,0
1595,4,0.1,Randomized,0
1596,4,0.0,Naive,0
1597,4,0.1,Randomized,0
1598,4,0.0,Naive,1
1599,4,0.1,Randomized,1
1600,4,0.0,Naive,0
1601,4,0.1,Randomized,0
1602,4,0.0,Naive,1
1603,4,0.1,Randomized,1
1604,4,0.0,Naive,0
1605,4,0.1,Randomized,0
1606,4,0.0,Naive,1
1607,4,0.1,Randomized,1
1608,4,0.0,Naive,1
1609,4,0.1,Randomized,1
1610,4,0.0,Naive,0
1611,4,0.1,Randomized,1
1612,4,0.0,Naive,0
1613,4,0.1,Randomized,0
1614,4,0.0,Naive,0
1615,4,0.1,Randomized,0
1616,4,0.0,Naive,0
1617,4,0.1,Randomized,0
1618,4,0.0,Naive,0
1619,4,0.1,Randomized,0
1620,4,0.0,Naive,0
1621,4,0.1,Randomized,0
1622,4,0.0,Naive,0
1623,4,0.1,Randomized,0
1624,4,0.0,Naive,1
1625,4,0.1,Randomized,1
1626,4,0.0,Naive,1
1627,4,0.1,Randomized,1
1628,4,0.0,Naive,1
1629,4,0.1,Randomized,0
1630,4,0.0,Naive,0
1631,4,0.1,Randomized,0
1632,4,0.0,Naive,0
1633,4,0.1,Randomized,0
1634,4,0.0,Naive,0
1635,4,0.1,Randomized,0
1636,4,0.0,Naive,0
1637,4,0.1,Randomized,0
1638,4,0.0,Naive,0
1639,4,0.1,Randomized,0
1640,4,0.0,Naive,0
1641,4,0.1,Randomized,0
1642,4,0.0,Naive,0
1643,4,0.1,Randomized,0
1644,4,0.0,Naive,0
1645,4,0.1,Randomized,0
1646,4,0.0,Naive,1
1647,4,0.1,Randomized,1
1648,4,0.0,Naive,0
1649,4,0.1,Randomized,0
1650,4,0.0,Naive,0
1651,4,0.1,Randomized,0
1652,4,0.0,Naive,0
1653,4,0.1,Randomized,0
1654,4,0.0,Naive,1
1655,4,0.1,Randomized,1
1656,4,0.0,Naive,0
1657,4,0.1,Randomized,0
1658,4,0.0,Naive,1
1659,4,0.1,Randomized,1
1660,4,0.0,Naive,0
1661,4,0.1,Randomized,0
1662,4,0.0,Naive,1
1663,4,0.1,Randomized,0
1664,4,0.0,Naive,0
1665,4,0.1,Randomized,0
1666,4,0.0,Naive,0
1667,4,0.1,Randomized,0
1668,4,0.0,Naive,1
1669,4,0.1,Randomized,1
1670,4,0.0,Naive,0
1671,4,0.1,Randomized,0
1672,4,0.0,Naive,0
1673,4,0.1,Randomized,0
1674,4,0.0,Naive,1
1675,4,0.1,Randomized,0
1676,4,0.0,Naive,0
1677,4,0.1,Randomized,0
1678,4,0.0,Naive,0
1679,4,0.1,Randomized,0
1680,4,0.0,Naive,0
1681,4,0.1,Randomized,0
1682,4,0.0,Naive,0
1683,4,0.1,Randomized,0
1684,4,0.0,Naive,0
1685,4,0.1,Randomized,0
1686,4,0.0,Naive,1
1687,4,0.1,Randomized,1
1688,4,0.0,Naive,0
1689,4,0.1,Randomized,0
1690,4,0.0,Naive,0
1691,4,0.1,Randomized,0
1692,4,0.0,Naive,1
1693,4,0.1,Randomized,0
1694,4,0.0,Naive,0
1695,4,0.1,Randomized,0
1696,4,0.0,Naive,1
1697,4,0.1,Randomized,1
1698,4,0.0,Naive,0
1699,4,0.1,Randomized,1
1700,4,0.0,Naive,1
1701,4,0.1,Randomized,1
1702,4,0.0,Naive,0
1703,4,0.1,Randomized,0
1704,4,0.0,Naive,0
1705,4,0.1,Randomized,0
1706,4,0.0,Naive,1
1707,4,0.1,Randomized,1
1708,4,0.0,Naive,1
1709,4,0.1,Randomized,0
1710,4,0.0,Naive,0
1711,4,0.1,Randomized,0
1712,4,0.0,Naive,0
1713,4,0.1,Randomized,0
1714,4,0.0,Naive,0
1715,4,0.1,Randomized,0
1716,4,0.0,Naive,1
1717,4,0.1,Randomized,0
1718,4,0.0,Naive,0
1719,4,0.1,Randomized,0
1720,4,0.0,Naive,0
1721,4,0.1,Randomized,0
1722,4,0.0,Naive,1
1723,4,0.1,Randomized,1
1724,4,0.0,Naive,0
1725,4,0.1,Randomized,0
1726,4,0.0,Naive,1
1727,4,0.1,Randomized,1
1728,4,0.0,Naive,0
1729,4,0.1,Randomized,0
1730,4,0.0,Naive,0
1731,4,0.1,Randomized,0
1732,4,0.0,Naive,0
1733,4,0.1,Randomized,0
1734,4,0.0,Naive,0
1735,4,0.1,Randomized,0
1736,4,0.0,Naive,0
1737,4,0.1,Randomized,0
1738,4,0.0,Naive,1
1739,4,0.1,Randomized,1
1740,4,0.0,Naive,0
1741,4,0.1,Randomized,0
1742,4,0.0,Naive,0
1743,4,0.1,Randomized,0
1744,4,0.0,Naive,1
1745,4,0.1,Randomized,0
1746,4,0.0,Naive,0
1747,4,0.1,Randomized,0
1748,4,0.0,Naive,0
1749,4,0.1,Randomized,0
1750,4,0.0,Naive,0
1751,4,0.1,Randomized,0
1752,4,0.0,Naive,1
1753,4,0.1,Randomized,0
1754,4,0.0,Naive,1
1755,4,0.1,Randomized,1
1756,4,0.0,Naive,0
1757,4,0.1,Randomized,0
1758,4,0.0,Naive,0
1759,4,0.1,Randomized,0
1760,4,0.0,Naive,0
1761,4,0.1,Randomized,0
1762,4,0.0,Naive,0
1763,4,0.1,Randomized,0
1764,4,0.0,Naive,1
1765,4,0.1,Randomized,1
1766,4,0.0,Naive,0
1767,4,0.1,Randomized,0
1768,4,0.0,Naive,1
1769,4,0.1,Randomized,1
1770,4,0.0,Naive,0
1771,4,0.1,Randomized,0
1772,4,0.0,Naive,1
1773,4,0.1,Randomized,1
1774,4,0.0,Naive,1
1775,4,0.1,Randomized,0
1776,4,0.0,Naive,0
1777,4,0.1,Randomized,0
1778,4,0.0,Naive,0
1779,4,0.1,Randomized,0
1780,4,0.0,Naive,1
1781,4,0.1,Randomized,1
1782,4,0.0,Naive,1
1783,4,0.1,Randomized,1
1784,4,0.0,Naive,1
1785,4,0.1,Randomized,0
1786,4,0.0,Naive,0
1787,4,0.1,Randomized,0
1788,4,0.0,Naive,0
1789,4,0.1,Randomized,0
1790,4,0.0,Naive,0
1791,4,0.1,Randomized,0
1792,4,0.0,Naive,0
1793,4,0.1,Randomized,0
1794,4,0.0,Naive,0
1795,4,0.1,Randomized,0
1796,4,0.0,Naive,1
1797,4,0.1,Randomized,0
1798,4,0.0,Naive,0
1799,4,0.1,Randomized,0
1800,4,0.0,Naive,0
1801,4,0.1,Randomized,0
1802,4,0.0,Naive,0
1803,4,0.1,Randomized,0
1804,4,0.0,Naive,0
1805,4,0.1,Randomized,1
1806,4,0.0,Naive,1
1807,4,0.1,Randomized,1
1808,4,0.0,Naive,0
1809,4,0.1,Randomized,0
1810,4,0.0,Naive,0
1811,4,0.1,Randomized,0
1812,4,0.0,Naive,1
1813,4,0.1,Randomized,0
1814,4,0.0,Naive,0
1815,4,0.1,Randomized,0
1816,4,0.0,Naive,0
1817,4,0.1,Randomized,0
1818,4,0.0,Naive,1
1819,4,0.1,Randomized,1
1820,4,0.0,Naive,1
1821,4,0.1,Randomized,1
1822,4,0.0,Naive,0
1823,4,0.1,Randomized,0
1824,4,0.0,Naive,0
1825,4,0.1,Randomized,1
1826,4,0.0,Naive,0
1827,4,0.1,Randomized,0
1828,4,0.0,Naive,0
1829,4,0.1,Randomized,0
1830,4,0.0,Naive,0
1831,4,0.1,Randomized,0
1832,4,0.0,Naive,0
1833,4,0.1,Randomized,0
1834,4,0.0,Naive,0
1835,4,0.1,Randomized,0
1836,4,0.0,Naive,0
1837,4,0.1,Randomized,0
1838,4,0.0,Naive,0
1839,4,0.1,Randomized,0
1840,4,0.0,Naive,0
1841,4,0.1,Randomized,0
1842,4,0.0,Naive,0
1843,4,0.1,Randomized,0
1844,4,0.0,Naive,1
1845,4,0.1,Randomized,1
1846,4,0.0,Naive,0
1847,4,0.1,Randomized,0
1848,4,0.0,Naive,0
1849,4,0.1,Randomized,0
1850,4,0.0,Naive,0
1851,4,0.1,Randomized,0
1852,4,0.0,Naive,1
1853,4,0.1,Randomized,1
1854,4,0.0,Naive,0
1855,4,0.1,Randomized,0
1856,4,0.0,Naive,0
1857,4,0.1,Randomized,0
1858,4,0.0,Naive,1
1859,4,0.1,Randomized,1
1860,4,0.0,Naive,1
1861,4,0.1,Randomized,1
1862,4,0.0,Naive,0
1863,4,0.1,Randomized,0
1864,4,0.0,Naive,0
1865,4,0.1,Randomized,0
1866,4,0.0,Naive,0
1867,4,0.1,Randomized,0
1868,4,0.0,Naive,0
1869,4,0.1,Randomized,0
1870,4,0.0,Naive,1
1871,4,0.1,Randomized,1
1872,4,0.0,Naive,0
1873,4,0.1,Randomized,0
1874,4,0.0,Naive,0
1875,4,0.1,Randomized,0
1876,4,0.0,Naive,0
1877,4,0.1,Randomized,0
1878,4,0.0,Naive,1
1879,4,0.1,Randomized,1
1880,4,0.0,Naive,0
1881,4,0.1,Randomized,0
1882,4,0.0,Naive,0
1883,4,0.1,Randomized,0
1884,4,0.0,Naive,0
1885,4,0.1,Randomized,0
1886,4,0.0,Naive,0
1887,4,0.1,Randomized,0
1888,4,0.0,Naive,1
1889,4,0.1,Randomized,1
1890,4,0.0,Naive,0
1891,4,0.1,Randomized,0
1892,4,0.0,Naive,1
1893,4,0.1,Randomized,1
1894,4,0.0,Naive,0
1895,4,0.1,Randomized,0
1896,4,0.0,Naive,1
1897,4,0.1,Randomized,1
1898,4,0.0,Naive,1
1899,4,0.1,Randomized,1
1900,4,0.0,Naive,0
1901,4,0.1,Randomized,0
1902,4,0.0,Naive,0
1903,4,0.1,Randomized,0
1904,4,0.0,Naive,1
1905,4,0.1,Randomized,1
1906,4,0.0,Naive,0
1907,4,0.1,Randomized,0
1908,4,0.0,Naive,0
1909,4,0.1,Randomized,0
1910,4,0.0,Naive,1
1911,4,0.1,Randomized,1
1912,4,0.0,Naive,0
1913,4,0.1,Randomized,0
1914,4,0.0,Naive,0
1915,4,0.1,Randomized,0
1916,4,0.0,Naive,0
1917,4,0.1,Randomized,1
1918,4,0.0,Naive,0
1919,4,0.1,Randomized,0
1920,4,0.0,Naive,0
1921,4,0.1,Randomized,0
1922,4,0.0,Naive,0
1923,4,0.1,Randomized,0
1924,4,0.0,Naive,0
1925,4,0.1,Randomized,0
1926,4,0.0,Naive,0
1927,4,0.1,Randomized,0
1928,4,0.0,Naive,0
1929,4,0.1,Randomized,0
1930,4,0.0,Naive,0
1931,4,0.1,Randomized,0
1932,4,0.0,Naive,0
1933,4,0.1,Randomized,0
1934,4,0.0,Naive,0
1935,4,0.1,Randomized,0
1936,4,0.0,Naive,0
1937,4,0.1,Randomized,0
1938,4,0.0,Naive,0
1939,4,0.1,Randomized,0
1940,4,0.0,Naive,0
1941,4,0.1,Randomized,0
1942,4,0.0,Naive,0
1943,4,0.1,Randomized,0
1944,4,0.0,Naive,0
1945,4,0.1,Randomized,0
1946,4,0.0,Naive,0
1947,4,0.1,Randomized,0
1948,4,0.0,Naive,1
1949,4,0.1,Randomized,1
1950,4,0.0,Naive,0
1951,4,0.1,Randomized,1
1952,4,0.0,Naive,0
1953,4,0.1,Randomized,0
1954,4,0.0,Naive,1
1955,4,0.1,Randomized,1
1956,4,0.0,Naive,1
1957,4,0.1,Randomized,1
1958,4,0.0,Naive,1
1959,4,0.1,Randomized,1
1960,4,0.0,Naive,0
1961,4,0.1,Randomized,0
1962,4,0.0,Naive,0
1963,4,0.1,Randomized,0
1964,4,0.0,Naive,0
1965,4,0.1,Randomized,0
1966,4,0.0,Naive,1
1967,4,0.1,Randomized,0
1968,4,0.0,Naive,0
1969,4,0.1,Randomized,0
1970,4,0.0,Naive,0
1971,4,0.1,Randomized,0
1972,4,0.0,Naive,0
1973,4,0.1,Randomized,0
1974,4,0.0,Naive,0
1975,4,0.1,Randomized,0
1976,4,0.0,Naive,0
1977,4,0.1,Randomized,0
1978,4,0.0,Naive,0
1979,4,0.1,Randomized,0
1980,4,0.0,Naive,0
1981,4,0.1,Randomized,0
1982,4,0.0,Naive,0
1983,4,0.1,Randomized,0
1984,4,0.0,Naive,1
1985,4,0.1,Randomized,1
1986,4,0.0,Naive,1
1987,4,0.1,Randomized,1
1988,4,0.0,Naive,0
1989,4,0.1,Randomized,0
1990,4,0.0,Naive,0
1991,4,0.1,Randomized,0
1992,4,0.0,Naive,0
1993,4,0.1,Randomized,0
1994,4,0.0,Naive,0
1995,4,0.1,Randomized,0
1996,4,0.0,Naive,0
1997,4,0.1,Randomized,0
1998,4,0.0,Naive,0
1999,4,0.1,Randomized,0
2000,6,0.0,Naive,1
2001,6,0.1,Randomized,1
2002,6,0.0,Naive,1
2003,6,0.1,Randomized,1
2004,6,0.0,Naive,1
2005,6,0.1,Randomized,1
2006,6,0.0,Naive,1
2007,6,0.1,Randomized,1
2008,6,0.0,Naive,1
2009,6,0.1,Randomized,1
2010,6,0.0,Naive,1
2011,6,0.1,Randomized,1
2012,6,0.0,Naive,1
2013,6,0.1,Randomized,1
2014,6,0.0,Naive,1
2015,6,0.1,Randomized,1
2016,6,0.0,Naive,1
2017,6,0.1,Randomized,0
2018,6,0.0,Naive,1
2019,6,0.1,Randomized,1
2020,6,0.0,Naive,1
2021,6,0.1,Randomized,1
2022,6,0.0,Naive,1
2023,6,0.1,Randomized,1
2024,6,0.0,Naive,1
2025,6,0.1,Randomized,1
2026,6,0.0,Naive,1
2027,6,0.1,Randomized,1
2028,6,0.0,Naive,1
2029,6,0.1,Randomized,1
2030,6,0.0,Naive,1
2031,6,0.1,Randomized,1
2032,6,0.0,Naive,1
2033,6,0.1,Randomized,1
2034,6,0.0,Naive,1
2035,6,0.1,Randomized,1
2036,6,0.0,Naive,1
2037,6,0.1,Randomized,1
2038,6,0.0,Naive,1
2039,6,0.1,Randomized,1
2040,6,0.0,Naive,1
2041,6,0.1,Randomized,1
2042,6,0.0,Naive,0
2043,6,0.1,Randomized,0
2044,6,0.0,Naive,0
2045,6,0.1,Randomized,0
2046,6,0.0,Naive,1
2047,6,0.1,Randomized,1
2048,6,0.0,Naive,1
2049,6,0.1,Randomized,1
2050,6,0.0,Naive,1
2051,6,0.1,Randomized,1
2052,6,0.0,Naive,1
2053,6,0.1,Randomized,1
2054,6,0.0,Naive,1
2055,6,0.1,Randomized,1
2056,6,0.0,Naive,1
2057,6,0.1,Randomized,1
2058,6,0.0,Naive,1
2059,6,0.1,Randomized,1
2060,6,0.0,Naive,1
2061,6,0.1,Randomized,1
2062,6,0.0,Naive,1
2063,6,0.1,Randomized,1
2064,6,0.0,Naive,0
2065,6,0.1,Randomized,0
2066,6,0.0,Naive,1
2067,6,0.1,Randomized,1
2068,6,0.0,Naive,1
2069,6,0.1,Randomized,1
2070,6,0.0,Naive,1
2071,6,0.1,Randomized,0
2072,6,0.0,Naive,1
2073,6,0.1,Randomized,1
2074,6,0.0,Naive,1
2075,6,0.1,Randomized,1
2076,6,0.0,Naive,1
2077,6,0.1,Randomized,1
2078,6,0.0,Naive,1
2079,6,0.1,Randomized,1
2080,6,0.0,Naive,1
2081,6,0.1,Randomized,1
2082,6,0.0,Naive,1
2083,6,0.1,Randomized,1
2084,6,0.0,Naive,1
2085,6,0.1,Randomized,1
2086,6,0.0,Naive,1
2087,6,0.1,Randomized,1
2088,6,0.0,Naive,1
2089,6,0.1,Randomized,1
2090,6,0.0,Naive,1
2091,6,0.1,Randomized,1
2092,6,0.0,Naive,1
2093,6,0.1,Randomized,0
2094,6,0.0,Naive,1
2095,6,0.1,Randomized,1
2096,6,0.0,Naive,1
2097,6,0.1,Randomized,1
2098,6,0.0,Naive,1
2099,6,0.1,Randomized,1
2100,6,0.0,Naive,1
2101,6,0.1,Randomized,1
2102,6,0.0,Naive,1
2103,6,0.1,Randomized,1
2104,6,0.0,Naive,1
2105,6,0.1,Randomized,1
2106,6,0.0,Naive,1
2107,6,0.1,Randomized,1
2108,6,0.0,Naive,1
2109,6,0.1,Randomized,1
2110,6,0.0,Naive,1
2111,6,0.1,Randomized,1
2112,6,0.0,Naive,1
2113,6,0.1,Randomized,0
2114,6,0.0,Naive,1
2115,6,0.1,Randomized,1
2116,6,0.0,Naive,1
2117,6,0.1,Randomized,1
2118,6,0.0,Naive,1
2119,6,0.1,Randomized,1
2120,6,0.0,Naive,1
2121,6,0.1,Randomized,1
2122,6,0.0,Naive,1
2123,6,0.1,Randomized,1
2124,6,0.0,Naive,1
2125,6,0.1,Randomized,1
2126,6,0.0,Naive,1
2127,6,0.1,Randomized,1
2128,6,0.0,Naive,1
2129,6,0.1,Randomized,1
2130,6,0.0,Naive,1
2131,6,0.1,Randomized,1
2132,6,0.0,Naive,1
2133,6,0.1,Randomized,1
2134,6,0.0,Naive,1
2135,6,0.1,Randomized,1
2136,6,0.0,Naive,1
2137,6,0.1,Randomized,1
2138,6,0.0,Naive,1
2139,6,0.1,Randomized,1
2140,6,0.0,Naive,1
2141,6,0.1,Randomized,1
2142,6,0.0,Naive,1
2143,6,0.1,Randomized,1
2144,6,0.0,Naive,1
2145,6,0.1,Randomized,1
2146,6,0.0,Naive,1
2147,6,0.1,Randomized,1
2148,6,0.0,Naive,1
2149,6,0.1,Randomized,1
2150,6,0.0,Naive,1
2151,6,0.1,Randomized,1
2152,6,0.0,Naive,1
2153,6,0.1,Randomized,1
2154,6,0.0,Naive,1
2155,6,0.1,Randomized,1
2156,6,0.0,Naive,1
2157,6,0.1,Randomized,1
2158,6,0.0,Naive,1
2159,6,0.1,Randomized,1
2160,6,0.0,Naive,0
2161,6,0.1,Randomized,0
2162,6,0.0,Naive,1
2163,6,0.1,Randomized,0
2164,6,0.0,Naive,1
2165,6,0.1,Randomized,1
2166,6,0.0,Naive,0
2167,6,0.1,Randomized,0
2168,6,0.0,Naive,1
2169,6,0.1,Randomized,1
2170,6,0.0,Naive,1
2171,6,0.1,Randomized,1
2172,6,0.0,Naive,1
2173,6,0.1,Randomized,1
2174,6,0.0,Naive,1
2175,6,0.1,Randomized,1
2176,6,0.0,Naive,1
2177,6,0.1,Randomized,1
2178,6,0.0,Naive,1
2179,6,0.1,Randomized,1
2180,6,0.0,Naive,1
2181,6,0.1,Randomized,1
2182,6,0.0,Naive,1
2183,6,0.1,Randomized,1
2184,6,0.0,Naive,0
2185,6,0.1,Randomized,0
2186,6,0.0,Naive,1
2187,6,0.1,Randomized,1
2188,6,0.0,Naive,1
2189,6,0.1,Randomized,1
2190,6,0.0,Naive,1
2191,6,0.1,Randomized,1
2192,6,0.0,Naive,1
2193,6,0.1,Randomized,1
2194,6,0.0,Naive,1
2195,6,0.1,Randomized,1
2196,6,0.0,Naive,1
2197,6,0.1,Randomized,1
2198,6,0.0,Naive,1
2199,6,0.1,Randomized,1
2200,6,0.0,Naive,0
2201,6,0.1,Randomized,0
2202,6,0.0,Naive,1
2203,6,0.1,Randomized,1
2204,6,0.0,Naive,1
2205,6,0.1,Randomized,1
2206,6,0.0,Naive,1
2207,6,0.1,Randomized,1
2208,6,0.0,Naive,1
2209,6,0.1,Randomized,1
2210,6,0.0,Naive,1
2211,6,0.1,Randomized,1
2212,6,0.0,Naive,1
2213,6,0.1,Randomized,1
2214,6,0.0,Naive,1
2215,6,0.1,Randomized,1
2216,6,0.0,Naive,1
2217,6,0.1,Randomized,1
2218,6,0.0,Naive,1
2219,6,0.1,Randomized,1
2220,6,0.0,Naive,0
2221,6,0.1,Randomized,0
2222,6,0.0,Naive,1
2223,6,0.1,Randomized,0
2224,6,0.0,Naive,1
2225,6,0.1,Randomized,1
2226,6,0.0,Naive,1
2227,6,0.1,Randomized,1
2228,6,0.0,Naive,1
2229,6,0.1,Randomized,1
2230,6,0.0,Naive,1
2231,6,0.1,Randomized,1
2232,6,0.0,Naive,1
2233,6,0.1,Randomized,1
2234,6,0.0,Naive,1
2235,6,0.1,Randomized,1
2236,6,0.0,Naive,1
2237,6,0.1,Randomized,1
2238,6,0.0,Naive,1
2239,6,0.1,Randomized,1
2240,6,0.0,Naive,1
2241,6,0.1,Randomized,1
2242,6,0.0,Naive,1
2243,6,0.1,Randomized,1
2244,6,0.0,Naive,1
2245,6,0.1,Randomized,1
2246,6,0.0,Naive,1
2247,6,0.1,Randomized,1
2248,6,0.0,Naive,1
2249,6,0.1,Randomized,1
2250,6,0.0,Naive,1
2251,6,0.1,Randomized,1
2252,6,0.0,Naive,1
2253,6,0.1,Randomized,1
2254,6,0.0,Naive,1
2255,6,0.1,Randomized,1
2256,6,0.0,Naive,1
2257,6,0.1,Randomized,1
2258,6,0.0,Naive,0
2259,6,0.1,Randomized,1
2260,6,0.0,Naive,1
2261,6,0.1,Randomized,1
2262,6,0.0,Naive,1
2263,6,0.1,Randomized,1
2264,6,0.0,Naive,1
2265,6,0.1,Randomized,1
2266,6,0.0,Naive,1
2267,6,0.1,Randomized,0
2268,6,0.0,Naive,1
2269,6,0.1,Randomized,0
2270,6,0.0,Naive,1
2271,6,0.1,Randomized,1
2272,6,0.0,Naive,1
2273,6,0.1,Randomized,1
2274,6,0.0,Naive,1
2275,6,0.1,Randomized,0
2276,6,0.0,Naive,1
2277,6,0.1,Randomized,1
2278,6,0.0,Naive,1
2279,6,0.1,Randomized,1
2280,6,0.0,Naive,1
2281,6,0.1,Randomized,1
2282,6,0.0,Naive,1
2283,6,0.1,Randomized,1
2284,6,0.0,Naive,1
2285,6,0.1,Randomized,1
2286,6,0.0,Naive,1
2287,6,0.1,Randomized,1
2288,6,0.0,Naive,1
2289,6,0.1,Randomized,1
2290,6,0.0,Naive,1
2291,6,0.1,Randomized,1
2292,6,0.0,Naive,1
2293,6,0.1,Randomized,1
2294,6,0.0,Naive,1
2295,6,0.1,Randomized,1
2296,6,0.0,Naive,0
2297,6,0.1,Randomized,0
2298,6,0.0,Naive,1
2299,6,0.1,Randomized,1
2300,6,0.0,Naive,0
2301,6,0.1,Randomized,0
2302,6,0.0,Naive,1
2303,6,0.1,Randomized,1
2304,6,0.0,Naive,1
2305,6,0.1,Randomized,1
2306,6,0.0,Naive,1
2307,6,0.1,Randomized,1
2308,6,0.0,Naive,1
2309,6,0.1,Randomized,1
2310,6,0.0,Naive,1
2311,6,0.1,Randomized,1
2312,6,0.0,Naive,1
2313,6,0.1,Randomized,1
2314,6,0.0,Naive,1
2315,6,0.1,Randomized,0
2316,6,0.0,Naive,1
2317,6,0.1,Randomized,1
2318,6,0.0,Naive,1
2319,6,0.1,Randomized,1
2320,6,0.0,Naive,1
2321,6,0.1,Randomized,1
2322,6,0.0,Naive,1
2323,6,0.1,Randomized,0
2324,6,0.0,Naive,1
2325,6,0.1,Randomized,1
2326,6,0.0,Naive,1
2327,6,0.1,Randomized,1
2328,6,0.0,Naive,1
2329,6,0.1,Randomized,1
2330,6,0.0,Naive,1
2331,6,0.1,Randomized,1
2332,6,0.0,Naive,1
2333,6,0.1,Randomized,1
2334,6,0.0,Naive,1
2335,6,0.1,Randomized,1
2336,6,0.0,Naive,1
2337,6,0.1,Randomized,1
2338,6,0.0,Naive,1
2339,6,0.1,Randomized,1
2340,6,0.0,Naive,1
2341,6,0.1,Randomized,1
2342,6,0.0,Naive,1
2343,6,0.1,Randomized,0
2344,6,0.0,Naive,1
2345,6,0.1,Randomized,1
2346,6,0.0,Naive,1
2347,6,0.1,Randomized,1
2348,6,0.0,Naive,1
2349,6,0.1,Randomized,1
2350,6,0.0,Naive,1
2351,6,0.1,Randomized,1
2352,6,0.0,Naive,1
2353,6,0.1,Randomized,1
2354,6,0.0,Naive,1
2355,6,0.1,Randomized,1
2356,6,0.0,Naive,1
2357,6,0.1,Randomized,1
2358,6,0.0,Naive,0
2359,6,0.1,Randomized,0
2360,6,0.0,Naive,1
2361,6,0.1,Randomized,1
2362,6,0.0,Naive,1
2363,6,0.1,Randomized,1
2364,6,0.0,Naive,1
2365,6,0.1,Randomized,1
2366,6,0.0,Naive,1
2367,6,0.1,Randomized,1
2368,6,0.0,Naive,1
2369,6,0.1,Randomized,1
2370,6,0.0,Naive,0
2371,6,0.1,Randomized,0
2372,6,0.0,Naive,1
2373,6,0.1,Randomized,1
2374,6,0.0,Naive,1
2375,6,0.1,Randomized,1
2376,6,0.0,Naive,1
2377,6,0.1,Randomized,1
2378,6,0.0,Naive,1
2379,6,0.1,Randomized,1
2380,6,0.0,Naive,1
2381,6,0.1,Randomized,1
2382,6,0.0,Naive,1
2383,6,0.1,Randomized,1
2384,6,0.0,Naive,1
2385,6,0.1,Randomized,1
2386,6,0.0,Naive,1
2387,6,0.1,Randomized,1
2388,6,0.0,Naive,1
2389,6,0.1,Randomized,1
2390,6,0.0,Naive,1
2391,6,0.1,Randomized,1
2392,6,0.0,Naive,1
2393,6,0.1,Randomized,1
2394,6,0.0,Naive,1
2395,6,0.1,Randomized,1
2396,6,0.0,Naive,1
2397,6,0.1,Randomized,1
2398,6,0.0,Naive,1
2399,6,0.1,Randomized,1
2400,6,0.0,Naive,1
2401,6,0.1,Randomized,0
2402,6,0.0,Naive,1
2403,6,0.1,Randomized,1
2404,6,0.0,Naive,0
2405,6,0.1,Randomized,0
2406,6,0.0,Naive,1
2407,6,0.1,Randomized,0
2408,6,0.0,Naive,1
2409,6,0.1,Randomized,1
2410,6,0.0,Naive,1
2411,6,0.1,Randomized,1
2412,6,0.0,Naive,1
2413,6,0.1,Randomized,0
2414,6,0.0,Naive,1
2415,6,0.1,Randomized,1
2416,6,0.0,Naive,1
2417,6,0.1,Randomized,1
2418,6,0.0,Naive,1
2419,6,0.1,Randomized,1
2420,6,0.0,Naive,1
2421,6,0.1,Randomized,1
2422,6,0.0,Naive,1
2423,6,0.1,Randomized,1
2424,6,0.0,Naive,1
2425,6,0.1,Randomized,1
2426,6,0.0,Naive,0
2427,6,0.1,Randomized,0
2428,6,0.0,Naive,1
2429,6,0.1,Randomized,1
2430,6,0.0,Naive,1
2431,6,0.1,Randomized,1
2432,6,0.0,Naive,1
2433,6,0.1,Randomized,1
2434,6,0.0,Naive,0
2435,6,0.1,Randomized,0
2436,6,0.0,Naive,1
2437,6,0.1,Randomized,1
2438,6,0.0,Naive,0
2439,6,0.1,Randomized,1
2440,6,0.0,Naive,1
2441,6,0.1,Randomized,1
2442,6,0.0,Naive,1
2443,6,0.1,Randomized,1
2444,6,0.0,Naive,1
2445,6,0.1,Randomized,1
2446,6,0.0,Naive,1
2447,6,0.1,Randomized,1
2448,6,0.0,Naive,1
2449,6,0.1,Randomized,1
2450,6,0.0,Naive,1
2451,6,0.1,Randomized,1
2452,6,0.0,Naive,1
2453,6,0.1,Randomized,1
2454,6,0.0,Naive,1
2455,6,0.1,Randomized,1
2456,6,0.0,Naive,1
2457,6,0.1,Randomized,1
2458,6,0.0,Naive,1
2459,6,0.1,Randomized,1
2460,6,0.0,Naive,0
2461,6,0.1,Randomized,0
2462,6,0.0,Naive,1
2463,6,0.1,Randomized,1
2464,6,0.0,Naive,1
2465,6,0.1,Randomized,1
2466,6,0.0,Naive,1
2467,6,0.1,Randomized,1
2468,6,0.0,Naive,1
2469,6,0.1,Randomized,1
2470,6,0.0,Naive,1
2471,6,0.1,Randomized,1
2472,6,0.0,Naive,1
2473,6,0.1,Randomized,1
2474,6,0.0,Naive,1
2475,6,0.1,Randomized,1
2476,6,0.0,Naive,1
2477,6,0.1,Randomized,1
2478,6,0.0,Naive,1
2479,6,0.1,Randomized,1
2480,6,0.0,Naive,1
2481,6,0.1,Randomized,1
2482,6,0.0,Naive,1
2483,6,0.1,Randomized,1
2484,6,0.0,Naive,1
2485,6,0.1,Randomized,1
2486,6,0.0,Naive,1
2487,6,0.1,Randomized,1
2488,6,0.0,Naive,1
2489,6,0.1,Randomized,1
2490,6,0.0,Naive,1
2491,6,0.1,Randomized,0
2492,6,0.0,Naive,1
2493,6,0.1,Randomized,1
2494,6,0.0,Naive,1
2495,6,0.1,Randomized,1
2496,6,0.0,Naive,1
2497,6,0.1,Randomized,1
2498,6,0.0,Naive,1
2499,6,0.1,Randomized,1
2500,6,0.0,Naive,1
2501,6,0.1,Randomized,1
2502,6,0.0,Naive,0
2503,6,0.1,Randomized,0
2504,6,0.0,Naive,1
2505,6,0.1,Randomized,1
2506,6,0.0,Naive,1
2507,6,0.1,Randomized,1
2508,6,0.0,Naive,1
2509,6,0.1,Randomized,1
2510,6,0.0,Naive,1
2511,6,0.1,Randomized,1
2512,6,0.0,Naive,1
2513,6,0.1,Randomized,1
2514,6,0.0,Naive,1
2515,6,0.1,Randomized,1
2516,6,0.0,Naive,1
2517,6,0.1,Randomized,1
2518,6,0.0,Naive,1
2519,6,0.1,Randomized,1
2520,6,0.0,Naive,1
2521,6,0.1,Randomized,1
2522,6,0.0,Naive,1
2523,6,0.1,Randomized,1
2524,6,0.0,Naive,1
2525,6,0.1,Randomized,1
2526,6,0.0,Naive,1
2527,6,0.1,Randomized,1
2528,6,0.0,Naive,0
2529,6,0.1,Randomized,0
2530,6,0.0,Naive,1
2531,6,0.1,Randomized,1
2532,6,0.0,Naive,1
2533,6,0.1,Randomized,1
2534,6,0.0,Naive,1
2535,6,0.1,Randomized,1
2536,6,0.0,Naive,1
2537,6,0.1,Randomized,1
2538,6,0.0,Naive,1
2539,6,0.1,Randomized,1
2540,6,0.0,Naive,1
2541,6,0.1,Randomized,1
2542,6,0.0,Naive,1
2543,6,0.1,Randomized,1
2544,6,0.0,Naive,1
2545,6,0.1,Randomized,1
2546,6,0.0,Naive,1
2547,6,0.1,Randomized,0
2548,6,0.0,Naive,1
2549,6,0.1,Randomized,0
2550,6,0.0,Naive,1
2551,6,0.1,Randomized,1
2552,6,0.0,Naive,1
2553,6,0.1,Randomized,1
2554,6,0.0,Naive,0
2555,6,0.1,Randomized,0
2556,6,0.0,Naive,1
2557,6,0.1,Randomized,1
2558,6,0.0,Naive,1
2559,6,0.1,Randomized,1
2560,6,0.0,Naive,1
2561,6,0.1,Randomized,1
2562,6,0.0,Naive,1
2563,6,0.1,Randomized,1
2564,6,0.0,Naive,1
2565,6,0.1,Randomized,1
2566,6,0.0,Naive,1
2567,6,0.1,Randomized,1
2568,6,0.0,Naive,1
2569,6,0.1,Randomized,1
2570,6,0.0,Naive,0
2571,6,0.1,Randomized,1
2572,6,0.0,Naive,1
2573,6,0.1,Randomized,1
2574,6,0.0,Naive,0
2575,6,0.1,Randomized,0
2576,6,0.0,Naive,1
2577,6,0.1,Randomized,1
2578,6,0.0,Naive,1
2579,6,0.1,Randomized,1
2580,6,0.0,Naive,1
2581,6,0.1,Randomized,1
2582,6,0.0,Naive,1
2583,6,0.1,Randomized,1
2584,6,0.0,Naive,0
2585,6,0.1,Randomized,0
2586,6,0.0,Naive,1
2587,6,0.1,Randomized,1
2588,6,0.0,Naive,1
2589,6,0.1,Randomized,1
2590,6,0.0,Naive,1
2591,6,0.1,Randomized,1
2592,6,0.0,Naive,1
2593,6,0.1,Randomized,1
2594,6,0.0,Naive,1
2595,6,0.1,Randomized,1
2596,6,0.0,Naive,1
2597,6,0.1,Randomized,1
2598,6,0.0,Naive,1
2599,6,0.1,Randomized,1
2600,6,0.0,Naive,1
2601,6,0.1,Randomized,1
2602,6,0.0,Naive,1
2603,6,0.1,Randomized,1
2604,6,0.0,Naive,1
2605,6,0.1,Randomized,1
2606,6,0.0,Naive,1
2607,6,0.1,Randomized,1
2608,6,0.0,Naive,1
2609,6,0.1,Randomized,1
2610,6,0.0,Naive,1
2611,6,0.1,Randomized,1
2612,6,0.0,Naive,1
2613,6,0.1,Randomized,1
2614,6,0.0,Naive,1
2615,6,0.1,Randomized,1
2616,6,0.0,Naive,1
2617,6,0.1,Randomized,1
2618,6,0.0,Naive,1
2619,6,0.1,Randomized,1
2620,6,0.0,Naive,1
2621,6,0.1,Randomized,1
2622,6,0.0,Naive,1
2623,6,0.1,Randomized,1
2624,6,0.0,Naive,0
2625,6,0.1,Randomized,0
2626,6,0.0,Naive,1
2627,6,0.1,Randomized,1
2628,6,0.0,Naive,1
2629,6,0.1,Randomized,1
2630,6,0.0,Naive,0
2631,6,0.1,Randomized,0
2632,6,0.0,Naive,1
2633,6,0.1,Randomized,1
2634,6,0.0,Naive,1
2635,6,0.1,Randomized,0
2636,6,0.0,Naive,1
2637,6,0.1,Randomized,1
2638,6,0.0,Naive,1
2639,6,0.1,Randomized,1
2640,6,0.0,Naive,1
2641,6,0.1,Randomized,1
2642,6,0.0,Naive,1
2643,6,0.1,Randomized,1
2644,6,0.0,Naive,1
2645,6,0.1,Randomized,1
2646,6,0.0,Naive,1
2647,6,0.1,Randomized,1
2648,6,0.0,Naive,1
2649,6,0.1,Randomized,1
2650,6,0.0,Naive,1
2651,6,0.1,Randomized,1
2652,6,0.0,Naive,1
2653,6,0.1,Randomized,1
2654,6,0.0,Naive,1
2655,6,0.1,Randomized,1
2656,6,0.0,Naive,1
2657,6,0.1,Randomized,1
2658,6,0.0,Naive,1
2659,6,0.1,Randomized,1
2660,6,0.0,Naive,1
2661,6,0.1,Randomized,1
2662,6,0.0,Naive,1
2663,6,0.1,Randomized,1
2664,6,0.0,Naive,0
2665,6,0.1,Randomized,0
2666,6,0.0,Naive,1
2667,6,0.1,Randomized,1
2668,6,0.0,Naive,1
2669,6,0.1,Randomized,1
2670,6,0.0,Naive,1
2671,6,0.1,Randomized,1
2672,6,0.0,Naive,1
2673,6,0.1,Randomized,1
2674,6,0.0,Naive,1
2675,6,0.1,Randomized,1
2676,6,0.0,Naive,1
2677,6,0.1,Randomized,1
2678,6,0.0,Naive,1
2679,6,0.1,Randomized,1
2680,6,0.0,Naive,1
2681,6,0.1,Randomized,1
2682,6,0.0,Naive,1
2683,6,0.1,Randomized,1
2684,6,0.0,Naive,1
2685,6,0.1,Randomized,1
2686,6,0.0,Naive,1
2687,6,0.1,Randomized,1
2688,6,0.0,Naive,1
2689,6,0.1,Randomized,1
2690,6,0.0,Naive,1
2691,6,0.1,Randomized,1
2692,6,0.0,Naive,1
2693,6,0.1,Randomized,1
2694,6,0.0,Naive,1
2695,6,0.1,Randomized,1
2696,6,0.0,Naive,1
2697,6,0.1,Randomized,1
2698,6,0.0,Naive,0
2699,6,0.1,Randomized,0
2700,6,0.0,Naive,0
2701,6,0.1,Randomized,0
2702,6,0.0,Naive,1
2703,6,0.1,Randomized,1
2704,6,0.0,Naive,1
2705,6,0.1,Randomized,1
2706,6,0.0,Naive,0
2707,6,0.1,Randomized,0
2708,6,0.0,Naive,1
2709,6,0.1,Randomized,1
2710,6,0.0,Naive,1
2711,6,0.1,Randomized,1
2712,6,0.0,Naive,0
2713,6,0.1,Randomized,0
2714,6,0.0,Naive,1
2715,6,0.1,Randomized,1
2716,6,0.0,Naive,1
2717,6,0.1,Randomized,1
2718,6,0.0,Naive,1
2719,6,0.1,Randomized,1
2720,6,0.0,Naive,1
2721,6,0.1,Randomized,1
2722,6,0.0,Naive,1
2723,6,0.1,Randomized,1
2724,6,0.0,Naive,1
2725,6,0.1,Randomized,1
2726,6,0.0,Naive,1
2727,6,0.1,Randomized,1
2728,6,0.0,Naive,1
2729,6,0.1,Randomized,1
2730,6,0.0,Naive,0
2731,6,0.1,Randomized,0
2732,6,0.0,Naive,1
2733,6,0.1,Randomized,1
2734,6,0.0,Naive,1
2735,6,0.1,Randomized,1
2736,6,0.0,Naive,1
2737,6,0.1,Randomized,1
2738,6,0.0,Naive,0
2739,6,0.1,Randomized,0
2740,6,0.0,Naive,1
2741,6,0.1,Randomized,1
2742,6,0.0,Naive,0
2743,6,0.1,Randomized,0
2744,6,0.0,Naive,1
2745,6,0.1,Randomized,1
2746,6,0.0,Naive,1
2747,6,0.1,Randomized,1
2748,6,0.0,Naive,1
2749,6,0.1,Randomized,1
2750,6,0.0,Naive,1
2751,6,0.1,Randomized,1
2752,6,0.0,Naive,1
2753,6,0.1,Randomized,1
2754,6,0.0,Naive,1
2755,6,0.1,Randomized,1
2756,6,0.0,Naive,0
2757,6,0.1,Randomized,0
2758,6,0.0,Naive,1
2759,6,0.1,Randomized,1
2760,6,0.0,Naive,1
2761,6,0.1,Randomized,1
2762,6,0.0,Naive,1
2763,6,0.1,Randomized,1
2764,6,0.0,Naive,1
2765,6,0.1,Randomized,1
2766,6,0.0,Naive,1
2767,6,0.1,Randomized,1
2768,6,0.0,Naive,1
2769,6,0.1,Randomized,1
2770,6,0.0,Naive,1
2771,6,0.1,Randomized,1
2772,6,0.0,Naive,1
2773,6,0.1,Randomized,1
2774,6,0.0,Naive,1
2775,6,0.1,Randomized,1
2776,6,0.0,Naive,1
2777,6,0.1,Randomized,0
2778,6,0.0,Naive,1
2779,6,0.1,Randomized,1
2780,6,0.0,Naive,1
2781,6,0.1,Randomized,1
2782,6,0.0,Naive,0
2783,6,0.1,Randomized,0
2784,6,0.0,Naive,1
2785,6,0.1,Randomized,1
2786,6,0.0,Naive,1
2787,6,0.1,Randomized,1
2788,6,0.0,Naive,0
2789,6,0.1,Randomized,1
2790,6,0.0,Naive,1
2791,6,0.1,Randomized,1
2792,6,0.0,Naive,1
2793,6,0.1,Randomized,1
2794,6,0.0,Naive,1
2795,6,0.1,Randomized,1
2796,6,0.0,Naive,1
2797,6,0.1,Randomized,1
2798,6,0.0,Naive,1
2799,6,0.1,Randomized,0
2800,6,0.0,Naive,1
2801,6,0.1,Randomized,1
2802,6,0.0,Naive,1
2803,6,0.1,Randomized,1
2804,6,0.0,Naive,1
2805,6,0.1,Randomized,1
2806,6,0.0,Naive,1
2807,6,0.1,Randomized,1
2808,6,0.0,Naive,0
2809,6,0.1,Randomized,1
2810,6,0.0,Naive,1
2811,6,0.1,Randomized,0
2812,6,0.0,Naive,1
2813,6,0.1,Randomized,0
2814,6,0.0,Naive,1
2815,6,0.1,Randomized,1
2816,6,0.0,Naive,1
2817,6,0.1,Randomized,1
2818,6,0.0,Naive,1
2819,6,0.1,Randomized,1
2820,6,0.0,Naive,1
2821,6,0.1,Randomized,1
2822,6,0.0,Naive,0
2823,6,0.1,Randomized,1
2824,6,0.0,Naive,1
2825,6,0.1,Randomized,1
2826,6,0.0,Naive,0
2827,6,0.1,Randomized,0
2828,6,0.0,Naive,1
2829,6,0.1,Randomized,1
2830,6,0.0,Naive,1
2831,6,0.1,Randomized,1
2832,6,0.0,Naive,1
2833,6,0.1,Randomized,1
2834,6,0.0,Naive,1
2835,6,0.1,Randomized,1
2836,6,0.0,Naive,1
2837,6,0.1,Randomized,1
2838,6,0.0,Naive,1
2839,6,0.1,Randomized,1
2840,6,0.0,Naive,1
2841,6,0.1,Randomized,1
2842,6,0.0,Naive,1
2843,6,0.1,Randomized,1
2844,6,0.0,Naive,0
2845,6,0.1,Randomized,0
2846,6,0.0,Naive,1
2847,6,0.1,Randomized,1
2848,6,0.0,Naive,1
2849,6,0.1,Randomized,1
2850,6,0.0,Naive,1
2851,6,0.1,Randomized,1
2852,6,0.0,Naive,0
2853,6,0.1,Randomized,0
2854,6,0.0,Naive,1
2855,6,0.1,Randomized,1
2856,6,0.0,Naive,1
2857,6,0.1,Randomized,0
2858,6,0.0,Naive,1
2859,6,0.1,Randomized,1
2860,6,0.0,Naive,1
2861,6,0.1,Randomized,1
2862,6,0.0,Naive,1
2863,6,0.1,Randomized,1
2864,6,0.0,Naive,1
2865,6,0.1,Randomized,1
2866,6,0.0,Naive,1
2867,6,0.1,Randomized,1
2868,6,0.0,Naive,1
2869,6,0.1,Randomized,1
2870,6,0.0,Naive,1
2871,6,0.1,Randomized,1
2872,6,0.0,Naive,1
2873,6,0.1,Randomized,1
2874,6,0.0,Naive,1
2875,6,0.1,Randomized,1
2876,6,0.0,Naive,0
2877,6,0.1,Randomized,0
2878,6,0.0,Naive,1
2879,6,0.1,Randomized,1
2880,6,0.0,Naive,1
2881,6,0.1,Randomized,1
2882,6,0.0,Naive,1
2883,6,0.1,Randomized,1
2884,6,0.0,Naive,1
2885,6,0.1,Randomized,1
2886,6,0.0,Naive,1
2887,6,0.1,Randomized,1
2888,6,0.0,Naive,1
2889,6,0.1,Randomized,1
2890,6,0.0,Naive,0
2891,6,0.1,Randomized,0
2892,6,0.0,Naive,0
2893,6,0.1,Randomized,0
2894,6,0.0,Naive,0
2895,6,0.1,Randomized,0
2896,6,0.0,Naive,1
2897,6,0.1,Randomized,1
2898,6,0.0,Naive,1
2899,6,0.1,Randomized,1
2900,6,0.0,Naive,1
2901,6,0.1,Randomized,1
2902,6,0.0,Naive,1
2903,6,0.1,Randomized,1
2904,6,0.0,Naive,0
2905,6,0.1,Randomized,0
2906,6,0.0,Naive,1
2907,6,0.1,Randomized,1
2908,6,0.0,Naive,1
2909,6,0.1,Randomized,1
2910,6,0.0,Naive,1
2911,6,0.1,Randomized,1
2912,6,0.0,Naive,1
2913,6,0.1,Randomized,0
2914,6,0.0,Naive,1
2915,6,0.1,Randomized,1
2916,6,0.0,Naive,1
2917,6,0.1,Randomized,1
2918,6,0.0,Naive,1
2919,6,0.1,Randomized,1
2920,6,0.0,Naive,1
2921,6,0.1,Randomized,1
2922,6,0.0,Naive,1
2923,6,0.1,Randomized,1
2924,6,0.0,Naive,1
2925,6,0.1,Randomized,1
2926,6,0.0,Naive,1
2927,6,0.1,Randomized,0
2928,6,0.0,Naive,0
2929,6,0.1,Randomized,0
2930,6,0.0,Naive,1
2931,6,0.1,Randomized,1
2932,6,0.0,Naive,1
2933,6,0.1,Randomized,1
2934,6,0.0,Naive,1
2935,6,0.1,Randomized,1
2936,6,0.0,Naive,1
2937,6,0.1,Randomized,1
2938,6,0.0,Naive,1
2939,6,0.1,Randomized,0
2940,6,0.0,Naive,1
2941,6,0.1,Randomized,1
2942,6,0.0,Naive,1
2943,6,0.1,Randomized,1
2944,6,0.0,Naive,1
2945,6,0.1,Randomized,1
2946,6,0.0,Naive,1
2947,6,0.1,Randomized,1
2948,6,0.0,Naive,1
2949,6,0.1,Randomized,1
2950,6,0.0,Naive,1
2951,6,0.1,Randomized,1
2952,6,0.0,Naive,1
2953,6,0.1,Randomized,1
2954,6,0.0,Naive,1
2955,6,0.1,Randomized,1
2956,6,0.0,Naive,1
2957,6,0.1,Randomized,1
2958,6,0.0,Naive,1
2959,6,0.1,Randomized,0
2960,6,0.0,Naive,1
2961,6,0.1,Randomized,0
2962,6,0.0,Naive,1
2963,6,0.1,Randomized,1
2964,6,0.0,Naive,1
2965,6,0.1,Randomized,1
2966,6,0.0,Naive,1
2967,6,0.1,Randomized,1
2968,6,0.0,Naive,1
2969,6,0.1,Randomized,1
2970,6,0.0,Naive,1
2971,6,0.1,Randomized,1
2972,6,0.0,Naive,1
2973,6,0.1,Randomized,1
2974,6,0.0,Naive,1
2975,6,0.1,Randomized,1
2976,6,0.0,Naive,1
2977,6,0.1,Randomized,0
2978,6,0.0,Naive,1
2979,6,0.1,Randomized,1
2980,6,0.0,Naive,1
2981,6,0.1,Randomized,1
2982,6,0.0,Naive,1
2983,6,0.1,Randomized,1
2984,6,0.0,Naive,1
2985,6,0.1,Randomized,0
2986,6,0.0,Naive,1
2987,6,0.1,Randomized,1
2988,6,0.0,Naive,1
2989,6,0.1,Randomized,1
2990,6,0.0,Naive,1
2991,6,0.1,Randomized,1
2992,6,0.0,Naive,1
2993,6,0.1,Randomized,1
2994,6,0.0,Naive,0
2995,6,0.1,Randomized,0
2996,6,0.0,Naive,1
2997,6,0.1,Randomized,1
2998,6,0.0,Naive,1
2999,6,0.1,Randomized,1
3000,8,0.0,Naive,1
3001,8,0.1,Randomized,1
3002,8,0.0,Naive,1
3003,8,0.1,Randomized,1
3004,8,0.0,Naive,1
3005,8,0.1,Randomized,1
3006,8,0.0,Naive,1
3007,8,0.1,Randomized,1
3008,8,0.0,Naive,1
3009,8,0.1,Randomized,1
3010,8,0.0,Naive,1
3011,8,0.1,Randomized,1
3012,8,0.0,Naive,1
3013,8,0.1,Randomized,1
3014,8,0.0,Naive,1
3015,8,0.1,Randomized,1
3016,8,0.0,Naive,1
3017,8,0.1,Randomized,1
3018,8,0.0,Naive,1
3019,8,0.1,Randomized,1
3020,8,0.0,Naive,1
3021,8,0.1,Randomized,1
3022,8,0.0,Naive,1
3023,8,0.1,Randomized,1
3024,8,0.0,Naive,1
3025,8,0.1,Randomized,1
3026,8,0.0,Naive,1
3027,8,0.1,Randomized,1
3028,8,0.0,Naive,1
3029,8,0.1,Randomized,1
3030,8,0.0,Naive,1
3031,8,0.1,Randomized,1
3032,8,0.0,Naive,1
3033,8,0.1,Randomized,1
3034,8,0.0,Naive,1
3035,8,0.1,Randomized,1
3036,8,0.0,Naive,1
3037,8,0.1,Randomized,1
3038,8,0.0,Naive,1
3039,8,0.1,Randomized,1
3040,8,0.0,Naive,1
3041,8,0.1,Randomized,1
3042,8,0.0,Naive,1
3043,8,0.1,Randomized,1
3044,8,0.0,Naive,1
3045,8,0.1,Randomized,1
3046,8,0.0,Naive,1
3047,8,0.1,Randomized,1
3048,8,0.0,Naive,1
3049,8,0.1,Randomized,1
3050,8,0.0,Naive,1
3051,8,0.1,Randomized,1
3052,8,0.0,Naive,1
3053,8,0.1,Randomized,1
3054,8,0.0,Naive,1
3055,8,0.1,Randomized,1
3056,8,0.0,Naive,1
3057,8,0.1,Randomized,1
3058,8,0.0,Naive,1
3059,8,0.1,Randomized,1
3060,8,0.0,Naive,1
3061,8,0.1,Randomized,1
3062,8,0.0,Naive,1
3063,8,0.1,Randomized,1
3064,8,0.0,Naive,1
3065,8,0.1,Randomized,1
3066,8,0.0,Naive,1
3067,8,0.1,Randomized,1
3068,8,0.0,Naive,1
3069,8,0.1,Randomized,1
3070,8,0.0,Naive,1
3071,8,0.1,Randomized,1
3072,8,0.0,Naive,1
3073,8,0.1,Randomized,1
3074,8,0.0,Naive,1
3075,8,0.1,Randomized,1
3076,8,0.0,Naive,1
3077,8,0.1,Randomized,1
3078,8,0.0,Naive,1
3079,8,0.1,Randomized,1
3080,8,0.0,Naive,1
3081,8,0.1,Randomized,1
3082,8,0.0,Naive,1
3083,8,0.1,Randomized,1
3084,8,0.0,Naive,1
3085,8,0.1,Randomized,1
3086,8,0.0,Naive,1
3087,8,0.1,Randomized,1
3088,8,0.0,Naive,1
3089,8,0.1,Randomized,1
3090,8,0.0,Naive,1
3091,8,0.1,Randomized,1
3092,8,0.0,Naive,1
3093,8,0.1,Randomized,1
3094,8,0.0,Naive,1
3095,8,0.1,Randomized,1
3096,8,0.0,Naive,1
3097,8,0.1,Randomized,1
3098,8,0.0,Naive,1
3099,8,0.1,Randomized,1
3100,8,0.0,Naive,1
3101,8,0.1,Randomized,1
3102,8,0.0,Naive,1
3103,8,0.1,Randomized,1
3104,8,0.0,Naive,1
3105,8,0.1,Randomized,1
3106,8,0.0,Naive,1
3107,8,0.1,Randomized,1
3108,8,0.0,Naive,1
3109,8,0.1,Randomized,1
3110,8,0.0,Naive,1
3111,8,0.1,Randomized,1
3112,8,0.0,Naive,1
3113,8,0.1,Randomized,1
3114,8,0.0,Naive,1
3115,8,0.1,Randomized,1
3116,8,0.0,Naive,1
3117,8,0.1,Randomized,1
3118,8,0.0,Naive,1
3119,8,0.1,Randomized,1
3120,8,0.0,Naive,1
3121,8,0.1,Randomized,1
3122,8,0.0,Naive,1
3123,8,0.1,Randomized,1
3124,8,0.0,Naive,1
3125,8,0.1,Randomized,1
3126,8,0.0,Naive,1
3127,8,0.1,Randomized,1
3128,8,0.0,Naive,1
3129,8,0.1,Randomized,1
3130,8,0.0,Naive,1
3131,8,0.1,Randomized,1
3132,8,0.0,Naive,1
3133,8,0.1,Randomized,1
3134,8,0.0,Naive,1
3135,8,0.1,Randomized,1
3136,8,0.0,Naive,1
3137,8,0.1,Randomized,1
3138,8,0.0,Naive,1
3139,8,0.1,Randomized,1
3140,8,0.0,Naive,1
3141,8,0.1,Randomized,1
3142,8,0.0,Naive,1
3143,8,0.1,Randomized,1
3144,8,0.0,Naive,1
3145,8,0.1,Randomized,1
3146,8,0.0,Naive,1
3147,8,0.1,Randomized,1
3148,8,0.0,Naive,1
3149,8,0.1,Randomized,0
3150,8,0.0,Naive,1
3151,8,0.1,Randomized,1
3152,8,0.0,Naive,1
3153,8,0.1,Randomized,1
3154,8,0.0,Naive,1
3155,8,0.1,Randomized,1
3156,8,0.0,Naive,1
3157,8,0.1,Randomized,1
3158,8,0.0,Naive,1
3159,8,0.1,Randomized,1
3160,8,0.0,Naive,1
3161,8,0.1,Randomized,1
3162,8,0.0,Naive,1
3163,8,0.1,Randomized,1
3164,8,0.0,Naive,1
3165,8,0.1,Randomized,1
3166,8,0.0,Naive,1
3167,8,0.1,Randomized,1
3168,8,0.0,Naive,1
3169,8,0.1,Randomized,1
3170,8,0.0,Naive,1
3171,8,0.1,Randomized,1
3172,8,0.0,Naive,1
3173,8,0.1,Randomized,1
3174,8,0.0,Naive,1
3175,8,0.1,Randomized,1
3176,8,0.0,Naive,1
3177,8,0.1,Randomized,1
3178,8,0.0,Naive,1
3179,8,0.1,Randomized,1
3180,8,0.0,Naive,1
3181,8,0.1,Randomized,1
3182,8,0.0,Naive,1
3183,8,0.1,Randomized,1
3184,8,0.0,Naive,1
3185,8,0.1,Randomized,1
3186,8,0.0,Naive,1
3187,8,0.1,Randomized,1
3188,8,0.0,Naive,1
3189,8,0.1,Randomized,1
3190,8,0.0,Naive,1
3191,8,0.1,Randomized,1
3192,8,0.0,Naive,1
3193,8,0.1,Randomized,1
3194,8,0.0,Naive,1
3195,8,0.1,Randomized,1
3196,8,0.0,Naive,1
3197,8,0.1,Randomized,1
3198,8,0.0,Naive,1
3199,8,0.1,Randomized,1
3200,8,0.0,Naive,1
3201,8,0.1,Randomized,1
3202,8,0.0,Naive,1
3203,8,0.1,Randomized,1
3204,8,0.0,Naive,1
3205,8,0.1,Randomized,1
3206,8,0.0,Naive,1
3207,8,0.1,Randomized,1
3208,8,0.0,Naive,1
3209,8,0.1,Randomized,1
3210,8,0.0,Naive,1
3211,8,0.1,Randomized,1
3212,8,0.0,Naive,1
3213,8,0.1,Randomized,1
3214,8,0.0,Naive,1
3215,8,0.1,Randomized,1
3216,8,0.0,Naive,1
3217,8,0.1,Randomized,1
3218,8,0.0,Naive,1
3219,8,0.1,Randomized,1
3220,8,0.0,Naive,1
3221,8,0.1,Randomized,1
3222,8,0.0,Naive,1
3223,8,0.1,Randomized,1
3224,8,0.0,Naive,1
3225,8,0.1,Randomized,1
3226,8,0.0,Naive,1
3227,8,0.1,Randomized,1
3228,8,0.0,Naive,1
3229,8,0.1,Randomized,1
3230,8,0.0,Naive,1
3231,8,0.1,Randomized,1
3232,8,0.0,Naive,1
3233,8,0.1,Randomized,1
3234,8,0.0,Naive,1
3235,8,0.1,Randomized,1
3236,8,0.0,Naive,1
3237,8,0.1,Randomized,1
3238,8,0.0,Naive,1
3239,8,0.1,Randomized,1
3240,8,0.0,Naive,1
3241,8,0.1,Randomized,1
3242,8,0.0,Naive,1
3243,8,0.1,Randomized,1
3244,8,0.0,Naive,1
3245,8,0.1,Randomized,1
3246,8,0.0,Naive,1
3247,8,0.1,Randomized,1
3248,8,0.0,Naive,1
3249,8,0.1,Randomized,1
3250,8,0.0,Naive,1
3251,8,0.1,Randomized,1
3252,8,0.0,Naive,1
3253,8,0.1,Randomized,1
3254,8,0.0,Naive,1
3255,8,0.1,Randomized,1
3256,8,0.0,Naive,1
3257,8,0.1,Randomized,1
3258,8,0.0,Naive,1
3259,8,0.1,Randomized,1
3260,8,0.0,Naive,1
3261,8,0.1,Randomized,1
3262,8,0.0,Naive,1
3263,8,0.1,Randomized,1
3264,8,0.0,Naive,1
3265,8,0.1,Randomized,1
3266,8,0.0,Naive,1
3267,8,0.1,Randomized,1
3268,8,0.0,Naive,1
3269,8,0.1,Randomized,1
3270,8,0.0,Naive,1
3271,8,0.1,Randomized,1
3272,8,0.0,Naive,1
3273,8,0.1,Randomized,1
3274,8,0.0,Naive,1
3275,8,0.1,Randomized,1
3276,8,0.0,Naive,1
3277,8,0.1,Randomized,1
3278,8,0.0,Naive,1
3279,8,0.1,Randomized,1
3280,8,0.0,Naive,1
3281,8,0.1,Randomized,1
3282,8,0.0,Naive,1
3283,8,0.1,Randomized,1
3284,8,0.0,Naive,1
3285,8,0.1,Randomized,1
3286,8,0.0,Naive,1
3287,8,0.1,Randomized,1
3288,8,0.0,Naive,1
3289,8,0.1,Randomized,1
3290,8,0.0,Naive,1
3291,8,0.1,Randomized,1
3292,8,0.0,Naive,1
3293,8,0.1,Randomized,1
3294,8,0.0,Naive,1
3295,8,0.1,Randomized,1
3296,8,0.0,Naive,1
3297,8,0.1,Randomized,1
3298,8,0.0,Naive,1
3299,8,0.1,Randomized,1
3300,8,0.0,Naive,1
3301,8,0.1,Randomized,1
3302,8,0.0,Naive,1
3303,8,0.1,Randomized,1
3304,8,0.0,Naive,1
3305,8,0.1,Randomized,1
3306,8,0.0,Naive,1
3307,8,0.1,Randomized,1
3308,8,0.0,Naive,1
3309,8,0.1,Randomized,1
3310,8,0.0,Naive,1
3311,8,0.1,Randomized,1
3312,8,0.0,Naive,1
3313,8,0.1,Randomized,1
3314,8,0.0,Naive,1
3315,8,0.1,Randomized,1
3316,8,0.0,Naive,1
3317,8,0.1,Randomized,1
3318,8,0.0,Naive,1
3319,8,0.1,Randomized,1
3320,8,0.0,Naive,1
3321,8,0.1,Randomized,1
3322,8,0.0,Naive,1
3323,8,0.1,Randomized,1
3324,8,0.0,Naive,1
3325,8,0.1,Randomized,1
3326,8,0.0,Naive,1
3327,8,0.1,Randomized,1
3328,8,0.0,Naive,1
3329,8,0.1,Randomized,1
3330,8,0.0,Naive,1
3331,8,0.1,Randomized,1
3332,8,0.0,Naive,1
3333,8,0.1,Randomized,1
3334,8,0.0,Naive,1
3335,8,0.1,Randomized,1
3336,8,0.0,Naive,1
3337,8,0.1,Randomized,1
3338,8,0.0,Naive,1
3339,8,0.1,Randomized,1
3340,8,0.0,Naive,1
3341,8,0.1,Randomized,1
3342,8,0.0,Naive,1
3343,8,0.1,Randomized,1
3344,8,0.0,Naive,1
3345,8,0.1,Randomized,1
3346,8,0.0,Naive,1
3347,8,0.1,Randomized,1
3348,8,0.0,Naive,1
3349,8,0.1,Randomized,1
3350,8,0.0,Naive,1
3351,8,0.1,Randomized,1
3352,8,0.0,Naive,1
3353,8,0.1,Randomized,1
3354,8,0.0,Naive,1
3355,8,0.1,Randomized,1
3356,8,0.0,Naive,1
3357,8,0.1,Randomized,1
3358,8,0.0,Naive,1
3359,8,0.1,Randomized,1
3360,8,0.0,Naive,1
3361,8,0.1,Randomized,1
3362,8,0.0,Naive,1
3363,8,0.1,Randomized,1
3364,8,0.0,Naive,1
3365,8,0.1,Randomized,1
3366,8,0.0,Naive,1
3367,8,0.1,Randomized,1
3368,8,0.0,Naive,1
3369,8,0.1,Randomized,1
3370,8,0.0,Naive,1
3371,8,0.1,Randomized,1
3372,8,0.0,Naive,1
3373,8,0.1,Randomized,1
3374,8,0.0,Naive,1
3375,8,0.1,Randomized,1
3376,8,0.0,Naive,1
3377,8,0.1,Randomized,1
3378,8,0.0,Naive,1
3379,8,0.1,Randomized,1
3380,8,0.0,Naive,1
3381,8,0.1,Randomized,1
3382,8,0.0,Naive,1
3383,8,0.1,Randomized,1
3384,8,0.0,Naive,1
3385,8,0.1,Randomized,1
3386,8,0.0,Naive,1
3387,8,0.1,Randomized,1
3388,8,0.0,Naive,1
3389,8,0.1,Randomized,1
3390,8,0.0,Naive,1
3391,8,0.1,Randomized,1
3392,8,0.0,Naive,1
3393,8,0.1,Randomized,1
3394,8,0.0,Naive,1
3395,8,0.1,Randomized,1
3396,8,0.0,Naive,1
3397,8,0.1,Randomized,1
3398,8,0.0,Naive,1
3399,8,0.1,Randomized,1
3400,8,0.0,Naive,1
3401,8,0.1,Randomized,1
3402,8,0.0,Naive,1
3403,8,0.1,Randomized,1
3404,8,0.0,Naive,1
3405,8,0.1,Randomized,1
3406,8,0.0,Naive,1
3407,8,0.1,Randomized,1
3408,8,0.0,Naive,1
3409,8,0.1,Randomized,1
3410,8,0.0,Naive,1
3411,8,0.1,Randomized,1
3412,8,0.0,Naive,1
3413,8,0.1,Randomized,1
3414,8,0.0,Naive,1
3415,8,0.1,Randomized,1
3416,8,0.0,Naive,1
3417,8,0.1,Randomized,1
3418,8,0.0,Naive,1
3419,8,0.1,Randomized,1
3420,8,0.0,Naive,1
3421,8,0.1,Randomized,1
3422,8,0.0,Naive,1
3423,8,0.1,Randomized,1
3424,8,0.0,Naive,1
3425,8,0.1,Randomized,1
3426,8,0.0,Naive,1
3427,8,0.1,Randomized,1
3428,8,0.0,Naive,1
3429,8,0.1,Randomized,1
3430,8,0.0,Naive,1
3431,8,0.1,Randomized,1
3432,8,0.0,Naive,1
3433,8,0.1,Randomized,1
3434,8,0.0,Naive,1
3435,8,0.1,Randomized,1
3436,8,0.0,Naive,1
3437,8,0.1,Randomized,1
3438,8,0.0,Naive,1
3439,8,0.1,Randomized,1
3440,8,0.0,Naive,1
3441,8,0.1,Randomized,1
3442,8,0.0,Naive,1
3443,8,0.1,Randomized,1
3444,8,0.0,Naive,1
3445,8,0.1,Randomized,1
3446,8,0.0,Naive,1
3447,8,0.1,Randomized,1
3448,8,0.0,Naive,1
3449,8,0.1,Randomized,1
3450,8,0.0,Naive,1
3451,8,0.1,Randomized,1
3452,8,0.0,Naive,1
3453,8,0.1,Randomized,1
3454,8,0.0,Naive,1
3455,8,0.1,Randomized,1
3456,8,0.0,Naive,1
3457,8,0.1,Randomized,1
3458,8,0.0,Naive,1
3459,8,0.1,Randomized,1
3460,8,0.0,Naive,1
3461,8,0.1,Randomized,1
3462,8,0.0,Naive,1
3463,8,0.1,Randomized,1
3464,8,0.0,Naive,1
3465,8,0.1,Randomized,1
3466,8,0.0,Naive,1
3467,8,0.1,Randomized,1
3468,8,0.0,Naive,1
3469,8,0.1,Randomized,1
3470,8,0.0,Naive,1
3471,8,0.1,Randomized,1
3472,8,0.0,Naive,1
3473,8,0.1,Randomized,1
3474,8,0.0,Naive,1
3475,8,0.1,Randomized,1
3476,8,0.0,Naive,1
3477,8,0.1,Randomized,1
3478,8,0.0,Naive,1
3479,8,0.1,Randomized,1
3480,8,0.0,Naive,1
3481,8,0.1,Randomized,1
3482,8,0.0,Naive,1
3483,8,0.1,Randomized,1
3484,8,0.0,Naive,1
3485,8,0.1,Randomized,1
3486,8,0.0,Naive,1
3487,8,0.1,Randomized,1
3488,8,0.0,Naive,1
3489,8,0.1,Randomized,1
3490,8,0.0,Naive,1
3491,8,0.1,Randomized,1
3492,8,0.0,Naive,1
3493,8,0.1,Randomized,1
3494,8,0.0,Naive,1
3495,8,0.1,Randomized,1
3496,8,0.0,Naive,1
3497,8,0.1,Randomized,1
3498,8,0.0,Naive,1
3499,8,0.1,Randomized,1
3500,8,0.0,Naive,1
3501,8,0.1,Randomized,1
3502,8,0.0,Naive,1
3503,8,0.1,Randomized,1
3504,8,0.0,Naive,1
3505,8,0.1,Randomized,1
3506,8,0.0,Naive,1
3507,8,0.1,Randomized,1
3508,8,0.0,Naive,1
3509,8,0.1,Randomized,1
3510,8,0.0,Naive,1
3511,8,0.1,Randomized,1
3512,8,0.0,Naive,1
3513,8,0.1,Randomized,1
3514,8,0.0,Naive,1
3515,8,0.1,Randomized,1
3516,8,0.0,Naive,1
3517,8,0.1,Randomized,1
3518,8,0.0,Naive,1
3519,8,0.1,Randomized,1
3520,8,0.0,Naive,1
3521,8,0.1,Randomized,1
3522,8,0.0,Naive,1
3523,8,0.1,Randomized,1
3524,8,0.0,Naive,1
3525,8,0.1,Randomized,1
3526,8,0.0,Naive,1
3527,8,0.1,Randomized,1
3528,8,0.0,Naive,1
3529,8,0.1,Randomized,1
3530,8,0.0,Naive,1
3531,8,0.1,Randomized,1
3532,8,0.0,Naive,1
3533,8,0.1,Randomized,1
3534,8,0.0,Naive,1
3535,8,0.1,Randomized,1
3536,8,0.0,Naive,1
3537,8,0.1,Randomized,1
3538,8,0.0,Naive,1
3539,8,0.1,Randomized,1
3540,8,0.0,Naive,1
3541,8,0.1,Randomized,1
3542,8,0.0,Naive,1
3543,8,0.1,Randomized,1
3544,8,0.0,Naive,1
3545,8,0.1,Randomized,1
3546,8,0.0,Naive,1
3547,8,0.1,Randomized,1
3548,8,0.0,Naive,1
3549,8,0.1,Randomized,1
3550,8,0.0,Naive,1
3551,8,0.1,Randomized,1
3552,8,0.0,Naive,1
3553,8,0.1,Randomized,1
3554,8,0.0,Naive,1
3555,8,0.1,Randomized,1
3556,8,0.0,Naive,1
3557,8,0.1,Randomized,1
3558,8,0.0,Naive,1
3559,8,0.1,Randomized,1
3560,8,0.0,Naive,1
3561,8,0.1,Randomized,1
3562,8,0.0,Naive,1
3563,8,0.1,Randomized,1
3564,8,0.0,Naive,1
3565,8,0.1,Randomized,1
3566,8,0.0,Naive,1
3567,8,0.1,Randomized,1
3568,8,0.0,Naive,1
3569,8,0.1,Randomized,1
3570,8,0.0,Naive,1
3571,8,0.1,Randomized,1
3572,8,0.0,Naive,1
3573,8,0.1,Randomized,1
3574,8,0.0,Naive,1
3575,8,0.1,Randomized,1
3576,8,0.0,Naive,1
3577,8,0.1,Randomized,1
3578,8,0.0,Naive,1
3579,8,0.1,Randomized,1
3580,8,0.0,Naive,1
3581,8,0.1,Randomized,1
3582,8,0.0,Naive,1
3583,8,0.1,Randomized,1
3584,8,0.0,Naive,1
3585,8,0.1,Randomized,1
3586,8,0.0,Naive,1
3587,8,0.1,Randomized,1
3588,8,0.0,Naive,1
3589,8,0.1,Randomized,1
3590,8,0.0,Naive,1
3591,8,0.1,Randomized,1
3592,8,0.0,Naive,1
3593,8,0.1,Randomized,1
3594,8,0.0,Naive,1
3595,8,0.1,Randomized,1
3596,8,0.0,Naive,1
3597,8,0.1,Randomized,1
3598,8,0.0,Naive,1
3599,8,0.1,Randomized,1
3600,8,0.0,Naive,1
3601,8,0.1,Randomized,1
3602,8,0.0,Naive,1
3603,8,0.1,Randomized,1
3604,8,0.0,Naive,1
3605,8,0.1,Randomized,1
3606,8,0.0,Naive,1
3607,8,0.1,Randomized,1
3608,8,0.0,Naive,1
3609,8,0.1,Randomized,1
3610,8,0.0,Naive,1
3611,8,0.1,Randomized,1
3612,8,0.0,Naive,1
3613,8,0.1,Randomized,1
3614,8,0.0,Naive,1
3615,8,0.1,Randomized,1
3616,8,0.0,Naive,1
3617,8,0.1,Randomized,1
3618,8,0.0,Naive,1
3619,8,0.1,Randomized,1
3620,8,0.0,Naive,1
3621,8,0.1,Randomized,1
3622,8,0.0,Naive,1
3623,8,0.1,Randomized,1
3624,8,0.0,Naive,1
3625,8,0.1,Randomized,1
3626,8,0.0,Naive,1
3627,8,0.1,Randomized,1
3628,8,0.0,Naive,1
3629,8,0.1,Randomized,1
3630,8,0.0,Naive,1
3631,8,0.1,Randomized,1
3632,8,0.0,Naive,1
3633,8,0.1,Randomized,1
3634,8,0.0,Naive,1
3635,8,0.1,Randomized,1
3636,8,0.0,Naive,1
3637,8,0.1,Randomized,1
3638,8,0.0,Naive,1
3639,8,0.1,Randomized,1
3640,8,0.0,Naive,1
3641,8,0.1,Randomized,1
3642,8,0.0,Naive,1
3643,8,0.1,Randomized,1
3644,8,0.0,Naive,1
3645,8,0.1,Randomized,1
3646,8,0.0,Naive,1
3647,8,0.1,Randomized,1
3648,8,0.0,Naive,1
3649,8,0.1,Randomized,1
3650,8,0.0,Naive,1
3651,8,0.1,Randomized,1
3652,8,0.0,Naive,1
3653,8,0.1,Randomized,1
3654,8,0.0,Naive,1
3655,8,0.1,Randomized,1
3656,8,0.0,Naive,1
3657,8,0.1,Randomized,1
3658,8,0.0,Naive,1
3659,8,0.1,Randomized,1
3660,8,0.0,Naive,1
3661,8,0.1,Randomized,1
3662,8,0.0,Naive,1
3663,8,0.1,Randomized,1
3664,8,0.0,Naive,1
3665,8,0.1,Randomized,1
3666,8,0.0,Naive,1
3667,8,0.1,Randomized,1
3668,8,0.0,Naive,1
3669,8,0.1,Randomized,1
3670,8,0.0,Naive,1
3671,8,0.1,Randomized,1
3672,8,0.0,Naive,1
3673,8,0.1,Randomized,1
3674,8,0.0,Naive,1
3675,8,0.1,Randomized,1
3676,8,0.0,Naive,1
3677,8,0.1,Randomized,1
3678,8,0.0,Naive,1
3679,8,0.1,Randomized,1
3680,8,0.0,Naive,1
3681,8,0.1,Randomized,1
3682,8,0.0,Naive,1
3683,8,0.1,Randomized,1
3684,8,0.0,Naive,1
3685,8,0.1,Randomized,1
3686,8,0.0,Naive,1
3687,8,0.1,Randomized,1
3688,8,0.0,Naive,1
3689,8,0.1,Randomized,1
3690,8,0.0,Naive,1
3691,8,0.1,Randomized,1
3692,8,0.0,Naive,1
3693,8,0.1,Randomized,1
3694,8,0.0,Naive,1
3695,8,0.1,Randomized,1
3696,8,0.0,Naive,1
3697,8,0.1,Randomized,1
3698,8,0.0,Naive,1
3699,8,0.1,Randomized,1
3700,8,0.0,Naive,1
3701,8,0.1,Randomized,1
3702,8,0.0,Naive,1
3703,8,0.1,Randomized,1
3704,8,0.0,Naive,1
3705,8,0.1,Randomized,1
3706,8,0.0,Naive,1
3707,8,0.1,Randomized,1
3708,8,0.0,Naive,1
3709,8,0.1,Randomized,1
3710,8,0.0,Naive,1
3711,8,0.1,Randomized,1
3712,8,0.0,Naive,1
3713,8,0.1,Randomized,1
3714,8,0.0,Naive,1
3715,8,0.1,Randomized,1
3716,8,0.0,Naive,1
3717,8,0.1,Randomized,1
3718,8,0.0,Naive,1
3719,8,0.1,Randomized,1
3720,8,0.0,Naive,1
3721,8,0.1,Randomized,1
3722,8,0.0,Naive,1
3723,8,0.1,Randomized,1
3724,8,0.0,Naive,1
3725,8,0.1,Randomized,1
3726,8,0.0,Naive,1
3727,8,0.1,Randomized,1
3728,8,0.0,Naive,1
3729,8,0.1,Randomized,1
3730,8,0.0,Naive,1
3731,8,0.1,Randomized,1
3732,8,0.0,Naive,1
3733,8,0.1,Randomized,1
3734,8,0.0,Naive,1
3735,8,0.1,Randomized,1
3736,8,0.0,Naive,1
3737,8,0.1,Randomized,1
3738,8,0.0,Naive,1
3739,8,0.1,Randomized,1
3740,8,0.0,Naive,1
3741,8,0.1,Randomized,1
3742,8,0.0,Naive,1
3743,8,0.1,Randomized,1
3744,8,0.0,Naive,1
3745,8,0.1,Randomized,1
3746,8,0.0,Naive,1
3747,8,0.1,Randomized,1
3748,8,0.0,Naive,1
3749,8,0.1,Randomized,1
3750,8,0.0,Naive,1
3751,8,0.1,Randomized,1
3752,8,0.0,Naive,1
3753,8,0.1,Randomized,1
3754,8,0.0,Naive,1
3755,8,0.1,Randomized,1
3756,8,0.0,Naive,1
3757,8,0.1,Randomized,1
3758,8,0.0,Naive,1
3759,8,0.1,Randomized,1
3760,8,0.0,Naive,0
3761,8,0.1,Randomized,1
3762,8,0.0,Naive,1
3763,8,0.1,Randomized,0
3764,8,0.0,Naive,1
3765,8,0.1,Randomized,1
3766,8,0.0,Naive,1
3767,8,0.1,Randomized,1
3768,8,0.0,Naive,1
3769,8,0.1,Randomized,1
3770,8,0.0,Naive,1
3771,8,0.1,Randomized,1
3772,8,0.0,Naive,1
3773,8,0.1,Randomized,1
3774,8,0.0,Naive,1
3775,8,0.1,Randomized,1
3776,8,0.0,Naive,1
3777,8,0.1,Randomized,1
3778,8,0.0,Naive,1
3779,8,0.1,Randomized,1
3780,8,0.0,Naive,1
3781,8,0.1,Randomized,1
3782,8,0.0,Naive,1
3783,8,0.1,Randomized,1
3784,8,0.0,Naive,1
3785,8,0.1,Randomized,1
3786,8,0.0,Naive,1
3787,8,0.1,Randomized,1
3788,8,0.0,Naive,1
3789,8,0.1,Randomized,1
3790,8,0.0,Naive,1
3791,8,0.1,Randomized,1
3792,8,0.0,Naive,1
3793,8,0.1,Randomized,1
3794,8,0.0,Naive,1
3795,8,0.1,Randomized,1
3796,8,0.0,Naive,1
3797,8,0.1,Randomized,1
3798,8,0.0,Naive,1
3799,8,0.1,Randomized,1
3800,8,0.0,Naive,1
3801,8,0.1,Randomized,1
3802,8,0.0,Naive,1
3803,8,0.1,Randomized,1
3804,8,0.0,Naive,1
3805,8,0.1,Randomized,1
3806,8,0.0,Naive,1
3807,8,0.1,Randomized,1
3808,8,0.0,Naive,1
3809,8,0.1,Randomized,1
3810,8,0.0,Naive,1
3811,8,0.1,Randomized,1
3812,8,0.0,Naive,1
3813,8,0.1,Randomized,1
3814,8,0.0,Naive,1
3815,8,0.1,Randomized,1
3816,8,0.0,Naive,1
3817,8,0.1,Randomized,1
3818,8,0.0,Naive,1
3819,8,0.1,Randomized,1
3820,8,0.0,Naive,1
3821,8,0.1,Randomized,1
3822,8,0.0,Naive,1
3823,8,0.1,Randomized,1
3824,8,0.0,Naive,1
3825,8,0.1,Randomized,0
3826,8,0.0,Naive,1
3827,8,0.1,Randomized,1
3828,8,0.0,Naive,1
3829,8,0.1,Randomized,1
3830,8,0.0,Naive,1
3831,8,0.1,Randomized,1
3832,8,0.0,Naive,1
3833,8,0.1,Randomized,1
3834,8,0.0,Naive,1
3835,8,0.1,Randomized,1
3836,8,0.0,Naive,1
3837,8,0.1,Randomized,0
3838,8,0.0,Naive,1
3839,8,0.1,Randomized,1
3840,8,0.0,Naive,1
3841,8,0.1,Randomized,1
3842,8,0.0,Naive,1
3843,8,0.1,Randomized,1
3844,8,0.0,Naive,1
3845,8,0.1,Randomized,1
3846,8,0.0,Naive,1
3847,8,0.1,Randomized,1
3848,8,0.0,Naive,1
3849,8,0.1,Randomized,1
3850,8,0.0,Naive,1
3851,8,0.1,Randomized,1
3852,8,0.0,Naive,1
3853,8,0.1,Randomized,1
3854,8,0.0,Naive,1
3855,8,0.1,Randomized,1
3856,8,0.0,Naive,1
3857,8,0.1,Randomized,1
3858,8,0.0,Naive,1
3859,8,0.1,Randomized,1
3860,8,0.0,Naive,1
3861,8,0.1,Randomized,1
3862,8,0.0,Naive,1
3863,8,0.1,Randomized,1
3864,8,0.0,Naive,1
3865,8,0.1,Randomized,1
3866,8,0.0,Naive,1
3867,8,0.1,Randomized,1
3868,8,0.0,Naive,1
3869,8,0.1,Randomized,1
3870,8,0.0,Naive,1
3871,8,0.1,Randomized,1
3872,8,0.0,Naive,1
3873,8,0.1,Randomized,1
3874,8,0.0,Naive,1
3875,8,0.1,Randomized,1
3876,8,0.0,Naive,1
3877,8,0.1,Randomized,1
3878,8,0.0,Naive,1
3879,8,0.1,Randomized,1
3880,8,0.0,Naive,1
3881,8,0.1,Randomized,1
3882,8,0.0,Naive,1
3883,8,0.1,Randomized,1
3884,8,0.0,Naive,1
3885,8,0.1,Randomized,1
3886,8,0.0,Naive,1
3887,8,0.1,Randomized,1
3888,8,0.0,Naive,1
3889,8,0.1,Randomized,1
3890,8,0.0,Naive,1
3891,8,0.1,Randomized,1
3892,8,0.0,Naive,1
3893,8,0.1,Randomized,1
3894,8,0.0,Naive,1
3895,8,0.1,Randomized,1
3896,8,0.0,Naive,1
3897,8,0.1,Randomized,1
3898,8,0.0,Naive,1
3899,8,0.1,Randomized,1
3900,8,0.0,Naive,1
3901,8,0.1,Randomized,1
3902,8,0.0,Naive,1
3903,8,0.1,Randomized,1
3904,8,0.0,Naive,1
3905,8,0.1,Randomized,1
3906,8,0.0,Naive,1
3907,8,0.1,Randomized,1
3908,8,0.0,Naive,1
3909,8,0.1,Randomized,1
3910,8,0.0,Naive,1
3911,8,0.1,Randomized,1
3912,8,0.0,Naive,1
3913,8,0.1,Randomized,1
3914,8,0.0,Naive,1
3915,8,0.1,Randomized,1
3916,8,0.0,Naive,1
3917,8,0.1,Randomized,1
3918,8,0.0,Naive,1
3919,8,0.1,Randomized,1
3920,8,0.0,Naive,1
3921,8,0.1,Randomized,1
3922,8,0.0,Naive,1
3923,8,0.1,Randomized,1
3924,8,0.0,Naive,1
3925,8,0.1,Randomized,1
3926,8,0.0,Naive,1
3927,8,0.1,Randomized,1
3928,8,0.0,Naive,1
3929,8,0.1,Randomized,1
3930,8,0.0,Naive,1
3931,8,0.1,Randomized,1
3932,8,0.0,Naive,1
3933,8,0.1,Randomized,1
3934,8,0.0,Naive,1
3935,8,0.1,Randomized,1
3936,8,0.0,Naive,1
3937,8,0.1,Randomized,1
3938,8,0.0,Naive,1
3939,8,0.1,Randomized,1
3940,8,0.0,Naive,1
3941,8,0.1,Randomized,1
3942,8,0.0,Naive,1
3943,8,0.1,Randomized,1
3944,8,0.0,Naive,1
3945,8,0.1,Randomized,0
3946,8,0.0,Naive,1
3947,8,0.1,Randomized,1
3948,8,0.0,Naive,1
3949,8,0.1,Randomized,1
3950,8,0.0,Naive,1
3951,8,0.1,Randomized,1
3952,8,0.0,Naive,1
3953,8,0.1,Randomized,1
3954,8,0.0,Naive,1
3955,8,0.1,Randomized,1
3956,8,0.0,Naive,1
3957,8,0.1,Randomized,1
3958,8,0.0,Naive,1
3959,8,0.1,Randomized,1
3960,8,0.0,Naive,1
3961,8,0.1,Randomized,1
3962,8,0.0,Naive,1
3963,8,0.1,Randomized,1
3964,8,0.0,Naive,1
3965,8,0.1,Randomized,1
3966,8,0.0,Naive,1
3967,8,0.1,Randomized,1
3968,8,0.0,Naive,1
3969,8,0.1,Randomized,1
3970,8,0.0,Naive,1
3971,8,0.1,Randomized,1
3972,8,0.0,Naive,1
3973,8,0.1,Randomized,1
3974,8,0.0,Naive,1
3975,8,0.1,Randomized,1
3976,8,0.0,Naive,1
3977,8,0.1,Randomized,1
3978,8,0.0,Naive,1
3979,8,0.1,Randomized,1
3980,8,0.0,Naive,1
3981,8,0.1,Randomized,1
3982,8,0.0,Naive,1
3983,8,0.1,Randomized,1
3984,8,0.0,Naive,1
3985,8,0.1,Randomized,1
3986,8,0.0,Naive,1
3987,8,0.1,Randomized,1
3988,8,0.0,Naive,1
3989,8,0.1,Randomized,1
3990,8,0.0,Naive,1
3991,8,0.1,Randomized,1
3992,8,0.0,Naive,1
3993,8,0.1,Randomized,1
3994,8,0.0,Naive,1
3995,8,0.1,Randomized,1
3996,8,0.0,Naive,1
3997,8,0.1,Randomized,1
3998,8,0.0,Naive,1
3999,8,0.1,Randomized,1
4000,10,0.0,Naive,1
4001,10,0.1,Randomized,1
4002,10,0.0,Naive,1
4003,10,0.1,Randomized,1
4004,10,0.0,Naive,1
4005,10,0.1,Randomized,1
4006,10,0.0,Naive,1
4007,10,0.1,Randomized,1
4008,10,0.0,Naive,1
4009,10,0.1,Randomized,1
4010,10,0.0,Naive,1
4011,10,0.1,Randomized,1
4012,10,0.0,Naive,1
4013,10,0.1,Randomized,1
4014,10,0.0,Naive,1
4015,10,0.1,Randomized,1
4016,10,0.0,Naive,1
4017,10,0.1,Randomized,1
4018,10,0.0,Naive,1
4019,10,0.1,Randomized,1
4020,10,0.0,Naive,1
4021,10,0.1,Randomized,1
4022,10,0.0,Naive,1
4023,10,0.1,Randomized,1
4024,10,0.0,Naive,1
4025,10,0.1,Randomized,1
4026,10,0.0,Naive,1
4027,10,0.1,Randomized,1
4028,10,0.0,Naive,1
4029,10,0.1,Randomized,1
4030,10,0.0,Naive,1
4031,10,0.1,Randomized,1
4032,10,0.0,Naive,1
4033,10,0.1,Randomized,1
4034,10,0.0,Naive,1
4035,10,0.1,Randomized,1
4036,10,0.0,Naive,1
4037,10,0.1,Randomized,1
4038,10,0.0,Naive,1
4039,10,0.1,Randomized,1
4040,10,0.0,Naive,1
4041,10,0.1,Randomized,1
4042,10,0.0,Naive,1
4043,10,0.1,Randomized,1
4044,10,0.0,Naive,1
4045,10,0.1,Randomized,1
4046,10,0.0,Naive,1
4047,10,0.1,Randomized,1
4048,10,0.0,Naive,1
4049,10,0.1,Randomized,1
4050,10,0.0,Naive,1
4051,10,0.1,Randomized,1
4052,10,0.0,Naive,1
4053,10,0.1,Randomized,1
4054,10,0.0,Naive,1
4055,10,0.1,Randomized,1
4056,10,0.0,Naive,1
4057,10,0.1,Randomized,1
4058,10,0.0,Naive,1
4059,10,0.1,Randomized,1
4060,10,0.0,Naive,1
4061,10,0.1,Randomized,1
4062,10,0.0,Naive,1
4063,10,0.1,Randomized,1
4064,10,0.0,Naive,1
4065,10,0.1,Randomized,1
4066,10,0.0,Naive,1
4067,10,0.1,Randomized,1
4068,10,0.0,Naive,1
4069,10,0.1,Randomized,1
4070,10,0.0,Naive,1
4071,10,0.1,Randomized,1
4072,10,0.0,Naive,1
4073,10,0.1,Randomized,1
4074,10,0.0,Naive,1
4075,10,0.1,Randomized,1
4076,10,0.0,Naive,1
4077,10,0.1,Randomized,1
4078,10,0.0,Naive,1
4079,10,0.1,Randomized,1
4080,10,0.0,Naive,1
4081,10,0.1,Randomized,1
4082,10,0.0,Naive,1
4083,10,0.1,Randomized,1
4084,10,0.0,Naive,1
4085,10,0.1,Randomized,1
4086,10,0.0,Naive,1
4087,10,0.1,Randomized,1
4088,10,0.0,Naive,1
4089,10,0.1,Randomized,1
4090,10,0.0,Naive,1
4091,10,0.1,Randomized,1
4092,10,0.0,Naive,1
4093,10,0.1,Randomized,1
4094,10,0.0,Naive,1
4095,10,0.1,Randomized,1
4096,10,0.0,Naive,1
4097,10,0.1,Randomized,1
4098,10,0.0,Naive,1
4099,10,0.1,Randomized,1
4100,10,0.0,Naive,1
4101,10,0.1,Randomized,1
4102,10,0.0,Naive,1
4103,10,0.1,Randomized,1
4104,10,0.0,Naive,1
4105,10,0.1,Randomized,1
4106,10,0.0,Naive,1
4107,10,0.1,Randomized,1
4108,10,0.0,Naive,1
4109,10,0.1,Randomized,1
4110,10,0.0,Naive,1
4111,10,0.1,Randomized,1
4112,10,0.0,Naive,1
4113,10,0.1,Randomized,1
4114,10,0.0,Naive,1
4115,10,0.1,Randomized,1
4116,10,0.0,Naive,1
4117,10,0.1,Randomized,1
4118,10,0.0,Naive,1
4119,10,0.1,Randomized,1
4120,10,0.0,Naive,1
4121,10,0.1,Randomized,1
4122,10,0.0,Naive,1
4123,10,0.1,Randomized,1
4124,10,0.0,Naive,1
4125,10,0.1,Randomized,1
4126,10,0.0,Naive,1
4127,10,0.1,Randomized,1
4128,10,0.0,Naive,1
4129,10,0.1,Randomized,1
4130,10,0.0,Naive,1
4131,10,0.1,Randomized,1
4132,10,0.0,Naive,1
4133,10,0.1,Randomized,1
4134,10,0.0,Naive,1
4135,10,0.1,Randomized,1
4136,10,0.0,Naive,1
4137,10,0.1,Randomized,1
4138,10,0.0,Naive,1
4139,10,0.1,Randomized,1
4140,10,0.0,Naive,1
4141,10,0.1,Randomized,1
4142,10,0.0,Naive,1
4143,10,0.1,Randomized,1
4144,10,0.0,Naive,1
4145,10,0.1,Randomized,1
4146,10,0.0,Naive,1
4147,10,0.1,Randomized,1
4148,10,0.0,Naive,1
4149,10,0.1,Randomized,1
4150,10,0.0,Naive,1
4151,10,0.1,Randomized,1
4152,10,0.0,Naive,1
4153,10,0.1,Randomized,1
4154,10,0.0,Naive,1
4155,10,0.1,Randomized,1
4156,10,0.0,Naive,1
4157,10,0.1,Randomized,1
4158,10,0.0,Naive,1
4159,10,0.1,Randomized,1
4160,10,0.0,Naive,1
4161,10,0.1,Randomized,1
4162,10,0.0,Naive,1
4163,10,0.1,Randomized,1
4164,10,0.0,Naive,1
4165,10,0.1,Randomized,1
4166,10,0.0,Naive,1
4167,10,0.1,Randomized,1
4168,10,0.0,Naive,1
4169,10,0.1,Randomized,1
4170,10,0.0,Naive,1
4171,10,0.1,Randomized,1
4172,10,0.0,Naive,1
4173,10,0.1,Randomized,1
4174,10,0.0,Naive,1
4175,10,0.1,Randomized,1
4176,10,0.0,Naive,1
4177,10,0.1,Randomized,1
4178,10,0.0,Naive,1
4179,10,0.1,Randomized,1
4180,10,0.0,Naive,1
4181,10,0.1,Randomized,1
4182,10,0.0,Naive,1
4183,10,0.1,Randomized,1
4184,10,0.0,Naive,1
4185,10,0.1,Randomized,1
4186,10,0.0,Naive,1
4187,10,0.1,Randomized,1
4188,10,0.0,Naive,1
4189,10,0.1,Randomized,1
4190,10,0.0,Naive,1
4191,10,0.1,Randomized,1
4192,10,0.0,Naive,1
4193,10,0.1,Randomized,1
4194,10,0.0,Naive,1
4195,10,0.1,Randomized,1
4196,10,0.0,Naive,1
4197,10,0.1,Randomized,1
4198,10,0.0,Naive,1
4199,10,0.1,Randomized,1
4200,10,0.0,Naive,1
4201,10,0.1,Randomized,1
4202,10,0.0,Naive,1
4203,10,0.1,Randomized,1
4204,10,0.0,Naive,1
4205,10,0.1,Randomized,1
4206,10,0.0,Naive,1
4207,10,0.1,Randomized,1
4208,10,0.0,Naive,1
4209,10,0.1,Randomized,1
4210,10,0.0,Naive,1
4211,10,0.1,Randomized,1
4212,10,0.0,Naive,1
4213,10,0.1,Randomized,1
4214,10,0.0,Naive,1
4215,10,0.1,Randomized,1
4216,10,0.0,Naive,1
4217,10,0.1,Randomized,1
4218,10,0.0,Naive,1
4219,10,0.1,Randomized,1
4220,10,0.0,Naive,1
4221,10,0.1,Randomized,1
4222,10,0.0,Naive,1
4223,10,0.1,Randomized,1
4224,10,0.0,Naive,1
4225,10,0.1,Randomized,1
4226,10,0.0,Naive,1
4227,10,0.1,Randomized,1
4228,10,0.0,Naive,1
4229,10,0.1,Randomized,1
4230,10,0.0,Naive,1
4231,10,0.1,Randomized,1
4232,10,0.0,Naive,1
4233,10,0.1,Randomized,1
4234,10,0.0,Naive,1
4235,10,0.1,Randomized,1
4236,10,0.0,Naive,1
4237,10,0.1,Randomized,1
4238,10,0.0,Naive,1
4239,10,0.1,Randomized,1
4240,10,0.0,Naive,1
4241,10,0.1,Randomized,1
4242,10,0.0,Naive,1
4243,10,0.1,Randomized,1
4244,10,0.0,Naive,1
4245,10,0.1,Randomized,1
4246,10,0.0,Naive,1
4247,10,0.1,Randomized,1
4248,10,0.0,Naive,1
4249,10,0.1,Randomized,1
4250,10,0.0,Naive,1
4251,10,0.1,Randomized,1
4252,10,0.0,Naive,1
4253,10,0.1,Randomized,1
4254,10,0.0,Naive,1
4255,10,0.1,Randomized,1
4256,10,0.0,Naive,1
4257,10,0.1,Randomized,1
4258,10,0.0,Naive,1
4259,10,0.1,Randomized,1
4260,10,0.0,Naive,1
4261,10,0.1,Randomized,1
4262,10,0.0,Naive,1
4263,10,0.1,Randomized,1
4264,10,0.0,Naive,1
4265,10,0.1,Randomized,1
4266,10,0.0,Naive,1
4267,10,0.1,Randomized,1
4268,10,0.0,Naive,1
4269,10,0.1,Randomized,1
4270,10,0.0,Naive,1
4271,10,0.1,Randomized,1
4272,10,0.0,Naive,1
4273,10,0.1,Randomized,1
4274,10,0.0,Naive,1
4275,10,0.1,Randomized,1
4276,10,0.0,Naive,1
4277,10,0.1,Randomized,1
4278,10,0.0,Naive,1
4279,10,0.1,Randomized,1
4280,10,0.0,Naive,1
4281,10,0.1,Randomized,1
4282,10,0.0,Naive,1
4283,10,0.1,Randomized,1
4284,10,0.0,Naive,1
4285,10,0.1,Randomized,1
4286,10,0.0,Naive,1
4287,10,0.1,Randomized,1
4288,10,0.0,Naive,1
4289,10,0.1,Randomized,1
4290,10,0.0,Naive,1
4291,10,0.1,Randomized,1
4292,10,0.0,Naive,1
4293,10,0.1,Randomized,1
4294,10,0.0,Naive,1
4295,10,0.1,Randomized,1
4296,10,0.0,Naive,1
4297,10,0.1,Randomized,1
4298,10,0.0,Naive,1
4299,10,0.1,Randomized,1
4300,10,0.0,Naive,1
4301,10,0.1,Randomized,1
4302,10,0.0,Naive,1
4303,10,0.1,Randomized,1
4304,10,0.0,Naive,1
4305,10,0.1,Randomized,1
4306,10,0.0,Naive,1
4307,10,0.1,Randomized,1
4308,10,0.0,Naive,1
4309,10,0.1,Randomized,1
4310,10,0.0,Naive,1
4311,10,0.1,Randomized,1
4312,10,0.0,Naive,1
4313,10,0.1,Randomized,1
4314,10,0.0,Naive,1
4315,10,0.1,Randomized,1
4316,10,0.0,Naive,1
4317,10,0.1,Randomized,1
4318,10,0.0,Naive,1
4319,10,0.1,Randomized,1
4320,10,0.0,Naive,1
4321,10,0.1,Randomized,1
4322,10,0.0,Naive,1
4323,10,0.1,Randomized,1
4324,10,0.0,Naive,1
4325,10,0.1,Randomized,1
4326,10,0.0,Naive,1
4327,10,0.1,Randomized,1
4328,10,0.0,Naive,1
4329,10,0.1,Randomized,1
4330,10,0.0,Naive,1
4331,10,0.1,Randomized,1
4332,10,0.0,Naive,1
4333,10,0.1,Randomized,1
4334,10,0.0,Naive,1
4335,10,0.1,Randomized,1
4336,10,0.0,Naive,1
4337,10,0.1,Randomized,1
4338,10,0.0,Naive,1
4339,10,0.1,Randomized,1
4340,10,0.0,Naive,1
4341,10,0.1,Randomized,1
4342,10,0.0,Naive,1
4343,10,0.1,Randomized,1
4344,10,0.0,Naive,1
4345,10,0.1,Randomized,1
4346,10,0.0,Naive,1
4347,10,0.1,Randomized,1
4348,10,0.0,Naive,1
4349,10,0.1,Randomized,1
4350,10,0.0,Naive,1
4351,10,0.1,Randomized,1
4352,10,0.0,Naive,1
4353,10,0.1,Randomized,1
4354,10,0.0,Naive,1
4355,10,0.1,Randomized,1
4356,10,0.0,Naive,1
4357,10,0.1,Randomized,1
4358,10,0.0,Naive,1
4359,10,0.1,Randomized,1
4360,10,0.0,Naive,1
4361,10,0.1,Randomized,1
4362,10,0.0,Naive,1
4363,10,0.1,Randomized,1
4364,10,0.0,Naive,1
4365,10,0.1,Randomized,1
4366,10,0.0,Naive,1
4367,10,0.1,Randomized,1
4368,10,0.0,Naive,1
4369,10,0.1,Randomized,1
4370,10,0.0,Naive,1
4371,10,0.1,Randomized,1
4372,10,0.0,Naive,1
4373,10,0.1,Randomized,1
4374,10,0.0,Naive,1
4375,10,0.1,Randomized,1
4376,10,0.0,Naive,1
4377,10,0.1,Randomized,1
4378,10,0.0,Naive,1
4379,10,0.1,Randomized,1
4380,10,0.0,Naive,1
4381,10,0.1,Randomized,1
4382,10,0.0,Naive,1
4383,10,0.1,Randomized,1
4384,10,0.0,Naive,1
4385,10,0.1,Randomized,1
4386,10,0.0,Naive,1
4387,10,0.1,Randomized,1
4388,10,0.0,Naive,1
4389,10,0.1,Randomized,1
4390,10,0.0,Naive,1
4391,10,0.1,Randomized,1
4392,10,0.0,Naive,1
4393,10,0.1,Randomized,1
4394,10,0.0,Naive,1
4395,10,0.1,Randomized,1
4396,10,0.0,Naive,1
4397,10,0.1,Randomized,1
4398,10,0.0,Naive,1
4399,10,0.1,Randomized,1
4400,10,0.0,Naive,1
4401,10,0.1,Randomized,1
4402,10,0.0,Naive,1
4403,10,0.1,Randomized,1
4404,10,0.0,Naive,1
4405,10,0.1,Randomized,1
4406,10,0.0,Naive,1
4407,10,0.1,Randomized,1
4408,10,0.0,Naive,1
4409,10,0.1,Randomized,1
4410,10,0.0,Naive,1
4411,10,0.1,Randomized,1
4412,10,0.0,Naive,1
4413,10,0.1,Randomized,1
4414,10,0.0,Naive,1
4415,10,0.1,Randomized,1
4416,10,0.0,Naive,1
4417,10,0.1,Randomized,1
4418,10,0.0,Naive,1
4419,10,0.1,Randomized,1
4420,10,0.0,Naive,1
4421,10,0.1,Randomized,1
4422,10,0.0,Naive,1
4423,10,0.1,Randomized,1
4424,10,0.0,Naive,1
4425,10,0.1,Randomized,1
4426,10,0.0,Naive,1
4427,10,0.1,Randomized,1
4428,10,0.0,Naive,1
4429,10,0.1,Randomized,1
4430,10,0.0,Naive,1
4431,10,0.1,Randomized,1
4432,10,0.0,Naive,1
4433,10,0.1,Randomized,1
4434,10,0.0,Naive,1
4435,10,0.1,Randomized,1
4436,10,0.0,Naive,1
4437,10,0.1,Randomized,1
4438,10,0.0,Naive,1
4439,10,0.1,Randomized,1
4440,10,0.0,Naive,1
4441,10,0.1,Randomized,1
4442,10,0.0,Naive,1
4443,10,0.1,Randomized,1
4444,10,0.0,Naive,1
4445,10,0.1,Randomized,1
4446,10,0.0,Naive,1
4447,10,0.1,Randomized,1
4448,10,0.0,Naive,1
4449,10,0.1,Randomized,1
4450,10,0.0,Naive,1
4451,10,0.1,Randomized,1
4452,10,0.0,Naive,1
4453,10,0.1,Randomized,1
4454,10,0.0,Naive,1
4455,10,0.1,Randomized,1
4456,10,0.0,Naive,1
4457,10,0.1,Randomized,1
4458,10,0.0,Naive,1
4459,10,0.1,Randomized,1
4460,10,0.0,Naive,1
4461,10,0.1,Randomized,1
4462,10,0.0,Naive,1
4463,10,0.1,Randomized,1
4464,10,0.0,Naive,1
4465,10,0.1,Randomized,1
4466,10,0.0,Naive,1
4467,10,0.1,Randomized,1
4468,10,0.0,Naive,1
4469,10,0.1,Randomized,1
4470,10,0.0,Naive,1
4471,10,0.1,Randomized,1
4472,10,0.0,Naive,1
4473,10,0.1,Randomized,1
4474,10,0.0,Naive,1
4475,10,0.1,Randomized,1
4476,10,0.0,Naive,1
4477,10,0.1,Randomized,1
4478,10,0.0,Naive,1
4479,10,0.1,Randomized,1
4480,10,0.0,Naive,1
4481,10,0.1,Randomized,1
4482,10,0.0,Naive,1
4483,10,0.1,Randomized,1
4484,10,0.0,Naive,1
4485,10,0.1,Randomized,1
4486,10,0.0,Naive,1
4487,10,0.1,Randomized,1
4488,10,0.0,Naive,1
4489,10,0.1,Randomized,1
4490,10,0.0,Naive,1
4491,10,0.1,Randomized,1
4492,10,0.0,Naive,1
4493,10,0.1,Randomized,1
4494,10,0.0,Naive,1
4495,10,0.1,Randomized,1
4496,10,0.0,Naive,1
4497,10,0.1,Randomized,1
4498,10,0.0,Naive,1
4499,10,0.1,Randomized,1
4500,10,0.0,Naive,1
4501,10,0.1,Randomized,1
4502,10,0.0,Naive,1
4503,10,0.1,Randomized,1
4504,10,0.0,Naive,1
4505,10,0.1,Randomized,1
4506,10,0.0,Naive,1
4507,10,0.1,Randomized,1
4508,10,0.0,Naive,1
4509,10,0.1,Randomized,1
4510,10,0.0,Naive,1
4511,10,0.1,Randomized,1
4512,10,0.0,Naive,1
4513,10,0.1,Randomized,0
4514,10,0.0,Naive,1
4515,10,0.1,Randomized,1
4516,10,0.0,Naive,1
4517,10,0.1,Randomized,1
4518,10,0.0,Naive,1
4519,10,0.1,Randomized,1
4520,10,0.0,Naive,1
4521,10,0.1,Randomized,1
4522,10,0.0,Naive,1
4523,10,0.1,Randomized,1
4524,10,0.0,Naive,1
4525,10,0.1,Randomized,1
4526,10,0.0,Naive,1
4527,10,0.1,Randomized,1
4528,10,0.0,Naive,1
4529,10,0.1,Randomized,1
4530,10,0.0,Naive,1
4531,10,0.1,Randomized,1
4532,10,0.0,Naive,1
4533,10,0.1,Randomized,1
4534,10,0.0,Naive,1
4535,10,0.1,Randomized,1
4536,10,0.0,Naive,1
4537,10,0.1,Randomized,1
4538,10,0.0,Naive,1
4539,10,0.1,Randomized,1
4540,10,0.0,Naive,1
4541,10,0.1,Randomized,1
4542,10,0.0,Naive,1
4543,10,0.1,Randomized,1
4544,10,0.0,Naive,1
4545,10,0.1,Randomized,1
4546,10,0.0,Naive,1
4547,10,0.1,Randomized,1
4548,10,0.0,Naive,1
4549,10,0.1,Randomized,1
4550,10,0.0,Naive,1
4551,10,0.1,Randomized,1
4552,10,0.0,Naive,1
4553,10,0.1,Randomized,1
4554,10,0.0,Naive,1
4555,10,0.1,Randomized,1
4556,10,0.0,Naive,1
4557,10,0.1,Randomized,1
4558,10,0.0,Naive,1
4559,10,0.1,Randomized,1
4560,10,0.0,Naive,1
4561,10,0.1,Randomized,1
4562,10,0.0,Naive,1
4563,10,0.1,Randomized,1
4564,10,0.0,Naive,1
4565,10,0.1,Randomized,1
4566,10,0.0,Naive,1
4567,10,0.1,Randomized,1
4568,10,0.0,Naive,1
4569,10,0.1,Randomized,1
4570,10,0.0,Naive,1
4571,10,0.1,Randomized,1
4572,10,0.0,Naive,1
4573,10,0.1,Randomized,1
4574,10,0.0,Naive,1
4575,10,0.1,Randomized,1
4576,10,0.0,Naive,1
4577,10,0.1,Randomized,1
4578,10,0.0,Naive,1
4579,10,0.1,Randomized,1
4580,10,0.0,Naive,1
4581,10,0.1,Randomized,1
4582,10,0.0,Naive,1
4583,10,0.1,Randomized,1
4584,10,0.0,Naive,1
4585,10,0.1,Randomized,1
4586,10,0.0,Naive,1
4587,10,0.1,Randomized,1
4588,10,0.0,Naive,1
4589,10,0.1,Randomized,1
4590,10,0.0,Naive,1
4591,10,0.1,Randomized,1
4592,10,0.0,Naive,1
4593,10,0.1,Randomized,1
4594,10,0.0,Naive,1
4595,10,0.1,Randomized,1
4596,10,0.0,Naive,1
4597,10,0.1,Randomized,1
4598,10,0.0,Naive,1
4599,10,0.1,Randomized,1
4600,10,0.0,Naive,1
4601,10,0.1,Randomized,1
4602,10,0.0,Naive,1
4603,10,0.1,Randomized,1
4604,10,0.0,Naive,1
4605,10,0.1,Randomized,1
4606,10,0.0,Naive,1
4607,10,0.1,Randomized,1
4608,10,0.0,Naive,1
4609,10,0.1,Randomized,1
4610,10,0.0,Naive,1
4611,10,0.1,Randomized,1
4612,10,0.0,Naive,1
4613,10,0.1,Randomized,1
4614,10,0.0,Naive,1
4615,10,0.1,Randomized,1
4616,10,0.0,Naive,1
4617,10,0.1,Randomized,1
4618,10,0.0,Naive,1
4619,10,0.1,Randomized,1
4620,10,0.0,Naive,1
4621,10,0.1,Randomized,1
4622,10,0.0,Naive,1
4623,10,0.1,Randomized,1
4624,10,0.0,Naive,1
4625,10,0.1,Randomized,1
4626,10,0.0,Naive,1
4627,10,0.1,Randomized,1
4628,10,0.0,Naive,1
4629,10,0.1,Randomized,1
4630,10,0.0,Naive,1
4631,10,0.1,Randomized,1
4632,10,0.0,Naive,1
4633,10,0.1,Randomized,1
4634,10,0.0,Naive,1
4635,10,0.1,Randomized,1
4636,10,0.0,Naive,1
4637,10,0.1,Randomized,1
4638,10,0.0,Naive,1
4639,10,0.1,Randomized,1
4640,10,0.0,Naive,1
4641,10,0.1,Randomized,1
4642,10,0.0,Naive,1
4643,10,0.1,Randomized,1
4644,10,0.0,Naive,1
4645,10,0.1,Randomized,1
4646,10,0.0,Naive,1
4647,10,0.1,Randomized,1
4648,10,0.0,Naive,1
4649,10,0.1,Randomized,1
4650,10,0.0,Naive,1
4651,10,0.1,Randomized,1
4652,10,0.0,Naive,1
4653,10,0.1,Randomized,1
4654,10,0.0,Naive,1
4655,10,0.1,Randomized,1
4656,10,0.0,Naive,1
4657,10,0.1,Randomized,1
4658,10,0.0,Naive,1
4659,10,0.1,Randomized,1
4660,10,0.0,Naive,1
4661,10,0.1,Randomized,1
4662,10,0.0,Naive,1
4663,10,0.1,Randomized,1
4664,10,0.0,Naive,1
4665,10,0.1,Randomized,1
4666,10,0.0,Naive,1
4667,10,0.1,Randomized,1
4668,10,0.0,Naive,1
4669,10,0.1,Randomized,1
4670,10,0.0,Naive,1
4671,10,0.1,Randomized,1
4672,10,0.0,Naive,1
4673,10,0.1,Randomized,1
4674,10,0.0,Naive,1
4675,10,0.1,Randomized,1
4676,10,0.0,Naive,1
4677,10,0.1,Randomized,1
4678,10,0.0,Naive,1
4679,10,0.1,Randomized,1
4680,10,0.0,Naive,1
4681,10,0.1,Randomized,1
4682,10,0.0,Naive,1
4683,10,0.1,Randomized,1
4684,10,0.0,Naive,1
4685,10,0.1,Randomized,1
4686,10,0.0,Naive,1
4687,10,0.1,Randomized,1
4688,10,0.0,Naive,1
4689,10,0.1,Randomized,1
4690,10,0.0,Naive,1
4691,10,0.1,Randomized,1
4692,10,0.0,Naive,1
4693,10,0.1,Randomized,1
4694,10,0.0,Naive,1
4695,10,0.1,Randomized,1
4696,10,0.0,Naive,1
4697,10,0.1,Randomized,1
4698,10,0.0,Naive,1
4699,10,0.1,Randomized,1
4700,10,0.0,Naive,1
4701,10,0.1,Randomized,1
4702,10,0.0,Naive,1
4703,10,0.1,Randomized,1
4704,10,0.0,Naive,1
4705,10,0.1,Randomized,1
4706,10,0.0,Naive,1
4707,10,0.1,Randomized,1
4708,10,0.0,Naive,1
4709,10,0.1,Randomized,1
4710,10,0.0,Naive,1
4711,10,0.1,Randomized,1
4712,10,0.0,Naive,1
4713,10,0.1,Randomized,1
4714,10,0.0,Naive,1
4715,10,0.1,Randomized,1
4716,10,0.0,Naive,1
4717,10,0.1,Randomized,1
4718,10,0.0,Naive,1
4719,10,0.1,Randomized,1
4720,10,0.0,Naive,1
4721,10,0.1,Randomized,1
4722,10,0.0,Naive,1
4723,10,0.1,Randomized,1
4724,10,0.0,Naive,1
4725,10,0.1,Randomized,1
4726,10,0.0,Naive,1
4727,10,0.1,Randomized,1
4728,10,0.0,Naive,1
4729,10,0.1,Randomized,1
4730,10,0.0,Naive,1
4731,10,0.1,Randomized,1
4732,10,0.0,Naive,1
4733,10,0.1,Randomized,1
4734,10,0.0,Naive,1
4735,10,0.1,Randomized,1
4736,10,0.0,Naive,1
4737,10,0.1,Randomized,1
4738,10,0.0,Naive,1
4739,10,0.1,Randomized,1
4740,10,0.0,Naive,1
4741,10,0.1,Randomized,1
4742,10,0.0,Naive,1
4743,10,0.1,Randomized,1
4744,10,0.0,Naive,1
4745,10,0.1,Randomized,1
4746,10,0.0,Naive,1
4747,10,0.1,Randomized,1
4748,10,0.0,Naive,1
4749,10,0.1,Randomized,1
4750,10,0.0,Naive,1
4751,10,0.1,Randomized,1
4752,10,0.0,Naive,1
4753,10,0.1,Randomized,1
4754,10,0.0,Naive,1
4755,10,0.1,Randomized,1
4756,10,0.0,Naive,1
4757,10,0.1,Randomized,1
4758,10,0.0,Naive,1
4759,10,0.1,Randomized,1
4760,10,0.0,Naive,1
4761,10,0.1,Randomized,1
4762,10,0.0,Naive,1
4763,10,0.1,Randomized,1
4764,10,0.0,Naive,1
4765,10,0.1,Randomized,1
4766,10,0.0,Naive,1
4767,10,0.1,Randomized,1
4768,10,0.0,Naive,1
4769,10,0.1,Randomized,1
4770,10,0.0,Naive,1
4771,10,0.1,Randomized,1
4772,10,0.0,Naive,1
4773,10,0.1,Randomized,1
4774,10,0.0,Naive,1
4775,10,0.1,Randomized,1
4776,10,0.0,Naive,1
4777,10,0.1,Randomized,1
4778,10,0.0,Naive,1
4779,10,0.1,Randomized,1
4780,10,0.0,Naive,1
4781,10,0.1,Randomized,1
4782,10,0.0,Naive,1
4783,10,0.1,Randomized,1
4784,10,0.0,Naive,1
4785,10,0.1,Randomized,1
4786,10,0.0,Naive,1
4787,10,0.1,Randomized,1
4788,10,0.0,Naive,1
4789,10,0.1,Randomized,1
4790,10,0.0,Naive,1
4791,10,0.1,Randomized,1
4792,10,0.0,Naive,1
4793,10,0.1,Randomized,1
4794,10,0.0,Naive,1
4795,10,0.1,Randomized,1
4796,10,0.0,Naive,1
4797,10,0.1,Randomized,1
4798,10,0.0,Naive,1
4799,10,0.1,Randomized,1
4800,10,0.0,Naive,1
4801,10,0.1,Randomized,1
4802,10,0.0,Naive,1
4803,10,0.1,Randomized,1
4804,10,0.0,Naive,1
4805,10,0.1,Randomized,1
4806,10,0.0,Naive,1
4807,10,0.1,Randomized,1
4808,10,0.0,Naive,1
4809,10,0.1,Randomized,1
4810,10,0.0,Naive,1
4811,10,0.1,Randomized,1
4812,10,0.0,Naive,1
4813,10,0.1,Randomized,1
4814,10,0.0,Naive,1
4815,10,0.1,Randomized,1
4816,10,0.0,Naive,1
4817,10,0.1,Randomized,1
4818,10,0.0,Naive,1
4819,10,0.1,Randomized,1
4820,10,0.0,Naive,1
4821,10,0.1,Randomized,1
4822,10,0.0,Naive,1
4823,10,0.1,Randomized,1
4824,10,0.0,Naive,1
4825,10,0.1,Randomized,1
4826,10,0.0,Naive,1
4827,10,0.1,Randomized,1
4828,10,0.0,Naive,1
4829,10,0.1,Randomized,1
4830,10,0.0,Naive,1
4831,10,0.1,Randomized,1
4832,10,0.0,Naive,1
4833,10,0.1,Randomized,1
4834,10,0.0,Naive,1
4835,10,0.1,Randomized,1
4836,10,0.0,Naive,1
4837,10,0.1,Randomized,1
4838,10,0.0,Naive,1
4839,10,0.1,Randomized,1
4840,10,0.0,Naive,1
4841,10,0.1,Randomized,1
4842,10,0.0,Naive,1
4843,10,0.1,Randomized,1
4844,10,0.0,Naive,1
4845,10,0.1,Randomized,1
4846,10,0.0,Naive,1
4847,10,0.1,Randomized,1
4848,10,0.0,Naive,1
4849,10,0.1,Randomized,1
4850,10,0.0,Naive,1
4851,10,0.1,Randomized,1
4852,10,0.0,Naive,1
4853,10,0.1,Randomized,1
4854,10,0.0,Naive,1
4855,10,0.1,Randomized,1
4856,10,0.0,Naive,1
4857,10,0.1,Randomized,1
4858,10,0.0,Naive,1
4859,10,0.1,Randomized,1
4860,10,0.0,Naive,1
4861,10,0.1,Randomized,1
4862,10,0.0,Naive,1
4863,10,0.1,Randomized,1
4864,10,0.0,Naive,1
4865,10,0.1,Randomized,1
4866,10,0.0,Naive,1
4867,10,0.1,Randomized,1
4868,10,0.0,Naive,1
4869,10,0.1,Randomized,1
4870,10,0.0,Naive,1
4871,10,0.1,Randomized,1
4872,10,0.0,Naive,1
4873,10,0.1,Randomized,1
4874,10,0.0,Naive,1
4875,10,0.1,Randomized,1
4876,10,0.0,Naive,1
4877,10,0.1,Randomized,1
4878,10,0.0,Naive,1
4879,10,0.1,Randomized,1
4880,10,0.0,Naive,1
4881,10,0.1,Randomized,1
4882,10,0.0,Naive,1
4883,10,0.1,Randomized,1
4884,10,0.0,Naive,1
4885,10,0.1,Randomized,1
4886,10,0.0,Naive,1
4887,10,0.1,Randomized,1
4888,10,0.0,Naive,1
4889,10,0.1,Randomized,1
4890,10,0.0,Naive,1
4891,10,0.1,Randomized,1
4892,10,0.0,Naive,1
4893,10,0.1,Randomized,1
4894,10,0.0,Naive,1
4895,10,0.1,Randomized,1
4896,10,0.0,Naive,1
4897,10,0.1,Randomized,1
4898,10,0.0,Naive,1
4899,10,0.1,Randomized,1
4900,10,0.0,Naive,1
4901,10,0.1,Randomized,1
4902,10,0.0,Naive,1
4903,10,0.1,Randomized,1
4904,10,0.0,Naive,1
4905,10,0.1,Randomized,1
4906,10,0.0,Naive,1
4907,10,0.1,Randomized,1
4908,10,0.0,Naive,1
4909,10,0.1,Randomized,1
4910,10,0.0,Naive,1
4911,10,0.1,Randomized,1
4912,10,0.0,Naive,1
4913,10,0.1,Randomized,1
4914,10,0.0,Naive,1
4915,10,0.1,Randomized,1
4916,10,0.0,Naive,1
4917,10,0.1,Randomized,1
4918,10,0.0,Naive,1
4919,10,0.1,Randomized,1
4920,10,0.0,Naive,1
4921,10,0.1,Randomized,1
4922,10,0.0,Naive,1
4923,10,0.1,Randomized,1
4924,10,0.0,Naive,1
4925,10,0.1,Randomized,1
4926,10,0.0,Naive,1
4927,10,0.1,Randomized,1
4928,10,0.0,Naive,1
4929,10,0.1,Randomized,1
4930,10,0.0,Naive,1
4931,10,0.1,Randomized,1
4932,10,0.0,Naive,1
4933,10,0.1,Randomized,1
4934,10,0.0,Naive,1
4935,10,0.1,Randomized,1
4936,10,0.0,Naive,1
4937,10,0.1,Randomized,1
4938,10,0.0,Naive,1
4939,10,0.1,Randomized,1
4940,10,0.0,Naive,1
4941,10,0.1,Randomized,1
4942,10,0.0,Naive,1
4943,10,0.1,Randomized,1
4944,10,0.0,Naive,1
4945,10,0.1,Randomized,1
4946,10,0.0,Naive,1
4947,10,0.1,Randomized,1
4948,10,0.0,Naive,1
4949,10,0.1,Randomized,1
4950,10,0.0,Naive,1
4951,10,0.1,Randomized,1
4952,10,0.0,Naive,1
4953,10,0.1,Randomized,1
4954,10,0.0,Naive,1
4955,10,0.1,Randomized,1
4956,10,0.0,Naive,1
4957,10,0.1,Randomized,1
4958,10,0.0,Naive,1
4959,10,0.1,Randomized,1
4960,10,0.0,Naive,1
4961,10,0.1,Randomized,1
4962,10,0.0,Naive,1
4963,10,0.1,Randomized,1
4964,10,0.0,Naive,1
4965,10,0.1,Randomized,1
4966,10,0.0,Naive,1
4967,10,0.1,Randomized,1
4968,10,0.0,Naive,1
4969,10,0.1,Randomized,1
4970,10,0.0,Naive,1
4971,10,0.1,Randomized,1
4972,10,0.0,Naive,1
4973,10,0.1,Randomized,1
4974,10,0.0,Naive,1
4975,10,0.1,Randomized,1
4976,10,0.0,Naive,1
4977,10,0.1,Randomized,1
4978,10,0.0,Naive,1
4979,10,0.1,Randomized,1
4980,10,0.0,Naive,1
4981,10,0.1,Randomized,1
4982,10,0.0,Naive,1
4983,10,0.1,Randomized,1
4984,10,0.0,Naive,1
4985,10,0.1,Randomized,1
4986,10,0.0,Naive,1
4987,10,0.1,Randomized,1
4988,10,0.0,Naive,1
4989,10,0.1,Randomized,1
4990,10,0.0,Naive,1
4991,10,0.1,Randomized,1
4992,10,0.0,Naive,1
4993,10,0.1,Randomized,1
4994,10,0.0,Naive,1
4995,10,0.1,Randomized,1
4996,10,0.0,Naive,1
4997,10,0.1,Randomized,1
4998,10,0.0,Naive,1
4999,10,0.1,Randomized,1
5000,12,0.0,Naive,1
5001,12,0.1,Randomized,1
5002,12,0.0,Naive,1
5003,12,0.1,Randomized,1
5004,12,0.0,Naive,1
5005,12,0.1,Randomized,1
5006,12,0.0,Naive,1
5007,12,0.1,Randomized,1
5008,12,0.0,Naive,1
5009,12,0.1,Randomized,1
5010,12,0.0,Naive,1
5011,12,0.1,Randomized,1
5012,12,0.0,Naive,1
5013,12,0.1,Randomized,1
5014,12,0.0,Naive,1
5015,12,0.1,Randomized,1
5016,12,0.0,Naive,1
5017,12,0.1,Randomized,1
5018,12,0.0,Naive,1
5019,12,0.1,Randomized,1
5020,12,0.0,Naive,1
5021,12,0.1,Randomized,1
5022,12,0.0,Naive,1
5023,12,0.1,Randomized,1
5024,12,0.0,Naive,1
5025,12,0.1,Randomized,1
5026,12,0.0,Naive,1
5027,12,0.1,Randomized,1
5028,12,0.0,Naive,1
5029,12,0.1,Randomized,1
5030,12,0.0,Naive,1
5031,12,0.1,Randomized,1
5032,12,0.0,Naive,1
5033,12,0.1,Randomized,1
5034,12,0.0,Naive,1
5035,12,0.1,Randomized,1
5036,12,0.0,Naive,1
5037,12,0.1,Randomized,1
5038,12,0.0,Naive,1
5039,12,0.1,Randomized,1
5040,12,0.0,Naive,1
5041,12,0.1,Randomized,1
5042,12,0.0,Naive,1
5043,12,0.1,Randomized,1
5044,12,0.0,Naive,1
5045,12,0.1,Randomized,1
5046,12,0.0,Naive,1
5047,12,0.1,Randomized,1
5048,12,0.0,Naive,1
5049,12,0.1,Randomized,1
5050,12,0.0,Naive,1
5051,12,0.1,Randomized,1
5052,12,0.0,Naive,1
5053,12,0.1,Randomized,1
5054,12,0.0,Naive,1
5055,12,0.1,Randomized,1
5056,12,0.0,Naive,1
5057,12,0.1,Randomized,1
5058,12,0.0,Naive,1
5059,12,0.1,Randomized,1
5060,12,0.0,Naive,1
5061,12,0.1,Randomized,1
5062,12,0.0,Naive,1
5063,12,0.1,Randomized,1
5064,12,0.0,Naive,1
5065,12,0.1,Randomized,1
5066,12,0.0,Naive,1
5067,12,0.1,Randomized,1
5068,12,0.0,Naive,1
5069,12,0.1,Randomized,1
5070,12,0.0,Naive,1
5071,12,0.1,Randomized,1
5072,12,0.0,Naive,1
5073,12,0.1,Randomized,1
5074,12,0.0,Naive,1
5075,12,0.1,Randomized,1
5076,12,0.0,Naive,1
5077,12,0.1,Randomized,1
5078,12,0.0,Naive,1
5079,12,0.1,Randomized,1
5080,12,0.0,Naive,1
5081,12,0.1,Randomized,1
5082,12,0.0,Naive,1
5083,12,0.1,Randomized,1
5084,12,0.0,Naive,1
5085,12,0.1,Randomized,1
5086,12,0.0,Naive,1
5087,12,0.1,Randomized,1
5088,12,0.0,Naive,1
5089,12,0.1,Randomized,1
5090,12,0.0,Naive,1
5091,12,0.1,Randomized,1
5092,12,0.0,Naive,1
5093,12,0.1,Randomized,1
5094,12,0.0,Naive,1
5095,12,0.1,Randomized,1
5096,12,0.0,Naive,1
5097,12,0.1,Randomized,1
5098,12,0.0,Naive,1
5099,12,0.1,Randomized,1
5100,12,0.0,Naive,1
5101,12,0.1,Randomized,1
5102,12,0.0,Naive,1
5103,12,0.1,Randomized,1
5104,12,0.0,Naive,1
5105,12,0.1,Randomized,1
5106,12,0.0,Naive,1
5107,12,0.1,Randomized,1
5108,12,0.0,Naive,1
5109,12,0.1,Randomized,1
5110,12,0.0,Naive,1
5111,12,0.1,Randomized,1
5112,12,0.0,Naive,1
5113,12,0.1,Randomized,1
5114,12,0.0,Naive,1
5115,12,0.1,Randomized,1
5116,12,0.0,Naive,1
5117,12,0.1,Randomized,1
5118,12,0.0,Naive,1
5119,12,0.1,Randomized,1
5120,12,0.0,Naive,1
5121,12,0.1,Randomized,1
5122,12,0.0,Naive,1
5123,12,0.1,Randomized,1
5124,12,0.0,Naive,1
5125,12,0.1,Randomized,1
5126,12,0.0,Naive,1
5127,12,0.1,Randomized,1
5128,12,0.0,Naive,1
5129,12,0.1,Randomized,1
5130,12,0.0,Naive,1
5131,12,0.1,Randomized,1
5132,12,0.0,Naive,1
5133,12,0.1,Randomized,1
5134,12,0.0,Naive,1
5135,12,0.1,Randomized,1
5136,12,0.0,Naive,1
5137,12,0.1,Randomized,1
5138,12,0.0,Naive,1
5139,12,0.1,Randomized,1
5140,12,0.0,Naive,1
5141,12,0.1,Randomized,1
5142,12,0.0,Naive,1
5143,12,0.1,Randomized,1
5144,12,0.0,Naive,1
5145,12,0.1,Randomized,1
5146,12,0.0,Naive,1
5147,12,0.1,Randomized,1
5148,12,0.0,Naive,1
5149,12,0.1,Randomized,1
5150,12,0.0,Naive,1
5151,12,0.1,Randomized,1
5152,12,0.0,Naive,1
5153,12,0.1,Randomized,1
5154,12,0.0,Naive,1
5155,12,0.1,Randomized,1
5156,12,0.0,Naive,1
5157,12,0.1,Randomized,1
5158,12,0.0,Naive,1
5159,12,0.1,Randomized,1
5160,12,0.0,Naive,1
5161,12,0.1,Randomized,1
5162,12,0.0,Naive,1
5163,12,0.1,Randomized,1
5164,12,0.0,Naive,1
5165,12,0.1,Randomized,1
5166,12,0.0,Naive,1
5167,12,0.1,Randomized,1
5168,12,0.0,Naive,1
5169,12,0.1,Randomized,1
5170,12,0.0,Naive,1
5171,12,0.1,Randomized,1
5172,12,0.0,Naive,1
5173,12,0.1,Randomized,1
5174,12,0.0,Naive,1
5175,12,0.1,Randomized,1
5176,12,0.0,Naive,1
5177,12,0.1,Randomized,1
5178,12,0.0,Naive,1
5179,12,0.1,Randomized,1
5180,12,0.0,Naive,1
5181,12,0.1,Randomized,1
5182,12,0.0,Naive,1
5183,12,0.1,Randomized,1
5184,12,0.0,Naive,1
5185,12,0.1,Randomized,1
5186,12,0.0,Naive,1
5187,12,0.1,Randomized,1
5188,12,0.0,Naive,1
5189,12,0.1,Randomized,1
5190,12,0.0,Naive,1
5191,12,0.1,Randomized,1
5192,12,0.0,Naive,1
5193,12,0.1,Randomized,1
5194,12,0.0,Naive,1
5195,12,0.1,Randomized,1
5196,12,0.0,Naive,1
5197,12,0.1,Randomized,1
5198,12,0.0,Naive,1
5199,12,0.1,Randomized,1
5200,12,0.0,Naive,1
5201,12,0.1,Randomized,1
5202,12,0.0,Naive,1
5203,12,0.1,Randomized,1
5204,12,0.0,Naive,1
5205,12,0.1,Randomized,1
5206,12,0.0,Naive,1
5207,12,0.1,Randomized,1
5208,12,0.0,Naive,1
5209,12,0.1,Randomized,1
5210,12,0.0,Naive,1
5211,12,0.1,Randomized,1
5212,12,0.0,Naive,1
5213,12,0.1,Randomized,1
5214,12,0.0,Naive,1
5215,12,0.1,Randomized,1
5216,12,0.0,Naive,1
5217,12,0.1,Randomized,1
5218,12,0.0,Naive,1
5219,12,0.1,Randomized,1
5220,12,0.0,Naive,1
5221,12,0.1,Randomized,1
5222,12,0.0,Naive,1
5223,12,0.1,Randomized,1
5224,12,0.0,Naive,1
5225,12,0.1,Randomized,1
5226,12,0.0,Naive,1
5227,12,0.1,Randomized,1
5228,12,0.0,Naive,1
5229,12,0.1,Randomized,1
5230,12,0.0,Naive,1
5231,12,0.1,Randomized,1
5232,12,0.0,Naive,1
5233,12,0.1,Randomized,1
5234,12,0.0,Naive,1
5235,12,0.1,Randomized,1
5236,12,0.0,Naive,1
5237,12,0.1,Randomized,1
5238,12,0.0,Naive,1
5239,12,0.1,Randomized,1
5240,12,0.0,Naive,1
5241,12,0.1,Randomized,1
5242,12,0.0,Naive,1
5243,12,0.1,Randomized,1
5244,12,0.0,Naive,1
5245,12,0.1,Randomized,1
5246,12,0.0,Naive,1
5247,12,0.1,Randomized,1
5248,12,0.0,Naive,1
5249,12,0.1,Randomized,1
5250,12,0.0,Naive,1
5251,12,0.1,Randomized,1
5252,12,0.0,Naive,1
5253,12,0.1,Randomized,1
5254,12,0.0,Naive,1
5255,12,0.1,Randomized,1
5256,12,0.0,Naive,1
5257,12,0.1,Randomized,1
5258,12,0.0,Naive,1
5259,12,0.1,Randomized,1
5260,12,0.0,Naive,1
5261,12,0.1,Randomized,1
5262,12,0.0,Naive,1
5263,12,0.1,Randomized,1
5264,12,0.0,Naive,1
5265,12,0.1,Randomized,1
5266,12,0.0,Naive,1
5267,12,0.1,Randomized,1
5268,12,0.0,Naive,1
5269,12,0.1,Randomized,1
5270,12,0.0,Naive,1
5271,12,0.1,Randomized,1
5272,12,0.0,Naive,1
5273,12,0.1,Randomized,1
5274,12,0.0,Naive,1
5275,12,0.1,Randomized,1
5276,12,0.0,Naive,1
5277,12,0.1,Randomized,1
5278,12,0.0,Naive,1
5279,12,0.1,Randomized,1
5280,12,0.0,Naive,1
5281,12,0.1,Randomized,1
5282,12,0.0,Naive,1
5283,12,0.1,Randomized,1
5284,12,0.0,Naive,1
5285,12,0.1,Randomized,1
5286,12,0.0,Naive,1
5287,12,0.1,Randomized,1
5288,12,0.0,Naive,1
5289,12,0.1,Randomized,1
5290,12,0.0,Naive,1
5291,12,0.1,Randomized,1
5292,12,0.0,Naive,1
5293,12,0.1,Randomized,1
5294,12,0.0,Naive,1
5295,12,0.1,Randomized,1
5296,12,0.0,Naive,1
5297,12,0.1,Randomized,1
5298,12,0.0,Naive,1
5299,12,0.1,Randomized,1
5300,12,0.0,Naive,1
5301,12,0.1,Randomized,1
5302,12,0.0,Naive,1
5303,12,0.1,Randomized,1
5304,12,0.0,Naive,1
5305,12,0.1,Randomized,1
5306,12,0.0,Naive,1
5307,12,0.1,Randomized,1
5308,12,0.0,Naive,1
5309,12,0.1,Randomized,1
5310,12,0.0,Naive,1
5311,12,0.1,Randomized,1
5312,12,0.0,Naive,1
5313,12,0.1,Randomized,1
5314,12,0.0,Naive,1
5315,12,0.1,Randomized,1
5316,12,0.0,Naive,1
5317,12,0.1,Randomized,1
5318,12,0.0,Naive,1
5319,12,0.1,Randomized,1
5320,12,0.0,Naive,1
5321,12,0.1,Randomized,1
5322,12,0.0,Naive,1
5323,12,0.1,Randomized,1
5324,12,0.0,Naive,1
5325,12,0.1,Randomized,1
5326,12,0.0,Naive,1
5327,12,0.1,Randomized,1
5328,12,0.0,Naive,1
5329,12,0.1,Randomized,1
5330,12,0.0,Naive,1
5331,12,0.1,Randomized,1
5332,12,0.0,Naive,1
5333,12,0.1,Randomized,1
5334,12,0.0,Naive,1
5335,12,0.1,Randomized,1
5336,12,0.0,Naive,1
5337,12,0.1,Randomized,1
5338,12,0.0,Naive,1
5339,12,0.1,Randomized,1
5340,12,0.0,Naive,1
5341,12,0.1,Randomized,1
5342,12,0.0,Naive,1
5343,12,0.1,Randomized,1
5344,12,0.0,Naive,1
5345,12,0.1,Randomized,1
5346,12,0.0,Naive,1
5347,12,0.1,Randomized,1
5348,12,0.0,Naive,1
5349,12,0.1,Randomized,1
5350,12,0.0,Naive,1
5351,12,0.1,Randomized,1
5352,12,0.0,Naive,1
5353,12,0.1,Randomized,1
5354,12,0.0,Naive,1
5355,12,0.1,Randomized,1
5356,12,0.0,Naive,1
5357,12,0.1,Randomized,1
5358,12,0.0,Naive,1
5359,12,0.1,Randomized,1
5360,12,0.0,Naive,1
5361,12,0.1,Randomized,1
5362,12,0.0,Naive,1
5363,12,0.1,Randomized,1
5364,12,0.0,Naive,1
5365,12,0.1,Randomized,1
5366,12,0.0,Naive,1
5367,12,0.1,Randomized,1
5368,12,0.0,Naive,1
5369,12,0.1,Randomized,1
5370,12,0.0,Naive,1
5371,12,0.1,Randomized,1
5372,12,0.0,Naive,1
5373,12,0.1,Randomized,1
5374,12,0.0,Naive,1
5375,12,0.1,Randomized,1
5376,12,0.0,Naive,1
5377,12,0.1,Randomized,1
5378,12,0.0,Naive,1
5379,12,0.1,Randomized,1
5380,12,0.0,Naive,1
5381,12,0.1,Randomized,1
5382,12,0.0,Naive,1
5383,12,0.1,Randomized,1
5384,12,0.0,Naive,1
5385,12,0.1,Randomized,1
5386,12,0.0,Naive,1
5387,12,0.1,Randomized,1
5388,12,0.0,Naive,1
5389,12,0.1,Randomized,1
5390,12,0.0,Naive,1
5391,12,0.1,Randomized,1
5392,12,0.0,Naive,1
5393,12,0.1,Randomized,1
5394,12,0.0,Naive,1
5395,12,0.1,Randomized,1
5396,12,0.0,Naive,1
5397,12,0.1,Randomized,1
5398,12,0.0,Naive,1
5399,12,0.1,Randomized,1
5400,12,0.0,Naive,1
5401,12,0.1,Randomized,1
5402,12,0.0,Naive,1
5403,12,0.1,Randomized,1
5404,12,0.0,Naive,1
5405,12,0.1,Randomized,1
5406,12,0.0,Naive,1
5407,12,0.1,Randomized,1
5408,12,0.0,Naive,1
5409,12,0.1,Randomized,1
5410,12,0.0,Naive,1
5411,12,0.1,Randomized,1
5412,12,0.0,Naive,1
5413,12,0.1,Randomized,1
5414,12,0.0,Naive,1
5415,12,0.1,Randomized,1
5416,12,0.0,Naive,1
5417,12,0.1,Randomized,1
5418,12,0.0,Naive,1
5419,12,0.1,Randomized,1
5420,12,0.0,Naive,1
5421,12,0.1,Randomized,1
5422,12,0.0,Naive,1
5423,12,0.1,Randomized,1
5424,12,0.0,Naive,1
5425,12,0.1,Randomized,1
5426,12,0.0,Naive,1
5427,12,0.1,Randomized,1
5428,12,0.0,Naive,1
5429,12,0.1,Randomized,1
5430,12,0.0,Naive,1
5431,12,0.1,Randomized,1
5432,12,0.0,Naive,1
5433,12,0.1,Randomized,1
5434,12,0.0,Naive,1
5435,12,0.1,Randomized,1
5436,12,0.0,Naive,1
5437,12,0.1,Randomized,1
5438,12,0.0,Naive,1
5439,12,0.1,Randomized,1
5440,12,0.0,Naive,1
5441,12,0.1,Randomized,1
5442,12,0.0,Naive,1
5443,12,0.1,Randomized,1
5444,12,0.0,Naive,1
5445,12,0.1,Randomized,1
5446,12,0.0,Naive,1
5447,12,0.1,Randomized,1
5448,12,0.0,Naive,1
5449,12,0.1,Randomized,1
5450,12,0.0,Naive,1
5451,12,0.1,Randomized,1
5452,12,0.0,Naive,1
5453,12,0.1,Randomized,1
5454,12,0.0,Naive,1
5455,12,0.1,Randomized,1
5456,12,0.0,Naive,1
5457,12,0.1,Randomized,1
5458,12,0.0,Naive,1
5459,12,0.1,Randomized,1
5460,12,0.0,Naive,1
5461,12,0.1,Randomized,1
5462,12,0.0,Naive,1
5463,12,0.1,Randomized,1
5464,12,0.0,Naive,1
5465,12,0.1,Randomized,1
5466,12,0.0,Naive,1
5467,12,0.1,Randomized,1
5468,12,0.0,Naive,1
5469,12,0.1,Randomized,1
5470,12,0.0,Naive,1
5471,12,0.1,Randomized,1
5472,12,0.0,Naive,1
5473,12,0.1,Randomized,1
5474,12,0.0,Naive,1
5475,12,0.1,Randomized,1
5476,12,0.0,Naive,1
5477,12,0.1,Randomized,1
5478,12,0.0,Naive,1
5479,12,0.1,Randomized,1
5480,12,0.0,Naive,1
5481,12,0.1,Randomized,1
5482,12,0.0,Naive,1
5483,12,0.1,Randomized,1
5484,12,0.0,Naive,1
5485,12,0.1,Randomized,1
5486,12,0.0,Naive,1
5487,12,0.1,Randomized,1
5488,12,0.0,Naive,1
5489,12,0.1,Randomized,1
5490,12,0.0,Naive,1
5491,12,0.1,Randomized,1
5492,12,0.0,Naive,1
5493,12,0.1,Randomized,1
5494,12,0.0,Naive,1
5495,12,0.1,Randomized,1
5496,12,0.0,Naive,1
5497,12,0.1,Randomized,1
5498,12,0.0,Naive,1
5499,12,0.1,Randomized,1
5500,12,0.0,Naive,1
5501,12,0.1,Randomized,1
5502,12,0.0,Naive,1
5503,12,0.1,Randomized,1
5504,12,0.0,Naive,1
5505,12,0.1,Randomized,1
5506,12,0.0,Naive,1
5507,12,0.1,Randomized,1
5508,12,0.0,Naive,1
5509,12,0.1,Randomized,1
5510,12,0.0,Naive,1
5511,12,0.1,Randomized,1
5512,12,0.0,Naive,1
5513,12,0.1,Randomized,1
5514,12,0.0,Naive,1
5515,12,0.1,Randomized,1
5516,12,0.0,Naive,1
5517,12,0.1,Randomized,1
5518,12,0.0,Naive,1
5519,12,0.1,Randomized,1
5520,12,0.0,Naive,1
5521,12,0.1,Randomized,1
5522,12,0.0,Naive,1
5523,12,0.1,Randomized,1
5524,12,0.0,Naive,1
5525,12,0.1,Randomized,1
5526,12,0.0,Naive,1
5527,12,0.1,Randomized,1
5528,12,0.0,Naive,1
5529,12,0.1,Randomized,1
5530,12,0.0,Naive,1
5531,12,0.1,Randomized,1
5532,12,0.0,Naive,1
5533,12,0.1,Randomized,1
5534,12,0.0,Naive,1
5535,12,0.1,Randomized,1
5536,12,0.0,Naive,1
5537,12,0.1,Randomized,1
5538,12,0.0,Naive,1
5539,12,0.1,Randomized,1
5540,12,0.0,Naive,1
5541,12,0.1,Randomized,1
5542,12,0.0,Naive,1
5543,12,0.1,Randomized,1
5544,12,0.0,Naive,1
5545,12,0.1,Randomized,1
5546,12,0.0,Naive,1
5547,12,0.1,Randomized,1
5548,12,0.0,Naive,1
5549,12,0.1,Randomized,1
5550,12,0.0,Naive,1
5551,12,0.1,Randomized,1
5552,12,0.0,Naive,1
5553,12,0.1,Randomized,1
5554,12,0.0,Naive,1
5555,12,0.1,Randomized,1
5556,12,0.0,Naive,1
5557,12,0.1,Randomized,1
5558,12,0.0,Naive,1
5559,12,0.1,Randomized,1
5560,12,0.0,Naive,1
5561,12,0.1,Randomized,1
5562,12,0.0,Naive,1
5563,12,0.1,Randomized,1
5564,12,0.0,Naive,1
5565,12,0.1,Randomized,1
5566,12,0.0,Naive,1
5567,12,0.1,Randomized,1
5568,12,0.0,Naive,1
5569,12,0.1,Randomized,1
5570,12,0.0,Naive,1
5571,12,0.1,Randomized,1
5572,12,0.0,Naive,1
5573,12,0.1,Randomized,1
5574,12,0.0,Naive,1
5575,12,0.1,Randomized,1
5576,12,0.0,Naive,1
5577,12,0.1,Randomized,1
5578,12,0.0,Naive,1
5579,12,0.1,Randomized,1
5580,12,0.0,Naive,1
5581,12,0.1,Randomized,1
5582,12,0.0,Naive,1
5583,12,0.1,Randomized,1
5584,12,0.0,Naive,1
5585,12,0.1,Randomized,1
5586,12,0.0,Naive,1
5587,12,0.1,Randomized,1
5588,12,0.0,Naive,1
5589,12,0.1,Randomized,1
5590,12,0.0,Naive,1
5591,12,0.1,Randomized,1
5592,12,0.0,Naive,1
5593,12,0.1,Randomized,1
5594,12,0.0,Naive,1
5595,12,0.1,Randomized,1
5596,12,0.0,Naive,1
5597,12,0.1,Randomized,1
5598,12,0.0,Naive,1
5599,12,0.1,Randomized,1
5600,12,0.0,Naive,1
5601,12,0.1,Randomized,1
5602,12,0.0,Naive,1
5603,12,0.1,Randomized,1
5604,12,0.0,Naive,1
5605,12,0.1,Randomized,1
5606,12,0.0,Naive,1
5607,12,0.1,Randomized,1
5608,12,0.0,Naive,1
5609,12,0.1,Randomized,1
5610,12,0.0,Naive,1
5611,12,0.1,Randomized,1
5612,12,0.0,Naive,1
5613,12,0.1,Randomized,1
5614,12,0.0,Naive,1
5615,12,0.1,Randomized,1
5616,12,0.0,Naive,1
5617,12,0.1,Randomized,1
5618,12,0.0,Naive,1
5619,12,0.1,Randomized,1
5620,12,0.0,Naive,1
5621,12,0.1,Randomized,1
5622,12,0.0,Naive,1
5623,12,0.1,Randomized,1
5624,12,0.0,Naive,1
5625,12,0.1,Randomized,1
5626,12,0.0,Naive,1
5627,12,0.1,Randomized,1
5628,12,0.0,Naive,1
5629,12,0.1,Randomized,1
5630,12,0.0,Naive,1
5631,12,0.1,Randomized,1
5632,12,0.0,Naive,1
5633,12,0.1,Randomized,1
5634,12,0.0,Naive,1
5635,12,0.1,Randomized,1
5636,12,0.0,Naive,1
5637,12,0.1,Randomized,1
5638,12,0.0,Naive,1
5639,12,0.1,Randomized,1
5640,12,0.0,Naive,1
5641,12,0.1,Randomized,1
5642,12,0.0,Naive,1
5643,12,0.1,Randomized,1
5644,12,0.0,Naive,1
5645,12,0.1,Randomized,1
5646,12,0.0,Naive,1
5647,12,0.1,Randomized,1
5648,12,0.0,Naive,1
5649,12,0.1,Randomized,1
5650,12,0.0,Naive,1
5651,12,0.1,Randomized,1
5652,12,0.0,Naive,1
5653,12,0.1,Randomized,1
5654,12,0.0,Naive,1
5655,12,0.1,Randomized,1
5656,12,0.0,Naive,1
5657,12,0.1,Randomized,1
5658,12,0.0,Naive,1
5659,12,0.1,Randomized,1
5660,12,0.0,Naive,1
5661,12,0.1,Randomized,1
5662,12,0.0,Naive,1
5663,12,0.1,Randomized,1
5664,12,0.0,Naive,1
5665,12,0.1,Randomized,1
5666,12,0.0,Naive,1
5667,12,0.1,Randomized,1
5668,12,0.0,Naive,1
5669,12,0.1,Randomized,1
5670,12,0.0,Naive,1
5671,12,0.1,Randomized,1
5672,12,0.0,Naive,1
5673,12,0.1,Randomized,1
5674,12,0.0,Naive,1
5675,12,0.1,Randomized,1
5676,12,0.0,Naive,1
5677,12,0.1,Randomized,1
5678,12,0.0,Naive,1
5679,12,0.1,Randomized,1
5680,12,0.0,Naive,1
5681,12,0.1,Randomized,1
5682,12,0.0,Naive,1
5683,12,0.1,Randomized,1
5684,12,0.0,Naive,1
5685,12,0.1,Randomized,1
5686,12,0.0,Naive,1
5687,12,0.1,Randomized,1
5688,12,0.0,Naive,1
5689,12,0.1,Randomized,1
5690,12,0.0,Naive,1
5691,12,0.1,Randomized,1
5692,12,0.0,Naive,1
5693,12,0.1,Randomized,1
5694,12,0.0,Naive,1
5695,12,0.1,Randomized,1
5696,12,0.0,Naive,1
5697,12,0.1,Randomized,1
5698,12,0.0,Naive,1
5699,12,0.1,Randomized,1
5700,12,0.0,Naive,1
5701,12,0.1,Randomized,1
5702,12,0.0,Naive,1
5703,12,0.1,Randomized,1
5704,12,0.0,Naive,1
5705,12,0.1,Randomized,1
5706,12,0.0,Naive,1
5707,12,0.1,Randomized,1
5708,12,0.0,Naive,1
5709,12,0.1,Randomized,1
5710,12,0.0,Naive,1
5711,12,0.1,Randomized,1
5712,12,0.0,Naive,1
5713,12,0.1,Randomized,1
5714,12,0.0,Naive,1
5715,12,0.1,Randomized,1
5716,12,0.0,Naive,1
5717,12,0.1,Randomized,1
5718,12,0.0,Naive,1
5719,12,0.1,Randomized,1
5720,12,0.0,Naive,1
5721,12,0.1,Randomized,1
5722,12,0.0,Naive,1
5723,12,0.1,Randomized,1
5724,12,0.0,Naive,1
5725,12,0.1,Randomized,1
5726,12,0.0,Naive,1
5727,12,0.1,Randomized,1
5728,12,0.0,Naive,1
5729,12,0.1,Randomized,1
5730,12,0.0,Naive,1
5731,12,0.1,Randomized,1
5732,12,0.0,Naive,1
5733,12,0.1,Randomized,1
5734,12,0.0,Naive,1
5735,12,0.1,Randomized,1
5736,12,0.0,Naive,1
5737,12,0.1,Randomized,1
5738,12,0.0,Naive,1
5739,12,0.1,Randomized,1
5740,12,0.0,Naive,1
5741,12,0.1,Randomized,1
5742,12,0.0,Naive,1
5743,12,0.1,Randomized,1
5744,12,0.0,Naive,1
5745,12,0.1,Randomized,1
5746,12,0.0,Naive,1
5747,12,0.1,Randomized,1
5748,12,0.0,Naive,1
5749,12,0.1,Randomized,1
5750,12,0.0,Naive,1
5751,12,0.1,Randomized,1
5752,12,0.0,Naive,1
5753,12,0.1,Randomized,1
5754,12,0.0,Naive,1
5755,12,0.1,Randomized,1
5756,12,0.0,Naive,1
5757,12,0.1,Randomized,1
5758,12,0.0,Naive,1
5759,12,0.1,Randomized,1
5760,12,0.0,Naive,1
5761,12,0.1,Randomized,1
5762,12,0.0,Naive,1
5763,12,0.1,Randomized,1
5764,12,0.0,Naive,1
5765,12,0.1,Randomized,1
5766,12,0.0,Naive,1
5767,12,0.1,Randomized,1
5768,12,0.0,Naive,1
5769,12,0.1,Randomized,1
5770,12,0.0,Naive,1
5771,12,0.1,Randomized,1
5772,12,0.0,Naive,1
5773,12,0.1,Randomized,1
5774,12,0.0,Naive,1
5775,12,0.1,Randomized,1
5776,12,0.0,Naive,1
5777,12,0.1,Randomized,1
5778,12,0.0,Naive,1
5779,12,0.1,Randomized,1
5780,12,0.0,Naive,1
5781,12,0.1,Randomized,1
5782,12,0.0,Naive,1
5783,12,0.1,Randomized,1
5784,12,0.0,Naive,1
5785,12,0.1,Randomized,1
5786,12,0.0,Naive,1
5787,12,0.1,Randomized,1
5788,12,0.0,Naive,1
5789,12,0.1,Randomized,1
5790,12,0.0,Naive,1
5791,12,0.1,Randomized,1
5792,12,0.0,Naive,1
5793,12,0.1,Randomized,1
5794,12,0.0,Naive,1
5795,12,0.1,Randomized,1
5796,12,0.0,Naive,1
5797,12,0.1,Randomized,1
5798,12,0.0,Naive,1
5799,12,0.1,Randomized,1
5800,12,0.0,Naive,1
5801,12,0.1,Randomized,1
5802,12,0.0,Naive,1
5803,12,0.1,Randomized,1
5804,12,0.0,Naive,1
5805,12,0.1,Randomized,1
5806,12,0.0,Naive,1
5807,12,0.1,Randomized,1
5808,12,0.0,Naive,1
5809,12,0.1,Randomized,1
5810,12,0.0,Naive,1
5811,12,0.1,Randomized,1
5812,12,0.0,Naive,1
5813,12,0.1,Randomized,1
5814,12,0.0,Naive,1
5815,12,0.1,Randomized,1
5816,12,0.0,Naive,1
5817,12,0.1,Randomized,1
5818,12,0.0,Naive,1
5819,12,0.1,Randomized,1
5820,12,0.0,Naive,1
5821,12,0.1,Randomized,1
5822,12,0.0,Naive,1
5823,12,0.1,Randomized,1
5824,12,0.0,Naive,1
5825,12,0.1,Randomized,1
5826,12,0.0,Naive,1
5827,12,0.1,Randomized,1
5828,12,0.0,Naive,1
5829,12,0.1,Randomized,1
5830,12,0.0,Naive,1
5831,12,0.1,Randomized,1
5832,12,0.0,Naive,1
5833,12,0.1,Randomized,1
5834,12,0.0,Naive,1
5835,12,0.1,Randomized,1
5836,12,0.0,Naive,1
5837,12,0.1,Randomized,1
5838,12,0.0,Naive,1
5839,12,0.1,Randomized,1
5840,12,0.0,Naive,1
5841,12,0.1,Randomized,1
5842,12,0.0,Naive,1
5843,12,0.1,Randomized,1
5844,12,0.0,Naive,1
5845,12,0.1,Randomized,1
5846,12,0.0,Naive,1
5847,12,0.1,Randomized,1
5848,12,0.0,Naive,1
5849,12,0.1,Randomized,1
5850,12,0.0,Naive,1
5851,12,0.1,Randomized,1
5852,12,0.0,Naive,1
5853,12,0.1,Randomized,1
5854,12,0.0,Naive,1
5855,12,0.1,Randomized,1
5856,12,0.0,Naive,1
5857,12,0.1,Randomized,1
5858,12,0.0,Naive,1
5859,12,0.1,Randomized,1
5860,12,0.0,Naive,1
5861,12,0.1,Randomized,1
5862,12,0.0,Naive,1
5863,12,0.1,Randomized,1
5864,12,0.0,Naive,1
5865,12,0.1,Randomized,1
5866,12,0.0,Naive,1
5867,12,0.1,Randomized,1
5868,12,0.0,Naive,1
5869,12,0.1,Randomized,1
5870,12,0.0,Naive,1
5871,12,0.1,Randomized,1
5872,12,0.0,Naive,1
5873,12,0.1,Randomized,1
5874,12,0.0,Naive,1
5875,12,0.1,Randomized,1
5876,12,0.0,Naive,1
5877,12,0.1,Randomized,1
5878,12,0.0,Naive,1
5879,12,0.1,Randomized,1
5880,12,0.0,Naive,1
5881,12,0.1,Randomized,1
5882,12,0.0,Naive,1
5883,12,0.1,Randomized,1
5884,12,0.0,Naive,1
5885,12,0.1,Randomized,1
5886,12,0.0,Naive,1
5887,12,0.1,Randomized,1
5888,12,0.0,Naive,1
5889,12,0.1,Randomized,1
5890,12,0.0,Naive,1
5891,12,0.1,Randomized,1
5892,12,0.0,Naive,1
5893,12,0.1,Randomized,1
5894,12,0.0,Naive,1
5895,12,0.1,Randomized,1
5896,12,0.0,Naive,1
5897,12,0.1,Randomized,1
5898,12,0.0,Naive,1
5899,12,0.1,Randomized,1
5900,12,0.0,Naive,1
5901,12,0.1,Randomized,1
5902,12,0.0,Naive,1
5903,12,0.1,Randomized,1
5904,12,0.0,Naive,1
5905,12,0.1,Randomized,1
5906,12,0.0,Naive,1
5907,12,0.1,Randomized,1
5908,12,0.0,Naive,1
5909,12,0.1,Randomized,1
5910,12,0.0,Naive,1
5911,12,0.1,Randomized,1
5912,12,0.0,Naive,1
5913,12,0.1,Randomized,1
5914,12,0.0,Naive,1
5915,12,0.1,Randomized,1
5916,12,0.0,Naive,1
5917,12,0.1,Randomized,1
5918,12,0.0,Naive,1
5919,12,0.1,Randomized,1
5920,12,0.0,Naive,1
5921,12,0.1,Randomized,1
5922,12,0.0,Naive,1
5923,12,0.1,Randomized,1
5924,12,0.0,Naive,1
5925,12,0.1,Randomized,1
5926,12,0.0,Naive,1
5927,12,0.1,Randomized,1
5928,12,0.0,Naive,1
5929,12,0.1,Randomized,1
5930,12,0.0,Naive,1
5931,12,0.1,Randomized,1
5932,12,0.0,Naive,1
5933,12,0.1,Randomized,1
5934,12,0.0,Naive,1
5935,12,0.1,Randomized,1
5936,12,0.0,Naive,1
5937,12,0.1,Randomized,1
5938,12,0.0,Naive,1
5939,12,0.1,Randomized,1
5940,12,0.0,Naive,1
5941,12,0.1,Randomized,1
5942,12,0.0,Naive,1
5943,12,0.1,Randomized,1
5944,12,0.0,Naive,1
5945,12,0.1,Randomized,1
5946,12,0.0,Naive,1
5947,12,0.1,Randomized,1
5948,12,0.0,Naive,1
5949,12,0.1,Randomized,1
5950,12,0.0,Naive,1
5951,12,0.1,Randomized,1
5952,12,0.0,Naive,1
5953,12,0.1,Randomized,1
5954,12,0.0,Naive,1
5955,12,0.1,Randomized,1
5956,12,0.0,Naive,1
5957,12,0.1,Randomized,1
5958,12,0.0,Naive,1
5959,12,0.1,Randomized,1
5960,12,0.0,Naive,1
5961,12,0.1,Randomized,1
5962,12,0.0,Naive,1
5963,12,0.1,Randomized,1
5964,12,0.0,Naive,1
5965,12,0.1,Randomized,1
5966,12,0.0,Naive,1
5967,12,0.1,Randomized,1
5968,12,0.0,Naive,1
5969,12,0.1,Randomized,1
5970,12,0.0,Naive,1
5971,12,0.1,Randomized,1
5972,12,0.0,Naive,1
5973,12,0.1,Randomized,1
5974,12,0.0,Naive,1
5975,12,0.1,Randomized,1
5976,12,0.0,Naive,1
5977,12,0.1,Randomized,1
5978,12,0.0,Naive,1
5979,12,0.1,Randomized,1
5980,12,0.0,Naive,1
5981,12,0.1,Randomized,1
5982,12,0.0,Naive,1
5983,12,0.1,Randomized,1
5984,12,0.0,Naive,1
5985,12,0.1,Randomized,1
5986,12,0.0,Naive,1
5987,12,0.1,Randomized,1
5988,12,0.0,Naive,1
5989,12,0.1,Randomized,1
5990,12,0.0,Naive,1
5991,12,0.1,Randomized,1
5992,12,0.0,Naive,1
5993,12,0.1,Randomized,1
5994,12,0.0,Naive,1
5995,12,0.1,Randomized,1
5996,12,0.0,Naive,1
5997,12,0.1,Randomized,1
5998,12,0.0,Naive,1
5999,12,0.1,Randomized,1
6000,14,0.0,Naive,1
6001,14,0.1,Randomized,1
6002,14,0.0,Naive,1
6003,14,0.1,Randomized,1
6004,14,0.0,Naive,1
6005,14,0.1,Randomized,1
6006,14,0.0,Naive,1
6007,14,0.1,Randomized,1
6008,14,0.0,Naive,1
6009,14,0.1,Randomized,1
6010,14,0.0,Naive,1
6011,14,0.1,Randomized,1
6012,14,0.0,Naive,1
6013,14,0.1,Randomized,1
6014,14,0.0,Naive,1
6015,14,0.1,Randomized,1
6016,14,0.0,Naive,1
6017,14,0.1,Randomized,1
6018,14,0.0,Naive,1
6019,14,0.1,Randomized,1
6020,14,0.0,Naive,1
6021,14,0.1,Randomized,1
6022,14,0.0,Naive,1
6023,14,0.1,Randomized,1
6024,14,0.0,Naive,1
6025,14,0.1,Randomized,1
6026,14,0.0,Naive,1
6027,14,0.1,Randomized,1
6028,14,0.0,Naive,1
6029,14,0.1,Randomized,1
6030,14,0.0,Naive,1
6031,14,0.1,Randomized,1
6032,14,0.0,Naive,1
6033,14,0.1,Randomized,1
6034,14,0.0,Naive,1
6035,14,0.1,Randomized,1
6036,14,0.0,Naive,1
6037,14,0.1,Randomized,1
6038,14,0.0,Naive,1
6039,14,0.1,Randomized,1
6040,14,0.0,Naive,1
6041,14,0.1,Randomized,1
6042,14,0.0,Naive,1
6043,14,0.1,Randomized,1
6044,14,0.0,Naive,1
6045,14,0.1,Randomized,1
6046,14,0.0,Naive,1
6047,14,0.1,Randomized,1
6048,14,0.0,Naive,1
6049,14,0.1,Randomized,1
6050,14,0.0,Naive,1
6051,14,0.1,Randomized,1
6052,14,0.0,Naive,1
6053,14,0.1,Randomized,1
6054,14,0.0,Naive,1
6055,14,0.1,Randomized,1
6056,14,0.0,Naive,1
6057,14,0.1,Randomized,1
6058,14,0.0,Naive,1
6059,14,0.1,Randomized,1
6060,14,0.0,Naive,1
6061,14,0.1,Randomized,1
6062,14,0.0,Naive,1
6063,14,0.1,Randomized,1
6064,14,0.0,Naive,1
6065,14,0.1,Randomized,1
6066,14,0.0,Naive,1
6067,14,0.1,Randomized,1
6068,14,0.0,Naive,1
6069,14,0.1,Randomized,1
6070,14,0.0,Naive,1
6071,14,0.1,Randomized,1
6072,14,0.0,Naive,1
6073,14,0.1,Randomized,1
6074,14,0.0,Naive,1
6075,14,0.1,Randomized,1
6076,14,0.0,Naive,1
6077,14,0.1,Randomized,1
6078,14,0.0,Naive,1
6079,14,0.1,Randomized,1
6080,14,0.0,Naive,1
6081,14,0.1,Randomized,1
6082,14,0.0,Naive,1
6083,14,0.1,Randomized,1
6084,14,0.0,Naive,1
6085,14,0.1,Randomized,1
6086,14,0.0,Naive,1
6087,14,0.1,Randomized,1
6088,14,0.0,Naive,1
6089,14,0.1,Randomized,1
6090,14,0.0,Naive,1
6091,14,0.1,Randomized,1
6092,14,0.0,Naive,1
6093,14,0.1,Randomized,1
6094,14,0.0,Naive,1
6095,14,0.1,Randomized,1
6096,14,0.0,Naive,1
6097,14,0.1,Randomized,1
6098,14,0.0,Naive,1
6099,14,0.1,Randomized,1
6100,14,0.0,Naive,1
6101,14,0.1,Randomized,1
6102,14,0.0,Naive,1
6103,14,0.1,Randomized,1
6104,14,0.0,Naive,1
6105,14,0.1,Randomized,1
6106,14,0.0,Naive,1
6107,14,0.1,Randomized,1
6108,14,0.0,Naive,1
6109,14,0.1,Randomized,1
6110,14,0.0,Naive,1
6111,14,0.1,Randomized,1
6112,14,0.0,Naive,1
6113,14,0.1,Randomized,1
6114,14,0.0,Naive,1
6115,14,0.1,Randomized,1
6116,14,0.0,Naive,1
6117,14,0.1,Randomized,1
6118,14,0.0,Naive,1
6119,14,0.1,Randomized,1
6120,14,0.0,Naive,1
6121,14,0.1,Randomized,1
6122,14,0.0,Naive,1
6123,14,0.1,Randomized,1
6124,14,0.0,Naive,1
6125,14,0.1,Randomized,1
6126,14,0.0,Naive,1
6127,14,0.1,Randomized,1
6128,14,0.0,Naive,1
6129,14,0.1,Randomized,1
6130,14,0.0,Naive,1
6131,14,0.1,Randomized,1
6132,14,0.0,Naive,1
6133,14,0.1,Randomized,1
6134,14,0.0,Naive,1
6135,14,0.1,Randomized,1
6136,14,0.0,Naive,1
6137,14,0.1,Randomized,1
6138,14,0.0,Naive,1
6139,14,0.1,Randomized,1
6140,14,0.0,Naive,1
6141,14,0.1,Randomized,1
6142,14,0.0,Naive,1
6143,14,0.1,Randomized,1
6144,14,0.0,Naive,1
6145,14,0.1,Randomized,1
6146,14,0.0,Naive,1
6147,14,0.1,Randomized,1
6148,14,0.0,Naive,1
6149,14,0.1,Randomized,1
6150,14,0.0,Naive,1
6151,14,0.1,Randomized,1
6152,14,0.0,Naive,1
6153,14,0.1,Randomized,1
6154,14,0.0,Naive,1
6155,14,0.1,Randomized,1
6156,14,0.0,Naive,1
6157,14,0.1,Randomized,1
6158,14,0.0,Naive,1
6159,14,0.1,Randomized,1
6160,14,0.0,Naive,1
6161,14,0.1,Randomized,1
6162,14,0.0,Naive,1
6163,14,0.1,Randomized,1
6164,14,0.0,Naive,1
6165,14,0.1,Randomized,1
6166,14,0.0,Naive,1
6167,14,0.1,Randomized,1
6168,14,0.0,Naive,1
6169,14,0.1,Randomized,1
6170,14,0.0,Naive,1
6171,14,0.1,Randomized,1
6172,14,0.0,Naive,1
6173,14,0.1,Randomized,1
6174,14,0.0,Naive,1
6175,14,0.1,Randomized,1
6176,14,0.0,Naive,1
6177,14,0.1,Randomized,1
6178,14,0.0,Naive,1
6179,14,0.1,Randomized,1
6180,14,0.0,Naive,1
6181,14,0.1,Randomized,1
6182,14,0.0,Naive,1
6183,14,0.1,Randomized,1
6184,14,0.0,Naive,1
6185,14,0.1,Randomized,1
6186,14,0.0,Naive,1
6187,14,0.1,Randomized,1
6188,14,0.0,Naive,1
6189,14,0.1,Randomized,1
6190,14,0.0,Naive,1
6191,14,0.1,Randomized,1
6192,14,0.0,Naive,1
6193,14,0.1,Randomized,1
6194,14,0.0,Naive,1
6195,14,0.1,Randomized,1
6196,14,0.0,Naive,1
6197,14,0.1,Randomized,1
6198,14,0.0,Naive,1
6199,14,0.1,Randomized,1
6200,14,0.0,Naive,1
6201,14,0.1,Randomized,1
6202,14,0.0,Naive,1
6203,14,0.1,Randomized,1
6204,14,0.0,Naive,1
6205,14,0.1,Randomized,1
6206,14,0.0,Naive,1
6207,14,0.1,Randomized,1
6208,14,0.0,Naive,1
6209,14,0.1,Randomized,1
6210,14,0.0,Naive,1
6211,14,0.1,Randomized,1
6212,14,0.0,Naive,1
6213,14,0.1,Randomized,1
6214,14,0.0,Naive,1
6215,14,0.1,Randomized,1
6216,14,0.0,Naive,1
6217,14,0.1,Randomized,1
6218,14,0.0,Naive,1
6219,14,0.1,Randomized,1
6220,14,0.0,Naive,1
6221,14,0.1,Randomized,1
6222,14,0.0,Naive,1
6223,14,0.1,Randomized,1
6224,14,0.0,Naive,1
6225,14,0.1,Randomized,1
6226,14,0.0,Naive,1
6227,14,0.1,Randomized,1
6228,14,0.0,Naive,1
6229,14,0.1,Randomized,1
6230,14,0.0,Naive,1
6231,14,0.1,Randomized,1
6232,14,0.0,Naive,1
6233,14,0.1,Randomized,1
6234,14,0.0,Naive,1
6235,14,0.1,Randomized,1
6236,14,0.0,Naive,1
6237,14,0.1,Randomized,1
6238,14,0.0,Naive,1
6239,14,0.1,Randomized,1
6240,14,0.0,Naive,1
6241,14,0.1,Randomized,1
6242,14,0.0,Naive,1
6243,14,0.1,Randomized,1
6244,14,0.0,Naive,1
6245,14,0.1,Randomized,1
6246,14,0.0,Naive,1
6247,14,0.1,Randomized,1
6248,14,0.0,Naive,1
6249,14,0.1,Randomized,1
6250,14,0.0,Naive,1
6251,14,0.1,Randomized,1
6252,14,0.0,Naive,1
6253,14,0.1,Randomized,1
6254,14,0.0,Naive,1
6255,14,0.1,Randomized,1
6256,14,0.0,Naive,1
6257,14,0.1,Randomized,1
6258,14,0.0,Naive,1
6259,14,0.1,Randomized,1
6260,14,0.0,Naive,1
6261,14,0.1,Randomized,1
6262,14,0.0,Naive,1
6263,14,0.1,Randomized,1
6264,14,0.0,Naive,1
6265,14,0.1,Randomized,1
6266,14,0.0,Naive,1
6267,14,0.1,Randomized,1
6268,14,0.0,Naive,1
6269,14,0.1,Randomized,1
6270,14,0.0,Naive,1
6271,14,0.1,Randomized,1
6272,14,0.0,Naive,1
6273,14,0.1,Randomized,1
6274,14,0.0,Naive,1
6275,14,0.1,Randomized,1
6276,14,0.0,Naive,1
6277,14,0.1,Randomized,1
6278,14,0.0,Naive,1
6279,14,0.1,Randomized,1
6280,14,0.0,Naive,1
6281,14,0.1,Randomized,1
6282,14,0.0,Naive,1
6283,14,0.1,Randomized,1
6284,14,0.0,Naive,1
6285,14,0.1,Randomized,1
6286,14,0.0,Naive,1
6287,14,0.1,Randomized,1
6288,14,0.0,Naive,1
6289,14,0.1,Randomized,1
6290,14,0.0,Naive,1
6291,14,0.1,Randomized,1
6292,14,0.0,Naive,1
6293,14,0.1,Randomized,1
6294,14,0.0,Naive,1
6295,14,0.1,Randomized,1
6296,14,0.0,Naive,1
6297,14,0.1,Randomized,1
6298,14,0.0,Naive,1
6299,14,0.1,Randomized,1
6300,14,0.0,Naive,1
6301,14,0.1,Randomized,1
6302,14,0.0,Naive,1
6303,14,0.1,Randomized,1
6304,14,0.0,Naive,1
6305,14,0.1,Randomized,1
6306,14,0.0,Naive,1
6307,14,0.1,Randomized,1
6308,14,0.0,Naive,1
6309,14,0.1,Randomized,1
6310,14,0.0,Naive,1
6311,14,0.1,Randomized,1
6312,14,0.0,Naive,1
6313,14,0.1,Randomized,1
6314,14,0.0,Naive,1
6315,14,0.1,Randomized,1
6316,14,0.0,Naive,1
6317,14,0.1,Randomized,1
6318,14,0.0,Naive,1
6319,14,0.1,Randomized,1
6320,14,0.0,Naive,1
6321,14,0.1,Randomized,1
6322,14,0.0,Naive,1
6323,14,0.1,Randomized,1
6324,14,0.0,Naive,1
6325,14,0.1,Randomized,1
6326,14,0.0,Naive,1
6327,14,0.1,Randomized,1
6328,14,0.0,Naive,1
6329,14,0.1,Randomized,1
6330,14,0.0,Naive,1
6331,14,0.1,Randomized,1
6332,14,0.0,Naive,1
6333,14,0.1,Randomized,1
6334,14,0.0,Naive,1
6335,14,0.1,Randomized,1
6336,14,0.0,Naive,1
6337,14,0.1,Randomized,1
6338,14,0.0,Naive,1
6339,14,0.1,Randomized,1
6340,14,0.0,Naive,1
6341,14,0.1,Randomized,1
6342,14,0.0,Naive,1
6343,14,0.1,Randomized,1
6344,14,0.0,Naive,1
6345,14,0.1,Randomized,1
6346,14,0.0,Naive,1
6347,14,0.1,Randomized,1
6348,14,0.0,Naive,1
6349,14,0.1,Randomized,1
6350,14,0.0,Naive,1
6351,14,0.1,Randomized,1
6352,14,0.0,Naive,1
6353,14,0.1,Randomized,1
6354,14,0.0,Naive,1
6355,14,0.1,Randomized,1
6356,14,0.0,Naive,1
6357,14,0.1,Randomized,1
6358,14,0.0,Naive,1
6359,14,0.1,Randomized,1
6360,14,0.0,Naive,1
6361,14,0.1,Randomized,1
6362,14,0.0,Naive,1
6363,14,0.1,Randomized,1
6364,14,0.0,Naive,1
6365,14,0.1,Randomized,1
6366,14,0.0,Naive,1
6367,14,0.1,Randomized,1
6368,14,0.0,Naive,1
6369,14,0.1,Randomized,1
6370,14,0.0,Naive,1
6371,14,0.1,Randomized,1
6372,14,0.0,Naive,1
6373,14,0.1,Randomized,1
6374,14,0.0,Naive,1
6375,14,0.1,Randomized,1
6376,14,0.0,Naive,1
6377,14,0.1,Randomized,1
6378,14,0.0,Naive,1
6379,14,0.1,Randomized,1
6380,14,0.0,Naive,1
6381,14,0.1,Randomized,1
6382,14,0.0,Naive,1
6383,14,0.1,Randomized,1
6384,14,0.0,Naive,1
6385,14,0.1,Randomized,1
6386,14,0.0,Naive,1
6387,14,0.1,Randomized,1
6388,14,0.0,Naive,1
6389,14,0.1,Randomized,1
6390,14,0.0,Naive,1
6391,14,0.1,Randomized,1
6392,14,0.0,Naive,1
6393,14,0.1,Randomized,1
6394,14,0.0,Naive,1
6395,14,0.1,Randomized,1
6396,14,0.0,Naive,1
6397,14,0.1,Randomized,1
6398,14,0.0,Naive,1
6399,14,0.1,Randomized,1
6400,14,0.0,Naive,1
6401,14,0.1,Randomized,1
6402,14,0.0,Naive,1
6403,14,0.1,Randomized,1
6404,14,0.0,Naive,1
6405,14,0.1,Randomized,1
6406,14,0.0,Naive,1
6407,14,0.1,Randomized,1
6408,14,0.0,Naive,1
6409,14,0.1,Randomized,1
6410,14,0.0,Naive,1
6411,14,0.1,Randomized,1
6412,14,0.0,Naive,1
6413,14,0.1,Randomized,1
6414,14,0.0,Naive,1
6415,14,0.1,Randomized,1
6416,14,0.0,Naive,1
6417,14,0.1,Randomized,1
6418,14,0.0,Naive,1
6419,14,0.1,Randomized,1
6420,14,0.0,Naive,1
6421,14,0.1,Randomized,1
6422,14,0.0,Naive,1
6423,14,0.1,Randomized,1
6424,14,0.0,Naive,1
6425,14,0.1,Randomized,1
6426,14,0.0,Naive,1
6427,14,0.1,Randomized,1
6428,14,0.0,Naive,1
6429,14,0.1,Randomized,1
6430,14,0.0,Naive,1
6431,14,0.1,Randomized,1
6432,14,0.0,Naive,1
6433,14,0.1,Randomized,1
6434,14,0.0,Naive,1
6435,14,0.1,Randomized,1
6436,14,0.0,Naive,1
6437,14,0.1,Randomized,1
6438,14,0.0,Naive,1
6439,14,0.1,Randomized,1
6440,14,0.0,Naive,1
6441,14,0.1,Randomized,1
6442,14,0.0,Naive,1
6443,14,0.1,Randomized,1
6444,14,0.0,Naive,1
6445,14,0.1,Randomized,1
6446,14,0.0,Naive,1
6447,14,0.1,Randomized,1
6448,14,0.0,Naive,1
6449,14,0.1,Randomized,1
6450,14,0.0,Naive,1
6451,14,0.1,Randomized,1
6452,14,0.0,Naive,1
6453,14,0.1,Randomized,1
6454,14,0.0,Naive,1
6455,14,0.1,Randomized,1
6456,14,0.0,Naive,1
6457,14,0.1,Randomized,1
6458,14,0.0,Naive,1
6459,14,0.1,Randomized,1
6460,14,0.0,Naive,1
6461,14,0.1,Randomized,1
6462,14,0.0,Naive,1
6463,14,0.1,Randomized,1
6464,14,0.0,Naive,1
6465,14,0.1,Randomized,1
6466,14,0.0,Naive,1
6467,14,0.1,Randomized,1
6468,14,0.0,Naive,1
6469,14,0.1,Randomized,1
6470,14,0.0,Naive,1
6471,14,0.1,Randomized,1
6472,14,0.0,Naive,1
6473,14,0.1,Randomized,1
6474,14,0.0,Naive,1
6475,14,0.1,Randomized,1
6476,14,0.0,Naive,1
6477,14,0.1,Randomized,1
6478,14,0.0,Naive,1
6479,14,0.1,Randomized,1
6480,14,0.0,Naive,1
6481,14,0.1,Randomized,1
6482,14,0.0,Naive,1
6483,14,0.1,Randomized,1
6484,14,0.0,Naive,1
6485,14,0.1,Randomized,1
6486,14,0.0,Naive,1
6487,14,0.1,Randomized,1
6488,14,0.0,Naive,1
6489,14,0.1,Randomized,1
6490,14,0.0,Naive,1
6491,14,0.1,Randomized,1
6492,14,0.0,Naive,1
6493,14,0.1,Randomized,1
6494,14,0.0,Naive,1
6495,14,0.1,Randomized,1
6496,14,0.0,Naive,1
6497,14,0.1,Randomized,1
6498,14,0.0,Naive,1
6499,14,0.1,Randomized,1
6500,14,0.0,Naive,1
6501,14,0.1,Randomized,1
6502,14,0.0,Naive,1
6503,14,0.1,Randomized,1
6504,14,0.0,Naive,1
6505,14,0.1,Randomized,1
6506,14,0.0,Naive,1
6507,14,0.1,Randomized,1
6508,14,0.0,Naive,1
6509,14,0.1,Randomized,1
6510,14,0.0,Naive,1
6511,14,0.1,Randomized,1
6512,14,0.0,Naive,1
6513,14,0.1,Randomized,1
6514,14,0.0,Naive,1
6515,14,0.1,Randomized,1
6516,14,0.0,Naive,1
6517,14,0.1,Randomized,1
6518,14,0.0,Naive,1
6519,14,0.1,Randomized,1
6520,14,0.0,Naive,1
6521,14,0.1,Randomized,1
6522,14,0.0,Naive,1
6523,14,0.1,Randomized,1
6524,14,0.0,Naive,1
6525,14,0.1,Randomized,1
6526,14,0.0,Naive,1
6527,14,0.1,Randomized,1
6528,14,0.0,Naive,1
6529,14,0.1,Randomized,1
6530,14,0.0,Naive,1
6531,14,0.1,Randomized,1
6532,14,0.0,Naive,1
6533,14,0.1,Randomized,1
6534,14,0.0,Naive,1
6535,14,0.1,Randomized,1
6536,14,0.0,Naive,1
6537,14,0.1,Randomized,1
6538,14,0.0,Naive,1
6539,14,0.1,Randomized,1
6540,14,0.0,Naive,1
6541,14,0.1,Randomized,1
6542,14,0.0,Naive,1
6543,14,0.1,Randomized,1
6544,14,0.0,Naive,1
6545,14,0.1,Randomized,1
6546,14,0.0,Naive,1
6547,14,0.1,Randomized,1
6548,14,0.0,Naive,1
6549,14,0.1,Randomized,1
6550,14,0.0,Naive,1
6551,14,0.1,Randomized,1
6552,14,0.0,Naive,1
6553,14,0.1,Randomized,1
6554,14,0.0,Naive,1
6555,14,0.1,Randomized,1
6556,14,0.0,Naive,1
6557,14,0.1,Randomized,1
6558,14,0.0,Naive,1
6559,14,0.1,Randomized,1
6560,14,0.0,Naive,1
6561,14,0.1,Randomized,1
6562,14,0.0,Naive,1
6563,14,0.1,Randomized,1
6564,14,0.0,Naive,1
6565,14,0.1,Randomized,1
6566,14,0.0,Naive,1
6567,14,0.1,Randomized,1
6568,14,0.0,Naive,1
6569,14,0.1,Randomized,1
6570,14,0.0,Naive,1
6571,14,0.1,Randomized,1
6572,14,0.0,Naive,1
6573,14,0.1,Randomized,1
6574,14,0.0,Naive,1
6575,14,0.1,Randomized,1
6576,14,0.0,Naive,1
6577,14,0.1,Randomized,1
6578,14,0.0,Naive,1
6579,14,0.1,Randomized,1
6580,14,0.0,Naive,1
6581,14,0.1,Randomized,1
6582,14,0.0,Naive,1
6583,14,0.1,Randomized,1
6584,14,0.0,Naive,1
6585,14,0.1,Randomized,1
6586,14,0.0,Naive,1
6587,14,0.1,Randomized,1
6588,14,0.0,Naive,1
6589,14,0.1,Randomized,1
6590,14,0.0,Naive,1
6591,14,0.1,Randomized,1
6592,14,0.0,Naive,1
6593,14,0.1,Randomized,1
6594,14,0.0,Naive,1
6595,14,0.1,Randomized,1
6596,14,0.0,Naive,1
6597,14,0.1,Randomized,1
6598,14,0.0,Naive,1
6599,14,0.1,Randomized,1
6600,14,0.0,Naive,1
6601,14,0.1,Randomized,1
6602,14,0.0,Naive,1
6603,14,0.1,Randomized,1
6604,14,0.0,Naive,1
6605,14,0.1,Randomized,1
6606,14,0.0,Naive,1
6607,14,0.1,Randomized,1
6608,14,0.0,Naive,1
6609,14,0.1,Randomized,1
6610,14,0.0,Naive,1
6611,14,0.1,Randomized,1
6612,14,0.0,Naive,1
6613,14,0.1,Randomized,1
6614,14,0.0,Naive,1
6615,14,0.1,Randomized,1
6616,14,0.0,Naive,1
6617,14,0.1,Randomized,1
6618,14,0.0,Naive,1
6619,14,0.1,Randomized,1
6620,14,0.0,Naive,1
6621,14,0.1,Randomized,1
6622,14,0.0,Naive,1
6623,14,0.1,Randomized,1
6624,14,0.0,Naive,1
6625,14,0.1,Randomized,1
6626,14,0.0,Naive,1
6627,14,0.1,Randomized,1
6628,14,0.0,Naive,1
6629,14,0.1,Randomized,1
6630,14,0.0,Naive,1
6631,14,0.1,Randomized,1
6632,14,0.0,Naive,1
6633,14,0.1,Randomized,1
6634,14,0.0,Naive,1
6635,14,0.1,Randomized,1
6636,14,0.0,Naive,1
6637,14,0.1,Randomized,1
6638,14,0.0,Naive,1
6639,14,0.1,Randomized,1
6640,14,0.0,Naive,1
6641,14,0.1,Randomized,1
6642,14,0.0,Naive,1
6643,14,0.1,Randomized,1
6644,14,0.0,Naive,1
6645,14,0.1,Randomized,1
6646,14,0.0,Naive,1
6647,14,0.1,Randomized,1
6648,14,0.0,Naive,1
6649,14,0.1,Randomized,1
6650,14,0.0,Naive,1
6651,14,0.1,Randomized,1
6652,14,0.0,Naive,1
6653,14,0.1,Randomized,1
6654,14,0.0,Naive,1
6655,14,0.1,Randomized,1
6656,14,0.0,Naive,1
6657,14,0.1,Randomized,1
6658,14,0.0,Naive,1
6659,14,0.1,Randomized,1
6660,14,0.0,Naive,1
6661,14,0.1,Randomized,1
6662,14,0.0,Naive,1
6663,14,0.1,Randomized,1
6664,14,0.0,Naive,1
6665,14,0.1,Randomized,1
6666,14,0.0,Naive,1
6667,14,0.1,Randomized,1
6668,14,0.0,Naive,1
6669,14,0.1,Randomized,1
6670,14,0.0,Naive,1
6671,14,0.1,Randomized,1
6672,14,0.0,Naive,1
6673,14,0.1,Randomized,1
6674,14,0.0,Naive,1
6675,14,0.1,Randomized,1
6676,14,0.0,Naive,1
6677,14,0.1,Randomized,1
6678,14,0.0,Naive,1
6679,14,0.1,Randomized,1
6680,14,0.0,Naive,1
6681,14,0.1,Randomized,1
6682,14,0.0,Naive,1
6683,14,0.1,Randomized,1
6684,14,0.0,Naive,1
6685,14,0.1,Randomized,1
6686,14,0.0,Naive,1
6687,14,0.1,Randomized,1
6688,14,0.0,Naive,1
6689,14,0.1,Randomized,1
6690,14,0.0,Naive,1
6691,14,0.1,Randomized,1
6692,14,0.0,Naive,1
6693,14,0.1,Randomized,1
6694,14,0.0,Naive,1
6695,14,0.1,Randomized,1
6696,14,0.0,Naive,1
6697,14,0.1,Randomized,1
6698,14,0.0,Naive,1
6699,14,0.1,Randomized,1
6700,14,0.0,Naive,1
6701,14,0.1,Randomized,1
6702,14,0.0,Naive,1
6703,14,0.1,Randomized,1
6704,14,0.0,Naive,1
6705,14,0.1,Randomized,1
6706,14,0.0,Naive,1
6707,14,0.1,Randomized,1
6708,14,0.0,Naive,1
6709,14,0.1,Randomized,1
6710,14,0.0,Naive,1
6711,14,0.1,Randomized,1
6712,14,0.0,Naive,1
6713,14,0.1,Randomized,1
6714,14,0.0,Naive,1
6715,14,0.1,Randomized,1
6716,14,0.0,Naive,1
6717,14,0.1,Randomized,1
6718,14,0.0,Naive,1
6719,14,0.1,Randomized,1
6720,14,0.0,Naive,1
6721,14,0.1,Randomized,1
6722,14,0.0,Naive,1
6723,14,0.1,Randomized,1
6724,14,0.0,Naive,1
6725,14,0.1,Randomized,1
6726,14,0.0,Naive,1
6727,14,0.1,Randomized,1
6728,14,0.0,Naive,1
6729,14,0.1,Randomized,1
6730,14,0.0,Naive,1
6731,14,0.1,Randomized,1
6732,14,0.0,Naive,1
6733,14,0.1,Randomized,1
6734,14,0.0,Naive,1
6735,14,0.1,Randomized,1
6736,14,0.0,Naive,1
6737,14,0.1,Randomized,1
6738,14,0.0,Naive,1
6739,14,0.1,Randomized,1
6740,14,0.0,Naive,1
6741,14,0.1,Randomized,1
6742,14,0.0,Naive,1
6743,14,0.1,Randomized,1
6744,14,0.0,Naive,1
6745,14,0.1,Randomized,1
6746,14,0.0,Naive,1
6747,14,0.1,Randomized,1
6748,14,0.0,Naive,1
6749,14,0.1,Randomized,1
6750,14,0.0,Naive,1
6751,14,0.1,Randomized,1
6752,14,0.0,Naive,1
6753,14,0.1,Randomized,1
6754,14,0.0,Naive,1
6755,14,0.1,Randomized,1
6756,14,0.0,Naive,1
6757,14,0.1,Randomized,1
6758,14,0.0,Naive,1
6759,14,0.1,Randomized,1
6760,14,0.0,Naive,1
6761,14,0.1,Randomized,1
6762,14,0.0,Naive,1
6763,14,0.1,Randomized,1
6764,14,0.0,Naive,1
6765,14,0.1,Randomized,1
6766,14,0.0,Naive,1
6767,14,0.1,Randomized,1
6768,14,0.0,Naive,1
6769,14,0.1,Randomized,1
6770,14,0.0,Naive,1
6771,14,0.1,Randomized,1
6772,14,0.0,Naive,1
6773,14,0.1,Randomized,1
6774,14,0.0,Naive,1
6775,14,0.1,Randomized,1
6776,14,0.0,Naive,1
6777,14,0.1,Randomized,1
6778,14,0.0,Naive,1
6779,14,0.1,Randomized,1
6780,14,0.0,Naive,1
6781,14,0.1,Randomized,1
6782,14,0.0,Naive,1
6783,14,0.1,Randomized,1
6784,14,0.0,Naive,1
6785,14,0.1,Randomized,1
6786,14,0.0,Naive,1
6787,14,0.1,Randomized,1
6788,14,0.0,Naive,1
6789,14,0.1,Randomized,1
6790,14,0.0,Naive,1
6791,14,0.1,Randomized,1
6792,14,0.0,Naive,1
6793,14,0.1,Randomized,1
6794,14,0.0,Naive,1
6795,14,0.1,Randomized,1
6796,14,0.0,Naive,1
6797,14,0.1,Randomized,1
6798,14,0.0,Naive,1
6799,14,0.1,Randomized,1
6800,14,0.0,Naive,1
6801,14,0.1,Randomized,1
6802,14,0.0,Naive,1
6803,14,0.1,Randomized,1
6804,14,0.0,Naive,1
6805,14,0.1,Randomized,1
6806,14,0.0,Naive,1
6807,14,0.1,Randomized,1
6808,14,0.0,Naive,1
6809,14,0.1,Randomized,1
6810,14,0.0,Naive,1
6811,14,0.1,Randomized,1
6812,14,0.0,Naive,1
6813,14,0.1,Randomized,1
6814,14,0.0,Naive,1
6815,14,0.1,Randomized,1
6816,14,0.0,Naive,1
6817,14,0.1,Randomized,1
6818,14,0.0,Naive,1
6819,14,0.1,Randomized,1
6820,14,0.0,Naive,1
6821,14,0.1,Randomized,1
6822,14,0.0,Naive,1
6823,14,0.1,Randomized,1
6824,14,0.0,Naive,1
6825,14,0.1,Randomized,1
6826,14,0.0,Naive,1
6827,14,0.1,Randomized,1
6828,14,0.0,Naive,1
6829,14,0.1,Randomized,1
6830,14,0.0,Naive,1
6831,14,0.1,Randomized,1
6832,14,0.0,Naive,1
6833,14,0.1,Randomized,1
6834,14,0.0,Naive,1
6835,14,0.1,Randomized,1
6836,14,0.0,Naive,1
6837,14,0.1,Randomized,1
6838,14,0.0,Naive,1
6839,14,0.1,Randomized,1
6840,14,0.0,Naive,1
6841,14,0.1,Randomized,1
6842,14,0.0,Naive,1
6843,14,0.1,Randomized,1
6844,14,0.0,Naive,1
6845,14,0.1,Randomized,1
6846,14,0.0,Naive,1
6847,14,0.1,Randomized,1
6848,14,0.0,Naive,1
6849,14,0.1,Randomized,1
6850,14,0.0,Naive,1
6851,14,0.1,Randomized,1
6852,14,0.0,Naive,1
6853,14,0.1,Randomized,1
6854,14,0.0,Naive,1
6855,14,0.1,Randomized,1
6856,14,0.0,Naive,1
6857,14,0.1,Randomized,1
6858,14,0.0,Naive,1
6859,14,0.1,Randomized,1
6860,14,0.0,Naive,1
6861,14,0.1,Randomized,1
6862,14,0.0,Naive,1
6863,14,0.1,Randomized,1
6864,14,0.0,Naive,1
6865,14,0.1,Randomized,1
6866,14,0.0,Naive,1
6867,14,0.1,Randomized,1
6868,14,0.0,Naive,1
6869,14,0.1,Randomized,1
6870,14,0.0,Naive,1
6871,14,0.1,Randomized,1
6872,14,0.0,Naive,1
6873,14,0.1,Randomized,1
6874,14,0.0,Naive,1
6875,14,0.1,Randomized,1
6876,14,0.0,Naive,1
6877,14,0.1,Randomized,1
6878,14,0.0,Naive,1
6879,14,0.1,Randomized,1
6880,14,0.0,Naive,1
6881,14,0.1,Randomized,1
6882,14,0.0,Naive,1
6883,14,0.1,Randomized,1
6884,14,0.0,Naive,1
6885,14,0.1,Randomized,1
6886,14,0.0,Naive,1
6887,14,0.1,Randomized,1
6888,14,0.0,Naive,1
6889,14,0.1,Randomized,1
6890,14,0.0,Naive,1
6891,14,0.1,Randomized,1
6892,14,0.0,Naive,1
6893,14,0.1,Randomized,1
6894,14,0.0,Naive,1
6895,14,0.1,Randomized,1
6896,14,0.0,Naive,1
6897,14,0.1,Randomized,1
6898,14,0.0,Naive,1
6899,14,0.1,Randomized,1
6900,14,0.0,Naive,1
6901,14,0.1,Randomized,1
6902,14,0.0,Naive,1
6903,14,0.1,Randomized,1
6904,14,0.0,Naive,1
6905,14,0.1,Randomized,1
6906,14,0.0,Naive,1
6907,14,0.1,Randomized,1
6908,14,0.0,Naive,1
6909,14,0.1,Randomized,1
6910,14,0.0,Naive,1
6911,14,0.1,Randomized,1
6912,14,0.0,Naive,1
6913,14,0.1,Randomized,1
6914,14,0.0,Naive,1
6915,14,0.1,Randomized,1
6916,14,0.0,Naive,1
6917,14,0.1,Randomized,1
6918,14,0.0,Naive,1
6919,14,0.1,Randomized,1
6920,14,0.0,Naive,1
6921,14,0.1,Randomized,1
6922,14,0.0,Naive,1
6923,14,0.1,Randomized,1
6924,14,0.0,Naive,1
6925,14,0.1,Randomized,1
6926,14,0.0,Naive,1
6927,14,0.1,Randomized,1
6928,14,0.0,Naive,1
6929,14,0.1,Randomized,1
6930,14,0.0,Naive,1
6931,14,0.1,Randomized,1
6932,14,0.0,Naive,1
6933,14,0.1,Randomized,1
6934,14,0.0,Naive,1
6935,14,0.1,Randomized,1
6936,14,0.0,Naive,1
6937,14,0.1,Randomized,1
6938,14,0.0,Naive,1
6939,14,0.1,Randomized,1
6940,14,0.0,Naive,1
6941,14,0.1,Randomized,1
6942,14,0.0,Naive,1
6943,14,0.1,Randomized,1
6944,14,0.0,Naive,1
6945,14,0.1,Randomized,1
6946,14,0.0,Naive,1
6947,14,0.1,Randomized,1
6948,14,0.0,Naive,1
6949,14,0.1,Randomized,1
6950,14,0.0,Naive,1
6951,14,0.1,Randomized,1
6952,14,0.0,Naive,1
6953,14,0.1,Randomized,1
6954,14,0.0,Naive,1
6955,14,0.1,Randomized,1
6956,14,0.0,Naive,1
6957,14,0.1,Randomized,1
6958,14,0.0,Naive,1
6959,14,0.1,Randomized,1
6960,14,0.0,Naive,1
6961,14,0.1,Randomized,1
6962,14,0.0,Naive,1
6963,14,0.1,Randomized,1
6964,14,0.0,Naive,1
6965,14,0.1,Randomized,1
6966,14,0.0,Naive,1
6967,14,0.1,Randomized,1
6968,14,0.0,Naive,1
6969,14,0.1,Randomized,1
6970,14,0.0,Naive,1
6971,14,0.1,Randomized,1
6972,14,0.0,Naive,1
6973,14,0.1,Randomized,1
6974,14,0.0,Naive,1
6975,14,0.1,Randomized,1
6976,14,0.0,Naive,1
6977,14,0.1,Randomized,1
6978,14,0.0,Naive,1
6979,14,0.1,Randomized,1
6980,14,0.0,Naive,1
6981,14,0.1,Randomized,1
6982,14,0.0,Naive,1
6983,14,0.1,Randomized,1
6984,14,0.0,Naive,1
6985,14,0.1,Randomized,1
6986,14,0.0,Naive,1
6987,14,0.1,Randomized,1
6988,14,0.0,Naive,1
6989,14,0.1,Randomized,1
6990,14,0.0,Naive,1
6991,14,0.1,Randomized,1
6992,14,0.0,Naive,1
6993,14,0.1,Randomized,1
6994,14,0.0,Naive,1
6995,14,0.1,Randomized,1
6996,14,0.0,Naive,1
6997,14,0.1,Randomized,1
6998,14,0.0,Naive,1
6999,14,0.1,Randomized,1
