,delta,Tau,Method,WCSS/TSS
0,2,0.0,Naive,0.9457102849305167
1,2,0.1,Randomized,0.9457102849305167
2,2,0.0,Naive,0.896862597624702
3,2,0.1,Randomized,0.5889567336084306
4,2,0.0,Naive,0.8828764599430414
5,2,0.1,Randomized,0.6123904529902541
6,2,0.0,Naive,0.8381389646151141
7,2,0.1,Randomized,0.8445205020129483
8,2,0.0,Naive,0.8709691251309505
9,2,0.1,Randomized,0.8709691251309505
10,2,0.0,Naive,0.8764563031677948
11,2,0.1,Randomized,0.8388970986161839
12,2,0.0,Naive,0.7905956587328343
13,2,0.1,Randomized,0.7905956587328343
14,2,0.0,Naive,0.8104343973510036
15,2,0.1,Randomized,0.9028234427167952
16,2,0.0,Naive,0.8141811570818016
17,2,0.1,Randomized,0.9249000077778363
18,2,0.0,Naive,0.8266130808462607
19,2,0.1,Randomized,0.9214643462305945
20,2,0.0,Naive,0.8203203912390651
21,2,0.1,Randomized,0.7471402661354003
22,2,0.0,Naive,0.8850216576007439
23,2,0.1,Randomized,0.31225835559451876
24,2,0.0,Naive,0.8784919366371284
25,2,0.1,Randomized,0.8784919366371284
26,2,0.0,Naive,0.8703252796770066
27,2,0.1,Randomized,0.8703252796770066
28,2,0.0,Naive,0.843227887322766
29,2,0.1,Randomized,0.7472590406821816
30,2,0.0,Naive,0.7373445874716986
31,2,0.1,Randomized,0.7373445874716986
32,2,0.0,Naive,0.8303195652884653
33,2,0.1,Randomized,0.8303195652884653
34,2,0.0,Naive,0.6237927426854316
35,2,0.1,Randomized,0.6237927426854316
36,2,0.0,Naive,0.7813744958802958
37,2,0.1,Randomized,0.7813744958802958
38,2,0.0,Naive,0.6538272164773817
39,2,0.1,Randomized,0.3616794954259001
40,2,0.0,Naive,0.8491927876186157
41,2,0.1,Randomized,0.44377462871968326
42,2,0.0,Naive,0.8445427883025097
43,2,0.1,Randomized,0.8445427883025097
44,2,0.0,Naive,0.8942308755563815
45,2,0.1,Randomized,0.8728849597446506
46,2,0.0,Naive,0.8358433484241038
47,2,0.1,Randomized,0.6848724623919125
48,2,0.0,Naive,0.8345331930717415
49,2,0.1,Randomized,0.8345331930717415
50,2,0.0,Naive,0.9317636079585229
51,2,0.1,Randomized,0.8294911450890009
52,2,0.0,Naive,0.7538725657577342
53,2,0.1,Randomized,0.6919257989491892
54,2,0.0,Naive,0.9059900520961103
55,2,0.1,Randomized,0.9059900520961103
56,2,0.0,Naive,0.8317070728394603
57,2,0.1,Randomized,0.8317070728394603
58,2,0.0,Naive,0.6147026577597641
59,2,0.1,Randomized,0.8890485952906297
60,2,0.0,Naive,0.541636101988174
61,2,0.1,Randomized,0.541636101988174
62,2,0.0,Naive,0.8857857509414596
63,2,0.1,Randomized,0.8857857509414596
64,2,0.0,Naive,0.5774695166877676
65,2,0.1,Randomized,0.5774695166877676
66,2,0.0,Naive,0.8070669724040128
67,2,0.1,Randomized,0.8070669724040128
68,2,0.0,Naive,0.5978939940099399
69,2,0.1,Randomized,0.5978939940099399
70,2,0.0,Naive,0.8900041258646362
71,2,0.1,Randomized,0.8900041258646362
72,2,0.0,Naive,0.5640145616858236
73,2,0.1,Randomized,0.8919953307120898
74,2,0.0,Naive,0.8932393336214705
75,2,0.1,Randomized,0.5195837270176973
76,2,0.0,Naive,0.7709677763955873
77,2,0.1,Randomized,0.8807581520538402
78,2,0.0,Naive,0.8507716393785719
79,2,0.1,Randomized,0.8507716393785719
80,2,0.0,Naive,0.8511081754114677
81,2,0.1,Randomized,0.8511081754114677
82,2,0.0,Naive,0.864442304284924
83,2,0.1,Randomized,0.864442304284924
84,2,0.0,Naive,0.8121904080401462
85,2,0.1,Randomized,0.8121904080401462
86,2,0.0,Naive,0.6481983587203767
87,2,0.1,Randomized,0.8922809827210179
88,2,0.0,Naive,0.5319732028326105
89,2,0.1,Randomized,0.4798046683354007
90,2,0.0,Naive,0.8640471434860477
91,2,0.1,Randomized,0.8640471434860477
92,2,0.0,Naive,0.874844376595564
93,2,0.1,Randomized,0.7217289627554963
94,2,0.0,Naive,0.4659828637120295
95,2,0.1,Randomized,0.8406650762960164
96,2,0.0,Naive,0.9583882599868275
97,2,0.1,Randomized,0.9583882599868275
98,2,0.0,Naive,0.7853590724949713
99,2,0.1,Randomized,0.7853590724949713
100,2,0.0,Naive,0.8123296976506089
101,2,0.1,Randomized,0.8123296976506089
102,2,0.0,Naive,0.795095002603421
103,2,0.1,Randomized,0.795095002603421
104,2,0.0,Naive,0.7628664802926142
105,2,0.1,Randomized,0.7628664802926142
106,2,0.0,Naive,0.8689286743618782
107,2,0.1,Randomized,0.8328606578211348
108,2,0.0,Naive,0.9484019126720395
109,2,0.1,Randomized,0.7154054506155229
110,2,0.0,Naive,0.8582930283135777
111,2,0.1,Randomized,0.8582930283135777
112,2,0.0,Naive,0.9491649402469198
113,2,0.1,Randomized,0.9491649402469198
114,2,0.0,Naive,0.85963330005434
115,2,0.1,Randomized,0.85963330005434
116,2,0.0,Naive,0.9008674554501968
117,2,0.1,Randomized,0.9008674554501968
118,2,0.0,Naive,0.8224184935598176
119,2,0.1,Randomized,0.8224184935598176
120,2,0.0,Naive,0.878433315672945
121,2,0.1,Randomized,0.878433315672945
122,2,0.0,Naive,0.8032849768009616
123,2,0.1,Randomized,0.8032849768009616
124,2,0.0,Naive,0.9186260318096506
125,2,0.1,Randomized,0.9426102905603594
126,2,0.0,Naive,0.8284386950162438
127,2,0.1,Randomized,0.8284386950162438
128,2,0.0,Naive,0.8188493965178175
129,2,0.1,Randomized,0.8188493965178175
130,2,0.0,Naive,0.9179400657600553
131,2,0.1,Randomized,0.9179400657600553
132,2,0.0,Naive,0.8447750624445451
133,2,0.1,Randomized,0.6508217262157312
134,2,0.0,Naive,0.8997605738708048
135,2,0.1,Randomized,0.8000349266280699
136,2,0.0,Naive,0.8263943628861912
137,2,0.1,Randomized,0.8682861298448469
138,2,0.0,Naive,0.734273958208654
139,2,0.1,Randomized,0.8658868744735032
140,2,0.0,Naive,0.564402965307453
141,2,0.1,Randomized,0.9545703176593716
142,2,0.0,Naive,0.8016768806025603
143,2,0.1,Randomized,0.8645500485066113
144,2,0.0,Naive,0.8048805164787327
145,2,0.1,Randomized,0.8048805164787327
146,2,0.0,Naive,0.7843237978912307
147,2,0.1,Randomized,0.7843237978912307
148,2,0.0,Naive,0.8431672633419414
149,2,0.1,Randomized,0.8431672633419414
150,2,0.0,Naive,0.8454828134699562
151,2,0.1,Randomized,0.8454828134699562
152,2,0.0,Naive,0.46350341590221517
153,2,0.1,Randomized,0.46350341590221517
154,2,0.0,Naive,0.8200375845842155
155,2,0.1,Randomized,0.8363063445671592
156,2,0.0,Naive,0.7844739586976779
157,2,0.1,Randomized,0.8558378805777422
158,2,0.0,Naive,0.7780768651656994
159,2,0.1,Randomized,0.7780768651656994
160,2,0.0,Naive,0.792295580907223
161,2,0.1,Randomized,0.792295580907223
162,2,0.0,Naive,0.8041062575838188
163,2,0.1,Randomized,0.8041062575838188
164,2,0.0,Naive,0.8741832641589052
165,2,0.1,Randomized,0.7069506841902538
166,2,0.0,Naive,0.8611660445437654
167,2,0.1,Randomized,0.8611660445437654
168,2,0.0,Naive,0.803712704049189
169,2,0.1,Randomized,0.803712704049189
170,2,0.0,Naive,0.7771374704767164
171,2,0.1,Randomized,0.7771374704767164
172,2,0.0,Naive,0.783796499233096
173,2,0.1,Randomized,0.6895410974574583
174,2,0.0,Naive,0.7984369924332037
175,2,0.1,Randomized,0.7984369924332037
176,2,0.0,Naive,0.7927465742183726
177,2,0.1,Randomized,0.7927465742183726
178,2,0.0,Naive,0.3355094676104512
179,2,0.1,Randomized,0.714177532877699
180,2,0.0,Naive,0.8476500020083568
181,2,0.1,Randomized,0.8476500020083568
182,2,0.0,Naive,0.8204189125136615
183,2,0.1,Randomized,0.8204189125136615
184,2,0.0,Naive,0.8394945769674691
185,2,0.1,Randomized,0.8240711632726213
186,2,0.0,Naive,0.8494768453705215
187,2,0.1,Randomized,0.7667840947808672
188,2,0.0,Naive,0.8385749868762701
189,2,0.1,Randomized,0.7418145364200078
190,2,0.0,Naive,0.7771953997545985
191,2,0.1,Randomized,0.7771953997545985
192,2,0.0,Naive,0.9073373629791893
193,2,0.1,Randomized,0.8672940924148898
194,2,0.0,Naive,0.8603234447178696
195,2,0.1,Randomized,0.8603234447178696
196,2,0.0,Naive,0.8489528244613104
197,2,0.1,Randomized,0.6812343295982973
198,2,0.0,Naive,0.7271717174449864
199,2,0.1,Randomized,0.7271717174449864
200,2,0.0,Naive,0.9026997075869638
201,2,0.1,Randomized,0.9026997075869638
202,2,0.0,Naive,0.7821092075362408
203,2,0.1,Randomized,0.7821092075362408
204,2,0.0,Naive,0.8280663104037875
205,2,0.1,Randomized,0.8280663104037875
206,2,0.0,Naive,0.8510377071542995
207,2,0.1,Randomized,0.8377249542728128
208,2,0.0,Naive,0.5678077859299644
209,2,0.1,Randomized,0.8449104543098193
210,2,0.0,Naive,0.7858545323635561
211,2,0.1,Randomized,0.7977816761798856
212,2,0.0,Naive,0.8647713538148083
213,2,0.1,Randomized,0.8989040624504556
214,2,0.0,Naive,0.8535810653208915
215,2,0.1,Randomized,0.8244355637262937
216,2,0.0,Naive,0.42443743800516504
217,2,0.1,Randomized,0.7735049442506967
218,2,0.0,Naive,0.8338799948829669
219,2,0.1,Randomized,0.8369511142841111
220,2,0.0,Naive,0.835436293902445
221,2,0.1,Randomized,0.835436293902445
222,2,0.0,Naive,0.7401622770247271
223,2,0.1,Randomized,0.7401622770247271
224,2,0.0,Naive,0.8513696144369537
225,2,0.1,Randomized,0.8513696144369537
226,2,0.0,Naive,0.8485250553764297
227,2,0.1,Randomized,0.6114099554709121
228,2,0.0,Naive,0.8405696013669538
229,2,0.1,Randomized,0.7678289725713602
230,2,0.0,Naive,0.894319021399753
231,2,0.1,Randomized,0.8453807980203208
232,2,0.0,Naive,0.818666519578342
233,2,0.1,Randomized,0.818666519578342
234,2,0.0,Naive,0.8989075692849477
235,2,0.1,Randomized,0.8989075692849477
236,2,0.0,Naive,0.8348934227681124
237,2,0.1,Randomized,0.8348934227681124
238,2,0.0,Naive,0.6777447040401605
239,2,0.1,Randomized,0.6777447040401605
240,2,0.0,Naive,0.8557927137288769
241,2,0.1,Randomized,0.9180679617420797
242,2,0.0,Naive,0.8885631377538531
243,2,0.1,Randomized,0.8885631377538531
244,2,0.0,Naive,0.7692764679781809
245,2,0.1,Randomized,0.7692764679781809
246,2,0.0,Naive,0.9133211579306948
247,2,0.1,Randomized,0.9133211579306948
248,2,0.0,Naive,0.7801336240777359
249,2,0.1,Randomized,0.7801336240777359
250,2,0.0,Naive,0.7572440021931616
251,2,0.1,Randomized,0.7572440021931616
252,2,0.0,Naive,0.8212884402985351
253,2,0.1,Randomized,0.8212884402985351
254,2,0.0,Naive,0.6943159577457563
255,2,0.1,Randomized,0.6943159577457563
256,2,0.0,Naive,0.8286471956940209
257,2,0.1,Randomized,0.8286471956940209
258,2,0.0,Naive,0.6371758542152443
259,2,0.1,Randomized,0.6371758542152443
260,2,0.0,Naive,0.8628278131270666
261,2,0.1,Randomized,0.8628278131270666
262,2,0.0,Naive,0.7207331181102516
263,2,0.1,Randomized,0.7207331181102516
264,2,0.0,Naive,0.8282846641836182
265,2,0.1,Randomized,0.8282846641836182
266,2,0.0,Naive,0.8381785644240738
267,2,0.1,Randomized,0.8381785644240738
268,2,0.0,Naive,0.7933969151804035
269,2,0.1,Randomized,0.7933969151804035
270,2,0.0,Naive,0.8845562770468789
271,2,0.1,Randomized,0.8845562770468789
272,2,0.0,Naive,0.8787047039627593
273,2,0.1,Randomized,0.9141964213756129
274,2,0.0,Naive,0.8274538710105102
275,2,0.1,Randomized,0.8274538710105102
276,2,0.0,Naive,0.35975993331183853
277,2,0.1,Randomized,0.7506437964109591
278,2,0.0,Naive,0.7081339497609286
279,2,0.1,Randomized,0.7081339497609286
280,2,0.0,Naive,0.864867888309618
281,2,0.1,Randomized,0.864867888309618
282,2,0.0,Naive,0.9479593354422816
283,2,0.1,Randomized,0.4325751192904331
284,2,0.0,Naive,0.7391261913734744
285,2,0.1,Randomized,0.7391261913734744
286,2,0.0,Naive,0.8932673642373993
287,2,0.1,Randomized,0.8932673642373993
288,2,0.0,Naive,0.782442506739995
289,2,0.1,Randomized,0.782442506739995
290,2,0.0,Naive,0.8885635399878178
291,2,0.1,Randomized,0.8885635399878178
292,2,0.0,Naive,0.8597924037383028
293,2,0.1,Randomized,0.8597924037383028
294,2,0.0,Naive,0.5688449773449442
295,2,0.1,Randomized,0.9201717399296652
296,2,0.0,Naive,0.6609250271677046
297,2,0.1,Randomized,0.6609250271677046
298,2,0.0,Naive,0.905365912018551
299,2,0.1,Randomized,0.905365912018551
300,2,0.0,Naive,0.7924162689851454
301,2,0.1,Randomized,0.7924162689851454
302,2,0.0,Naive,0.8290706092251664
303,2,0.1,Randomized,0.8290706092251664
304,2,0.0,Naive,0.7404136191455206
305,2,0.1,Randomized,0.7404136191455206
306,2,0.0,Naive,0.8928879983107723
307,2,0.1,Randomized,0.8928879983107723
308,2,0.0,Naive,0.7666761974230087
309,2,0.1,Randomized,0.9228889832036398
310,2,0.0,Naive,0.4896062388425494
311,2,0.1,Randomized,0.4896062388425494
312,2,0.0,Naive,0.8342560455461699
313,2,0.1,Randomized,0.9513325249558273
314,2,0.0,Naive,0.7456248042363777
315,2,0.1,Randomized,0.6121412652966726
316,2,0.0,Naive,0.3523368154199775
317,2,0.1,Randomized,0.3074226893416334
318,2,0.0,Naive,0.8408016569319413
319,2,0.1,Randomized,0.8408016569319413
320,2,0.0,Naive,0.7364187422218077
321,2,0.1,Randomized,0.7364187422218077
322,2,0.0,Naive,0.6092216538569515
323,2,0.1,Randomized,0.6092216538569515
324,2,0.0,Naive,0.8112046395955509
325,2,0.1,Randomized,0.8112046395955509
326,2,0.0,Naive,0.8217797141883283
327,2,0.1,Randomized,0.8217797141883283
328,2,0.0,Naive,0.8225250330189972
329,2,0.1,Randomized,0.820060312137938
330,2,0.0,Naive,0.8005248690559198
331,2,0.1,Randomized,0.8005248690559198
332,2,0.0,Naive,0.857860031442068
333,2,0.1,Randomized,0.857860031442068
334,2,0.0,Naive,0.8160325609426181
335,2,0.1,Randomized,0.8160325609426181
336,2,0.0,Naive,0.7937793311762549
337,2,0.1,Randomized,0.7937793311762549
338,2,0.0,Naive,0.7944722364997711
339,2,0.1,Randomized,0.7944722364997711
340,2,0.0,Naive,0.8978962003195158
341,2,0.1,Randomized,0.7295281208611529
342,2,0.0,Naive,0.8933351878535782
343,2,0.1,Randomized,0.8541783171008057
344,2,0.0,Naive,0.8609765566855001
345,2,0.1,Randomized,0.6636402571287727
346,2,0.0,Naive,0.9077270900454294
347,2,0.1,Randomized,0.9077270900454294
348,2,0.0,Naive,0.8506001134250288
349,2,0.1,Randomized,0.8506001134250288
350,2,0.0,Naive,0.7800193771497399
351,2,0.1,Randomized,0.7800193771497399
352,2,0.0,Naive,0.7265563114036433
353,2,0.1,Randomized,0.8455152526615387
354,2,0.0,Naive,0.7631255621185091
355,2,0.1,Randomized,0.7631255621185091
356,2,0.0,Naive,0.46081601626702706
357,2,0.1,Randomized,0.8959850172131643
358,2,0.0,Naive,0.8443854971186409
359,2,0.1,Randomized,0.6045311236317031
360,2,0.0,Naive,0.44882793753228645
361,2,0.1,Randomized,0.44882793753228645
362,2,0.0,Naive,0.8895413056304341
363,2,0.1,Randomized,0.8895413056304341
364,2,0.0,Naive,0.7884426778308397
365,2,0.1,Randomized,0.7884426778308397
366,2,0.0,Naive,0.8091405868136585
367,2,0.1,Randomized,0.8091405868136585
368,2,0.0,Naive,0.6898649150663141
369,2,0.1,Randomized,0.6898649150663141
370,2,0.0,Naive,0.8952916548331258
371,2,0.1,Randomized,0.6520390801716137
372,2,0.0,Naive,0.8912655488864113
373,2,0.1,Randomized,0.9543986732535563
374,2,0.0,Naive,0.7790721637347517
375,2,0.1,Randomized,0.7790721637347517
376,2,0.0,Naive,0.8957340856478024
377,2,0.1,Randomized,0.8957340856478024
378,2,0.0,Naive,0.8342616472022081
379,2,0.1,Randomized,0.8342616472022081
380,2,0.0,Naive,0.8832178117261377
381,2,0.1,Randomized,0.8154980205117617
382,2,0.0,Naive,0.8188238354301836
383,2,0.1,Randomized,0.8188238354301836
384,2,0.0,Naive,0.6363344874997378
385,2,0.1,Randomized,0.6363344874997378
386,2,0.0,Naive,0.6094218374979882
387,2,0.1,Randomized,0.6094218374979882
388,2,0.0,Naive,0.7185075502240491
389,2,0.1,Randomized,0.7185075502240491
390,2,0.0,Naive,0.8162851634171739
391,2,0.1,Randomized,0.8162851634171739
392,2,0.0,Naive,0.7679020125721892
393,2,0.1,Randomized,0.7679020125721892
394,2,0.0,Naive,0.8992979557161863
395,2,0.1,Randomized,0.7096512566229359
396,2,0.0,Naive,0.7875187446152292
397,2,0.1,Randomized,0.7875187446152292
398,2,0.0,Naive,0.9614805678703756
399,2,0.1,Randomized,0.9614805678703756
400,2,0.0,Naive,0.7785932265957711
401,2,0.1,Randomized,0.8372039765274711
402,2,0.0,Naive,0.9552477681714501
403,2,0.1,Randomized,0.8421446355235042
404,2,0.0,Naive,0.8616404385386609
405,2,0.1,Randomized,0.8616404385386609
406,2,0.0,Naive,0.8256423055180736
407,2,0.1,Randomized,0.8256423055180736
408,2,0.0,Naive,0.9503918540053071
409,2,0.1,Randomized,0.9503918540053071
410,2,0.0,Naive,0.8675819003577916
411,2,0.1,Randomized,0.8198766558620507
412,2,0.0,Naive,0.7120377131618061
413,2,0.1,Randomized,0.7120377131618061
414,2,0.0,Naive,0.7204828404211662
415,2,0.1,Randomized,0.7204828404211662
416,2,0.0,Naive,0.8814728921197026
417,2,0.1,Randomized,0.4504485525449921
418,2,0.0,Naive,0.8216944230698734
419,2,0.1,Randomized,0.8216944230698734
420,2,0.0,Naive,0.8981701933160311
421,2,0.1,Randomized,0.6244176848942445
422,2,0.0,Naive,0.8579516108684788
423,2,0.1,Randomized,0.8279539954462478
424,2,0.0,Naive,0.8416981763359205
425,2,0.1,Randomized,0.8416981763359205
426,2,0.0,Naive,0.5720166293585385
427,2,0.1,Randomized,0.903404139338271
428,2,0.0,Naive,0.8251458197485919
429,2,0.1,Randomized,0.8251458197485919
430,2,0.0,Naive,0.8176418397124862
431,2,0.1,Randomized,0.8637184371458557
432,2,0.0,Naive,0.9386689870357954
433,2,0.1,Randomized,0.8793311006728572
434,2,0.0,Naive,0.7991787417209483
435,2,0.1,Randomized,0.7991787417209483
436,2,0.0,Naive,0.8240110457125318
437,2,0.1,Randomized,0.8240110457125318
438,2,0.0,Naive,0.9140200582495669
439,2,0.1,Randomized,0.856200234438475
440,2,0.0,Naive,0.894472291940425
441,2,0.1,Randomized,0.894472291940425
442,2,0.0,Naive,0.7492297594223624
443,2,0.1,Randomized,0.8224327670983639
444,2,0.0,Naive,0.8191548241099087
445,2,0.1,Randomized,0.8191548241099087
446,2,0.0,Naive,0.7798847739065234
447,2,0.1,Randomized,0.8792881424661919
448,2,0.0,Naive,0.828630411337612
449,2,0.1,Randomized,0.828630411337612
450,2,0.0,Naive,0.8708155756698486
451,2,0.1,Randomized,0.8708155756698486
452,2,0.0,Naive,0.8133467303486441
453,2,0.1,Randomized,0.8133467303486441
454,2,0.0,Naive,0.850073429932187
455,2,0.1,Randomized,0.850073429932187
456,2,0.0,Naive,0.6742916335000549
457,2,0.1,Randomized,0.6742916335000549
458,2,0.0,Naive,0.7879941402308563
459,2,0.1,Randomized,0.7879941402308563
460,2,0.0,Naive,0.8389643021783073
461,2,0.1,Randomized,0.8389643021783073
462,2,0.0,Naive,0.9100821690611044
463,2,0.1,Randomized,0.9439075414335741
464,2,0.0,Naive,0.8112871050694567
465,2,0.1,Randomized,0.8112871050694567
466,2,0.0,Naive,0.606430269682278
467,2,0.1,Randomized,0.606430269682278
468,2,0.0,Naive,0.8252681072847429
469,2,0.1,Randomized,0.9282561329060456
470,2,0.0,Naive,0.8218139030433516
471,2,0.1,Randomized,0.8218139030433516
472,2,0.0,Naive,0.7594746249698052
473,2,0.1,Randomized,0.6859903479889886
474,2,0.0,Naive,0.6604538005219464
475,2,0.1,Randomized,0.6604538005219464
476,2,0.0,Naive,0.8057344349042558
477,2,0.1,Randomized,0.7549744281238423
478,2,0.0,Naive,0.7107590338028417
479,2,0.1,Randomized,0.7107590338028417
480,2,0.0,Naive,0.8165369971896979
481,2,0.1,Randomized,0.8165369971896979
482,2,0.0,Naive,0.8583229989942306
483,2,0.1,Randomized,0.6052480872052489
484,2,0.0,Naive,0.8330023308027876
485,2,0.1,Randomized,0.8330023308027876
486,2,0.0,Naive,0.5385666327351835
487,2,0.1,Randomized,0.840165899243259
488,2,0.0,Naive,0.5423115645259999
489,2,0.1,Randomized,0.5423115645259999
490,2,0.0,Naive,0.8311812776666485
491,2,0.1,Randomized,0.7963827577970214
492,2,0.0,Naive,0.8595316815643348
493,2,0.1,Randomized,0.8790806383240054
494,2,0.0,Naive,0.8440283679850409
495,2,0.1,Randomized,0.8470526491633517
496,2,0.0,Naive,0.5132335530881851
497,2,0.1,Randomized,0.5132335530881851
498,2,0.0,Naive,0.7883628487322824
499,2,0.1,Randomized,0.7883628487322824
500,2,0.0,Naive,0.8213278895356092
501,2,0.1,Randomized,0.8213278895356092
502,2,0.0,Naive,0.8208889796061708
503,2,0.1,Randomized,0.9313809025929753
504,2,0.0,Naive,0.8287841173595342
505,2,0.1,Randomized,0.8287841173595342
506,2,0.0,Naive,0.7405801383926262
507,2,0.1,Randomized,0.7405801383926262
508,2,0.0,Naive,0.6401455784540786
509,2,0.1,Randomized,0.6401455784540786
510,2,0.0,Naive,0.604567819429914
511,2,0.1,Randomized,0.7358029924905539
512,2,0.0,Naive,0.3838430214037166
513,2,0.1,Randomized,0.3838430214037166
514,2,0.0,Naive,0.8298186205888465
515,2,0.1,Randomized,0.8298186205888465
516,2,0.0,Naive,0.8792567027072642
517,2,0.1,Randomized,0.8792567027072642
518,2,0.0,Naive,0.8382384491576378
519,2,0.1,Randomized,0.6902421086861494
520,2,0.0,Naive,0.8023450418370958
521,2,0.1,Randomized,0.6197774715615181
522,2,0.0,Naive,0.8577619627482466
523,2,0.1,Randomized,0.8577619627482466
524,2,0.0,Naive,0.6914642980878853
525,2,0.1,Randomized,0.6914642980878853
526,2,0.0,Naive,0.8765842255529148
527,2,0.1,Randomized,0.8765842255529148
528,2,0.0,Naive,0.4549824207151672
529,2,0.1,Randomized,0.4549824207151672
530,2,0.0,Naive,0.6632524093474399
531,2,0.1,Randomized,0.6632524093474399
532,2,0.0,Naive,0.9090420815456879
533,2,0.1,Randomized,0.6246126465495951
534,2,0.0,Naive,0.8081657034406732
535,2,0.1,Randomized,0.5554611793751072
536,2,0.0,Naive,0.8401654551522202
537,2,0.1,Randomized,0.8401654551522202
538,2,0.0,Naive,0.8433065598307307
539,2,0.1,Randomized,0.718943752612306
540,2,0.0,Naive,0.8769571498095358
541,2,0.1,Randomized,0.43068264975084797
542,2,0.0,Naive,0.8149959434333338
543,2,0.1,Randomized,0.8149959434333338
544,2,0.0,Naive,0.8309243118746689
545,2,0.1,Randomized,0.8309243118746689
546,2,0.0,Naive,0.7044008825871981
547,2,0.1,Randomized,0.7044008825871981
548,2,0.0,Naive,0.839964656030886
549,2,0.1,Randomized,0.839964656030886
550,2,0.0,Naive,0.7115361234873755
551,2,0.1,Randomized,0.7115361234873755
552,2,0.0,Naive,0.8544776353083934
553,2,0.1,Randomized,0.8456041142277314
554,2,0.0,Naive,0.8701110588078381
555,2,0.1,Randomized,0.7418820124322443
556,2,0.0,Naive,0.832065698166678
557,2,0.1,Randomized,0.832065698166678
558,2,0.0,Naive,0.5625768673392824
559,2,0.1,Randomized,0.9534494780579822
560,2,0.0,Naive,0.6705153642779037
561,2,0.1,Randomized,0.7899945033735067
562,2,0.0,Naive,0.7129071904742729
563,2,0.1,Randomized,0.7129071904742729
564,2,0.0,Naive,0.8578618457201117
565,2,0.1,Randomized,0.8578618457201117
566,2,0.0,Naive,0.3882978765358602
567,2,0.1,Randomized,0.3882978765358602
568,2,0.0,Naive,0.5877980172645725
569,2,0.1,Randomized,0.916543522406092
570,2,0.0,Naive,0.9604213789578705
571,2,0.1,Randomized,0.9604213789578705
572,2,0.0,Naive,0.3600757619728848
573,2,0.1,Randomized,0.3600757619728848
574,2,0.0,Naive,0.878194000715319
575,2,0.1,Randomized,0.878194000715319
576,2,0.0,Naive,0.7132162263090296
577,2,0.1,Randomized,0.7132162263090296
578,2,0.0,Naive,0.48371317654358725
579,2,0.1,Randomized,0.9471801587679548
580,2,0.0,Naive,0.884880340288425
581,2,0.1,Randomized,0.6636346590902444
582,2,0.0,Naive,0.7595433121495854
583,2,0.1,Randomized,0.7595433121495854
584,2,0.0,Naive,0.7463701501376215
585,2,0.1,Randomized,0.7463701501376215
586,2,0.0,Naive,0.8774715384254436
587,2,0.1,Randomized,0.7886890719933708
588,2,0.0,Naive,0.7422704483124183
589,2,0.1,Randomized,0.7422704483124183
590,2,0.0,Naive,0.8213670293690137
591,2,0.1,Randomized,0.673580640878043
592,2,0.0,Naive,0.8535905252896301
593,2,0.1,Randomized,0.8535905252896301
594,2,0.0,Naive,0.7532767275274221
595,2,0.1,Randomized,0.8134932826663905
596,2,0.0,Naive,0.6059464641161666
597,2,0.1,Randomized,0.5880165003843493
598,2,0.0,Naive,0.8338428874039724
599,2,0.1,Randomized,0.835313102152945
600,2,0.0,Naive,0.8445893319317348
601,2,0.1,Randomized,0.8445893319317348
602,2,0.0,Naive,0.7219612884775041
603,2,0.1,Randomized,0.7880171273780109
604,2,0.0,Naive,0.7287905611167905
605,2,0.1,Randomized,0.8975294754438291
606,2,0.0,Naive,0.6879761473534515
607,2,0.1,Randomized,0.6879761473534515
608,2,0.0,Naive,0.425891836186967
609,2,0.1,Randomized,0.425891836186967
610,2,0.0,Naive,0.5092132448998348
611,2,0.1,Randomized,0.9097257013880639
612,2,0.0,Naive,0.8546968696585654
613,2,0.1,Randomized,0.8546968696585654
614,2,0.0,Naive,0.9130973682807791
615,2,0.1,Randomized,0.8256954669562607
616,2,0.0,Naive,0.9038320416938819
617,2,0.1,Randomized,0.8598304292201079
618,2,0.0,Naive,0.8369061676001356
619,2,0.1,Randomized,0.8369061676001356
620,2,0.0,Naive,0.8754130808389484
621,2,0.1,Randomized,0.8754130808389484
622,2,0.0,Naive,0.7077411533194818
623,2,0.1,Randomized,0.7077411533194818
624,2,0.0,Naive,0.7658397366726825
625,2,0.1,Randomized,0.7658397366726825
626,2,0.0,Naive,0.7889415170599164
627,2,0.1,Randomized,0.8004456446380488
628,2,0.0,Naive,0.7663233275053566
629,2,0.1,Randomized,0.7663233275053566
630,2,0.0,Naive,0.873927214089207
631,2,0.1,Randomized,0.7626519156546193
632,2,0.0,Naive,0.7644498868978388
633,2,0.1,Randomized,0.7644498868978388
634,2,0.0,Naive,0.7253077519824923
635,2,0.1,Randomized,0.9379965357167659
636,2,0.0,Naive,0.8109531915091754
637,2,0.1,Randomized,0.8109531915091754
638,2,0.0,Naive,0.8495493901044483
639,2,0.1,Randomized,0.8495493901044483
640,2,0.0,Naive,0.8492867584387369
641,2,0.1,Randomized,0.8492867584387369
642,2,0.0,Naive,0.7539770376855466
643,2,0.1,Randomized,0.7539770376855466
644,2,0.0,Naive,0.7834611779233039
645,2,0.1,Randomized,0.7834611779233039
646,2,0.0,Naive,0.9066501503758133
647,2,0.1,Randomized,0.9364352822224958
648,2,0.0,Naive,0.8408255237524818
649,2,0.1,Randomized,0.6909064565837605
650,2,0.0,Naive,0.8518994901194038
651,2,0.1,Randomized,0.7989463736435701
652,2,0.0,Naive,0.8973238936065282
653,2,0.1,Randomized,0.661442200741887
654,2,0.0,Naive,0.5006056626555584
655,2,0.1,Randomized,0.9553739664144514
656,2,0.0,Naive,0.8260917633173225
657,2,0.1,Randomized,0.8260917633173225
658,2,0.0,Naive,0.8317336282332723
659,2,0.1,Randomized,0.8317336282332723
660,2,0.0,Naive,0.9364295691899442
661,2,0.1,Randomized,0.43465345327025395
662,2,0.0,Naive,0.916988742910995
663,2,0.1,Randomized,0.42729297945179306
664,2,0.0,Naive,0.6377017755756215
665,2,0.1,Randomized,0.6377017755756215
666,2,0.0,Naive,0.664407186618343
667,2,0.1,Randomized,0.664407186618343
668,2,0.0,Naive,0.7679332759433226
669,2,0.1,Randomized,0.7679332759433226
670,2,0.0,Naive,0.8314187391024457
671,2,0.1,Randomized,0.8314187391024457
672,2,0.0,Naive,0.3713036293161539
673,2,0.1,Randomized,0.3713036293161539
674,2,0.0,Naive,0.8820793081866163
675,2,0.1,Randomized,0.8004095138023951
676,2,0.0,Naive,0.8007802548113581
677,2,0.1,Randomized,0.8392065744768171
678,2,0.0,Naive,0.8062424902406632
679,2,0.1,Randomized,0.8062424902406632
680,2,0.0,Naive,0.7401423487658281
681,2,0.1,Randomized,0.7401423487658281
682,2,0.0,Naive,0.362553521785187
683,2,0.1,Randomized,0.362553521785187
684,2,0.0,Naive,0.882476806948656
685,2,0.1,Randomized,0.882476806948656
686,2,0.0,Naive,0.8206907162645505
687,2,0.1,Randomized,0.807497230311429
688,2,0.0,Naive,0.8074523571243318
689,2,0.1,Randomized,0.8074523571243318
690,2,0.0,Naive,0.7749023836668963
691,2,0.1,Randomized,0.7749023836668963
692,2,0.0,Naive,0.8048699057671699
693,2,0.1,Randomized,0.8048699057671699
694,2,0.0,Naive,0.6693813880743436
695,2,0.1,Randomized,0.9442666754604956
696,2,0.0,Naive,0.8591497105972192
697,2,0.1,Randomized,0.8591497105972192
698,2,0.0,Naive,0.726891639916917
699,2,0.1,Randomized,0.726891639916917
700,2,0.0,Naive,0.8603487762285738
701,2,0.1,Randomized,0.8306275360322706
702,2,0.0,Naive,0.9496853389685355
703,2,0.1,Randomized,0.8758210683073026
704,2,0.0,Naive,0.8355736058043607
705,2,0.1,Randomized,0.8355736058043607
706,2,0.0,Naive,0.9086889344288575
707,2,0.1,Randomized,0.9086889344288575
708,2,0.0,Naive,0.8518984539327482
709,2,0.1,Randomized,0.8518984539327482
710,2,0.0,Naive,0.7995864396714446
711,2,0.1,Randomized,0.7995864396714446
712,2,0.0,Naive,0.8154318889362682
713,2,0.1,Randomized,0.8154318889362682
714,2,0.0,Naive,0.8404170654510702
715,2,0.1,Randomized,0.8453413659227108
716,2,0.0,Naive,0.650237023254448
717,2,0.1,Randomized,0.650237023254448
718,2,0.0,Naive,0.8945508888823821
719,2,0.1,Randomized,0.8467638046154707
720,2,0.0,Naive,0.6673756531866423
721,2,0.1,Randomized,0.6673756531866423
722,2,0.0,Naive,0.8670174521645354
723,2,0.1,Randomized,0.82312293141034
724,2,0.0,Naive,0.8645464395408671
725,2,0.1,Randomized,0.8645464395408671
726,2,0.0,Naive,0.8425379735602517
727,2,0.1,Randomized,0.8425379735602517
728,2,0.0,Naive,0.8764795326515067
729,2,0.1,Randomized,0.8764795326515067
730,2,0.0,Naive,0.9239012764195665
731,2,0.1,Randomized,0.8789709766211123
732,2,0.0,Naive,0.8857449275028101
733,2,0.1,Randomized,0.8857449275028101
734,2,0.0,Naive,0.8889616004548846
735,2,0.1,Randomized,0.8889616004548846
736,2,0.0,Naive,0.7246726769971422
737,2,0.1,Randomized,0.7246726769971422
738,2,0.0,Naive,0.8356182839071417
739,2,0.1,Randomized,0.8356182839071417
740,2,0.0,Naive,0.7084059076353562
741,2,0.1,Randomized,0.7084059076353562
742,2,0.0,Naive,0.8240227925744422
743,2,0.1,Randomized,0.8240227925744422
744,2,0.0,Naive,0.8073361918039272
745,2,0.1,Randomized,0.8073361918039272
746,2,0.0,Naive,0.8297285427942287
747,2,0.1,Randomized,0.8297285427942287
748,2,0.0,Naive,0.5635695644453927
749,2,0.1,Randomized,0.5635695644453927
750,2,0.0,Naive,0.706155745728863
751,2,0.1,Randomized,0.706155745728863
752,2,0.0,Naive,0.8443898054811021
753,2,0.1,Randomized,0.8443898054811021
754,2,0.0,Naive,0.9491318331332578
755,2,0.1,Randomized,0.9491318331332578
756,2,0.0,Naive,0.897717940918918
757,2,0.1,Randomized,0.9087120413481827
758,2,0.0,Naive,0.8640648730564087
759,2,0.1,Randomized,0.8640648730564087
760,2,0.0,Naive,0.8175822289489029
761,2,0.1,Randomized,0.8175822289489029
762,2,0.0,Naive,0.9053346231363375
763,2,0.1,Randomized,0.9053346231363375
764,2,0.0,Naive,0.8214648839689821
765,2,0.1,Randomized,0.915450788448003
766,2,0.0,Naive,0.8519628088292013
767,2,0.1,Randomized,0.8519628088292013
768,2,0.0,Naive,0.8633627318925552
769,2,0.1,Randomized,0.5308799083675084
770,2,0.0,Naive,0.8369035330531871
771,2,0.1,Randomized,0.9287151058680753
772,2,0.0,Naive,0.4640289004956921
773,2,0.1,Randomized,0.8411286311121123
774,2,0.0,Naive,0.7945497770048472
775,2,0.1,Randomized,0.7945497770048472
776,2,0.0,Naive,0.5059699044545257
777,2,0.1,Randomized,0.9041838378544197
778,2,0.0,Naive,0.8209653033806402
779,2,0.1,Randomized,0.8209653033806402
780,2,0.0,Naive,0.7761844274525406
781,2,0.1,Randomized,0.7761844274525406
782,2,0.0,Naive,0.7864048900382821
783,2,0.1,Randomized,0.7864048900382821
784,2,0.0,Naive,0.747831723403988
785,2,0.1,Randomized,0.747831723403988
786,2,0.0,Naive,0.8389367747389975
787,2,0.1,Randomized,0.8389367747389975
788,2,0.0,Naive,0.7716925579065922
789,2,0.1,Randomized,0.8167308347295439
790,2,0.0,Naive,0.60578285650026
791,2,0.1,Randomized,0.60578285650026
792,2,0.0,Naive,0.789681315963315
793,2,0.1,Randomized,0.887662135277883
794,2,0.0,Naive,0.8530024255584198
795,2,0.1,Randomized,0.8530024255584198
796,2,0.0,Naive,0.7145928032731134
797,2,0.1,Randomized,0.7145928032731134
798,2,0.0,Naive,0.8847259891325124
799,2,0.1,Randomized,0.8847259891325124
800,2,0.0,Naive,0.8818127458621929
801,2,0.1,Randomized,0.8818127458621929
802,2,0.0,Naive,0.7787590302025844
803,2,0.1,Randomized,0.7787590302025844
804,2,0.0,Naive,0.6629459049160186
805,2,0.1,Randomized,0.6629459049160186
806,2,0.0,Naive,0.7781414866191217
807,2,0.1,Randomized,0.7781414866191217
808,2,0.0,Naive,0.8046057512514531
809,2,0.1,Randomized,0.8046057512514531
810,2,0.0,Naive,0.4179306333131713
811,2,0.1,Randomized,0.8354284221443546
812,2,0.0,Naive,0.9368065509774712
813,2,0.1,Randomized,0.903114899292004
814,2,0.0,Naive,0.9349370778034427
815,2,0.1,Randomized,0.9349370778034427
816,2,0.0,Naive,0.4427583038500941
817,2,0.1,Randomized,0.4918795455463505
818,2,0.0,Naive,0.3532409163148589
819,2,0.1,Randomized,0.3532409163148589
820,2,0.0,Naive,0.8131103250203965
821,2,0.1,Randomized,0.8131103250203965
822,2,0.0,Naive,0.8457374465482401
823,2,0.1,Randomized,0.8457374465482401
824,2,0.0,Naive,0.8065399793146727
825,2,0.1,Randomized,0.8065399793146727
826,2,0.0,Naive,0.8020784017366961
827,2,0.1,Randomized,0.8020784017366961
828,2,0.0,Naive,0.7340414337522283
829,2,0.1,Randomized,0.7340414337522283
830,2,0.0,Naive,0.42866646809446035
831,2,0.1,Randomized,0.42866646809446035
832,2,0.0,Naive,0.6947917376586784
833,2,0.1,Randomized,0.6947917376586784
834,2,0.0,Naive,0.2615137600103643
835,2,0.1,Randomized,0.2615137600103643
836,2,0.0,Naive,0.5670888589730338
837,2,0.1,Randomized,0.5670888589730338
838,2,0.0,Naive,0.7769527896119913
839,2,0.1,Randomized,0.7769527896119913
840,2,0.0,Naive,0.8144512003317423
841,2,0.1,Randomized,0.8144512003317423
842,2,0.0,Naive,0.8441103761779396
843,2,0.1,Randomized,0.48928458718662643
844,2,0.0,Naive,0.734712732769226
845,2,0.1,Randomized,0.86545766904016
846,2,0.0,Naive,0.8025593119877019
847,2,0.1,Randomized,0.812733707849297
848,2,0.0,Naive,0.8449637757278712
849,2,0.1,Randomized,0.8931968950164625
850,2,0.0,Naive,0.8629596283047809
851,2,0.1,Randomized,0.8629596283047809
852,2,0.0,Naive,0.8600855416684556
853,2,0.1,Randomized,0.8600855416684556
854,2,0.0,Naive,0.7016775641830707
855,2,0.1,Randomized,0.9346217864515275
856,2,0.0,Naive,0.8685426388063964
857,2,0.1,Randomized,0.8685426388063964
858,2,0.0,Naive,0.8383257217255912
859,2,0.1,Randomized,0.8383257217255912
860,2,0.0,Naive,0.8205428598789483
861,2,0.1,Randomized,0.8040037937716519
862,2,0.0,Naive,0.7824440263427433
863,2,0.1,Randomized,0.7824440263427433
864,2,0.0,Naive,0.8609290505760046
865,2,0.1,Randomized,0.8962516168466664
866,2,0.0,Naive,0.7934995525379787
867,2,0.1,Randomized,0.7934995525379787
868,2,0.0,Naive,0.6439583892884051
869,2,0.1,Randomized,0.6439583892884051
870,2,0.0,Naive,0.8572384093026931
871,2,0.1,Randomized,0.7779215644303121
872,2,0.0,Naive,0.8340895661859203
873,2,0.1,Randomized,0.734344149090158
874,2,0.0,Naive,0.8433347852620124
875,2,0.1,Randomized,0.8433347852620124
876,2,0.0,Naive,0.8841028105639952
877,2,0.1,Randomized,0.9226458424880011
878,2,0.0,Naive,0.8602394052934249
879,2,0.1,Randomized,0.8602394052934249
880,2,0.0,Naive,0.8192346244485817
881,2,0.1,Randomized,0.8192346244485817
882,2,0.0,Naive,0.7211248630219866
883,2,0.1,Randomized,0.7211248630219866
884,2,0.0,Naive,0.875737534035859
885,2,0.1,Randomized,0.875737534035859
886,2,0.0,Naive,0.8506018366031874
887,2,0.1,Randomized,0.8506018366031874
888,2,0.0,Naive,0.8945732121553642
889,2,0.1,Randomized,0.8945732121553642
890,2,0.0,Naive,0.5277684512578017
891,2,0.1,Randomized,0.8464678464373661
892,2,0.0,Naive,0.4519484646874372
893,2,0.1,Randomized,0.4519484646874372
894,2,0.0,Naive,0.5911568102711492
895,2,0.1,Randomized,0.5911568102711492
896,2,0.0,Naive,0.7908197239609928
897,2,0.1,Randomized,0.8819947935287616
898,2,0.0,Naive,0.7941606442422326
899,2,0.1,Randomized,0.8865859958473916
900,2,0.0,Naive,0.8802279006000424
901,2,0.1,Randomized,0.8802279006000424
902,2,0.0,Naive,0.8023675443849085
903,2,0.1,Randomized,0.8023675443849085
904,2,0.0,Naive,0.8147564929924085
905,2,0.1,Randomized,0.8147564929924085
906,2,0.0,Naive,0.907716518306166
907,2,0.1,Randomized,0.907716518306166
908,2,0.0,Naive,0.7292282901891362
909,2,0.1,Randomized,0.5193680801788131
910,2,0.0,Naive,0.6905427719581048
911,2,0.1,Randomized,0.6905427719581048
912,2,0.0,Naive,0.5028711499206271
913,2,0.1,Randomized,0.8118686687439427
914,2,0.0,Naive,0.6768295229087968
915,2,0.1,Randomized,0.8723904322218596
916,2,0.0,Naive,0.6386153328213797
917,2,0.1,Randomized,0.6386153328213797
918,2,0.0,Naive,0.4125714814965335
919,2,0.1,Randomized,0.4125714814965335
920,2,0.0,Naive,0.8136566424841987
921,2,0.1,Randomized,0.8136566424841987
922,2,0.0,Naive,0.4824402299184521
923,2,0.1,Randomized,0.4824402299184521
924,2,0.0,Naive,0.76103567299032
925,2,0.1,Randomized,0.76103567299032
926,2,0.0,Naive,0.9062483565854946
927,2,0.1,Randomized,0.9062483565854946
928,2,0.0,Naive,0.9504016945397468
929,2,0.1,Randomized,0.9064529955145174
930,2,0.0,Naive,0.9505374229803343
931,2,0.1,Randomized,0.9505374229803343
932,2,0.0,Naive,0.819939239884459
933,2,0.1,Randomized,0.819939239884459
934,2,0.0,Naive,0.8181349655086896
935,2,0.1,Randomized,0.8181349655086896
936,2,0.0,Naive,0.8500656732083964
937,2,0.1,Randomized,0.8500656732083964
938,2,0.0,Naive,0.7742375885191224
939,2,0.1,Randomized,0.32538219231525306
940,2,0.0,Naive,0.8445126333658788
941,2,0.1,Randomized,0.8445126333658788
942,2,0.0,Naive,0.9280427695722557
943,2,0.1,Randomized,0.9280427695722557
944,2,0.0,Naive,0.5636361623470627
945,2,0.1,Randomized,0.961686500057462
946,2,0.0,Naive,0.7523818946199742
947,2,0.1,Randomized,0.7523818946199742
948,2,0.0,Naive,0.8771327507060456
949,2,0.1,Randomized,0.8771327507060456
950,2,0.0,Naive,0.9090005620377373
951,2,0.1,Randomized,0.5365837700534908
952,2,0.0,Naive,0.9238180195611047
953,2,0.1,Randomized,0.9238180195611047
954,2,0.0,Naive,0.7336780554358495
955,2,0.1,Randomized,0.7336780554358495
956,2,0.0,Naive,0.5312567511877293
957,2,0.1,Randomized,0.647255937154859
958,2,0.0,Naive,0.8348345020455248
959,2,0.1,Randomized,0.8348345020455248
960,2,0.0,Naive,0.6612010881632854
961,2,0.1,Randomized,0.6612010881632854
962,2,0.0,Naive,0.5102111540120937
963,2,0.1,Randomized,0.9259724242915888
964,2,0.0,Naive,0.9069244629186594
965,2,0.1,Randomized,0.9351518837443854
966,2,0.0,Naive,0.8614903176671043
967,2,0.1,Randomized,0.7227749285021735
968,2,0.0,Naive,0.7749518317826266
969,2,0.1,Randomized,0.7749518317826266
970,2,0.0,Naive,0.7635973315547009
971,2,0.1,Randomized,0.7072130811574001
972,2,0.0,Naive,0.9123327316501085
973,2,0.1,Randomized,0.9123327316501085
974,2,0.0,Naive,0.8776228083526609
975,2,0.1,Randomized,0.8776228083526609
976,2,0.0,Naive,0.7836381681741819
977,2,0.1,Randomized,0.7836381681741819
978,2,0.0,Naive,0.3418304899039869
979,2,0.1,Randomized,0.3418304899039869
980,2,0.0,Naive,0.7768980870278351
981,2,0.1,Randomized,0.7768980870278351
982,2,0.0,Naive,0.729651323116751
983,2,0.1,Randomized,0.729651323116751
984,2,0.0,Naive,0.9087943198093003
985,2,0.1,Randomized,0.9087943198093003
986,2,0.0,Naive,0.7419937106067277
987,2,0.1,Randomized,0.7419937106067277
988,2,0.0,Naive,0.5334396565852768
989,2,0.1,Randomized,0.8471774554018475
990,2,0.0,Naive,0.9241206538229005
991,2,0.1,Randomized,0.4427022079217615
992,2,0.0,Naive,0.36787466161938537
993,2,0.1,Randomized,0.8764396644783947
994,2,0.0,Naive,0.4953312981396861
995,2,0.1,Randomized,0.4953312981396861
996,2,0.0,Naive,0.8116477477220616
997,2,0.1,Randomized,0.8116477477220616
998,2,0.0,Naive,0.7490305400678642
999,2,0.1,Randomized,0.7490305400678642
1000,4,0.0,Naive,0.9426540683278232
1001,4,0.1,Randomized,0.3957583672896907
1002,4,0.0,Naive,0.25765069658757406
1003,4,0.1,Randomized,0.25765069658757406
1004,4,0.0,Naive,0.7490175449859541
1005,4,0.1,Randomized,0.7490175449859541
1006,4,0.0,Naive,0.8953216645738845
1007,4,0.1,Randomized,0.8953216645738845
1008,4,0.0,Naive,0.813976621726932
1009,4,0.1,Randomized,0.813976621726932
1010,4,0.0,Naive,0.2765515376961078
1011,4,0.1,Randomized,0.2765515376961078
1012,4,0.0,Naive,0.6282181025105934
1013,4,0.1,Randomized,0.7684262463410744
1014,4,0.0,Naive,0.9154384209914534
1015,4,0.1,Randomized,0.9154384209914534
1016,4,0.0,Naive,0.33197996036662614
1017,4,0.1,Randomized,0.33197996036662614
1018,4,0.0,Naive,0.9292466951427343
1019,4,0.1,Randomized,0.9292466951427343
1020,4,0.0,Naive,0.9610080145207193
1021,4,0.1,Randomized,0.9610080145207193
1022,4,0.0,Naive,0.2337203563976299
1023,4,0.1,Randomized,0.2337203563976299
1024,4,0.0,Naive,0.8581264509451783
1025,4,0.1,Randomized,0.809948259806731
1026,4,0.0,Naive,0.23743843926166044
1027,4,0.1,Randomized,0.23743843926166044
1028,4,0.0,Naive,0.570691934027361
1029,4,0.1,Randomized,0.8026178805113189
1030,4,0.0,Naive,0.32518470332534066
1031,4,0.1,Randomized,0.32518470332534066
1032,4,0.0,Naive,0.8845895192314651
1033,4,0.1,Randomized,0.8845895192314651
1034,4,0.0,Naive,0.5184161436660303
1035,4,0.1,Randomized,0.5184161436660303
1036,4,0.0,Naive,0.22093730939429573
1037,4,0.1,Randomized,0.21931138620084556
1038,4,0.0,Naive,0.22746987904050497
1039,4,0.1,Randomized,0.22746987904050497
1040,4,0.0,Naive,0.9245443323945186
1041,4,0.1,Randomized,0.9245443323945186
1042,4,0.0,Naive,0.3492785126984922
1043,4,0.1,Randomized,0.3492785126984922
1044,4,0.0,Naive,0.9255334843576056
1045,4,0.1,Randomized,0.3553598231536913
1046,4,0.0,Naive,0.29926610252089686
1047,4,0.1,Randomized,0.8890088695437144
1048,4,0.0,Naive,0.24500739152476433
1049,4,0.1,Randomized,0.24500739152476433
1050,4,0.0,Naive,0.8547133298092459
1051,4,0.1,Randomized,0.8547133298092459
1052,4,0.0,Naive,0.8584254702979364
1053,4,0.1,Randomized,0.8584254702979364
1054,4,0.0,Naive,0.2941770382339669
1055,4,0.1,Randomized,0.9413056362751111
1056,4,0.0,Naive,0.8289003805930732
1057,4,0.1,Randomized,0.8289003805930732
1058,4,0.0,Naive,0.2779297780090839
1059,4,0.1,Randomized,0.2779297780090839
1060,4,0.0,Naive,0.28188108947603163
1061,4,0.1,Randomized,0.28188108947603163
1062,4,0.0,Naive,0.8225892548077692
1063,4,0.1,Randomized,0.5570630026402408
1064,4,0.0,Naive,0.33621659039345103
1065,4,0.1,Randomized,0.33621659039345103
1066,4,0.0,Naive,0.3702102566761375
1067,4,0.1,Randomized,0.3702102566761375
1068,4,0.0,Naive,0.22422674216336644
1069,4,0.1,Randomized,0.22422674216336644
1070,4,0.0,Naive,0.807414323986531
1071,4,0.1,Randomized,0.31338274180583153
1072,4,0.0,Naive,0.8088853441246412
1073,4,0.1,Randomized,0.8088853441246412
1074,4,0.0,Naive,0.2563395145971711
1075,4,0.1,Randomized,0.2563395145971711
1076,4,0.0,Naive,0.243810719658125
1077,4,0.1,Randomized,0.243810719658125
1078,4,0.0,Naive,0.8607795949288178
1079,4,0.1,Randomized,0.9044838869544553
1080,4,0.0,Naive,0.30728089941283293
1081,4,0.1,Randomized,0.333135252972036
1082,4,0.0,Naive,0.8600775050429097
1083,4,0.1,Randomized,0.8600775050429097
1084,4,0.0,Naive,0.16045681281002538
1085,4,0.1,Randomized,0.16045681281002538
1086,4,0.0,Naive,0.8362193937885634
1087,4,0.1,Randomized,0.8362193937885634
1088,4,0.0,Naive,0.212660484926009
1089,4,0.1,Randomized,0.8232952146549893
1090,4,0.0,Naive,0.8067404252474464
1091,4,0.1,Randomized,0.8067404252474464
1092,4,0.0,Naive,0.2952090541726979
1093,4,0.1,Randomized,0.8881027148523994
1094,4,0.0,Naive,0.8255628177940322
1095,4,0.1,Randomized,0.8255628177940322
1096,4,0.0,Naive,0.7891834614082172
1097,4,0.1,Randomized,0.7891834614082172
1098,4,0.0,Naive,0.8471828417190169
1099,4,0.1,Randomized,0.7011455559467693
1100,4,0.0,Naive,0.2672373226181111
1101,4,0.1,Randomized,0.2672373226181111
1102,4,0.0,Naive,0.915763327217568
1103,4,0.1,Randomized,0.8419595389230446
1104,4,0.0,Naive,0.3392094084775238
1105,4,0.1,Randomized,0.7222987274817219
1106,4,0.0,Naive,0.9119317237867314
1107,4,0.1,Randomized,0.9119317237867314
1108,4,0.0,Naive,0.9652008962368996
1109,4,0.1,Randomized,0.9652008962368996
1110,4,0.0,Naive,0.5345058994275477
1111,4,0.1,Randomized,0.8425431063654719
1112,4,0.0,Naive,0.4136414041385622
1113,4,0.1,Randomized,0.9193464254383494
1114,4,0.0,Naive,0.23357845757867676
1115,4,0.1,Randomized,0.23357845757867676
1116,4,0.0,Naive,0.8547220872042385
1117,4,0.1,Randomized,0.7852954435884844
1118,4,0.0,Naive,0.7506471692892299
1119,4,0.1,Randomized,0.7506471692892299
1120,4,0.0,Naive,0.8773950903906323
1121,4,0.1,Randomized,0.8773950903906323
1122,4,0.0,Naive,0.22978459316078262
1123,4,0.1,Randomized,0.22978459316078262
1124,4,0.0,Naive,0.9318177273193248
1125,4,0.1,Randomized,0.9318177273193248
1126,4,0.0,Naive,0.8249822831432461
1127,4,0.1,Randomized,0.8249822831432461
1128,4,0.0,Naive,0.2766906068490469
1129,4,0.1,Randomized,0.2766906068490469
1130,4,0.0,Naive,0.25425339721361295
1131,4,0.1,Randomized,0.25425339721361295
1132,4,0.0,Naive,0.8540894712378658
1133,4,0.1,Randomized,0.8659659869733405
1134,4,0.0,Naive,0.34808627482665994
1135,4,0.1,Randomized,0.34808627482665994
1136,4,0.0,Naive,0.2481327803916183
1137,4,0.1,Randomized,0.2481327803916183
1138,4,0.0,Naive,0.6178094266650725
1139,4,0.1,Randomized,0.9054110209806481
1140,4,0.0,Naive,0.44875072936204974
1141,4,0.1,Randomized,0.834790376452582
1142,4,0.0,Naive,0.8857613246893064
1143,4,0.1,Randomized,0.27722636127326555
1144,4,0.0,Naive,0.27002177925010884
1145,4,0.1,Randomized,0.27002177925010884
1146,4,0.0,Naive,0.3096359294431762
1147,4,0.1,Randomized,0.3096359294431762
1148,4,0.0,Naive,0.9437555041359948
1149,4,0.1,Randomized,0.33280299047837525
1150,4,0.0,Naive,0.8339934417925454
1151,4,0.1,Randomized,0.8339934417925454
1152,4,0.0,Naive,0.883870892427751
1153,4,0.1,Randomized,0.883870892427751
1154,4,0.0,Naive,0.9660914633189256
1155,4,0.1,Randomized,0.9660914633189256
1156,4,0.0,Naive,0.2547042616718677
1157,4,0.1,Randomized,0.8036612732253358
1158,4,0.0,Naive,0.6651404903007301
1159,4,0.1,Randomized,0.9415846713221221
1160,4,0.0,Naive,0.7323632984021909
1161,4,0.1,Randomized,0.7323632984021909
1162,4,0.0,Naive,0.909910513223582
1163,4,0.1,Randomized,0.5281474741322346
1164,4,0.0,Naive,0.19200898752156606
1165,4,0.1,Randomized,0.8350591201577654
1166,4,0.0,Naive,0.3772440459909234
1167,4,0.1,Randomized,0.9144407881240084
1168,4,0.0,Naive,0.8322093345450027
1169,4,0.1,Randomized,0.8322093345450027
1170,4,0.0,Naive,0.3739977991599919
1171,4,0.1,Randomized,0.9648842918149696
1172,4,0.0,Naive,0.1837625375475863
1173,4,0.1,Randomized,0.1837625375475863
1174,4,0.0,Naive,0.36350439937310075
1175,4,0.1,Randomized,0.36350439937310075
1176,4,0.0,Naive,0.9800072460958936
1177,4,0.1,Randomized,0.5830810234917608
1178,4,0.0,Naive,0.8099856805073525
1179,4,0.1,Randomized,0.8099856805073525
1180,4,0.0,Naive,0.3136839952346369
1181,4,0.1,Randomized,0.3136839952346369
1182,4,0.0,Naive,0.780571645747266
1183,4,0.1,Randomized,0.780571645747266
1184,4,0.0,Naive,0.2701164235814353
1185,4,0.1,Randomized,0.2775036904016702
1186,4,0.0,Naive,0.21957943669916166
1187,4,0.1,Randomized,0.21957943669916166
1188,4,0.0,Naive,0.6729224679993795
1189,4,0.1,Randomized,0.8420492737408741
1190,4,0.0,Naive,0.8278961767233414
1191,4,0.1,Randomized,0.8369176403441981
1192,4,0.0,Naive,0.2985146386209815
1193,4,0.1,Randomized,0.2732326553452186
1194,4,0.0,Naive,0.3188943962919457
1195,4,0.1,Randomized,0.3188943962919457
1196,4,0.0,Naive,0.2357484542274286
1197,4,0.1,Randomized,0.2357484542274286
1198,4,0.0,Naive,0.8305553387263704
1199,4,0.1,Randomized,0.8305553387263704
1200,4,0.0,Naive,0.9469662353719691
1201,4,0.1,Randomized,0.6293848173561211
1202,4,0.0,Naive,0.8574777240703639
1203,4,0.1,Randomized,0.8574777240703639
1204,4,0.0,Naive,0.28178570182323576
1205,4,0.1,Randomized,0.28178570182323576
1206,4,0.0,Naive,0.886099544083601
1207,4,0.1,Randomized,0.32760876870663164
1208,4,0.0,Naive,0.4270693152013125
1209,4,0.1,Randomized,0.4270693152013125
1210,4,0.0,Naive,0.8125387753792945
1211,4,0.1,Randomized,0.8798232126171804
1212,4,0.0,Naive,0.3182118744393348
1213,4,0.1,Randomized,0.3182118744393348
1214,4,0.0,Naive,0.712695942877267
1215,4,0.1,Randomized,0.712695942877267
1216,4,0.0,Naive,0.8173103386156808
1217,4,0.1,Randomized,0.8173103386156808
1218,4,0.0,Naive,0.2831153820306592
1219,4,0.1,Randomized,0.2831153820306592
1220,4,0.0,Naive,0.8229086128249465
1221,4,0.1,Randomized,0.8985922667654198
1222,4,0.0,Naive,0.28776235115079807
1223,4,0.1,Randomized,0.8819102342409061
1224,4,0.0,Naive,0.8489039365582093
1225,4,0.1,Randomized,0.5044108575814225
1226,4,0.0,Naive,0.2555360347861184
1227,4,0.1,Randomized,0.8993884094265934
1228,4,0.0,Naive,0.8284533515806698
1229,4,0.1,Randomized,0.27457067008726777
1230,4,0.0,Naive,0.2912706217647874
1231,4,0.1,Randomized,0.2912706217647874
1232,4,0.0,Naive,0.2711340339602452
1233,4,0.1,Randomized,0.3223474419801295
1234,4,0.0,Naive,0.8174198545640701
1235,4,0.1,Randomized,0.8174198545640701
1236,4,0.0,Naive,0.40175075189868975
1237,4,0.1,Randomized,0.7692060818604806
1238,4,0.0,Naive,0.8018008783127245
1239,4,0.1,Randomized,0.8018008783127245
1240,4,0.0,Naive,0.9466950190778274
1241,4,0.1,Randomized,0.20476348985616025
1242,4,0.0,Naive,0.8709984369752398
1243,4,0.1,Randomized,0.3692646139635438
1244,4,0.0,Naive,0.2649112136353268
1245,4,0.1,Randomized,0.2649112136353268
1246,4,0.0,Naive,0.9685979895354797
1247,4,0.1,Randomized,0.9685979895354797
1248,4,0.0,Naive,0.9164397462623697
1249,4,0.1,Randomized,0.9070399748819649
1250,4,0.0,Naive,0.8572339551315378
1251,4,0.1,Randomized,0.8572339551315378
1252,4,0.0,Naive,0.24775145101381738
1253,4,0.1,Randomized,0.3029281109286701
1254,4,0.0,Naive,0.882373519604947
1255,4,0.1,Randomized,0.7727435767164139
1256,4,0.0,Naive,0.7498707595557695
1257,4,0.1,Randomized,0.33443518710732234
1258,4,0.0,Naive,0.34888130080289653
1259,4,0.1,Randomized,0.8365884757104723
1260,4,0.0,Naive,0.904538423314203
1261,4,0.1,Randomized,0.34366138037063204
1262,4,0.0,Naive,0.8055181199947115
1263,4,0.1,Randomized,0.8055181199947115
1264,4,0.0,Naive,0.8570785223382469
1265,4,0.1,Randomized,0.8570785223382469
1266,4,0.0,Naive,0.32227344226055693
1267,4,0.1,Randomized,0.32227344226055693
1268,4,0.0,Naive,0.9259718090260955
1269,4,0.1,Randomized,0.6216368298919576
1270,4,0.0,Naive,0.26511423538433315
1271,4,0.1,Randomized,0.26511423538433315
1272,4,0.0,Naive,0.7919532708606958
1273,4,0.1,Randomized,0.7919532708606958
1274,4,0.0,Naive,0.2552681554760417
1275,4,0.1,Randomized,0.27535725246597625
1276,4,0.0,Naive,0.2533637007841973
1277,4,0.1,Randomized,0.2533637007841973
1278,4,0.0,Naive,0.155677915760399
1279,4,0.1,Randomized,0.155677915760399
1280,4,0.0,Naive,0.7863221771525145
1281,4,0.1,Randomized,0.9529546367660323
1282,4,0.0,Naive,0.7114940520708628
1283,4,0.1,Randomized,0.7114940520708628
1284,4,0.0,Naive,0.3303776263248776
1285,4,0.1,Randomized,0.3303776263248776
1286,4,0.0,Naive,0.8897248246648083
1287,4,0.1,Randomized,0.8897248246648083
1288,4,0.0,Naive,0.5583211348641064
1289,4,0.1,Randomized,0.464187579762141
1290,4,0.0,Naive,0.13995768796274982
1291,4,0.1,Randomized,0.13995768796274982
1292,4,0.0,Naive,0.3116503381445584
1293,4,0.1,Randomized,0.3116503381445584
1294,4,0.0,Naive,0.8025223128661568
1295,4,0.1,Randomized,0.8025223128661568
1296,4,0.0,Naive,0.32093198535156775
1297,4,0.1,Randomized,0.32093198535156775
1298,4,0.0,Naive,0.19866416591737793
1299,4,0.1,Randomized,0.2013084548180075
1300,4,0.0,Naive,0.4736049350378657
1301,4,0.1,Randomized,0.4736049350378657
1302,4,0.0,Naive,0.8302658371018968
1303,4,0.1,Randomized,0.9625563695910245
1304,4,0.0,Naive,0.2238990920189188
1305,4,0.1,Randomized,0.2238990920189188
1306,4,0.0,Naive,0.19239514023246893
1307,4,0.1,Randomized,0.19239514023246893
1308,4,0.0,Naive,0.22685113486375943
1309,4,0.1,Randomized,0.22685113486375943
1310,4,0.0,Naive,0.5872451062323544
1311,4,0.1,Randomized,0.7663003591091645
1312,4,0.0,Naive,0.23459786397485646
1313,4,0.1,Randomized,0.23459786397485646
1314,4,0.0,Naive,0.24616537297526903
1315,4,0.1,Randomized,0.24616537297526903
1316,4,0.0,Naive,0.831732873832436
1317,4,0.1,Randomized,0.831732873832436
1318,4,0.0,Naive,0.8856219937109941
1319,4,0.1,Randomized,0.47225230002861257
1320,4,0.0,Naive,0.9707902527781421
1321,4,0.1,Randomized,0.9707902527781421
1322,4,0.0,Naive,0.9159162315864495
1323,4,0.1,Randomized,0.9159162315864495
1324,4,0.0,Naive,0.21907391041537572
1325,4,0.1,Randomized,0.21907391041537572
1326,4,0.0,Naive,0.23939424663563819
1327,4,0.1,Randomized,0.23939424663563819
1328,4,0.0,Naive,0.881163251168177
1329,4,0.1,Randomized,0.881163251168177
1330,4,0.0,Naive,0.8619676789093815
1331,4,0.1,Randomized,0.8619676789093815
1332,4,0.0,Naive,0.8384918971072146
1333,4,0.1,Randomized,0.8384918971072146
1334,4,0.0,Naive,0.2976796079831796
1335,4,0.1,Randomized,0.2976796079831796
1336,4,0.0,Naive,0.21041086989051214
1337,4,0.1,Randomized,0.21041086989051214
1338,4,0.0,Naive,0.2490110648762829
1339,4,0.1,Randomized,0.2490110648762829
1340,4,0.0,Naive,0.8895664200567849
1341,4,0.1,Randomized,0.8895664200567849
1342,4,0.0,Naive,0.9485544062554923
1343,4,0.1,Randomized,0.3778192055557928
1344,4,0.0,Naive,0.9185732096842861
1345,4,0.1,Randomized,0.22952760978025613
1346,4,0.0,Naive,0.7983317976887987
1347,4,0.1,Randomized,0.7983317976887987
1348,4,0.0,Naive,0.2501524351143656
1349,4,0.1,Randomized,0.2501524351143656
1350,4,0.0,Naive,0.8237527402590977
1351,4,0.1,Randomized,0.7003767821105013
1352,4,0.0,Naive,0.17688328299575135
1353,4,0.1,Randomized,0.17688328299575135
1354,4,0.0,Naive,0.28866344190054516
1355,4,0.1,Randomized,0.28866344190054516
1356,4,0.0,Naive,0.2572867515686027
1357,4,0.1,Randomized,0.2572867515686027
1358,4,0.0,Naive,0.8733246061293185
1359,4,0.1,Randomized,0.3876465986243033
1360,4,0.0,Naive,0.8675850400440697
1361,4,0.1,Randomized,0.8326445850764156
1362,4,0.0,Naive,0.2099650097394294
1363,4,0.1,Randomized,0.2099650097394294
1364,4,0.0,Naive,0.44090620831341537
1365,4,0.1,Randomized,0.44090620831341537
1366,4,0.0,Naive,0.26380958789441605
1367,4,0.1,Randomized,0.26380958789441605
1368,4,0.0,Naive,0.7694427585537138
1369,4,0.1,Randomized,0.29497404902909896
1370,4,0.0,Naive,0.30908220671496633
1371,4,0.1,Randomized,0.30908220671496633
1372,4,0.0,Naive,0.9586252997981546
1373,4,0.1,Randomized,0.9586252997981546
1374,4,0.0,Naive,0.9370429765690818
1375,4,0.1,Randomized,0.9370429765690818
1376,4,0.0,Naive,0.9414706743715451
1377,4,0.1,Randomized,0.9414706743715451
1378,4,0.0,Naive,0.7363516845496564
1379,4,0.1,Randomized,0.7864605874161562
1380,4,0.0,Naive,0.18721820333033964
1381,4,0.1,Randomized,0.3473092167262391
1382,4,0.0,Naive,0.30439994942804866
1383,4,0.1,Randomized,0.30439994942804866
1384,4,0.0,Naive,0.2482032833854378
1385,4,0.1,Randomized,0.2482032833854378
1386,4,0.0,Naive,0.1779020944267175
1387,4,0.1,Randomized,0.1779020944267175
1388,4,0.0,Naive,0.36637197475896155
1389,4,0.1,Randomized,0.8496822085725059
1390,4,0.0,Naive,0.8831261805780524
1391,4,0.1,Randomized,0.8831261805780524
1392,4,0.0,Naive,0.8175461141364456
1393,4,0.1,Randomized,0.8175461141364456
1394,4,0.0,Naive,0.9086067784127235
1395,4,0.1,Randomized,0.9760042862686474
1396,4,0.0,Naive,0.289117018937209
1397,4,0.1,Randomized,0.289117018937209
1398,4,0.0,Naive,0.33786949904897207
1399,4,0.1,Randomized,0.906971519550756
1400,4,0.0,Naive,0.2546823990931093
1401,4,0.1,Randomized,0.2546823990931093
1402,4,0.0,Naive,0.8229724800221635
1403,4,0.1,Randomized,0.8229724800221635
1404,4,0.0,Naive,0.17322276410649262
1405,4,0.1,Randomized,0.15053171974148744
1406,4,0.0,Naive,0.4521958058036332
1407,4,0.1,Randomized,0.4521958058036332
1408,4,0.0,Naive,0.27993202506810944
1409,4,0.1,Randomized,0.8249613181137845
1410,4,0.0,Naive,0.23744238438116497
1411,4,0.1,Randomized,0.23744238438116497
1412,4,0.0,Naive,0.21010832972402552
1413,4,0.1,Randomized,0.21010832972402552
1414,4,0.0,Naive,0.2860324682961567
1415,4,0.1,Randomized,0.2860324682961567
1416,4,0.0,Naive,0.24272594348493162
1417,4,0.1,Randomized,0.8223579909305528
1418,4,0.0,Naive,0.8400950981883105
1419,4,0.1,Randomized,0.8400950981883105
1420,4,0.0,Naive,0.9865226082788866
1421,4,0.1,Randomized,0.9865226082788866
1422,4,0.0,Naive,0.36319276985503496
1423,4,0.1,Randomized,0.36319276985503496
1424,4,0.0,Naive,0.842934506004841
1425,4,0.1,Randomized,0.32275869753745756
1426,4,0.0,Naive,0.23452135665789553
1427,4,0.1,Randomized,0.23452135665789553
1428,4,0.0,Naive,0.6402014425609003
1429,4,0.1,Randomized,0.9960445299309225
1430,4,0.0,Naive,0.36524763761919593
1431,4,0.1,Randomized,0.36524763761919593
1432,4,0.0,Naive,0.2385487971655052
1433,4,0.1,Randomized,0.2385487971655052
1434,4,0.0,Naive,0.8677835560636528
1435,4,0.1,Randomized,0.8677835560636528
1436,4,0.0,Naive,0.9328879078463117
1437,4,0.1,Randomized,0.9328879078463117
1438,4,0.0,Naive,0.2753567624703094
1439,4,0.1,Randomized,0.2753567624703094
1440,4,0.0,Naive,0.21349351929414023
1441,4,0.1,Randomized,0.21349351929414023
1442,4,0.0,Naive,0.3018683543628667
1443,4,0.1,Randomized,0.3018683543628667
1444,4,0.0,Naive,0.23990664619941532
1445,4,0.1,Randomized,0.23990664619941532
1446,4,0.0,Naive,0.9570581808160193
1447,4,0.1,Randomized,0.9570581808160193
1448,4,0.0,Naive,0.25442298194858076
1449,4,0.1,Randomized,0.25442298194858076
1450,4,0.0,Naive,0.9797266635043486
1451,4,0.1,Randomized,0.9236578537442549
1452,4,0.0,Naive,0.797524981082912
1453,4,0.1,Randomized,0.9591865173885076
1454,4,0.0,Naive,0.30427419347192713
1455,4,0.1,Randomized,0.9082195212680866
1456,4,0.0,Naive,0.7709652351835867
1457,4,0.1,Randomized,0.28953171729927707
1458,4,0.0,Naive,0.857519574271134
1459,4,0.1,Randomized,0.857519574271134
1460,4,0.0,Naive,0.7736335609383572
1461,4,0.1,Randomized,0.7736335609383572
1462,4,0.0,Naive,0.2077765059114673
1463,4,0.1,Randomized,0.2077765059114673
1464,4,0.0,Naive,0.8871604432073984
1465,4,0.1,Randomized,0.7563515842071267
1466,4,0.0,Naive,0.9142111363469346
1467,4,0.1,Randomized,0.9142111363469346
1468,4,0.0,Naive,0.9231467897664482
1469,4,0.1,Randomized,0.3492993285487971
1470,4,0.0,Naive,0.2576859157982951
1471,4,0.1,Randomized,0.2576859157982951
1472,4,0.0,Naive,0.22884797740497315
1473,4,0.1,Randomized,0.8521931148372105
1474,4,0.0,Naive,0.8797677011685286
1475,4,0.1,Randomized,0.8797677011685286
1476,4,0.0,Naive,0.8585996943065768
1477,4,0.1,Randomized,0.8585996943065768
1478,4,0.0,Naive,0.2902766330288586
1479,4,0.1,Randomized,0.2902766330288586
1480,4,0.0,Naive,0.8289701071963292
1481,4,0.1,Randomized,0.8289701071963292
1482,4,0.0,Naive,0.255577596776521
1483,4,0.1,Randomized,0.2313685595205911
1484,4,0.0,Naive,0.8093597715257896
1485,4,0.1,Randomized,0.8093597715257896
1486,4,0.0,Naive,0.8910290255707416
1487,4,0.1,Randomized,0.8910290255707416
1488,4,0.0,Naive,0.2594137828338508
1489,4,0.1,Randomized,0.882002935744049
1490,4,0.0,Naive,0.15545083210288274
1491,4,0.1,Randomized,0.27377672815075826
1492,4,0.0,Naive,0.9182527480589555
1493,4,0.1,Randomized,0.624418179522217
1494,4,0.0,Naive,0.2608255489647625
1495,4,0.1,Randomized,0.2608255489647625
1496,4,0.0,Naive,0.7881099361024083
1497,4,0.1,Randomized,0.7143872729524853
1498,4,0.0,Naive,0.7999319465878079
1499,4,0.1,Randomized,0.7999319465878079
1500,4,0.0,Naive,0.18181216904951852
1501,4,0.1,Randomized,0.18181216904951852
1502,4,0.0,Naive,0.8947270674673988
1503,4,0.1,Randomized,0.8947270674673988
1504,4,0.0,Naive,0.3019724162721893
1505,4,0.1,Randomized,0.3019724162721893
1506,4,0.0,Naive,0.8626365355451351
1507,4,0.1,Randomized,0.8626365355451351
1508,4,0.0,Naive,0.24829948521467576
1509,4,0.1,Randomized,0.24829948521467576
1510,4,0.0,Naive,0.9286366084921585
1511,4,0.1,Randomized,0.9286366084921585
1512,4,0.0,Naive,0.38033519845538394
1513,4,0.1,Randomized,0.9371065940582066
1514,4,0.0,Naive,0.8375764975880158
1515,4,0.1,Randomized,0.8375764975880158
1516,4,0.0,Naive,0.23290810955178984
1517,4,0.1,Randomized,0.23290810955178984
1518,4,0.0,Naive,0.948161532492076
1519,4,0.1,Randomized,0.948161532492076
1520,4,0.0,Naive,0.948595897131956
1521,4,0.1,Randomized,0.948595897131956
1522,4,0.0,Naive,0.8167513514633746
1523,4,0.1,Randomized,0.8368969022853151
1524,4,0.0,Naive,0.9516250135559229
1525,4,0.1,Randomized,0.9516250135559229
1526,4,0.0,Naive,0.9338169632242102
1527,4,0.1,Randomized,0.8366570064412938
1528,4,0.0,Naive,0.924085903818498
1529,4,0.1,Randomized,0.8261914061390063
1530,4,0.0,Naive,0.8567562543206722
1531,4,0.1,Randomized,0.8567562543206722
1532,4,0.0,Naive,0.4517870247760736
1533,4,0.1,Randomized,0.896374273205982
1534,4,0.0,Naive,0.9018443745444183
1535,4,0.1,Randomized,0.9018443745444183
1536,4,0.0,Naive,0.17889902811075006
1537,4,0.1,Randomized,0.17889902811075006
1538,4,0.0,Naive,0.8547768232626624
1539,4,0.1,Randomized,0.93287819965988
1540,4,0.0,Naive,0.4122756130521527
1541,4,0.1,Randomized,0.4122756130521527
1542,4,0.0,Naive,0.8320895959363401
1543,4,0.1,Randomized,0.8320895959363401
1544,4,0.0,Naive,0.8099327282074625
1545,4,0.1,Randomized,0.8099327282074625
1546,4,0.0,Naive,0.906778683093398
1547,4,0.1,Randomized,0.44024646669718265
1548,4,0.0,Naive,0.33117603135282386
1549,4,0.1,Randomized,0.976659657640977
1550,4,0.0,Naive,0.8163954189195053
1551,4,0.1,Randomized,0.8163954189195053
1552,4,0.0,Naive,0.20099166922217768
1553,4,0.1,Randomized,0.20099166922217768
1554,4,0.0,Naive,0.279295803573411
1555,4,0.1,Randomized,0.279295803573411
1556,4,0.0,Naive,0.2582517426716877
1557,4,0.1,Randomized,0.2582517426716877
1558,4,0.0,Naive,0.9698255459797279
1559,4,0.1,Randomized,0.9698255459797279
1560,4,0.0,Naive,0.8240211170952988
1561,4,0.1,Randomized,0.8280878227360524
1562,4,0.0,Naive,0.2504318916614642
1563,4,0.1,Randomized,0.2504318916614642
1564,4,0.0,Naive,0.5765022962972823
1565,4,0.1,Randomized,0.8864515058341292
1566,4,0.0,Naive,0.2836999765048127
1567,4,0.1,Randomized,0.2836999765048127
1568,4,0.0,Naive,0.7376621564860111
1569,4,0.1,Randomized,0.7376621564860111
1570,4,0.0,Naive,0.892208735918969
1571,4,0.1,Randomized,0.8561901526887365
1572,4,0.0,Naive,0.5702531397153138
1573,4,0.1,Randomized,0.5702531397153138
1574,4,0.0,Naive,0.8997018432715537
1575,4,0.1,Randomized,0.8997018432715537
1576,4,0.0,Naive,0.8667964928372882
1577,4,0.1,Randomized,0.8383722545139044
1578,4,0.0,Naive,0.7958443146285473
1579,4,0.1,Randomized,0.7958443146285473
1580,4,0.0,Naive,0.23395482249458951
1581,4,0.1,Randomized,0.9442784868247338
1582,4,0.0,Naive,0.23897539638889734
1583,4,0.1,Randomized,0.23897539638889734
1584,4,0.0,Naive,0.9483345017359043
1585,4,0.1,Randomized,0.9483345017359043
1586,4,0.0,Naive,0.7023500720272667
1587,4,0.1,Randomized,0.8076304565606138
1588,4,0.0,Naive,0.7855704996978449
1589,4,0.1,Randomized,0.8986474330766971
1590,4,0.0,Naive,0.8458847563572265
1591,4,0.1,Randomized,0.8458847563572265
1592,4,0.0,Naive,0.8187754421475036
1593,4,0.1,Randomized,0.24337662695357767
1594,4,0.0,Naive,0.7781821271188647
1595,4,0.1,Randomized,0.8478753999078406
1596,4,0.0,Naive,0.8183486421790113
1597,4,0.1,Randomized,0.8183486421790113
1598,4,0.0,Naive,0.23582779979528795
1599,4,0.1,Randomized,0.23582779979528795
1600,4,0.0,Naive,0.8185886666135036
1601,4,0.1,Randomized,0.8185886666135036
1602,4,0.0,Naive,0.195163565071231
1603,4,0.1,Randomized,0.195163565071231
1604,4,0.0,Naive,0.33985651323495525
1605,4,0.1,Randomized,0.868571663924487
1606,4,0.0,Naive,0.2520397552217362
1607,4,0.1,Randomized,0.2520397552217362
1608,4,0.0,Naive,0.2649652373332811
1609,4,0.1,Randomized,0.2649652373332811
1610,4,0.0,Naive,0.8651987209385751
1611,4,0.1,Randomized,0.24748696021970829
1612,4,0.0,Naive,0.8671353021136698
1613,4,0.1,Randomized,0.8997170022213375
1614,4,0.0,Naive,0.8981373921920212
1615,4,0.1,Randomized,0.8981373921920212
1616,4,0.0,Naive,0.9587864606031995
1617,4,0.1,Randomized,0.9587864606031995
1618,4,0.0,Naive,0.9537952967501782
1619,4,0.1,Randomized,0.8151740825406556
1620,4,0.0,Naive,0.30476550561925914
1621,4,0.1,Randomized,0.30476550561925914
1622,4,0.0,Naive,0.8237582189159623
1623,4,0.1,Randomized,0.8438834329634901
1624,4,0.0,Naive,0.25438331706189954
1625,4,0.1,Randomized,0.25438331706189954
1626,4,0.0,Naive,0.182652364555515
1627,4,0.1,Randomized,0.182652364555515
1628,4,0.0,Naive,0.24007168186066977
1629,4,0.1,Randomized,0.2558078259400861
1630,4,0.0,Naive,0.767334186926255
1631,4,0.1,Randomized,0.767334186926255
1632,4,0.0,Naive,0.32079244399455215
1633,4,0.1,Randomized,0.32079244399455215
1634,4,0.0,Naive,0.34553127853298804
1635,4,0.1,Randomized,0.34553127853298804
1636,4,0.0,Naive,0.6445825285715716
1637,4,0.1,Randomized,0.9887730533204184
1638,4,0.0,Naive,0.32305643802722417
1639,4,0.1,Randomized,0.32305643802722417
1640,4,0.0,Naive,0.8525868502958523
1641,4,0.1,Randomized,0.9201944579050904
1642,4,0.0,Naive,0.5801579371052438
1643,4,0.1,Randomized,0.8715018322698453
1644,4,0.0,Naive,0.25022675963125957
1645,4,0.1,Randomized,0.25022675963125957
1646,4,0.0,Naive,0.2375074295344772
1647,4,0.1,Randomized,0.2375074295344772
1648,4,0.0,Naive,0.8487076806795164
1649,4,0.1,Randomized,0.8487076806795164
1650,4,0.0,Naive,0.2320851184886475
1651,4,0.1,Randomized,0.9676557044392646
1652,4,0.0,Naive,0.9388761997439325
1653,4,0.1,Randomized,0.9388761997439325
1654,4,0.0,Naive,0.3023182791509431
1655,4,0.1,Randomized,0.3023182791509431
1656,4,0.0,Naive,0.9205770397056559
1657,4,0.1,Randomized,0.9205770397056559
1658,4,0.0,Naive,0.27429322953717683
1659,4,0.1,Randomized,0.27429322953717683
1660,4,0.0,Naive,0.7848757663933239
1661,4,0.1,Randomized,0.7848757663933239
1662,4,0.0,Naive,0.2688607752117056
1663,4,0.1,Randomized,0.630885000186589
1664,4,0.0,Naive,0.9104630354767279
1665,4,0.1,Randomized,0.9104630354767279
1666,4,0.0,Naive,0.8671346858780796
1667,4,0.1,Randomized,0.8671346858780796
1668,4,0.0,Naive,0.21940528100585874
1669,4,0.1,Randomized,0.21940528100585874
1670,4,0.0,Naive,0.8455040165417789
1671,4,0.1,Randomized,0.8455040165417789
1672,4,0.0,Naive,0.9244934908661765
1673,4,0.1,Randomized,0.8777038894500543
1674,4,0.0,Naive,0.29497635934772953
1675,4,0.1,Randomized,0.7974670089432006
1676,4,0.0,Naive,0.2672147663516712
1677,4,0.1,Randomized,0.8831882389690289
1678,4,0.0,Naive,0.40973261667673394
1679,4,0.1,Randomized,0.8970591848097621
1680,4,0.0,Naive,0.30934938948915147
1681,4,0.1,Randomized,0.828340335349557
1682,4,0.0,Naive,0.8428351995824432
1683,4,0.1,Randomized,0.8689827656686742
1684,4,0.0,Naive,0.2944733715986015
1685,4,0.1,Randomized,0.24201354633444133
1686,4,0.0,Naive,0.22629712458306026
1687,4,0.1,Randomized,0.22629712458306026
1688,4,0.0,Naive,0.8939319734292187
1689,4,0.1,Randomized,0.6450824374147481
1690,4,0.0,Naive,0.9548237179440375
1691,4,0.1,Randomized,0.3009055719056832
1692,4,0.0,Naive,0.2175943084294375
1693,4,0.1,Randomized,0.9714514593558525
1694,4,0.0,Naive,0.8066902592289159
1695,4,0.1,Randomized,0.2571291827613382
1696,4,0.0,Naive,0.27488774458397763
1697,4,0.1,Randomized,0.27488774458397763
1698,4,0.0,Naive,0.47271915451581953
1699,4,0.1,Randomized,0.3279621591221988
1700,4,0.0,Naive,0.20345399978739323
1701,4,0.1,Randomized,0.20345399978739323
1702,4,0.0,Naive,0.8476371772313385
1703,4,0.1,Randomized,0.8476371772313385
1704,4,0.0,Naive,0.2526923764935195
1705,4,0.1,Randomized,0.2526923764935195
1706,4,0.0,Naive,0.27775683630026665
1707,4,0.1,Randomized,0.27775683630026665
1708,4,0.0,Naive,0.2327291969714191
1709,4,0.1,Randomized,0.949112494678114
1710,4,0.0,Naive,0.9879357753814723
1711,4,0.1,Randomized,0.9879357753814723
1712,4,0.0,Naive,0.8657273742269465
1713,4,0.1,Randomized,0.4073848497245319
1714,4,0.0,Naive,0.6539817524310569
1715,4,0.1,Randomized,0.35929164106688555
1716,4,0.0,Naive,0.2670667799933563
1717,4,0.1,Randomized,0.9274122204580648
1718,4,0.0,Naive,0.7398240481662178
1719,4,0.1,Randomized,0.8656428097661626
1720,4,0.0,Naive,0.7508125477582792
1721,4,0.1,Randomized,0.7508125477582792
1722,4,0.0,Naive,0.20109118372761609
1723,4,0.1,Randomized,0.20109118372761609
1724,4,0.0,Naive,0.8702606781024006
1725,4,0.1,Randomized,0.8702606781024006
1726,4,0.0,Naive,0.3730614190392212
1727,4,0.1,Randomized,0.3730614190392212
1728,4,0.0,Naive,0.7992934770363718
1729,4,0.1,Randomized,0.7992934770363718
1730,4,0.0,Naive,0.2815578839057951
1731,4,0.1,Randomized,0.2815578839057951
1732,4,0.0,Naive,0.8699975223804346
1733,4,0.1,Randomized,0.8699975223804346
1734,4,0.0,Naive,0.7799472017948437
1735,4,0.1,Randomized,0.8590366335184846
1736,4,0.0,Naive,0.27540974391788986
1737,4,0.1,Randomized,0.27540974391788986
1738,4,0.0,Naive,0.24085898913813006
1739,4,0.1,Randomized,0.24085898913813006
1740,4,0.0,Naive,0.8900386308036797
1741,4,0.1,Randomized,0.8900386308036797
1742,4,0.0,Naive,0.46211859575621406
1743,4,0.1,Randomized,0.46211859575621406
1744,4,0.0,Naive,0.2617471265455864
1745,4,0.1,Randomized,0.7172496936905767
1746,4,0.0,Naive,0.7759652889846391
1747,4,0.1,Randomized,0.7759652889846391
1748,4,0.0,Naive,0.301927771381929
1749,4,0.1,Randomized,0.34934934488918
1750,4,0.0,Naive,0.8784057406260402
1751,4,0.1,Randomized,0.8784057406260402
1752,4,0.0,Naive,0.24349601987030822
1753,4,0.1,Randomized,0.8586383551090964
1754,4,0.0,Naive,0.18429911111241817
1755,4,0.1,Randomized,0.18429911111241817
1756,4,0.0,Naive,0.27136767682950885
1757,4,0.1,Randomized,0.27136767682950885
1758,4,0.0,Naive,0.8655470033105119
1759,4,0.1,Randomized,0.8907187972463019
1760,4,0.0,Naive,0.8478914173340865
1761,4,0.1,Randomized,0.8478914173340865
1762,4,0.0,Naive,0.38274250501313023
1763,4,0.1,Randomized,0.8876240861240874
1764,4,0.0,Naive,0.20782195678870216
1765,4,0.1,Randomized,0.20782195678870216
1766,4,0.0,Naive,0.8816978204309263
1767,4,0.1,Randomized,0.8816978204309263
1768,4,0.0,Naive,0.2736879077374565
1769,4,0.1,Randomized,0.2736879077374565
1770,4,0.0,Naive,0.28034315911285324
1771,4,0.1,Randomized,0.28034315911285324
1772,4,0.0,Naive,0.28588613385517736
1773,4,0.1,Randomized,0.28588613385517736
1774,4,0.0,Naive,0.2092587221532058
1775,4,0.1,Randomized,0.2682126956633352
1776,4,0.0,Naive,0.26639042527457485
1777,4,0.1,Randomized,0.26639042527457485
1778,4,0.0,Naive,0.901786954280529
1779,4,0.1,Randomized,0.901786954280529
1780,4,0.0,Naive,0.22460365219047135
1781,4,0.1,Randomized,0.22460365219047135
1782,4,0.0,Naive,0.24165016819435256
1783,4,0.1,Randomized,0.24165016819435256
1784,4,0.0,Naive,0.2774306081607137
1785,4,0.1,Randomized,0.3376681125210908
1786,4,0.0,Naive,0.2951781579778361
1787,4,0.1,Randomized,0.827312439898729
1788,4,0.0,Naive,0.9219820700046714
1789,4,0.1,Randomized,0.9219820700046714
1790,4,0.0,Naive,0.7646785773037627
1791,4,0.1,Randomized,0.7646785773037627
1792,4,0.0,Naive,0.25866597057249757
1793,4,0.1,Randomized,0.25866597057249757
1794,4,0.0,Naive,0.9077347027798599
1795,4,0.1,Randomized,0.4062657022863193
1796,4,0.0,Naive,0.2998973539163573
1797,4,0.1,Randomized,0.9006197032416612
1798,4,0.0,Naive,0.5339457816652091
1799,4,0.1,Randomized,0.9823241207600378
1800,4,0.0,Naive,0.814223483899171
1801,4,0.1,Randomized,0.814223483899171
1802,4,0.0,Naive,0.7475847981098427
1803,4,0.1,Randomized,0.7475847981098427
1804,4,0.0,Naive,0.2721689757420084
1805,4,0.1,Randomized,0.26121880971702877
1806,4,0.0,Naive,0.28674259716996436
1807,4,0.1,Randomized,0.28674259716996436
1808,4,0.0,Naive,0.9553786417827937
1809,4,0.1,Randomized,0.22852565269381253
1810,4,0.0,Naive,0.8910894843031629
1811,4,0.1,Randomized,0.8910894843031629
1812,4,0.0,Naive,0.35566315516802605
1813,4,0.1,Randomized,0.8404443749609111
1814,4,0.0,Naive,0.9252069597843925
1815,4,0.1,Randomized,0.9252069597843925
1816,4,0.0,Naive,0.17411314973567926
1817,4,0.1,Randomized,0.17411314973567926
1818,4,0.0,Naive,0.22753557221376078
1819,4,0.1,Randomized,0.22753557221376078
1820,4,0.0,Naive,0.12513908693243866
1821,4,0.1,Randomized,0.12513908693243866
1822,4,0.0,Naive,0.2947048655301351
1823,4,0.1,Randomized,0.2947048655301351
1824,4,0.0,Naive,0.8706834569790872
1825,4,0.1,Randomized,0.2781176478991495
1826,4,0.0,Naive,0.8754281265394144
1827,4,0.1,Randomized,0.8474211765047661
1828,4,0.0,Naive,0.9320821884349242
1829,4,0.1,Randomized,0.9320821884349242
1830,4,0.0,Naive,0.2655744939258165
1831,4,0.1,Randomized,0.2985996499160158
1832,4,0.0,Naive,0.3766659783382201
1833,4,0.1,Randomized,0.3766659783382201
1834,4,0.0,Naive,0.8447386227222947
1835,4,0.1,Randomized,0.852917352818928
1836,4,0.0,Naive,0.7767965984653873
1837,4,0.1,Randomized,0.7767965984653873
1838,4,0.0,Naive,0.2686648514845119
1839,4,0.1,Randomized,0.2686648514845119
1840,4,0.0,Naive,0.5694336064672315
1841,4,0.1,Randomized,0.666748895483176
1842,4,0.0,Naive,0.9599897073356656
1843,4,0.1,Randomized,0.2045697397855199
1844,4,0.0,Naive,0.17107638430165872
1845,4,0.1,Randomized,0.17107638430165872
1846,4,0.0,Naive,0.8685715952785665
1847,4,0.1,Randomized,0.8126359263423563
1848,4,0.0,Naive,0.7743278068798035
1849,4,0.1,Randomized,0.7743278068798035
1850,4,0.0,Naive,0.27914358131752204
1851,4,0.1,Randomized,0.27914358131752204
1852,4,0.0,Naive,0.29718993807285393
1853,4,0.1,Randomized,0.29718993807285393
1854,4,0.0,Naive,0.8318813396574039
1855,4,0.1,Randomized,0.8560130640402167
1856,4,0.0,Naive,0.9166188562713322
1857,4,0.1,Randomized,0.7966544493774501
1858,4,0.0,Naive,0.24413860288876338
1859,4,0.1,Randomized,0.24413860288876338
1860,4,0.0,Naive,0.2606741518256598
1861,4,0.1,Randomized,0.2606741518256598
1862,4,0.0,Naive,0.7532834311449289
1863,4,0.1,Randomized,0.7532834311449289
1864,4,0.0,Naive,0.7752210052986465
1865,4,0.1,Randomized,0.7752210052986465
1866,4,0.0,Naive,0.835514658586125
1867,4,0.1,Randomized,0.835514658586125
1868,4,0.0,Naive,0.8554567425642327
1869,4,0.1,Randomized,0.7560808247403582
1870,4,0.0,Naive,0.25555209977677185
1871,4,0.1,Randomized,0.25555209977677185
1872,4,0.0,Naive,0.30820449760482443
1873,4,0.1,Randomized,0.30820449760482443
1874,4,0.0,Naive,0.7455528122457068
1875,4,0.1,Randomized,0.7455528122457068
1876,4,0.0,Naive,0.9164688658475583
1877,4,0.1,Randomized,0.6571648567580278
1878,4,0.0,Naive,0.22284437417176717
1879,4,0.1,Randomized,0.22284437417176717
1880,4,0.0,Naive,0.2772552941834255
1881,4,0.1,Randomized,0.2772552941834255
1882,4,0.0,Naive,0.807197023895966
1883,4,0.1,Randomized,0.845377212584633
1884,4,0.0,Naive,0.8907019450359536
1885,4,0.1,Randomized,0.8907019450359536
1886,4,0.0,Naive,0.902406451744938
1887,4,0.1,Randomized,0.32007641807170056
1888,4,0.0,Naive,0.31446753000808286
1889,4,0.1,Randomized,0.31446753000808286
1890,4,0.0,Naive,0.8475207779764848
1891,4,0.1,Randomized,0.8475207779764848
1892,4,0.0,Naive,0.26319570041117346
1893,4,0.1,Randomized,0.26319570041117346
1894,4,0.0,Naive,0.8556102867595126
1895,4,0.1,Randomized,0.2950125111480711
1896,4,0.0,Naive,0.22644853343359642
1897,4,0.1,Randomized,0.22644853343359642
1898,4,0.0,Naive,0.28484418307648496
1899,4,0.1,Randomized,0.28484418307648496
1900,4,0.0,Naive,0.8667423325719096
1901,4,0.1,Randomized,0.8667423325719096
1902,4,0.0,Naive,0.6442237958540716
1903,4,0.1,Randomized,0.8481696768581513
1904,4,0.0,Naive,0.18875017213336062
1905,4,0.1,Randomized,0.18875017213336062
1906,4,0.0,Naive,0.9576398928928649
1907,4,0.1,Randomized,0.9576398928928649
1908,4,0.0,Naive,0.838732126181299
1909,4,0.1,Randomized,0.838732126181299
1910,4,0.0,Naive,0.25040268086844714
1911,4,0.1,Randomized,0.25040268086844714
1912,4,0.0,Naive,0.7674716576735136
1913,4,0.1,Randomized,0.7674716576735136
1914,4,0.0,Naive,0.286482102203983
1915,4,0.1,Randomized,0.8329875722683506
1916,4,0.0,Naive,0.8586137791975653
1917,4,0.1,Randomized,0.307899185767567
1918,4,0.0,Naive,0.9291994405513931
1919,4,0.1,Randomized,0.9279066124437028
1920,4,0.0,Naive,0.8232911618518314
1921,4,0.1,Randomized,0.8232911618518314
1922,4,0.0,Naive,0.7964240375453798
1923,4,0.1,Randomized,0.6714922954178962
1924,4,0.0,Naive,0.8959194806169494
1925,4,0.1,Randomized,0.40433222178554
1926,4,0.0,Naive,0.8285946496478631
1927,4,0.1,Randomized,0.8285946496478631
1928,4,0.0,Naive,0.8231642639516359
1929,4,0.1,Randomized,0.8231642639516359
1930,4,0.0,Naive,0.8759252940760545
1931,4,0.1,Randomized,0.8759252940760545
1932,4,0.0,Naive,0.9133180702443069
1933,4,0.1,Randomized,0.8536428471632593
1934,4,0.0,Naive,0.781400627836278
1935,4,0.1,Randomized,0.4703785280784272
1936,4,0.0,Naive,0.2721315332678613
1937,4,0.1,Randomized,0.2721315332678613
1938,4,0.0,Naive,0.5458630382176047
1939,4,0.1,Randomized,0.5458630382176047
1940,4,0.0,Naive,0.8563519729306553
1941,4,0.1,Randomized,0.8563519729306553
1942,4,0.0,Naive,0.2947357791904975
1943,4,0.1,Randomized,0.2947357791904975
1944,4,0.0,Naive,0.28774742020344946
1945,4,0.1,Randomized,0.28774742020344946
1946,4,0.0,Naive,0.8189491804248216
1947,4,0.1,Randomized,0.8189491804248216
1948,4,0.0,Naive,0.2731889345413154
1949,4,0.1,Randomized,0.2731889345413154
1950,4,0.0,Naive,0.9838770683930249
1951,4,0.1,Randomized,0.253439898944014
1952,4,0.0,Naive,0.8795075884392838
1953,4,0.1,Randomized,0.8795075884392838
1954,4,0.0,Naive,0.24076550152646892
1955,4,0.1,Randomized,0.24076550152646892
1956,4,0.0,Naive,0.26321925831673265
1957,4,0.1,Randomized,0.26321925831673265
1958,4,0.0,Naive,0.2185032893239392
1959,4,0.1,Randomized,0.2185032893239392
1960,4,0.0,Naive,0.8618283911530353
1961,4,0.1,Randomized,0.6492210270465988
1962,4,0.0,Naive,0.897149375141686
1963,4,0.1,Randomized,0.897149375141686
1964,4,0.0,Naive,0.9009512729772846
1965,4,0.1,Randomized,0.9009512729772846
1966,4,0.0,Naive,0.27994382990194533
1967,4,0.1,Randomized,0.9189928081142535
1968,4,0.0,Naive,0.6284786360185797
1969,4,0.1,Randomized,0.6284786360185797
1970,4,0.0,Naive,0.9394777678765325
1971,4,0.1,Randomized,0.7385765145721981
1972,4,0.0,Naive,0.8021456879582431
1973,4,0.1,Randomized,0.8021456879582431
1974,4,0.0,Naive,0.9185283409583486
1975,4,0.1,Randomized,0.9185283409583486
1976,4,0.0,Naive,0.7842813136531296
1977,4,0.1,Randomized,0.7842813136531296
1978,4,0.0,Naive,0.16276325261572477
1979,4,0.1,Randomized,0.16276325261572477
1980,4,0.0,Naive,0.8716529708515146
1981,4,0.1,Randomized,0.9485056710951257
1982,4,0.0,Naive,0.8290191351985272
1983,4,0.1,Randomized,0.7693590057097904
1984,4,0.0,Naive,0.1818977295854845
1985,4,0.1,Randomized,0.1818977295854845
1986,4,0.0,Naive,0.24077271471908523
1987,4,0.1,Randomized,0.24077271471908523
1988,4,0.0,Naive,0.8518312040146842
1989,4,0.1,Randomized,0.8518312040146842
1990,4,0.0,Naive,0.8757084081196929
1991,4,0.1,Randomized,0.8757084081196929
1992,4,0.0,Naive,0.8337337411150219
1993,4,0.1,Randomized,0.8337337411150219
1994,4,0.0,Naive,0.8518780335761807
1995,4,0.1,Randomized,0.8518780335761807
1996,4,0.0,Naive,0.8494839559684836
1997,4,0.1,Randomized,0.8494839559684836
1998,4,0.0,Naive,0.9435332615447258
1999,4,0.1,Randomized,0.9435332615447258
2000,6,0.0,Naive,0.14787655679995967
2001,6,0.1,Randomized,0.14787655679995967
2002,6,0.0,Naive,0.16321097758157485
2003,6,0.1,Randomized,0.16321097758157485
2004,6,0.0,Naive,0.16188373883513701
2005,6,0.1,Randomized,0.16188373883513701
2006,6,0.0,Naive,0.11762599770058033
2007,6,0.1,Randomized,0.11762599770058033
2008,6,0.0,Naive,0.15582196312308927
2009,6,0.1,Randomized,0.15582196312308927
2010,6,0.0,Naive,0.17379870027132668
2011,6,0.1,Randomized,0.17379870027132668
2012,6,0.0,Naive,0.17138834445536785
2013,6,0.1,Randomized,0.17138834445536785
2014,6,0.0,Naive,0.16270293344997255
2015,6,0.1,Randomized,0.16270293344997255
2016,6,0.0,Naive,0.20322423046653662
2017,6,0.1,Randomized,0.2296890875122589
2018,6,0.0,Naive,0.17774297139118106
2019,6,0.1,Randomized,0.17774297139118106
2020,6,0.0,Naive,0.15905887557679188
2021,6,0.1,Randomized,0.15905887557679188
2022,6,0.0,Naive,0.13911655914726204
2023,6,0.1,Randomized,0.13911655914726204
2024,6,0.0,Naive,0.17539335391186464
2025,6,0.1,Randomized,0.17539335391186464
2026,6,0.0,Naive,0.15465345001673528
2027,6,0.1,Randomized,0.15465345001673528
2028,6,0.0,Naive,0.20540079472584094
2029,6,0.1,Randomized,0.20540079472584094
2030,6,0.0,Naive,0.1791110282928581
2031,6,0.1,Randomized,0.1791110282928581
2032,6,0.0,Naive,0.1685759878807447
2033,6,0.1,Randomized,0.1685759878807447
2034,6,0.0,Naive,0.15106070323576729
2035,6,0.1,Randomized,0.15106070323576729
2036,6,0.0,Naive,0.16986744879215512
2037,6,0.1,Randomized,0.16986744879215512
2038,6,0.0,Naive,0.22860128875237462
2039,6,0.1,Randomized,0.22860128875237462
2040,6,0.0,Naive,0.1366752599873546
2041,6,0.1,Randomized,0.1366752599873546
2042,6,0.0,Naive,0.8507772143401028
2043,6,0.1,Randomized,0.8507772143401028
2044,6,0.0,Naive,0.9151538187914738
2045,6,0.1,Randomized,0.9151538187914738
2046,6,0.0,Naive,0.15304809038503106
2047,6,0.1,Randomized,0.15304809038503106
2048,6,0.0,Naive,0.09729703000282673
2049,6,0.1,Randomized,0.09729703000282673
2050,6,0.0,Naive,0.15101845996625765
2051,6,0.1,Randomized,0.15101845996625765
2052,6,0.0,Naive,0.11383991023161355
2053,6,0.1,Randomized,0.11383991023161355
2054,6,0.0,Naive,0.19214819083133802
2055,6,0.1,Randomized,0.19214819083133802
2056,6,0.0,Naive,0.16116677244506186
2057,6,0.1,Randomized,0.16116677244506186
2058,6,0.0,Naive,0.17771085352760033
2059,6,0.1,Randomized,0.17771085352760033
2060,6,0.0,Naive,0.16267047448232433
2061,6,0.1,Randomized,0.16267047448232433
2062,6,0.0,Naive,0.14431887347023
2063,6,0.1,Randomized,0.14431887347023
2064,6,0.0,Naive,0.8865845640116763
2065,6,0.1,Randomized,0.5454548100533556
2066,6,0.0,Naive,0.09000925016960538
2067,6,0.1,Randomized,0.09000925016960538
2068,6,0.0,Naive,0.24132532754443928
2069,6,0.1,Randomized,0.24132532754443928
2070,6,0.0,Naive,0.18503477189455617
2071,6,0.1,Randomized,0.8912533497590263
2072,6,0.0,Naive,0.14039299380556103
2073,6,0.1,Randomized,0.14039299380556103
2074,6,0.0,Naive,0.20843520915181998
2075,6,0.1,Randomized,0.20843520915181998
2076,6,0.0,Naive,0.16921920163135978
2077,6,0.1,Randomized,0.16921920163135978
2078,6,0.0,Naive,0.20010415902518525
2079,6,0.1,Randomized,0.20010415902518525
2080,6,0.0,Naive,0.17301294205648446
2081,6,0.1,Randomized,0.17301294205648446
2082,6,0.0,Naive,0.126983244319544
2083,6,0.1,Randomized,0.126983244319544
2084,6,0.0,Naive,0.24154091287306226
2085,6,0.1,Randomized,0.24154091287306226
2086,6,0.0,Naive,0.11100073969189997
2087,6,0.1,Randomized,0.11100073969189997
2088,6,0.0,Naive,0.15967835580140893
2089,6,0.1,Randomized,0.15967835580140893
2090,6,0.0,Naive,0.15004753347679686
2091,6,0.1,Randomized,0.15004753347679686
2092,6,0.0,Naive,0.16769209699193716
2093,6,0.1,Randomized,0.9502459677020243
2094,6,0.0,Naive,0.1703554369814022
2095,6,0.1,Randomized,0.1703554369814022
2096,6,0.0,Naive,0.1676958799987308
2097,6,0.1,Randomized,0.1676958799987308
2098,6,0.0,Naive,0.20120501315084843
2099,6,0.1,Randomized,0.20120501315084843
2100,6,0.0,Naive,0.16010160033379223
2101,6,0.1,Randomized,0.16010160033379223
2102,6,0.0,Naive,0.17403632139229133
2103,6,0.1,Randomized,0.17403632139229133
2104,6,0.0,Naive,0.0957869661452689
2105,6,0.1,Randomized,0.0957869661452689
2106,6,0.0,Naive,0.1557867425167053
2107,6,0.1,Randomized,0.1557867425167053
2108,6,0.0,Naive,0.1496993971274638
2109,6,0.1,Randomized,0.1496993971274638
2110,6,0.0,Naive,0.15459922533205903
2111,6,0.1,Randomized,0.15459922533205903
2112,6,0.0,Naive,0.21144830692864028
2113,6,0.1,Randomized,0.689692401781106
2114,6,0.0,Naive,0.17513300060829792
2115,6,0.1,Randomized,0.17513300060829792
2116,6,0.0,Naive,0.1497095452032798
2117,6,0.1,Randomized,0.1497095452032798
2118,6,0.0,Naive,0.14690986178642287
2119,6,0.1,Randomized,0.14690986178642287
2120,6,0.0,Naive,0.200742302559661
2121,6,0.1,Randomized,0.200742302559661
2122,6,0.0,Naive,0.1562846731097779
2123,6,0.1,Randomized,0.1562846731097779
2124,6,0.0,Naive,0.15251903444728862
2125,6,0.1,Randomized,0.15251903444728862
2126,6,0.0,Naive,0.1679722807136188
2127,6,0.1,Randomized,0.1679722807136188
2128,6,0.0,Naive,0.15097042290718218
2129,6,0.1,Randomized,0.15097042290718218
2130,6,0.0,Naive,0.12636977619670403
2131,6,0.1,Randomized,0.12636977619670403
2132,6,0.0,Naive,0.18393512917649002
2133,6,0.1,Randomized,0.18393512917649002
2134,6,0.0,Naive,0.13554468624464208
2135,6,0.1,Randomized,0.13554468624464208
2136,6,0.0,Naive,0.15673412837832337
2137,6,0.1,Randomized,0.15673412837832337
2138,6,0.0,Naive,0.15794989372984164
2139,6,0.1,Randomized,0.15794989372984164
2140,6,0.0,Naive,0.1648930053178366
2141,6,0.1,Randomized,0.1648930053178366
2142,6,0.0,Naive,0.22310553205896755
2143,6,0.1,Randomized,0.22310553205896755
2144,6,0.0,Naive,0.08062870993867455
2145,6,0.1,Randomized,0.08062870993867455
2146,6,0.0,Naive,0.11930541091515356
2147,6,0.1,Randomized,0.11930541091515356
2148,6,0.0,Naive,0.12204123449207309
2149,6,0.1,Randomized,0.12204123449207309
2150,6,0.0,Naive,0.18059897542397205
2151,6,0.1,Randomized,0.18059897542397205
2152,6,0.0,Naive,0.12260851527230933
2153,6,0.1,Randomized,0.12260851527230933
2154,6,0.0,Naive,0.16822049125211797
2155,6,0.1,Randomized,0.16822049125211797
2156,6,0.0,Naive,0.22430588211735603
2157,6,0.1,Randomized,0.22430588211735603
2158,6,0.0,Naive,0.10368505896622478
2159,6,0.1,Randomized,0.10368505896622478
2160,6,0.0,Naive,0.7770915840225371
2161,6,0.1,Randomized,0.7770915840225371
2162,6,0.0,Naive,0.2415232793778173
2163,6,0.1,Randomized,0.2565234387979821
2164,6,0.0,Naive,0.21764647536993842
2165,6,0.1,Randomized,0.21764647536993842
2166,6,0.0,Naive,0.8755364737193357
2167,6,0.1,Randomized,0.8361153374900656
2168,6,0.0,Naive,0.136197824038835
2169,6,0.1,Randomized,0.136197824038835
2170,6,0.0,Naive,0.1443831614502593
2171,6,0.1,Randomized,0.1443831614502593
2172,6,0.0,Naive,0.12026566588556635
2173,6,0.1,Randomized,0.12026566588556635
2174,6,0.0,Naive,0.11322266869494349
2175,6,0.1,Randomized,0.11322266869494349
2176,6,0.0,Naive,0.16586853709198798
2177,6,0.1,Randomized,0.16586853709198798
2178,6,0.0,Naive,0.07834394947289354
2179,6,0.1,Randomized,0.07834394947289354
2180,6,0.0,Naive,0.12262817373551367
2181,6,0.1,Randomized,0.12262817373551367
2182,6,0.0,Naive,0.2491176017889074
2183,6,0.1,Randomized,0.2491176017889074
2184,6,0.0,Naive,0.9018213288772954
2185,6,0.1,Randomized,0.9018213288772954
2186,6,0.0,Naive,0.1669637285447319
2187,6,0.1,Randomized,0.1669637285447319
2188,6,0.0,Naive,0.13435105200259634
2189,6,0.1,Randomized,0.13435105200259634
2190,6,0.0,Naive,0.1456889797612833
2191,6,0.1,Randomized,0.1456889797612833
2192,6,0.0,Naive,0.17332581570807737
2193,6,0.1,Randomized,0.17332581570807737
2194,6,0.0,Naive,0.1481655282486698
2195,6,0.1,Randomized,0.1481655282486698
2196,6,0.0,Naive,0.20321803830926832
2197,6,0.1,Randomized,0.20321803830926832
2198,6,0.0,Naive,0.23718723816134393
2199,6,0.1,Randomized,0.23718723816134393
2200,6,0.0,Naive,0.8536511355509566
2201,6,0.1,Randomized,0.8536511355509566
2202,6,0.0,Naive,0.1698848075647599
2203,6,0.1,Randomized,0.1698848075647599
2204,6,0.0,Naive,0.12954318773549067
2205,6,0.1,Randomized,0.12954318773549067
2206,6,0.0,Naive,0.13530482191630683
2207,6,0.1,Randomized,0.13530482191630683
2208,6,0.0,Naive,0.15596077174993095
2209,6,0.1,Randomized,0.15596077174993095
2210,6,0.0,Naive,0.19909808302360577
2211,6,0.1,Randomized,0.19909808302360577
2212,6,0.0,Naive,0.16810194823695504
2213,6,0.1,Randomized,0.16810194823695504
2214,6,0.0,Naive,0.17992832350894417
2215,6,0.1,Randomized,0.17992832350894417
2216,6,0.0,Naive,0.10507340844337665
2217,6,0.1,Randomized,0.10507340844337665
2218,6,0.0,Naive,0.13520464746846625
2219,6,0.1,Randomized,0.13520464746846625
2220,6,0.0,Naive,0.897734914140988
2221,6,0.1,Randomized,0.897734914140988
2222,6,0.0,Naive,0.21381965457057198
2223,6,0.1,Randomized,0.8315209496972745
2224,6,0.0,Naive,0.15188771764948797
2225,6,0.1,Randomized,0.15188771764948797
2226,6,0.0,Naive,0.1669259257263522
2227,6,0.1,Randomized,0.1669259257263522
2228,6,0.0,Naive,0.1765003942327758
2229,6,0.1,Randomized,0.1765003942327758
2230,6,0.0,Naive,0.17408503629301392
2231,6,0.1,Randomized,0.17408503629301392
2232,6,0.0,Naive,0.12159501885692053
2233,6,0.1,Randomized,0.12159501885692053
2234,6,0.0,Naive,0.1879327739652081
2235,6,0.1,Randomized,0.1879327739652081
2236,6,0.0,Naive,0.15001891215877008
2237,6,0.1,Randomized,0.15001891215877008
2238,6,0.0,Naive,0.18292099887034263
2239,6,0.1,Randomized,0.18292099887034263
2240,6,0.0,Naive,0.13616291410331555
2241,6,0.1,Randomized,0.13616291410331555
2242,6,0.0,Naive,0.13914115569251004
2243,6,0.1,Randomized,0.13914115569251004
2244,6,0.0,Naive,0.13894291454570556
2245,6,0.1,Randomized,0.13894291454570556
2246,6,0.0,Naive,0.16208079866347064
2247,6,0.1,Randomized,0.16208079866347064
2248,6,0.0,Naive,0.1636715311383991
2249,6,0.1,Randomized,0.1636715311383991
2250,6,0.0,Naive,0.24428296873749933
2251,6,0.1,Randomized,0.24428296873749933
2252,6,0.0,Naive,0.15242622518356075
2253,6,0.1,Randomized,0.15242622518356075
2254,6,0.0,Naive,0.20055580963243108
2255,6,0.1,Randomized,0.20055580963243108
2256,6,0.0,Naive,0.11324162700273233
2257,6,0.1,Randomized,0.11324162700273233
2258,6,0.0,Naive,0.17385168695663608
2259,6,0.1,Randomized,0.15951198539369255
2260,6,0.0,Naive,0.11016461009405211
2261,6,0.1,Randomized,0.11016461009405211
2262,6,0.0,Naive,0.1443463160398184
2263,6,0.1,Randomized,0.1443463160398184
2264,6,0.0,Naive,0.1226917207640591
2265,6,0.1,Randomized,0.1226917207640591
2266,6,0.0,Naive,0.1963635076944058
2267,6,0.1,Randomized,0.926775051820181
2268,6,0.0,Naive,0.15840457070986422
2269,6,0.1,Randomized,0.24652329921189173
2270,6,0.0,Naive,0.14048157860569255
2271,6,0.1,Randomized,0.14048157860569255
2272,6,0.0,Naive,0.15102312899600734
2273,6,0.1,Randomized,0.15102312899600734
2274,6,0.0,Naive,0.21916097250311067
2275,6,0.1,Randomized,0.936843684194602
2276,6,0.0,Naive,0.1514611162583584
2277,6,0.1,Randomized,0.1514611162583584
2278,6,0.0,Naive,0.18956377286377143
2279,6,0.1,Randomized,0.18956377286377143
2280,6,0.0,Naive,0.25046055425827457
2281,6,0.1,Randomized,0.25046055425827457
2282,6,0.0,Naive,0.16792881560460884
2283,6,0.1,Randomized,0.16792881560460884
2284,6,0.0,Naive,0.22901130746451318
2285,6,0.1,Randomized,0.22901130746451318
2286,6,0.0,Naive,0.22898407112612146
2287,6,0.1,Randomized,0.22898407112612146
2288,6,0.0,Naive,0.213607068625432
2289,6,0.1,Randomized,0.213607068625432
2290,6,0.0,Naive,0.15554679550578293
2291,6,0.1,Randomized,0.15554679550578293
2292,6,0.0,Naive,0.1092350911528876
2293,6,0.1,Randomized,0.1092350911528876
2294,6,0.0,Naive,0.1612178447764928
2295,6,0.1,Randomized,0.1612178447764928
2296,6,0.0,Naive,0.2727197862352208
2297,6,0.1,Randomized,0.8331941906517267
2298,6,0.0,Naive,0.1981732078483937
2299,6,0.1,Randomized,0.1981732078483937
2300,6,0.0,Naive,0.23173460040301924
2301,6,0.1,Randomized,0.23173460040301924
2302,6,0.0,Naive,0.15960428200336993
2303,6,0.1,Randomized,0.15960428200336993
2304,6,0.0,Naive,0.09367078221783612
2305,6,0.1,Randomized,0.09367078221783612
2306,6,0.0,Naive,0.18148027219394502
2307,6,0.1,Randomized,0.18148027219394502
2308,6,0.0,Naive,0.24551143484753454
2309,6,0.1,Randomized,0.24551143484753454
2310,6,0.0,Naive,0.15401540123097446
2311,6,0.1,Randomized,0.15401540123097446
2312,6,0.0,Naive,0.15789968474133076
2313,6,0.1,Randomized,0.15789968474133076
2314,6,0.0,Naive,0.2178233596756347
2315,6,0.1,Randomized,0.9280891493417877
2316,6,0.0,Naive,0.1447975174652101
2317,6,0.1,Randomized,0.1447975174652101
2318,6,0.0,Naive,0.202855966413367
2319,6,0.1,Randomized,0.202855966413367
2320,6,0.0,Naive,0.1383468106055283
2321,6,0.1,Randomized,0.1383468106055283
2322,6,0.0,Naive,0.17945056534557735
2323,6,0.1,Randomized,0.33106401856652073
2324,6,0.0,Naive,0.11386071814669364
2325,6,0.1,Randomized,0.11386071814669364
2326,6,0.0,Naive,0.12110555094774403
2327,6,0.1,Randomized,0.12110555094774403
2328,6,0.0,Naive,0.14039550664091843
2329,6,0.1,Randomized,0.14039550664091843
2330,6,0.0,Naive,0.15308338405055724
2331,6,0.1,Randomized,0.15308338405055724
2332,6,0.0,Naive,0.1465110669445559
2333,6,0.1,Randomized,0.1465110669445559
2334,6,0.0,Naive,0.16234681940400572
2335,6,0.1,Randomized,0.16234681940400572
2336,6,0.0,Naive,0.18483597331927515
2337,6,0.1,Randomized,0.18483597331927515
2338,6,0.0,Naive,0.11069115340001723
2339,6,0.1,Randomized,0.11069115340001723
2340,6,0.0,Naive,0.1284088239999786
2341,6,0.1,Randomized,0.1284088239999786
2342,6,0.0,Naive,0.23172983099907096
2343,6,0.1,Randomized,0.2994755418992827
2344,6,0.0,Naive,0.1475249531030418
2345,6,0.1,Randomized,0.1475249531030418
2346,6,0.0,Naive,0.08868439751412668
2347,6,0.1,Randomized,0.08868439751412668
2348,6,0.0,Naive,0.15706783660396664
2349,6,0.1,Randomized,0.15706783660396664
2350,6,0.0,Naive,0.09347046279181973
2351,6,0.1,Randomized,0.09347046279181973
2352,6,0.0,Naive,0.16226279103364974
2353,6,0.1,Randomized,0.16226279103364974
2354,6,0.0,Naive,0.21858799809066154
2355,6,0.1,Randomized,0.21858799809066154
2356,6,0.0,Naive,0.19682409293993575
2357,6,0.1,Randomized,0.19682409293993575
2358,6,0.0,Naive,0.22733365348778875
2359,6,0.1,Randomized,0.22733365348778875
2360,6,0.0,Naive,0.1578075147133118
2361,6,0.1,Randomized,0.1578075147133118
2362,6,0.0,Naive,0.14876516768225959
2363,6,0.1,Randomized,0.14876516768225959
2364,6,0.0,Naive,0.16543420212237656
2365,6,0.1,Randomized,0.16543420212237656
2366,6,0.0,Naive,0.17116824805696793
2367,6,0.1,Randomized,0.17116824805696793
2368,6,0.0,Naive,0.1393553281778452
2369,6,0.1,Randomized,0.1393553281778452
2370,6,0.0,Naive,0.8475205652879618
2371,6,0.1,Randomized,0.20551766940428795
2372,6,0.0,Naive,0.15105569668185423
2373,6,0.1,Randomized,0.15105569668185423
2374,6,0.0,Naive,0.19565011056804532
2375,6,0.1,Randomized,0.19565011056804532
2376,6,0.0,Naive,0.15446014716465384
2377,6,0.1,Randomized,0.15446014716465384
2378,6,0.0,Naive,0.17674786265132175
2379,6,0.1,Randomized,0.17674786265132175
2380,6,0.0,Naive,0.1744020930140785
2381,6,0.1,Randomized,0.1744020930140785
2382,6,0.0,Naive,0.1207679881637292
2383,6,0.1,Randomized,0.1207679881637292
2384,6,0.0,Naive,0.19602933997165764
2385,6,0.1,Randomized,0.19602933997165764
2386,6,0.0,Naive,0.13911741538016195
2387,6,0.1,Randomized,0.13911741538016195
2388,6,0.0,Naive,0.1438746931734014
2389,6,0.1,Randomized,0.1438746931734014
2390,6,0.0,Naive,0.16573365259906767
2391,6,0.1,Randomized,0.16573365259906767
2392,6,0.0,Naive,0.1038703872554398
2393,6,0.1,Randomized,0.1038703872554398
2394,6,0.0,Naive,0.1599053389911272
2395,6,0.1,Randomized,0.1599053389911272
2396,6,0.0,Naive,0.1578052298126886
2397,6,0.1,Randomized,0.1578052298126886
2398,6,0.0,Naive,0.16012636333533314
2399,6,0.1,Randomized,0.16012636333533314
2400,6,0.0,Naive,0.1816519278812254
2401,6,0.1,Randomized,0.9081105806842913
2402,6,0.0,Naive,0.1612935031309908
2403,6,0.1,Randomized,0.1612935031309908
2404,6,0.0,Naive,0.15154464820550864
2405,6,0.1,Randomized,0.15154464820550864
2406,6,0.0,Naive,0.1271262576330963
2407,6,0.1,Randomized,0.8827723317889008
2408,6,0.0,Naive,0.1653662716681705
2409,6,0.1,Randomized,0.1653662716681705
2410,6,0.0,Naive,0.09015724225332855
2411,6,0.1,Randomized,0.09015724225332855
2412,6,0.0,Naive,0.16254356977489945
2413,6,0.1,Randomized,0.8654854457655887
2414,6,0.0,Naive,0.19771926688455344
2415,6,0.1,Randomized,0.19771926688455344
2416,6,0.0,Naive,0.16292359325882716
2417,6,0.1,Randomized,0.16292359325882716
2418,6,0.0,Naive,0.1559463418691709
2419,6,0.1,Randomized,0.1559463418691709
2420,6,0.0,Naive,0.15155336933274946
2421,6,0.1,Randomized,0.15155336933274946
2422,6,0.0,Naive,0.2127740645338163
2423,6,0.1,Randomized,0.2127740645338163
2424,6,0.0,Naive,0.12548706503977036
2425,6,0.1,Randomized,0.12548706503977036
2426,6,0.0,Naive,0.9074170464227012
2427,6,0.1,Randomized,0.9074170464227012
2428,6,0.0,Naive,0.24460807026990491
2429,6,0.1,Randomized,0.24460807026990491
2430,6,0.0,Naive,0.15704417476032134
2431,6,0.1,Randomized,0.15704417476032134
2432,6,0.0,Naive,0.11469344776576558
2433,6,0.1,Randomized,0.11469344776576558
2434,6,0.0,Naive,0.9320008668790762
2435,6,0.1,Randomized,0.9320008668790762
2436,6,0.0,Naive,0.19830599467767923
2437,6,0.1,Randomized,0.19830599467767923
2438,6,0.0,Naive,0.5323215536936163
2439,6,0.1,Randomized,0.25780669244000026
2440,6,0.0,Naive,0.14079438458043736
2441,6,0.1,Randomized,0.14079438458043736
2442,6,0.0,Naive,0.1386236196566241
2443,6,0.1,Randomized,0.1386236196566241
2444,6,0.0,Naive,0.17196122863430144
2445,6,0.1,Randomized,0.17196122863430144
2446,6,0.0,Naive,0.19048576881828694
2447,6,0.1,Randomized,0.19048576881828694
2448,6,0.0,Naive,0.1211459628605076
2449,6,0.1,Randomized,0.1211459628605076
2450,6,0.0,Naive,0.21747521599963654
2451,6,0.1,Randomized,0.21747521599963654
2452,6,0.0,Naive,0.1857569223411716
2453,6,0.1,Randomized,0.1857569223411716
2454,6,0.0,Naive,0.1979438280716728
2455,6,0.1,Randomized,0.1979438280716728
2456,6,0.0,Naive,0.19438442479012077
2457,6,0.1,Randomized,0.19438442479012077
2458,6,0.0,Naive,0.13735343037555475
2459,6,0.1,Randomized,0.13735343037555475
2460,6,0.0,Naive,0.2806047623894757
2461,6,0.1,Randomized,0.2672785163040597
2462,6,0.0,Naive,0.16508778338670618
2463,6,0.1,Randomized,0.16508778338670618
2464,6,0.0,Naive,0.16112371355411947
2465,6,0.1,Randomized,0.16112371355411947
2466,6,0.0,Naive,0.18195127614469503
2467,6,0.1,Randomized,0.18195127614469503
2468,6,0.0,Naive,0.24002778583472772
2469,6,0.1,Randomized,0.24002778583472772
2470,6,0.0,Naive,0.1479522839410519
2471,6,0.1,Randomized,0.1479522839410519
2472,6,0.0,Naive,0.1631564836845874
2473,6,0.1,Randomized,0.1631564836845874
2474,6,0.0,Naive,0.13417244961392963
2475,6,0.1,Randomized,0.13417244961392963
2476,6,0.0,Naive,0.16675452784016206
2477,6,0.1,Randomized,0.16675452784016206
2478,6,0.0,Naive,0.155200733547699
2479,6,0.1,Randomized,0.155200733547699
2480,6,0.0,Naive,0.15712074662979122
2481,6,0.1,Randomized,0.15712074662979122
2482,6,0.0,Naive,0.17714346042268597
2483,6,0.1,Randomized,0.17714346042268597
2484,6,0.0,Naive,0.16874157485273303
2485,6,0.1,Randomized,0.16874157485273303
2486,6,0.0,Naive,0.17116097442848036
2487,6,0.1,Randomized,0.17116097442848036
2488,6,0.0,Naive,0.16022472396176132
2489,6,0.1,Randomized,0.16022472396176132
2490,6,0.0,Naive,0.16183578297179593
2491,6,0.1,Randomized,0.8446819251829484
2492,6,0.0,Naive,0.15427070203396767
2493,6,0.1,Randomized,0.15427070203396767
2494,6,0.0,Naive,0.17863938002713517
2495,6,0.1,Randomized,0.17863938002713517
2496,6,0.0,Naive,0.13505333685120893
2497,6,0.1,Randomized,0.13505333685120893
2498,6,0.0,Naive,0.1144955413595674
2499,6,0.1,Randomized,0.1144955413595674
2500,6,0.0,Naive,0.20157465627395987
2501,6,0.1,Randomized,0.20157465627395987
2502,6,0.0,Naive,0.925812254458553
2503,6,0.1,Randomized,0.925812254458553
2504,6,0.0,Naive,0.17194858688370993
2505,6,0.1,Randomized,0.17194858688370993
2506,6,0.0,Naive,0.12594223323514217
2507,6,0.1,Randomized,0.12594223323514217
2508,6,0.0,Naive,0.18557748580912226
2509,6,0.1,Randomized,0.18557748580912226
2510,6,0.0,Naive,0.14243925408682823
2511,6,0.1,Randomized,0.14243925408682823
2512,6,0.0,Naive,0.16027457515323412
2513,6,0.1,Randomized,0.16027457515323412
2514,6,0.0,Naive,0.15043257732689225
2515,6,0.1,Randomized,0.15043257732689225
2516,6,0.0,Naive,0.13819442798500212
2517,6,0.1,Randomized,0.13819442798500212
2518,6,0.0,Naive,0.10068206688646485
2519,6,0.1,Randomized,0.10068206688646485
2520,6,0.0,Naive,0.1061109730607679
2521,6,0.1,Randomized,0.1061109730607679
2522,6,0.0,Naive,0.12052738699824782
2523,6,0.1,Randomized,0.12052738699824782
2524,6,0.0,Naive,0.15485724198397074
2525,6,0.1,Randomized,0.15485724198397074
2526,6,0.0,Naive,0.1041713887514393
2527,6,0.1,Randomized,0.1041713887514393
2528,6,0.0,Naive,0.9081731230511546
2529,6,0.1,Randomized,0.9081731230511546
2530,6,0.0,Naive,0.13463204060823425
2531,6,0.1,Randomized,0.13463204060823425
2532,6,0.0,Naive,0.12313713219317259
2533,6,0.1,Randomized,0.12313713219317259
2534,6,0.0,Naive,0.11398644798987696
2535,6,0.1,Randomized,0.11398644798987696
2536,6,0.0,Naive,0.17966919653937116
2537,6,0.1,Randomized,0.17966919653937116
2538,6,0.0,Naive,0.17749332221788894
2539,6,0.1,Randomized,0.17749332221788894
2540,6,0.0,Naive,0.11148443136120084
2541,6,0.1,Randomized,0.11148443136120084
2542,6,0.0,Naive,0.1971510563928049
2543,6,0.1,Randomized,0.1971510563928049
2544,6,0.0,Naive,0.15861139819015513
2545,6,0.1,Randomized,0.15861139819015513
2546,6,0.0,Naive,0.21637422978530554
2547,6,0.1,Randomized,0.8848525972756409
2548,6,0.0,Naive,0.17714493796714065
2549,6,0.1,Randomized,0.17130551376414835
2550,6,0.0,Naive,0.1443975175454353
2551,6,0.1,Randomized,0.1443975175454353
2552,6,0.0,Naive,0.116348572840807
2553,6,0.1,Randomized,0.116348572840807
2554,6,0.0,Naive,0.1950538029575944
2555,6,0.1,Randomized,0.8770909477289083
2556,6,0.0,Naive,0.1880549179058241
2557,6,0.1,Randomized,0.1880549179058241
2558,6,0.0,Naive,0.1838963018370088
2559,6,0.1,Randomized,0.1838963018370088
2560,6,0.0,Naive,0.19739273388665876
2561,6,0.1,Randomized,0.19739273388665876
2562,6,0.0,Naive,0.09936226966270315
2563,6,0.1,Randomized,0.09936226966270315
2564,6,0.0,Naive,0.14056263296829297
2565,6,0.1,Randomized,0.14056263296829297
2566,6,0.0,Naive,0.10512190965658903
2567,6,0.1,Randomized,0.10512190965658903
2568,6,0.0,Naive,0.12698163299710982
2569,6,0.1,Randomized,0.12698163299710982
2570,6,0.0,Naive,0.4685523024333833
2571,6,0.1,Randomized,0.3175618722470996
2572,6,0.0,Naive,0.16498484920836706
2573,6,0.1,Randomized,0.16498484920836706
2574,6,0.0,Naive,0.8452308987846524
2575,6,0.1,Randomized,0.8452308987846524
2576,6,0.0,Naive,0.11418859551719031
2577,6,0.1,Randomized,0.11418859551719031
2578,6,0.0,Naive,0.17541185304670234
2579,6,0.1,Randomized,0.17541185304670234
2580,6,0.0,Naive,0.14138408546386175
2581,6,0.1,Randomized,0.14138408546386175
2582,6,0.0,Naive,0.14488302802776323
2583,6,0.1,Randomized,0.14488302802776323
2584,6,0.0,Naive,0.24597011917978912
2585,6,0.1,Randomized,0.24597011917978912
2586,6,0.0,Naive,0.15423302342714632
2587,6,0.1,Randomized,0.15423302342714632
2588,6,0.0,Naive,0.13747726533094676
2589,6,0.1,Randomized,0.13747726533094676
2590,6,0.0,Naive,0.13708951301924197
2591,6,0.1,Randomized,0.13708951301924197
2592,6,0.0,Naive,0.08392717297521625
2593,6,0.1,Randomized,0.08392717297521625
2594,6,0.0,Naive,0.19229600792940243
2595,6,0.1,Randomized,0.19229600792940243
2596,6,0.0,Naive,0.15278874715046914
2597,6,0.1,Randomized,0.15278874715046914
2598,6,0.0,Naive,0.10551394820724339
2599,6,0.1,Randomized,0.10551394820724339
2600,6,0.0,Naive,0.15377479301317817
2601,6,0.1,Randomized,0.15377479301317817
2602,6,0.0,Naive,0.16316750204206698
2603,6,0.1,Randomized,0.16316750204206698
2604,6,0.0,Naive,0.18776155765872446
2605,6,0.1,Randomized,0.18776155765872446
2606,6,0.0,Naive,0.18834725752748224
2607,6,0.1,Randomized,0.18834725752748224
2608,6,0.0,Naive,0.16955903714924175
2609,6,0.1,Randomized,0.16955903714924175
2610,6,0.0,Naive,0.1993868182454884
2611,6,0.1,Randomized,0.1993868182454884
2612,6,0.0,Naive,0.12144785581768507
2613,6,0.1,Randomized,0.12144785581768507
2614,6,0.0,Naive,0.1351514661282498
2615,6,0.1,Randomized,0.1351514661282498
2616,6,0.0,Naive,0.21555921379950838
2617,6,0.1,Randomized,0.21555921379950838
2618,6,0.0,Naive,0.17049982935428545
2619,6,0.1,Randomized,0.17049982935428545
2620,6,0.0,Naive,0.16975140701576596
2621,6,0.1,Randomized,0.16975140701576596
2622,6,0.0,Naive,0.13335917544639403
2623,6,0.1,Randomized,0.13335917544639403
2624,6,0.0,Naive,0.14949080703112771
2625,6,0.1,Randomized,0.14949080703112771
2626,6,0.0,Naive,0.19890851341824875
2627,6,0.1,Randomized,0.19890851341824875
2628,6,0.0,Naive,0.17465292113593578
2629,6,0.1,Randomized,0.17465292113593578
2630,6,0.0,Naive,0.1634780554234806
2631,6,0.1,Randomized,0.1634780554234806
2632,6,0.0,Naive,0.22289878162587964
2633,6,0.1,Randomized,0.22289878162587964
2634,6,0.0,Naive,0.15617218066349706
2635,6,0.1,Randomized,0.23137007086504033
2636,6,0.0,Naive,0.16283147770228504
2637,6,0.1,Randomized,0.16283147770228504
2638,6,0.0,Naive,0.10888159216006586
2639,6,0.1,Randomized,0.10888159216006586
2640,6,0.0,Naive,0.18007134923702367
2641,6,0.1,Randomized,0.18007134923702367
2642,6,0.0,Naive,0.11627753907995035
2643,6,0.1,Randomized,0.11627753907995035
2644,6,0.0,Naive,0.1683920207608606
2645,6,0.1,Randomized,0.1683920207608606
2646,6,0.0,Naive,0.21035893952828313
2647,6,0.1,Randomized,0.21035893952828313
2648,6,0.0,Naive,0.15053757595929657
2649,6,0.1,Randomized,0.15053757595929657
2650,6,0.0,Naive,0.1843333792225021
2651,6,0.1,Randomized,0.1843333792225021
2652,6,0.0,Naive,0.15452703424867442
2653,6,0.1,Randomized,0.15452703424867442
2654,6,0.0,Naive,0.12551569175253086
2655,6,0.1,Randomized,0.12551569175253086
2656,6,0.0,Naive,0.16283035385863812
2657,6,0.1,Randomized,0.16283035385863812
2658,6,0.0,Naive,0.12386499523193246
2659,6,0.1,Randomized,0.12386499523193246
2660,6,0.0,Naive,0.18909988545392417
2661,6,0.1,Randomized,0.18909988545392417
2662,6,0.0,Naive,0.14897214934718706
2663,6,0.1,Randomized,0.14897214934718706
2664,6,0.0,Naive,0.14737060180946374
2665,6,0.1,Randomized,0.14737060180946374
2666,6,0.0,Naive,0.1781826009661103
2667,6,0.1,Randomized,0.1781826009661103
2668,6,0.0,Naive,0.1336733176790329
2669,6,0.1,Randomized,0.1336733176790329
2670,6,0.0,Naive,0.1706470196125358
2671,6,0.1,Randomized,0.1706470196125358
2672,6,0.0,Naive,0.16603940160863861
2673,6,0.1,Randomized,0.16603940160863861
2674,6,0.0,Naive,0.17595005600163727
2675,6,0.1,Randomized,0.17595005600163727
2676,6,0.0,Naive,0.15586541331461737
2677,6,0.1,Randomized,0.15586541331461737
2678,6,0.0,Naive,0.14528737096709643
2679,6,0.1,Randomized,0.14528737096709643
2680,6,0.0,Naive,0.1806999113651584
2681,6,0.1,Randomized,0.1806999113651584
2682,6,0.0,Naive,0.0928104406548183
2683,6,0.1,Randomized,0.0928104406548183
2684,6,0.0,Naive,0.13586692684251833
2685,6,0.1,Randomized,0.13586692684251833
2686,6,0.0,Naive,0.11266458835314251
2687,6,0.1,Randomized,0.11266458835314251
2688,6,0.0,Naive,0.12684828459848632
2689,6,0.1,Randomized,0.12684828459848632
2690,6,0.0,Naive,0.12997169693371716
2691,6,0.1,Randomized,0.12997169693371716
2692,6,0.0,Naive,0.2215203914094982
2693,6,0.1,Randomized,0.2215203914094982
2694,6,0.0,Naive,0.2156107533409928
2695,6,0.1,Randomized,0.2156107533409928
2696,6,0.0,Naive,0.20689251623660715
2697,6,0.1,Randomized,0.20689251623660715
2698,6,0.0,Naive,0.24855145228305286
2699,6,0.1,Randomized,0.24855145228305286
2700,6,0.0,Naive,0.17604195561870584
2701,6,0.1,Randomized,0.17604195561870584
2702,6,0.0,Naive,0.11381648748050925
2703,6,0.1,Randomized,0.11381648748050925
2704,6,0.0,Naive,0.13388635913609123
2705,6,0.1,Randomized,0.13388635913609123
2706,6,0.0,Naive,0.14597716961551926
2707,6,0.1,Randomized,0.14597716961551926
2708,6,0.0,Naive,0.11357953170013411
2709,6,0.1,Randomized,0.11357953170013411
2710,6,0.0,Naive,0.09702516955058679
2711,6,0.1,Randomized,0.09702516955058679
2712,6,0.0,Naive,0.7273877912252887
2713,6,0.1,Randomized,0.30533520371366396
2714,6,0.0,Naive,0.20153557881709627
2715,6,0.1,Randomized,0.20153557881709627
2716,6,0.0,Naive,0.0840445923038634
2717,6,0.1,Randomized,0.0840445923038634
2718,6,0.0,Naive,0.18693683142934905
2719,6,0.1,Randomized,0.18693683142934905
2720,6,0.0,Naive,0.14696933865040174
2721,6,0.1,Randomized,0.14696933865040174
2722,6,0.0,Naive,0.16386050601581892
2723,6,0.1,Randomized,0.16386050601581892
2724,6,0.0,Naive,0.146163369265344
2725,6,0.1,Randomized,0.146163369265344
2726,6,0.0,Naive,0.17626271987242603
2727,6,0.1,Randomized,0.17626271987242603
2728,6,0.0,Naive,0.19843109049561022
2729,6,0.1,Randomized,0.19843109049561022
2730,6,0.0,Naive,0.21186732632187835
2731,6,0.1,Randomized,0.6942149548788071
2732,6,0.0,Naive,0.20476662922286396
2733,6,0.1,Randomized,0.20476662922286396
2734,6,0.0,Naive,0.1178503470929139
2735,6,0.1,Randomized,0.1178503470929139
2736,6,0.0,Naive,0.22893161458945477
2737,6,0.1,Randomized,0.22893161458945477
2738,6,0.0,Naive,0.3084717288692399
2739,6,0.1,Randomized,0.3084717288692399
2740,6,0.0,Naive,0.12411037884385583
2741,6,0.1,Randomized,0.12411037884385583
2742,6,0.0,Naive,0.9212083194731453
2743,6,0.1,Randomized,0.9212083194731453
2744,6,0.0,Naive,0.18408799545848792
2745,6,0.1,Randomized,0.18408799545848792
2746,6,0.0,Naive,0.13159021589907272
2747,6,0.1,Randomized,0.13159021589907272
2748,6,0.0,Naive,0.1645806525388225
2749,6,0.1,Randomized,0.1645806525388225
2750,6,0.0,Naive,0.23375119188622215
2751,6,0.1,Randomized,0.23375119188622215
2752,6,0.0,Naive,0.13461350297345578
2753,6,0.1,Randomized,0.13461350297345578
2754,6,0.0,Naive,0.17579822038334922
2755,6,0.1,Randomized,0.17579822038334922
2756,6,0.0,Naive,0.12977464786463225
2757,6,0.1,Randomized,0.12977464786463225
2758,6,0.0,Naive,0.20841067331601304
2759,6,0.1,Randomized,0.20841067331601304
2760,6,0.0,Naive,0.19829195804952568
2761,6,0.1,Randomized,0.19829195804952568
2762,6,0.0,Naive,0.1295639820060982
2763,6,0.1,Randomized,0.1295639820060982
2764,6,0.0,Naive,0.1732037002882647
2765,6,0.1,Randomized,0.1732037002882647
2766,6,0.0,Naive,0.11365799613629654
2767,6,0.1,Randomized,0.11365799613629654
2768,6,0.0,Naive,0.1752495611764857
2769,6,0.1,Randomized,0.1752495611764857
2770,6,0.0,Naive,0.18587670915952717
2771,6,0.1,Randomized,0.18587670915952717
2772,6,0.0,Naive,0.16255117459293478
2773,6,0.1,Randomized,0.16255117459293478
2774,6,0.0,Naive,0.22496034218998828
2775,6,0.1,Randomized,0.22496034218998828
2776,6,0.0,Naive,0.1873721069706249
2777,6,0.1,Randomized,0.21025435628159356
2778,6,0.0,Naive,0.14685085281688198
2779,6,0.1,Randomized,0.14685085281688198
2780,6,0.0,Naive,0.1360546244574367
2781,6,0.1,Randomized,0.1360546244574367
2782,6,0.0,Naive,0.24210725667837724
2783,6,0.1,Randomized,0.652161426673109
2784,6,0.0,Naive,0.09701407644082288
2785,6,0.1,Randomized,0.09701407644082288
2786,6,0.0,Naive,0.1558284304030746
2787,6,0.1,Randomized,0.1558284304030746
2788,6,0.0,Naive,0.8213753277874265
2789,6,0.1,Randomized,0.1752480924120206
2790,6,0.0,Naive,0.09947026472339242
2791,6,0.1,Randomized,0.09947026472339242
2792,6,0.0,Naive,0.15725472184858427
2793,6,0.1,Randomized,0.15725472184858427
2794,6,0.0,Naive,0.20823443312364848
2795,6,0.1,Randomized,0.20823443312364848
2796,6,0.0,Naive,0.1783970811734531
2797,6,0.1,Randomized,0.1783970811734531
2798,6,0.0,Naive,0.20152654640737946
2799,6,0.1,Randomized,0.7506396586630554
2800,6,0.0,Naive,0.18375497410764144
2801,6,0.1,Randomized,0.18375497410764144
2802,6,0.0,Naive,0.19489307602058514
2803,6,0.1,Randomized,0.19489307602058514
2804,6,0.0,Naive,0.15768535101636857
2805,6,0.1,Randomized,0.15768535101636857
2806,6,0.0,Naive,0.14090072375836502
2807,6,0.1,Randomized,0.14090072375836502
2808,6,0.0,Naive,0.19889315070083383
2809,6,0.1,Randomized,0.17176356121127984
2810,6,0.0,Naive,0.17399647175005153
2811,6,0.1,Randomized,0.20057177559070438
2812,6,0.0,Naive,0.2224996180291715
2813,6,0.1,Randomized,0.9216337672154146
2814,6,0.0,Naive,0.14879177198467303
2815,6,0.1,Randomized,0.14879177198467303
2816,6,0.0,Naive,0.11271160506988409
2817,6,0.1,Randomized,0.11271160506988409
2818,6,0.0,Naive,0.17502100090246067
2819,6,0.1,Randomized,0.17502100090246067
2820,6,0.0,Naive,0.08355851533606902
2821,6,0.1,Randomized,0.08355851533606902
2822,6,0.0,Naive,0.7840655452860551
2823,6,0.1,Randomized,0.24704607598503486
2824,6,0.0,Naive,0.1585715640149804
2825,6,0.1,Randomized,0.1585715640149804
2826,6,0.0,Naive,0.259940667556776
2827,6,0.1,Randomized,0.259940667556776
2828,6,0.0,Naive,0.21986188919676516
2829,6,0.1,Randomized,0.21986188919676516
2830,6,0.0,Naive,0.20691068147545552
2831,6,0.1,Randomized,0.20691068147545552
2832,6,0.0,Naive,0.1483259443320244
2833,6,0.1,Randomized,0.1483259443320244
2834,6,0.0,Naive,0.09183935368312061
2835,6,0.1,Randomized,0.09183935368312061
2836,6,0.0,Naive,0.19329258648644557
2837,6,0.1,Randomized,0.19329258648644557
2838,6,0.0,Naive,0.15528486733326316
2839,6,0.1,Randomized,0.15528486733326316
2840,6,0.0,Naive,0.2212628278940322
2841,6,0.1,Randomized,0.2212628278940322
2842,6,0.0,Naive,0.13362259948654956
2843,6,0.1,Randomized,0.13362259948654956
2844,6,0.0,Naive,0.9679233078094223
2845,6,0.1,Randomized,0.2600437872324046
2846,6,0.0,Naive,0.13401655953047759
2847,6,0.1,Randomized,0.13401655953047759
2848,6,0.0,Naive,0.2222833757425193
2849,6,0.1,Randomized,0.2222833757425193
2850,6,0.0,Naive,0.1722442755961106
2851,6,0.1,Randomized,0.1722442755961106
2852,6,0.0,Naive,0.246119259856623
2853,6,0.1,Randomized,0.246119259856623
2854,6,0.0,Naive,0.20404574690854627
2855,6,0.1,Randomized,0.20404574690854627
2856,6,0.0,Naive,0.23129544982430997
2857,6,0.1,Randomized,0.3007182785601623
2858,6,0.0,Naive,0.13389064855610835
2859,6,0.1,Randomized,0.13389064855610835
2860,6,0.0,Naive,0.16262297850790783
2861,6,0.1,Randomized,0.16262297850790783
2862,6,0.0,Naive,0.15653086800002702
2863,6,0.1,Randomized,0.15653086800002702
2864,6,0.0,Naive,0.173653657072141
2865,6,0.1,Randomized,0.173653657072141
2866,6,0.0,Naive,0.1540122037645553
2867,6,0.1,Randomized,0.1540122037645553
2868,6,0.0,Naive,0.0885124439450229
2869,6,0.1,Randomized,0.0885124439450229
2870,6,0.0,Naive,0.17813321100720203
2871,6,0.1,Randomized,0.17813321100720203
2872,6,0.0,Naive,0.10083996352398338
2873,6,0.1,Randomized,0.10083996352398338
2874,6,0.0,Naive,0.18871374445349176
2875,6,0.1,Randomized,0.18871374445349176
2876,6,0.0,Naive,0.24184562145193916
2877,6,0.1,Randomized,0.9602133501154415
2878,6,0.0,Naive,0.12416312110052662
2879,6,0.1,Randomized,0.12416312110052662
2880,6,0.0,Naive,0.18395356473897229
2881,6,0.1,Randomized,0.18395356473897229
2882,6,0.0,Naive,0.14930256573634132
2883,6,0.1,Randomized,0.14930256573634132
2884,6,0.0,Naive,0.17572606277497532
2885,6,0.1,Randomized,0.17572606277497532
2886,6,0.0,Naive,0.12669568604095371
2887,6,0.1,Randomized,0.12669568604095371
2888,6,0.0,Naive,0.15939820789206915
2889,6,0.1,Randomized,0.15939820789206915
2890,6,0.0,Naive,0.20313205326048142
2891,6,0.1,Randomized,0.9727189108596138
2892,6,0.0,Naive,0.24913716180399062
2893,6,0.1,Randomized,0.27524017506392523
2894,6,0.0,Naive,0.8348292197252666
2895,6,0.1,Randomized,0.8348292197252666
2896,6,0.0,Naive,0.17477566572361175
2897,6,0.1,Randomized,0.17477566572361175
2898,6,0.0,Naive,0.17006895663946742
2899,6,0.1,Randomized,0.17006895663946742
2900,6,0.0,Naive,0.17485302563609895
2901,6,0.1,Randomized,0.17485302563609895
2902,6,0.0,Naive,0.15836318453228646
2903,6,0.1,Randomized,0.15836318453228646
2904,6,0.0,Naive,0.14817142916695533
2905,6,0.1,Randomized,0.14817142916695533
2906,6,0.0,Naive,0.19373966217074282
2907,6,0.1,Randomized,0.19373966217074282
2908,6,0.0,Naive,0.14428901028728489
2909,6,0.1,Randomized,0.14428901028728489
2910,6,0.0,Naive,0.12381579802268915
2911,6,0.1,Randomized,0.12381579802268915
2912,6,0.0,Naive,0.19451659407555086
2913,6,0.1,Randomized,0.21833596068542668
2914,6,0.0,Naive,0.0808823201622182
2915,6,0.1,Randomized,0.0808823201622182
2916,6,0.0,Naive,0.17771954887593117
2917,6,0.1,Randomized,0.17771954887593117
2918,6,0.0,Naive,0.1745595082673692
2919,6,0.1,Randomized,0.1745595082673692
2920,6,0.0,Naive,0.17131257917645176
2921,6,0.1,Randomized,0.17131257917645176
2922,6,0.0,Naive,0.2236161731715856
2923,6,0.1,Randomized,0.2236161731715856
2924,6,0.0,Naive,0.13998654096647997
2925,6,0.1,Randomized,0.13998654096647997
2926,6,0.0,Naive,0.17905087677213266
2927,6,0.1,Randomized,0.9555863753585339
2928,6,0.0,Naive,0.2583928253995921
2929,6,0.1,Randomized,0.8451622048938956
2930,6,0.0,Naive,0.14018548025895425
2931,6,0.1,Randomized,0.14018548025895425
2932,6,0.0,Naive,0.15418964187329823
2933,6,0.1,Randomized,0.15418964187329823
2934,6,0.0,Naive,0.1626372071746873
2935,6,0.1,Randomized,0.1626372071746873
2936,6,0.0,Naive,0.1469798492387473
2937,6,0.1,Randomized,0.1469798492387473
2938,6,0.0,Naive,0.19845282083704352
2939,6,0.1,Randomized,0.7574381521941795
2940,6,0.0,Naive,0.22134773757277945
2941,6,0.1,Randomized,0.22134773757277945
2942,6,0.0,Naive,0.15978627399167383
2943,6,0.1,Randomized,0.15978627399167383
2944,6,0.0,Naive,0.1703594107656091
2945,6,0.1,Randomized,0.1703594107656091
2946,6,0.0,Naive,0.18376752472826824
2947,6,0.1,Randomized,0.18376752472826824
2948,6,0.0,Naive,0.1427178009728497
2949,6,0.1,Randomized,0.1427178009728497
2950,6,0.0,Naive,0.14471955492738006
2951,6,0.1,Randomized,0.14471955492738006
2952,6,0.0,Naive,0.12057991787731338
2953,6,0.1,Randomized,0.12057991787731338
2954,6,0.0,Naive,0.1599816221498024
2955,6,0.1,Randomized,0.1599816221498024
2956,6,0.0,Naive,0.13173713905867132
2957,6,0.1,Randomized,0.13173713905867132
2958,6,0.0,Naive,0.1851674968897159
2959,6,0.1,Randomized,0.22406374155476053
2960,6,0.0,Naive,0.18861584059503786
2961,6,0.1,Randomized,0.9171273497592893
2962,6,0.0,Naive,0.13888408591523385
2963,6,0.1,Randomized,0.13888408591523385
2964,6,0.0,Naive,0.1229988228172259
2965,6,0.1,Randomized,0.1229988228172259
2966,6,0.0,Naive,0.10335642191828617
2967,6,0.1,Randomized,0.10335642191828617
2968,6,0.0,Naive,0.2513264358569927
2969,6,0.1,Randomized,0.2513264358569927
2970,6,0.0,Naive,0.17883660819886138
2971,6,0.1,Randomized,0.17883660819886138
2972,6,0.0,Naive,0.1087492686596481
2973,6,0.1,Randomized,0.1087492686596481
2974,6,0.0,Naive,0.11992800423196939
2975,6,0.1,Randomized,0.11992800423196939
2976,6,0.0,Naive,0.21492154088052595
2977,6,0.1,Randomized,0.899065010220825
2978,6,0.0,Naive,0.1896659074270314
2979,6,0.1,Randomized,0.1896659074270314
2980,6,0.0,Naive,0.17679884739382487
2981,6,0.1,Randomized,0.17679884739382487
2982,6,0.0,Naive,0.20675367995759772
2983,6,0.1,Randomized,0.20675367995759772
2984,6,0.0,Naive,0.16795443104232716
2985,6,0.1,Randomized,0.2119652624019242
2986,6,0.0,Naive,0.11571719522619141
2987,6,0.1,Randomized,0.11571719522619141
2988,6,0.0,Naive,0.12526797592930047
2989,6,0.1,Randomized,0.12526797592930047
2990,6,0.0,Naive,0.15861709570539706
2991,6,0.1,Randomized,0.15861709570539706
2992,6,0.0,Naive,0.1322846848998157
2993,6,0.1,Randomized,0.1322846848998157
2994,6,0.0,Naive,0.9523059276214108
2995,6,0.1,Randomized,0.9523059276214108
2996,6,0.0,Naive,0.18426721585225106
2997,6,0.1,Randomized,0.18426721585225106
2998,6,0.0,Naive,0.1774221749447063
2999,6,0.1,Randomized,0.1774221749447063
3000,8,0.0,Naive,0.11059923230475002
3001,8,0.1,Randomized,0.11059923230475002
3002,8,0.0,Naive,0.10614382744238046
3003,8,0.1,Randomized,0.10614382744238046
3004,8,0.0,Naive,0.13167055217729684
3005,8,0.1,Randomized,0.13167055217729684
3006,8,0.0,Naive,0.10655515209333752
3007,8,0.1,Randomized,0.10655515209333752
3008,8,0.0,Naive,0.06660608021725034
3009,8,0.1,Randomized,0.06660608021725034
3010,8,0.0,Naive,0.12095541543439642
3011,8,0.1,Randomized,0.12095541543439642
3012,8,0.0,Naive,0.10490777855641867
3013,8,0.1,Randomized,0.10490777855641867
3014,8,0.0,Naive,0.08034187437828716
3015,8,0.1,Randomized,0.08034187437828716
3016,8,0.0,Naive,0.10430049536784447
3017,8,0.1,Randomized,0.10430049536784447
3018,8,0.0,Naive,0.10816465060122413
3019,8,0.1,Randomized,0.10816465060122413
3020,8,0.0,Naive,0.06470275320781904
3021,8,0.1,Randomized,0.06470275320781904
3022,8,0.0,Naive,0.10160461298854932
3023,8,0.1,Randomized,0.10160461298854932
3024,8,0.0,Naive,0.12460378524334031
3025,8,0.1,Randomized,0.12460378524334031
3026,8,0.0,Naive,0.10541297406304323
3027,8,0.1,Randomized,0.10541297406304323
3028,8,0.0,Naive,0.08539526955149167
3029,8,0.1,Randomized,0.08539526955149167
3030,8,0.0,Naive,0.14121340893696208
3031,8,0.1,Randomized,0.14121340893696208
3032,8,0.0,Naive,0.08949730027309229
3033,8,0.1,Randomized,0.08949730027309229
3034,8,0.0,Naive,0.10786340719071358
3035,8,0.1,Randomized,0.10786340719071358
3036,8,0.0,Naive,0.08352854991739994
3037,8,0.1,Randomized,0.08352854991739994
3038,8,0.0,Naive,0.09993406258566812
3039,8,0.1,Randomized,0.09993406258566812
3040,8,0.0,Naive,0.09221983995562986
3041,8,0.1,Randomized,0.09221983995562986
3042,8,0.0,Naive,0.0922134030596882
3043,8,0.1,Randomized,0.0922134030596882
3044,8,0.0,Naive,0.0789772385502056
3045,8,0.1,Randomized,0.0789772385502056
3046,8,0.0,Naive,0.07976276326818751
3047,8,0.1,Randomized,0.07976276326818751
3048,8,0.0,Naive,0.11521417920187121
3049,8,0.1,Randomized,0.11521417920187121
3050,8,0.0,Naive,0.09147222008665654
3051,8,0.1,Randomized,0.09147222008665654
3052,8,0.0,Naive,0.1359696731344558
3053,8,0.1,Randomized,0.1359696731344558
3054,8,0.0,Naive,0.08995108624993407
3055,8,0.1,Randomized,0.08995108624993407
3056,8,0.0,Naive,0.06961387453254768
3057,8,0.1,Randomized,0.06961387453254768
3058,8,0.0,Naive,0.10474856437199428
3059,8,0.1,Randomized,0.10474856437199428
3060,8,0.0,Naive,0.11511268469355528
3061,8,0.1,Randomized,0.11511268469355528
3062,8,0.0,Naive,0.06180063428296667
3063,8,0.1,Randomized,0.06180063428296667
3064,8,0.0,Naive,0.07119945327007268
3065,8,0.1,Randomized,0.07119945327007268
3066,8,0.0,Naive,0.1481706186195121
3067,8,0.1,Randomized,0.1481706186195121
3068,8,0.0,Naive,0.09550185944930492
3069,8,0.1,Randomized,0.09550185944930492
3070,8,0.0,Naive,0.08230106736612719
3071,8,0.1,Randomized,0.08230106736612719
3072,8,0.0,Naive,0.09679435197788022
3073,8,0.1,Randomized,0.09679435197788022
3074,8,0.0,Naive,0.0872516251992491
3075,8,0.1,Randomized,0.0872516251992491
3076,8,0.0,Naive,0.08745984224266108
3077,8,0.1,Randomized,0.08745984224266108
3078,8,0.0,Naive,0.12236309997761623
3079,8,0.1,Randomized,0.12236309997761623
3080,8,0.0,Naive,0.13069317040659423
3081,8,0.1,Randomized,0.13069317040659423
3082,8,0.0,Naive,0.08876744354607995
3083,8,0.1,Randomized,0.08876744354607995
3084,8,0.0,Naive,0.11403320595238138
3085,8,0.1,Randomized,0.11403320595238138
3086,8,0.0,Naive,0.07553480837959914
3087,8,0.1,Randomized,0.07553480837959914
3088,8,0.0,Naive,0.08959477493508272
3089,8,0.1,Randomized,0.08959477493508272
3090,8,0.0,Naive,0.13166028807574268
3091,8,0.1,Randomized,0.13166028807574268
3092,8,0.0,Naive,0.10363635997229349
3093,8,0.1,Randomized,0.10363635997229349
3094,8,0.0,Naive,0.13491483019586165
3095,8,0.1,Randomized,0.13491483019586165
3096,8,0.0,Naive,0.09360815902060494
3097,8,0.1,Randomized,0.09360815902060494
3098,8,0.0,Naive,0.12916304939025397
3099,8,0.1,Randomized,0.12916304939025397
3100,8,0.0,Naive,0.07690113045839941
3101,8,0.1,Randomized,0.07690113045839941
3102,8,0.0,Naive,0.12403134492783768
3103,8,0.1,Randomized,0.12403134492783768
3104,8,0.0,Naive,0.06513053653451059
3105,8,0.1,Randomized,0.06513053653451059
3106,8,0.0,Naive,0.08318607426933737
3107,8,0.1,Randomized,0.08318607426933737
3108,8,0.0,Naive,0.07463021345577621
3109,8,0.1,Randomized,0.07463021345577621
3110,8,0.0,Naive,0.12179972086939979
3111,8,0.1,Randomized,0.12179972086939979
3112,8,0.0,Naive,0.1248911427748239
3113,8,0.1,Randomized,0.1248911427748239
3114,8,0.0,Naive,0.12076860052129446
3115,8,0.1,Randomized,0.12076860052129446
3116,8,0.0,Naive,0.06219850868263738
3117,8,0.1,Randomized,0.06219850868263738
3118,8,0.0,Naive,0.08155155088907287
3119,8,0.1,Randomized,0.08155155088907287
3120,8,0.0,Naive,0.10052490476886167
3121,8,0.1,Randomized,0.10052490476886167
3122,8,0.0,Naive,0.13121119714933727
3123,8,0.1,Randomized,0.13121119714933727
3124,8,0.0,Naive,0.11460582693760317
3125,8,0.1,Randomized,0.11460582693760317
3126,8,0.0,Naive,0.10132703026978512
3127,8,0.1,Randomized,0.10132703026978512
3128,8,0.0,Naive,0.1597507637973063
3129,8,0.1,Randomized,0.1597507637973063
3130,8,0.0,Naive,0.14352524574047285
3131,8,0.1,Randomized,0.14352524574047285
3132,8,0.0,Naive,0.1300991323441036
3133,8,0.1,Randomized,0.1300991323441036
3134,8,0.0,Naive,0.09064359028246488
3135,8,0.1,Randomized,0.09064359028246488
3136,8,0.0,Naive,0.13116191022542525
3137,8,0.1,Randomized,0.13116191022542525
3138,8,0.0,Naive,0.1064179943057591
3139,8,0.1,Randomized,0.1064179943057591
3140,8,0.0,Naive,0.06684330959616046
3141,8,0.1,Randomized,0.06684330959616046
3142,8,0.0,Naive,0.12237709402279236
3143,8,0.1,Randomized,0.12237709402279236
3144,8,0.0,Naive,0.103463240317757
3145,8,0.1,Randomized,0.103463240317757
3146,8,0.0,Naive,0.07585435181353122
3147,8,0.1,Randomized,0.07585435181353122
3148,8,0.0,Naive,0.16116504565553766
3149,8,0.1,Randomized,0.40015344365355277
3150,8,0.0,Naive,0.07210654791263597
3151,8,0.1,Randomized,0.07210654791263597
3152,8,0.0,Naive,0.10995990346331364
3153,8,0.1,Randomized,0.10995990346331364
3154,8,0.0,Naive,0.1072390764582866
3155,8,0.1,Randomized,0.1072390764582866
3156,8,0.0,Naive,0.10976692120179285
3157,8,0.1,Randomized,0.10976692120179285
3158,8,0.0,Naive,0.19162048752972896
3159,8,0.1,Randomized,0.19162048752972896
3160,8,0.0,Naive,0.08977421093038532
3161,8,0.1,Randomized,0.08977421093038532
3162,8,0.0,Naive,0.10884459457219606
3163,8,0.1,Randomized,0.10884459457219606
3164,8,0.0,Naive,0.08619630788410096
3165,8,0.1,Randomized,0.08619630788410096
3166,8,0.0,Naive,0.06730347033275433
3167,8,0.1,Randomized,0.06730347033275433
3168,8,0.0,Naive,0.10606985233313128
3169,8,0.1,Randomized,0.10606985233313128
3170,8,0.0,Naive,0.12995984287385232
3171,8,0.1,Randomized,0.12995984287385232
3172,8,0.0,Naive,0.11159307562916934
3173,8,0.1,Randomized,0.11159307562916934
3174,8,0.0,Naive,0.07505454203733565
3175,8,0.1,Randomized,0.07505454203733565
3176,8,0.0,Naive,0.0649630364749456
3177,8,0.1,Randomized,0.0649630364749456
3178,8,0.0,Naive,0.11186109333705666
3179,8,0.1,Randomized,0.11186109333705666
3180,8,0.0,Naive,0.16306961898314248
3181,8,0.1,Randomized,0.16306961898314248
3182,8,0.0,Naive,0.13153309939339425
3183,8,0.1,Randomized,0.13153309939339425
3184,8,0.0,Naive,0.11479148562381564
3185,8,0.1,Randomized,0.11479148562381564
3186,8,0.0,Naive,0.0720334648926484
3187,8,0.1,Randomized,0.0720334648926484
3188,8,0.0,Naive,0.13878460496985706
3189,8,0.1,Randomized,0.13878460496985706
3190,8,0.0,Naive,0.1030344294028083
3191,8,0.1,Randomized,0.1030344294028083
3192,8,0.0,Naive,0.14297367062235447
3193,8,0.1,Randomized,0.14297367062235447
3194,8,0.0,Naive,0.10188965471581884
3195,8,0.1,Randomized,0.10188965471581884
3196,8,0.0,Naive,0.11356613170612972
3197,8,0.1,Randomized,0.11356613170612972
3198,8,0.0,Naive,0.07432484487328264
3199,8,0.1,Randomized,0.07432484487328264
3200,8,0.0,Naive,0.13164020879167207
3201,8,0.1,Randomized,0.13164020879167207
3202,8,0.0,Naive,0.06855302709130046
3203,8,0.1,Randomized,0.06855302709130046
3204,8,0.0,Naive,0.08208548826988282
3205,8,0.1,Randomized,0.08208548826988282
3206,8,0.0,Naive,0.09080047055990727
3207,8,0.1,Randomized,0.09080047055990727
3208,8,0.0,Naive,0.09523069870467671
3209,8,0.1,Randomized,0.09523069870467671
3210,8,0.0,Naive,0.13584401874391325
3211,8,0.1,Randomized,0.13584401874391325
3212,8,0.0,Naive,0.08874083840339492
3213,8,0.1,Randomized,0.08874083840339492
3214,8,0.0,Naive,0.09612245756459649
3215,8,0.1,Randomized,0.09612245756459649
3216,8,0.0,Naive,0.10047699577763299
3217,8,0.1,Randomized,0.10047699577763299
3218,8,0.0,Naive,0.13171555440244645
3219,8,0.1,Randomized,0.13171555440244645
3220,8,0.0,Naive,0.07568044005580034
3221,8,0.1,Randomized,0.07568044005580034
3222,8,0.0,Naive,0.07787366885992898
3223,8,0.1,Randomized,0.07787366885992898
3224,8,0.0,Naive,0.06693871872195685
3225,8,0.1,Randomized,0.06693871872195685
3226,8,0.0,Naive,0.09447878823006715
3227,8,0.1,Randomized,0.09447878823006715
3228,8,0.0,Naive,0.09870078319599997
3229,8,0.1,Randomized,0.09870078319599997
3230,8,0.0,Naive,0.06041764479048036
3231,8,0.1,Randomized,0.06041764479048036
3232,8,0.0,Naive,0.08658937336022278
3233,8,0.1,Randomized,0.08658937336022278
3234,8,0.0,Naive,0.10245019277358038
3235,8,0.1,Randomized,0.10245019277358038
3236,8,0.0,Naive,0.16015296461077863
3237,8,0.1,Randomized,0.16015296461077863
3238,8,0.0,Naive,0.12566616901376224
3239,8,0.1,Randomized,0.12566616901376224
3240,8,0.0,Naive,0.07620579875141213
3241,8,0.1,Randomized,0.07620579875141213
3242,8,0.0,Naive,0.10307276486165769
3243,8,0.1,Randomized,0.10307276486165769
3244,8,0.0,Naive,0.10223153225427334
3245,8,0.1,Randomized,0.10223153225427334
3246,8,0.0,Naive,0.07818043699800623
3247,8,0.1,Randomized,0.07818043699800623
3248,8,0.0,Naive,0.05912877791665519
3249,8,0.1,Randomized,0.05912877791665519
3250,8,0.0,Naive,0.0981765205789252
3251,8,0.1,Randomized,0.0981765205789252
3252,8,0.0,Naive,0.11758703693128286
3253,8,0.1,Randomized,0.11758703693128286
3254,8,0.0,Naive,0.09986530985057418
3255,8,0.1,Randomized,0.09986530985057418
3256,8,0.0,Naive,0.09002435852501499
3257,8,0.1,Randomized,0.09002435852501499
3258,8,0.0,Naive,0.10032933224080767
3259,8,0.1,Randomized,0.10032933224080767
3260,8,0.0,Naive,0.08033815459191274
3261,8,0.1,Randomized,0.08033815459191274
3262,8,0.0,Naive,0.12600421605138165
3263,8,0.1,Randomized,0.12600421605138165
3264,8,0.0,Naive,0.09616125405305655
3265,8,0.1,Randomized,0.09616125405305655
3266,8,0.0,Naive,0.09203752896777291
3267,8,0.1,Randomized,0.09203752896777291
3268,8,0.0,Naive,0.10031039473018859
3269,8,0.1,Randomized,0.10031039473018859
3270,8,0.0,Naive,0.11586266246361311
3271,8,0.1,Randomized,0.11586266246361311
3272,8,0.0,Naive,0.12572611334739836
3273,8,0.1,Randomized,0.12572611334739836
3274,8,0.0,Naive,0.11826227421153523
3275,8,0.1,Randomized,0.11826227421153523
3276,8,0.0,Naive,0.06612659525595166
3277,8,0.1,Randomized,0.06612659525595166
3278,8,0.0,Naive,0.1133452833838132
3279,8,0.1,Randomized,0.1133452833838132
3280,8,0.0,Naive,0.12380014538255786
3281,8,0.1,Randomized,0.12380014538255786
3282,8,0.0,Naive,0.08089213718058705
3283,8,0.1,Randomized,0.08089213718058705
3284,8,0.0,Naive,0.07395460430484536
3285,8,0.1,Randomized,0.07395460430484536
3286,8,0.0,Naive,0.08990843766666891
3287,8,0.1,Randomized,0.08990843766666891
3288,8,0.0,Naive,0.1147469765715186
3289,8,0.1,Randomized,0.1147469765715186
3290,8,0.0,Naive,0.07799014740161946
3291,8,0.1,Randomized,0.07799014740161946
3292,8,0.0,Naive,0.10914143807161383
3293,8,0.1,Randomized,0.10914143807161383
3294,8,0.0,Naive,0.06646628305284531
3295,8,0.1,Randomized,0.06646628305284531
3296,8,0.0,Naive,0.10100507696078723
3297,8,0.1,Randomized,0.10100507696078723
3298,8,0.0,Naive,0.13896590491838579
3299,8,0.1,Randomized,0.13896590491838579
3300,8,0.0,Naive,0.08567972437497758
3301,8,0.1,Randomized,0.08567972437497758
3302,8,0.0,Naive,0.06225079626184461
3303,8,0.1,Randomized,0.06225079626184461
3304,8,0.0,Naive,0.12281561922192052
3305,8,0.1,Randomized,0.12281561922192052
3306,8,0.0,Naive,0.09707870968453199
3307,8,0.1,Randomized,0.09707870968453199
3308,8,0.0,Naive,0.12452376881666823
3309,8,0.1,Randomized,0.12452376881666823
3310,8,0.0,Naive,0.10435240118636586
3311,8,0.1,Randomized,0.10435240118636586
3312,8,0.0,Naive,0.08805174027686204
3313,8,0.1,Randomized,0.08805174027686204
3314,8,0.0,Naive,0.06946552469722811
3315,8,0.1,Randomized,0.06946552469722811
3316,8,0.0,Naive,0.10955679158843344
3317,8,0.1,Randomized,0.10955679158843344
3318,8,0.0,Naive,0.11053672091933929
3319,8,0.1,Randomized,0.11053672091933929
3320,8,0.0,Naive,0.09418961629586318
3321,8,0.1,Randomized,0.09418961629586318
3322,8,0.0,Naive,0.09335460761049233
3323,8,0.1,Randomized,0.09335460761049233
3324,8,0.0,Naive,0.1256326258674361
3325,8,0.1,Randomized,0.1256326258674361
3326,8,0.0,Naive,0.0887200592111463
3327,8,0.1,Randomized,0.0887200592111463
3328,8,0.0,Naive,0.07974329095727431
3329,8,0.1,Randomized,0.07974329095727431
3330,8,0.0,Naive,0.11065262234175889
3331,8,0.1,Randomized,0.11065262234175889
3332,8,0.0,Naive,0.07967109651039807
3333,8,0.1,Randomized,0.07967109651039807
3334,8,0.0,Naive,0.0740812600287819
3335,8,0.1,Randomized,0.0740812600287819
3336,8,0.0,Naive,0.15056086368215435
3337,8,0.1,Randomized,0.15056086368215435
3338,8,0.0,Naive,0.10282140375691996
3339,8,0.1,Randomized,0.10282140375691996
3340,8,0.0,Naive,0.08849875670608155
3341,8,0.1,Randomized,0.08849875670608155
3342,8,0.0,Naive,0.10504530390546453
3343,8,0.1,Randomized,0.10504530390546453
3344,8,0.0,Naive,0.06655224674573527
3345,8,0.1,Randomized,0.06655224674573527
3346,8,0.0,Naive,0.12772959333711803
3347,8,0.1,Randomized,0.12772959333711803
3348,8,0.0,Naive,0.11290830959681218
3349,8,0.1,Randomized,0.11290830959681218
3350,8,0.0,Naive,0.09394282855341568
3351,8,0.1,Randomized,0.09394282855341568
3352,8,0.0,Naive,0.11474146734078947
3353,8,0.1,Randomized,0.11474146734078947
3354,8,0.0,Naive,0.1333134692154118
3355,8,0.1,Randomized,0.1333134692154118
3356,8,0.0,Naive,0.1234243207311885
3357,8,0.1,Randomized,0.1234243207311885
3358,8,0.0,Naive,0.09322511112364212
3359,8,0.1,Randomized,0.09322511112364212
3360,8,0.0,Naive,0.07705567177103988
3361,8,0.1,Randomized,0.07705567177103988
3362,8,0.0,Naive,0.07385330929369373
3363,8,0.1,Randomized,0.07385330929369373
3364,8,0.0,Naive,0.11301987754794919
3365,8,0.1,Randomized,0.11301987754794919
3366,8,0.0,Naive,0.06817068372092366
3367,8,0.1,Randomized,0.06817068372092366
3368,8,0.0,Naive,0.10252907736588619
3369,8,0.1,Randomized,0.10252907736588619
3370,8,0.0,Naive,0.10056639765945347
3371,8,0.1,Randomized,0.10056639765945347
3372,8,0.0,Naive,0.08447654392655556
3373,8,0.1,Randomized,0.08447654392655556
3374,8,0.0,Naive,0.12501731956550635
3375,8,0.1,Randomized,0.12501731956550635
3376,8,0.0,Naive,0.10744608920359155
3377,8,0.1,Randomized,0.10744608920359155
3378,8,0.0,Naive,0.09871712961455704
3379,8,0.1,Randomized,0.09871712961455704
3380,8,0.0,Naive,0.11416451861219913
3381,8,0.1,Randomized,0.11416451861219913
3382,8,0.0,Naive,0.10439762360610862
3383,8,0.1,Randomized,0.10439762360610862
3384,8,0.0,Naive,0.06696027427457252
3385,8,0.1,Randomized,0.06696027427457252
3386,8,0.0,Naive,0.09277617744483252
3387,8,0.1,Randomized,0.09277617744483252
3388,8,0.0,Naive,0.09648778819003709
3389,8,0.1,Randomized,0.09648778819003709
3390,8,0.0,Naive,0.12370126020173104
3391,8,0.1,Randomized,0.12370126020173104
3392,8,0.0,Naive,0.1004879086980724
3393,8,0.1,Randomized,0.1004879086980724
3394,8,0.0,Naive,0.0977381857256593
3395,8,0.1,Randomized,0.0977381857256593
3396,8,0.0,Naive,0.09993737914947205
3397,8,0.1,Randomized,0.09993737914947205
3398,8,0.0,Naive,0.10856857163372656
3399,8,0.1,Randomized,0.10856857163372656
3400,8,0.0,Naive,0.07049737316176242
3401,8,0.1,Randomized,0.07049737316176242
3402,8,0.0,Naive,0.15892031735310505
3403,8,0.1,Randomized,0.15892031735310505
3404,8,0.0,Naive,0.10583976191116266
3405,8,0.1,Randomized,0.10583976191116266
3406,8,0.0,Naive,0.11516333737878026
3407,8,0.1,Randomized,0.11516333737878026
3408,8,0.0,Naive,0.13296915580186924
3409,8,0.1,Randomized,0.13296915580186924
3410,8,0.0,Naive,0.06877779150676998
3411,8,0.1,Randomized,0.06877779150676998
3412,8,0.0,Naive,0.07656859974926863
3413,8,0.1,Randomized,0.07656859974926863
3414,8,0.0,Naive,0.0785187867093877
3415,8,0.1,Randomized,0.0785187867093877
3416,8,0.0,Naive,0.10375615527111341
3417,8,0.1,Randomized,0.10375615527111341
3418,8,0.0,Naive,0.08331041656519719
3419,8,0.1,Randomized,0.08331041656519719
3420,8,0.0,Naive,0.1095613547284257
3421,8,0.1,Randomized,0.1095613547284257
3422,8,0.0,Naive,0.11911560269984628
3423,8,0.1,Randomized,0.11911560269984628
3424,8,0.0,Naive,0.09565149930235624
3425,8,0.1,Randomized,0.09565149930235624
3426,8,0.0,Naive,0.09138716701790398
3427,8,0.1,Randomized,0.09138716701790398
3428,8,0.0,Naive,0.12001044728968603
3429,8,0.1,Randomized,0.12001044728968603
3430,8,0.0,Naive,0.12263067241692575
3431,8,0.1,Randomized,0.12263067241692575
3432,8,0.0,Naive,0.07590240323652417
3433,8,0.1,Randomized,0.07590240323652417
3434,8,0.0,Naive,0.10970114867188807
3435,8,0.1,Randomized,0.10970114867188807
3436,8,0.0,Naive,0.11206656744124446
3437,8,0.1,Randomized,0.11206656744124446
3438,8,0.0,Naive,0.1323303145942285
3439,8,0.1,Randomized,0.1323303145942285
3440,8,0.0,Naive,0.09645430995767601
3441,8,0.1,Randomized,0.09645430995767601
3442,8,0.0,Naive,0.12238344713156496
3443,8,0.1,Randomized,0.12238344713156496
3444,8,0.0,Naive,0.09552746825419038
3445,8,0.1,Randomized,0.09552746825419038
3446,8,0.0,Naive,0.06142802305862585
3447,8,0.1,Randomized,0.06142802305862585
3448,8,0.0,Naive,0.15300886191770305
3449,8,0.1,Randomized,0.15300886191770305
3450,8,0.0,Naive,0.10452397717915324
3451,8,0.1,Randomized,0.10452397717915324
3452,8,0.0,Naive,0.10834042763909751
3453,8,0.1,Randomized,0.10834042763909751
3454,8,0.0,Naive,0.14020791093086507
3455,8,0.1,Randomized,0.14020791093086507
3456,8,0.0,Naive,0.13052332273574666
3457,8,0.1,Randomized,0.13052332273574666
3458,8,0.0,Naive,0.10569548610658971
3459,8,0.1,Randomized,0.10569548610658971
3460,8,0.0,Naive,0.09301259695940609
3461,8,0.1,Randomized,0.09301259695940609
3462,8,0.0,Naive,0.08676030934592992
3463,8,0.1,Randomized,0.08676030934592992
3464,8,0.0,Naive,0.07077147839691225
3465,8,0.1,Randomized,0.07077147839691225
3466,8,0.0,Naive,0.08681536170644459
3467,8,0.1,Randomized,0.08681536170644459
3468,8,0.0,Naive,0.11241498956140823
3469,8,0.1,Randomized,0.11241498956140823
3470,8,0.0,Naive,0.08160983436744186
3471,8,0.1,Randomized,0.08160983436744186
3472,8,0.0,Naive,0.13318088179442172
3473,8,0.1,Randomized,0.13318088179442172
3474,8,0.0,Naive,0.11089755712383882
3475,8,0.1,Randomized,0.11089755712383882
3476,8,0.0,Naive,0.10515421528731532
3477,8,0.1,Randomized,0.10515421528731532
3478,8,0.0,Naive,0.08701597689190438
3479,8,0.1,Randomized,0.08701597689190438
3480,8,0.0,Naive,0.07374695241475199
3481,8,0.1,Randomized,0.07374695241475199
3482,8,0.0,Naive,0.09041903141237433
3483,8,0.1,Randomized,0.09041903141237433
3484,8,0.0,Naive,0.14189544804503484
3485,8,0.1,Randomized,0.14189544804503484
3486,8,0.0,Naive,0.10334766381420186
3487,8,0.1,Randomized,0.10334766381420186
3488,8,0.0,Naive,0.09373700965664969
3489,8,0.1,Randomized,0.09373700965664969
3490,8,0.0,Naive,0.12393184093396435
3491,8,0.1,Randomized,0.12393184093396435
3492,8,0.0,Naive,0.07229887521844088
3493,8,0.1,Randomized,0.07229887521844088
3494,8,0.0,Naive,0.08701777284157501
3495,8,0.1,Randomized,0.08701777284157501
3496,8,0.0,Naive,0.053646705203092775
3497,8,0.1,Randomized,0.053646705203092775
3498,8,0.0,Naive,0.10698547475212433
3499,8,0.1,Randomized,0.10698547475212433
3500,8,0.0,Naive,0.11869635239637842
3501,8,0.1,Randomized,0.11869635239637842
3502,8,0.0,Naive,0.08165554598654085
3503,8,0.1,Randomized,0.08165554598654085
3504,8,0.0,Naive,0.1004549257879622
3505,8,0.1,Randomized,0.1004549257879622
3506,8,0.0,Naive,0.055162012012962114
3507,8,0.1,Randomized,0.055162012012962114
3508,8,0.0,Naive,0.10286299800262261
3509,8,0.1,Randomized,0.10286299800262261
3510,8,0.0,Naive,0.11515765322478974
3511,8,0.1,Randomized,0.11515765322478974
3512,8,0.0,Naive,0.07685493171111066
3513,8,0.1,Randomized,0.07685493171111066
3514,8,0.0,Naive,0.12855671930544327
3515,8,0.1,Randomized,0.12855671930544327
3516,8,0.0,Naive,0.11082283528311855
3517,8,0.1,Randomized,0.11082283528311855
3518,8,0.0,Naive,0.08756984852557624
3519,8,0.1,Randomized,0.08756984852557624
3520,8,0.0,Naive,0.12487262334402927
3521,8,0.1,Randomized,0.12487262334402927
3522,8,0.0,Naive,0.1118344231575637
3523,8,0.1,Randomized,0.1118344231575637
3524,8,0.0,Naive,0.10749485358127352
3525,8,0.1,Randomized,0.10749485358127352
3526,8,0.0,Naive,0.10305691898598006
3527,8,0.1,Randomized,0.10305691898598006
3528,8,0.0,Naive,0.08634224216050372
3529,8,0.1,Randomized,0.08634224216050372
3530,8,0.0,Naive,0.1235068333258171
3531,8,0.1,Randomized,0.1235068333258171
3532,8,0.0,Naive,0.07330241405784306
3533,8,0.1,Randomized,0.07330241405784306
3534,8,0.0,Naive,0.11286240922874635
3535,8,0.1,Randomized,0.11286240922874635
3536,8,0.0,Naive,0.12065396015024002
3537,8,0.1,Randomized,0.12065396015024002
3538,8,0.0,Naive,0.11905519164174272
3539,8,0.1,Randomized,0.11905519164174272
3540,8,0.0,Naive,0.10517363196129711
3541,8,0.1,Randomized,0.10517363196129711
3542,8,0.0,Naive,0.10879583085425794
3543,8,0.1,Randomized,0.10879583085425794
3544,8,0.0,Naive,0.10788281281291438
3545,8,0.1,Randomized,0.10788281281291438
3546,8,0.0,Naive,0.10626421819159389
3547,8,0.1,Randomized,0.10626421819159389
3548,8,0.0,Naive,0.0864541094981164
3549,8,0.1,Randomized,0.0864541094981164
3550,8,0.0,Naive,0.11713684352075154
3551,8,0.1,Randomized,0.11713684352075154
3552,8,0.0,Naive,0.130276059401778
3553,8,0.1,Randomized,0.130276059401778
3554,8,0.0,Naive,0.13243294008820355
3555,8,0.1,Randomized,0.13243294008820355
3556,8,0.0,Naive,0.09515998956888239
3557,8,0.1,Randomized,0.09515998956888239
3558,8,0.0,Naive,0.07574643626706831
3559,8,0.1,Randomized,0.07574643626706831
3560,8,0.0,Naive,0.11185761898492882
3561,8,0.1,Randomized,0.11185761898492882
3562,8,0.0,Naive,0.10201257913502705
3563,8,0.1,Randomized,0.10201257913502705
3564,8,0.0,Naive,0.10410456671278796
3565,8,0.1,Randomized,0.10410456671278796
3566,8,0.0,Naive,0.08911557266748257
3567,8,0.1,Randomized,0.08911557266748257
3568,8,0.0,Naive,0.11757755092104306
3569,8,0.1,Randomized,0.11757755092104306
3570,8,0.0,Naive,0.10851604667500167
3571,8,0.1,Randomized,0.10851604667500167
3572,8,0.0,Naive,0.06788613160520929
3573,8,0.1,Randomized,0.06788613160520929
3574,8,0.0,Naive,0.11074332437147878
3575,8,0.1,Randomized,0.11074332437147878
3576,8,0.0,Naive,0.10518854701325533
3577,8,0.1,Randomized,0.10518854701325533
3578,8,0.0,Naive,0.0909289974297158
3579,8,0.1,Randomized,0.0909289974297158
3580,8,0.0,Naive,0.09608356128266904
3581,8,0.1,Randomized,0.09608356128266904
3582,8,0.0,Naive,0.07365552746733173
3583,8,0.1,Randomized,0.07365552746733173
3584,8,0.0,Naive,0.09151802308553449
3585,8,0.1,Randomized,0.09151802308553449
3586,8,0.0,Naive,0.06760334952791583
3587,8,0.1,Randomized,0.06760334952791583
3588,8,0.0,Naive,0.09321292514979548
3589,8,0.1,Randomized,0.09321292514979548
3590,8,0.0,Naive,0.057254079525177776
3591,8,0.1,Randomized,0.057254079525177776
3592,8,0.0,Naive,0.13415611171559175
3593,8,0.1,Randomized,0.13415611171559175
3594,8,0.0,Naive,0.09538083446397198
3595,8,0.1,Randomized,0.09538083446397198
3596,8,0.0,Naive,0.04273254060588249
3597,8,0.1,Randomized,0.04273254060588249
3598,8,0.0,Naive,0.12003475411126614
3599,8,0.1,Randomized,0.12003475411126614
3600,8,0.0,Naive,0.12335584382393526
3601,8,0.1,Randomized,0.12335584382393526
3602,8,0.0,Naive,0.1464341458586993
3603,8,0.1,Randomized,0.1464341458586993
3604,8,0.0,Naive,0.09136492959950945
3605,8,0.1,Randomized,0.09136492959950945
3606,8,0.0,Naive,0.0842227015571658
3607,8,0.1,Randomized,0.0842227015571658
3608,8,0.0,Naive,0.08408200102333359
3609,8,0.1,Randomized,0.08408200102333359
3610,8,0.0,Naive,0.07804375319420133
3611,8,0.1,Randomized,0.07804375319420133
3612,8,0.0,Naive,0.10166176435596647
3613,8,0.1,Randomized,0.10166176435596647
3614,8,0.0,Naive,0.08935822793339847
3615,8,0.1,Randomized,0.08935822793339847
3616,8,0.0,Naive,0.10301216867900555
3617,8,0.1,Randomized,0.10301216867900555
3618,8,0.0,Naive,0.09722123767929865
3619,8,0.1,Randomized,0.09722123767929865
3620,8,0.0,Naive,0.09608273170049596
3621,8,0.1,Randomized,0.09608273170049596
3622,8,0.0,Naive,0.09800375900690006
3623,8,0.1,Randomized,0.09800375900690006
3624,8,0.0,Naive,0.11271775656962339
3625,8,0.1,Randomized,0.11271775656962339
3626,8,0.0,Naive,0.11186795931573612
3627,8,0.1,Randomized,0.11186795931573612
3628,8,0.0,Naive,0.07854251650011373
3629,8,0.1,Randomized,0.07854251650011373
3630,8,0.0,Naive,0.08806806295869493
3631,8,0.1,Randomized,0.08806806295869493
3632,8,0.0,Naive,0.07680386378799567
3633,8,0.1,Randomized,0.07680386378799567
3634,8,0.0,Naive,0.12460124819906945
3635,8,0.1,Randomized,0.12460124819906945
3636,8,0.0,Naive,0.12960877526356282
3637,8,0.1,Randomized,0.12960877526356282
3638,8,0.0,Naive,0.09255020720476843
3639,8,0.1,Randomized,0.09255020720476843
3640,8,0.0,Naive,0.0927694199057569
3641,8,0.1,Randomized,0.0927694199057569
3642,8,0.0,Naive,0.126200431766491
3643,8,0.1,Randomized,0.126200431766491
3644,8,0.0,Naive,0.11517147580678232
3645,8,0.1,Randomized,0.11517147580678232
3646,8,0.0,Naive,0.1005318289410742
3647,8,0.1,Randomized,0.1005318289410742
3648,8,0.0,Naive,0.12099150083002218
3649,8,0.1,Randomized,0.12099150083002218
3650,8,0.0,Naive,0.06611042199565056
3651,8,0.1,Randomized,0.06611042199565056
3652,8,0.0,Naive,0.10565828482279341
3653,8,0.1,Randomized,0.10565828482279341
3654,8,0.0,Naive,0.09412128161621622
3655,8,0.1,Randomized,0.09412128161621622
3656,8,0.0,Naive,0.10227302577919146
3657,8,0.1,Randomized,0.10227302577919146
3658,8,0.0,Naive,0.08809955917573002
3659,8,0.1,Randomized,0.08809955917573002
3660,8,0.0,Naive,0.09938021218118454
3661,8,0.1,Randomized,0.09938021218118454
3662,8,0.0,Naive,0.08425130777781004
3663,8,0.1,Randomized,0.08425130777781004
3664,8,0.0,Naive,0.09031924890609092
3665,8,0.1,Randomized,0.09031924890609092
3666,8,0.0,Naive,0.08838846904250064
3667,8,0.1,Randomized,0.08838846904250064
3668,8,0.0,Naive,0.1301749741957009
3669,8,0.1,Randomized,0.1301749741957009
3670,8,0.0,Naive,0.10864059926027615
3671,8,0.1,Randomized,0.10864059926027615
3672,8,0.0,Naive,0.17062252445805312
3673,8,0.1,Randomized,0.17062252445805312
3674,8,0.0,Naive,0.13052300042371273
3675,8,0.1,Randomized,0.13052300042371273
3676,8,0.0,Naive,0.10998258604143256
3677,8,0.1,Randomized,0.10998258604143256
3678,8,0.0,Naive,0.1357369912607221
3679,8,0.1,Randomized,0.1357369912607221
3680,8,0.0,Naive,0.09285510652154896
3681,8,0.1,Randomized,0.09285510652154896
3682,8,0.0,Naive,0.11990243244483657
3683,8,0.1,Randomized,0.11990243244483657
3684,8,0.0,Naive,0.09229786333521475
3685,8,0.1,Randomized,0.09229786333521475
3686,8,0.0,Naive,0.13615980914810955
3687,8,0.1,Randomized,0.13615980914810955
3688,8,0.0,Naive,0.0924512457254104
3689,8,0.1,Randomized,0.0924512457254104
3690,8,0.0,Naive,0.09149260064417768
3691,8,0.1,Randomized,0.09149260064417768
3692,8,0.0,Naive,0.07691266924051735
3693,8,0.1,Randomized,0.07691266924051735
3694,8,0.0,Naive,0.08311244719446792
3695,8,0.1,Randomized,0.08311244719446792
3696,8,0.0,Naive,0.1078313604532941
3697,8,0.1,Randomized,0.1078313604532941
3698,8,0.0,Naive,0.09571040994240776
3699,8,0.1,Randomized,0.09571040994240776
3700,8,0.0,Naive,0.06764101542866673
3701,8,0.1,Randomized,0.06764101542866673
3702,8,0.0,Naive,0.07032554844061459
3703,8,0.1,Randomized,0.07032554844061459
3704,8,0.0,Naive,0.08076728542577562
3705,8,0.1,Randomized,0.08076728542577562
3706,8,0.0,Naive,0.11337088601928205
3707,8,0.1,Randomized,0.11337088601928205
3708,8,0.0,Naive,0.06344407161745577
3709,8,0.1,Randomized,0.06344407161745577
3710,8,0.0,Naive,0.06143828732694557
3711,8,0.1,Randomized,0.06143828732694557
3712,8,0.0,Naive,0.05828073088851022
3713,8,0.1,Randomized,0.05828073088851022
3714,8,0.0,Naive,0.09366432873209918
3715,8,0.1,Randomized,0.09366432873209918
3716,8,0.0,Naive,0.08924408234701793
3717,8,0.1,Randomized,0.08924408234701793
3718,8,0.0,Naive,0.12680201049151238
3719,8,0.1,Randomized,0.12680201049151238
3720,8,0.0,Naive,0.07444324739609663
3721,8,0.1,Randomized,0.07444324739609663
3722,8,0.0,Naive,0.1383008806747593
3723,8,0.1,Randomized,0.1383008806747593
3724,8,0.0,Naive,0.07505208947419229
3725,8,0.1,Randomized,0.07505208947419229
3726,8,0.0,Naive,0.11284015743582254
3727,8,0.1,Randomized,0.11284015743582254
3728,8,0.0,Naive,0.10984219213539538
3729,8,0.1,Randomized,0.10984219213539538
3730,8,0.0,Naive,0.11185761704001206
3731,8,0.1,Randomized,0.11185761704001206
3732,8,0.0,Naive,0.0630568854523601
3733,8,0.1,Randomized,0.0630568854523601
3734,8,0.0,Naive,0.10003407083208778
3735,8,0.1,Randomized,0.10003407083208778
3736,8,0.0,Naive,0.08271366039329463
3737,8,0.1,Randomized,0.08271366039329463
3738,8,0.0,Naive,0.06528706599324378
3739,8,0.1,Randomized,0.06528706599324378
3740,8,0.0,Naive,0.11996102238035394
3741,8,0.1,Randomized,0.11996102238035394
3742,8,0.0,Naive,0.0765703900708608
3743,8,0.1,Randomized,0.0765703900708608
3744,8,0.0,Naive,0.08491282010554208
3745,8,0.1,Randomized,0.08491282010554208
3746,8,0.0,Naive,0.11780674611473398
3747,8,0.1,Randomized,0.11780674611473398
3748,8,0.0,Naive,0.11063072523398033
3749,8,0.1,Randomized,0.11063072523398033
3750,8,0.0,Naive,0.10088391055119245
3751,8,0.1,Randomized,0.10088391055119245
3752,8,0.0,Naive,0.1359907661828319
3753,8,0.1,Randomized,0.1359907661828319
3754,8,0.0,Naive,0.12245182489560173
3755,8,0.1,Randomized,0.12245182489560173
3756,8,0.0,Naive,0.10253959329099399
3757,8,0.1,Randomized,0.10253959329099399
3758,8,0.0,Naive,0.1336787913445359
3759,8,0.1,Randomized,0.1336787913445359
3760,8,0.0,Naive,0.19252186917997827
3761,8,0.1,Randomized,0.1588231690268178
3762,8,0.0,Naive,0.1439956829126743
3763,8,0.1,Randomized,0.9413527744727006
3764,8,0.0,Naive,0.10268999225144868
3765,8,0.1,Randomized,0.10268999225144868
3766,8,0.0,Naive,0.09853581444235236
3767,8,0.1,Randomized,0.09853581444235236
3768,8,0.0,Naive,0.08387820835569239
3769,8,0.1,Randomized,0.08387820835569239
3770,8,0.0,Naive,0.08614716236028422
3771,8,0.1,Randomized,0.08614716236028422
3772,8,0.0,Naive,0.1098400344347535
3773,8,0.1,Randomized,0.1098400344347535
3774,8,0.0,Naive,0.11393280191624097
3775,8,0.1,Randomized,0.11393280191624097
3776,8,0.0,Naive,0.0962846886079222
3777,8,0.1,Randomized,0.0962846886079222
3778,8,0.0,Naive,0.10069363625582123
3779,8,0.1,Randomized,0.10069363625582123
3780,8,0.0,Naive,0.10828799063781958
3781,8,0.1,Randomized,0.10828799063781958
3782,8,0.0,Naive,0.10424235458140546
3783,8,0.1,Randomized,0.10424235458140546
3784,8,0.0,Naive,0.11220865522465934
3785,8,0.1,Randomized,0.11220865522465934
3786,8,0.0,Naive,0.08393038690611791
3787,8,0.1,Randomized,0.08393038690611791
3788,8,0.0,Naive,0.13950568107945985
3789,8,0.1,Randomized,0.13950568107945985
3790,8,0.0,Naive,0.07364499840396023
3791,8,0.1,Randomized,0.07364499840396023
3792,8,0.0,Naive,0.12399258468016935
3793,8,0.1,Randomized,0.12399258468016935
3794,8,0.0,Naive,0.11646593095815568
3795,8,0.1,Randomized,0.11646593095815568
3796,8,0.0,Naive,0.10965057678825464
3797,8,0.1,Randomized,0.10965057678825464
3798,8,0.0,Naive,0.08104437525539701
3799,8,0.1,Randomized,0.08104437525539701
3800,8,0.0,Naive,0.09997438065620427
3801,8,0.1,Randomized,0.09997438065620427
3802,8,0.0,Naive,0.12249714397430495
3803,8,0.1,Randomized,0.12249714397430495
3804,8,0.0,Naive,0.12982591561124177
3805,8,0.1,Randomized,0.12982591561124177
3806,8,0.0,Naive,0.06998445509696362
3807,8,0.1,Randomized,0.06998445509696362
3808,8,0.0,Naive,0.08911206528522217
3809,8,0.1,Randomized,0.08911206528522217
3810,8,0.0,Naive,0.09846648129178252
3811,8,0.1,Randomized,0.09846648129178252
3812,8,0.0,Naive,0.11155315895968311
3813,8,0.1,Randomized,0.11155315895968311
3814,8,0.0,Naive,0.10374441563935091
3815,8,0.1,Randomized,0.10374441563935091
3816,8,0.0,Naive,0.13997561517457094
3817,8,0.1,Randomized,0.13997561517457094
3818,8,0.0,Naive,0.08099465688215148
3819,8,0.1,Randomized,0.08099465688215148
3820,8,0.0,Naive,0.1461109270954679
3821,8,0.1,Randomized,0.1461109270954679
3822,8,0.0,Naive,0.08516005697382606
3823,8,0.1,Randomized,0.08516005697382606
3824,8,0.0,Naive,0.09780790168309202
3825,8,0.1,Randomized,0.9841449582669394
3826,8,0.0,Naive,0.10846599231668358
3827,8,0.1,Randomized,0.10846599231668358
3828,8,0.0,Naive,0.11171436114104857
3829,8,0.1,Randomized,0.11171436114104857
3830,8,0.0,Naive,0.1322113310477507
3831,8,0.1,Randomized,0.1322113310477507
3832,8,0.0,Naive,0.068958962472469
3833,8,0.1,Randomized,0.068958962472469
3834,8,0.0,Naive,0.08056789646713435
3835,8,0.1,Randomized,0.08056789646713435
3836,8,0.0,Naive,0.11170923527479688
3837,8,0.1,Randomized,0.8636752302990788
3838,8,0.0,Naive,0.10744340641869639
3839,8,0.1,Randomized,0.10744340641869639
3840,8,0.0,Naive,0.1370964459306868
3841,8,0.1,Randomized,0.1370964459306868
3842,8,0.0,Naive,0.11100256716307871
3843,8,0.1,Randomized,0.11100256716307871
3844,8,0.0,Naive,0.11310564485133877
3845,8,0.1,Randomized,0.11310564485133877
3846,8,0.0,Naive,0.12464789750747318
3847,8,0.1,Randomized,0.12464789750747318
3848,8,0.0,Naive,0.11189918924615883
3849,8,0.1,Randomized,0.11189918924615883
3850,8,0.0,Naive,0.10232739768912938
3851,8,0.1,Randomized,0.10232739768912938
3852,8,0.0,Naive,0.1205783376393607
3853,8,0.1,Randomized,0.1205783376393607
3854,8,0.0,Naive,0.09140982929780782
3855,8,0.1,Randomized,0.09140982929780782
3856,8,0.0,Naive,0.1289795271235067
3857,8,0.1,Randomized,0.1289795271235067
3858,8,0.0,Naive,0.08946437677459151
3859,8,0.1,Randomized,0.08946437677459151
3860,8,0.0,Naive,0.11200807194186796
3861,8,0.1,Randomized,0.11200807194186796
3862,8,0.0,Naive,0.08058967038814174
3863,8,0.1,Randomized,0.08058967038814174
3864,8,0.0,Naive,0.07782103160866194
3865,8,0.1,Randomized,0.07782103160866194
3866,8,0.0,Naive,0.09569359216207281
3867,8,0.1,Randomized,0.09569359216207281
3868,8,0.0,Naive,0.06637387427855652
3869,8,0.1,Randomized,0.06637387427855652
3870,8,0.0,Naive,0.10932840826614536
3871,8,0.1,Randomized,0.10932840826614536
3872,8,0.0,Naive,0.13018265348755045
3873,8,0.1,Randomized,0.13018265348755045
3874,8,0.0,Naive,0.09906800565642905
3875,8,0.1,Randomized,0.09906800565642905
3876,8,0.0,Naive,0.06264829019457858
3877,8,0.1,Randomized,0.06264829019457858
3878,8,0.0,Naive,0.1574359646550408
3879,8,0.1,Randomized,0.1574359646550408
3880,8,0.0,Naive,0.09767852700694973
3881,8,0.1,Randomized,0.09767852700694973
3882,8,0.0,Naive,0.08909270949473362
3883,8,0.1,Randomized,0.08909270949473362
3884,8,0.0,Naive,0.10923009568562127
3885,8,0.1,Randomized,0.10923009568562127
3886,8,0.0,Naive,0.1170108674290525
3887,8,0.1,Randomized,0.1170108674290525
3888,8,0.0,Naive,0.0986635525464697
3889,8,0.1,Randomized,0.0986635525464697
3890,8,0.0,Naive,0.07788575080241525
3891,8,0.1,Randomized,0.07788575080241525
3892,8,0.0,Naive,0.11127980442229
3893,8,0.1,Randomized,0.11127980442229
3894,8,0.0,Naive,0.15745622001902532
3895,8,0.1,Randomized,0.15745622001902532
3896,8,0.0,Naive,0.09438343226169923
3897,8,0.1,Randomized,0.09438343226169923
3898,8,0.0,Naive,0.05096340068174631
3899,8,0.1,Randomized,0.05096340068174631
3900,8,0.0,Naive,0.05794709342694825
3901,8,0.1,Randomized,0.05794709342694825
3902,8,0.0,Naive,0.13045906027816467
3903,8,0.1,Randomized,0.13045906027816467
3904,8,0.0,Naive,0.14040199028585842
3905,8,0.1,Randomized,0.14040199028585842
3906,8,0.0,Naive,0.08781863041894661
3907,8,0.1,Randomized,0.08781863041894661
3908,8,0.0,Naive,0.06963878160674562
3909,8,0.1,Randomized,0.06963878160674562
3910,8,0.0,Naive,0.05440820994217121
3911,8,0.1,Randomized,0.05440820994217121
3912,8,0.0,Naive,0.13804850159022397
3913,8,0.1,Randomized,0.13804850159022397
3914,8,0.0,Naive,0.11538542246282342
3915,8,0.1,Randomized,0.11538542246282342
3916,8,0.0,Naive,0.10032287015551762
3917,8,0.1,Randomized,0.10032287015551762
3918,8,0.0,Naive,0.11973732399071937
3919,8,0.1,Randomized,0.11973732399071937
3920,8,0.0,Naive,0.10765149910970515
3921,8,0.1,Randomized,0.10765149910970515
3922,8,0.0,Naive,0.08411282191540326
3923,8,0.1,Randomized,0.08411282191540326
3924,8,0.0,Naive,0.0716689817099887
3925,8,0.1,Randomized,0.0716689817099887
3926,8,0.0,Naive,0.0637763614479135
3927,8,0.1,Randomized,0.0637763614479135
3928,8,0.0,Naive,0.09271797375629837
3929,8,0.1,Randomized,0.09271797375629837
3930,8,0.0,Naive,0.1304097167052541
3931,8,0.1,Randomized,0.1304097167052541
3932,8,0.0,Naive,0.10141858391162228
3933,8,0.1,Randomized,0.10141858391162228
3934,8,0.0,Naive,0.0978386605645843
3935,8,0.1,Randomized,0.0978386605645843
3936,8,0.0,Naive,0.10530474898314034
3937,8,0.1,Randomized,0.10530474898314034
3938,8,0.0,Naive,0.1171543593777446
3939,8,0.1,Randomized,0.1171543593777446
3940,8,0.0,Naive,0.09737112791926751
3941,8,0.1,Randomized,0.09737112791926751
3942,8,0.0,Naive,0.1649190045371393
3943,8,0.1,Randomized,0.1649190045371393
3944,8,0.0,Naive,0.09668126743828048
3945,8,0.1,Randomized,0.8556627061686347
3946,8,0.0,Naive,0.13140524079502783
3947,8,0.1,Randomized,0.13140524079502783
3948,8,0.0,Naive,0.08360063497210393
3949,8,0.1,Randomized,0.08360063497210393
3950,8,0.0,Naive,0.12716545417445901
3951,8,0.1,Randomized,0.12716545417445901
3952,8,0.0,Naive,0.1163547851869983
3953,8,0.1,Randomized,0.1163547851869983
3954,8,0.0,Naive,0.0707081076250616
3955,8,0.1,Randomized,0.0707081076250616
3956,8,0.0,Naive,0.123878659847036
3957,8,0.1,Randomized,0.123878659847036
3958,8,0.0,Naive,0.11406731333548392
3959,8,0.1,Randomized,0.11406731333548392
3960,8,0.0,Naive,0.07251495561123843
3961,8,0.1,Randomized,0.07251495561123843
3962,8,0.0,Naive,0.06420365957447284
3963,8,0.1,Randomized,0.06420365957447284
3964,8,0.0,Naive,0.0851071733974178
3965,8,0.1,Randomized,0.0851071733974178
3966,8,0.0,Naive,0.12462142737880959
3967,8,0.1,Randomized,0.12462142737880959
3968,8,0.0,Naive,0.1032315141041821
3969,8,0.1,Randomized,0.1032315141041821
3970,8,0.0,Naive,0.12632899002532616
3971,8,0.1,Randomized,0.12632899002532616
3972,8,0.0,Naive,0.16026531738919692
3973,8,0.1,Randomized,0.16026531738919692
3974,8,0.0,Naive,0.14259277974200044
3975,8,0.1,Randomized,0.14259277974200044
3976,8,0.0,Naive,0.12252370787119118
3977,8,0.1,Randomized,0.12252370787119118
3978,8,0.0,Naive,0.08813276869641437
3979,8,0.1,Randomized,0.08813276869641437
3980,8,0.0,Naive,0.11140039860267172
3981,8,0.1,Randomized,0.11140039860267172
3982,8,0.0,Naive,0.07966569187659403
3983,8,0.1,Randomized,0.07966569187659403
3984,8,0.0,Naive,0.0994622184600146
3985,8,0.1,Randomized,0.0994622184600146
3986,8,0.0,Naive,0.09898593302375151
3987,8,0.1,Randomized,0.09898593302375151
3988,8,0.0,Naive,0.10188348088962539
3989,8,0.1,Randomized,0.10188348088962539
3990,8,0.0,Naive,0.10609697927039681
3991,8,0.1,Randomized,0.10609697927039681
3992,8,0.0,Naive,0.07732645748708947
3993,8,0.1,Randomized,0.07732645748708947
3994,8,0.0,Naive,0.11202647464438509
3995,8,0.1,Randomized,0.11202647464438509
3996,8,0.0,Naive,0.09155158378078716
3997,8,0.1,Randomized,0.09155158378078716
3998,8,0.0,Naive,0.12681822303492554
3999,8,0.1,Randomized,0.12681822303492554
4000,10,0.0,Naive,0.0643973087594328
4001,10,0.1,Randomized,0.0643973087594328
4002,10,0.0,Naive,0.05547583899283197
4003,10,0.1,Randomized,0.05547583899283197
4004,10,0.0,Naive,0.0681181954764469
4005,10,0.1,Randomized,0.0681181954764469
4006,10,0.0,Naive,0.05417116714278934
4007,10,0.1,Randomized,0.05417116714278934
4008,10,0.0,Naive,0.06776835151350687
4009,10,0.1,Randomized,0.06776835151350687
4010,10,0.0,Naive,0.04306570633868233
4011,10,0.1,Randomized,0.04306570633868233
4012,10,0.0,Naive,0.07445698886388899
4013,10,0.1,Randomized,0.07445698886388899
4014,10,0.0,Naive,0.04977580497725295
4015,10,0.1,Randomized,0.04977580497725295
4016,10,0.0,Naive,0.06048044955411192
4017,10,0.1,Randomized,0.06048044955411192
4018,10,0.0,Naive,0.06529394744785808
4019,10,0.1,Randomized,0.06529394744785808
4020,10,0.0,Naive,0.127293533253049
4021,10,0.1,Randomized,0.127293533253049
4022,10,0.0,Naive,0.08344125616412171
4023,10,0.1,Randomized,0.08344125616412171
4024,10,0.0,Naive,0.0685092679508582
4025,10,0.1,Randomized,0.0685092679508582
4026,10,0.0,Naive,0.07138033505348661
4027,10,0.1,Randomized,0.07138033505348661
4028,10,0.0,Naive,0.06922354572935922
4029,10,0.1,Randomized,0.06922354572935922
4030,10,0.0,Naive,0.06898830158358389
4031,10,0.1,Randomized,0.06898830158358389
4032,10,0.0,Naive,0.05027709150716181
4033,10,0.1,Randomized,0.05027709150716181
4034,10,0.0,Naive,0.055062355243362636
4035,10,0.1,Randomized,0.055062355243362636
4036,10,0.0,Naive,0.0561954343449766
4037,10,0.1,Randomized,0.0561954343449766
4038,10,0.0,Naive,0.047638711541274574
4039,10,0.1,Randomized,0.047638711541274574
4040,10,0.0,Naive,0.04231521202520189
4041,10,0.1,Randomized,0.04231521202520189
4042,10,0.0,Naive,0.08623191068418234
4043,10,0.1,Randomized,0.08623191068418234
4044,10,0.0,Naive,0.08859170966542392
4045,10,0.1,Randomized,0.08859170966542392
4046,10,0.0,Naive,0.0919548812085114
4047,10,0.1,Randomized,0.0919548812085114
4048,10,0.0,Naive,0.0937119653543929
4049,10,0.1,Randomized,0.0937119653543929
4050,10,0.0,Naive,0.08065363310367239
4051,10,0.1,Randomized,0.08065363310367239
4052,10,0.0,Naive,0.08107388461768555
4053,10,0.1,Randomized,0.08107388461768555
4054,10,0.0,Naive,0.04385920507881782
4055,10,0.1,Randomized,0.04385920507881782
4056,10,0.0,Naive,0.07377583088639504
4057,10,0.1,Randomized,0.07377583088639504
4058,10,0.0,Naive,0.061611365928892506
4059,10,0.1,Randomized,0.061611365928892506
4060,10,0.0,Naive,0.08754647566581783
4061,10,0.1,Randomized,0.08754647566581783
4062,10,0.0,Naive,0.04551191432041366
4063,10,0.1,Randomized,0.04551191432041366
4064,10,0.0,Naive,0.09674522681257271
4065,10,0.1,Randomized,0.09674522681257271
4066,10,0.0,Naive,0.06026576335593385
4067,10,0.1,Randomized,0.06026576335593385
4068,10,0.0,Naive,0.0734166485970818
4069,10,0.1,Randomized,0.0734166485970818
4070,10,0.0,Naive,0.04558359240594991
4071,10,0.1,Randomized,0.04558359240594991
4072,10,0.0,Naive,0.07133407069049913
4073,10,0.1,Randomized,0.07133407069049913
4074,10,0.0,Naive,0.0717242564208171
4075,10,0.1,Randomized,0.0717242564208171
4076,10,0.0,Naive,0.0773652738822111
4077,10,0.1,Randomized,0.0773652738822111
4078,10,0.0,Naive,0.07502916243083788
4079,10,0.1,Randomized,0.07502916243083788
4080,10,0.0,Naive,0.05936980339438094
4081,10,0.1,Randomized,0.05936980339438094
4082,10,0.0,Naive,0.07630832400888742
4083,10,0.1,Randomized,0.07630832400888742
4084,10,0.0,Naive,0.0906409357718836
4085,10,0.1,Randomized,0.0906409357718836
4086,10,0.0,Naive,0.0565122195481671
4087,10,0.1,Randomized,0.0565122195481671
4088,10,0.0,Naive,0.05848490838806603
4089,10,0.1,Randomized,0.05848490838806603
4090,10,0.0,Naive,0.046734603760026486
4091,10,0.1,Randomized,0.046734603760026486
4092,10,0.0,Naive,0.04390809767876581
4093,10,0.1,Randomized,0.04390809767876581
4094,10,0.0,Naive,0.07518847440779726
4095,10,0.1,Randomized,0.07518847440779726
4096,10,0.0,Naive,0.05930533972713273
4097,10,0.1,Randomized,0.05930533972713273
4098,10,0.0,Naive,0.08001618070077365
4099,10,0.1,Randomized,0.08001618070077365
4100,10,0.0,Naive,0.035992408622909616
4101,10,0.1,Randomized,0.035992408622909616
4102,10,0.0,Naive,0.06668342950005814
4103,10,0.1,Randomized,0.06668342950005814
4104,10,0.0,Naive,0.05608736036192984
4105,10,0.1,Randomized,0.05608736036192984
4106,10,0.0,Naive,0.07612296669368218
4107,10,0.1,Randomized,0.07612296669368218
4108,10,0.0,Naive,0.09111069648016905
4109,10,0.1,Randomized,0.09111069648016905
4110,10,0.0,Naive,0.08441679529598795
4111,10,0.1,Randomized,0.08441679529598795
4112,10,0.0,Naive,0.10029090975882593
4113,10,0.1,Randomized,0.10029090975882593
4114,10,0.0,Naive,0.056773728845224414
4115,10,0.1,Randomized,0.056773728845224414
4116,10,0.0,Naive,0.08306594091554548
4117,10,0.1,Randomized,0.08306594091554548
4118,10,0.0,Naive,0.058774924058934405
4119,10,0.1,Randomized,0.058774924058934405
4120,10,0.0,Naive,0.08275264438449524
4121,10,0.1,Randomized,0.08275264438449524
4122,10,0.0,Naive,0.06803770111261787
4123,10,0.1,Randomized,0.06803770111261787
4124,10,0.0,Naive,0.06617817725080577
4125,10,0.1,Randomized,0.06617817725080577
4126,10,0.0,Naive,0.08455244446689913
4127,10,0.1,Randomized,0.08455244446689913
4128,10,0.0,Naive,0.03784895005820194
4129,10,0.1,Randomized,0.03784895005820194
4130,10,0.0,Naive,0.08053998593469809
4131,10,0.1,Randomized,0.08053998593469809
4132,10,0.0,Naive,0.05534363313710091
4133,10,0.1,Randomized,0.05534363313710091
4134,10,0.0,Naive,0.0690798818708463
4135,10,0.1,Randomized,0.0690798818708463
4136,10,0.0,Naive,0.08728236786156694
4137,10,0.1,Randomized,0.08728236786156694
4138,10,0.0,Naive,0.0578761436736487
4139,10,0.1,Randomized,0.0578761436736487
4140,10,0.0,Naive,0.06355581621028873
4141,10,0.1,Randomized,0.06355581621028873
4142,10,0.0,Naive,0.05251120577994301
4143,10,0.1,Randomized,0.05251120577994301
4144,10,0.0,Naive,0.08527984469502395
4145,10,0.1,Randomized,0.08527984469502395
4146,10,0.0,Naive,0.09832071038675727
4147,10,0.1,Randomized,0.09832071038675727
4148,10,0.0,Naive,0.04650533350358653
4149,10,0.1,Randomized,0.04650533350358653
4150,10,0.0,Naive,0.044307520469038374
4151,10,0.1,Randomized,0.044307520469038374
4152,10,0.0,Naive,0.06745804229846962
4153,10,0.1,Randomized,0.06745804229846962
4154,10,0.0,Naive,0.05700354222983581
4155,10,0.1,Randomized,0.05700354222983581
4156,10,0.0,Naive,0.07632552793887977
4157,10,0.1,Randomized,0.07632552793887977
4158,10,0.0,Naive,0.04448020179209335
4159,10,0.1,Randomized,0.04448020179209335
4160,10,0.0,Naive,0.07200031547020774
4161,10,0.1,Randomized,0.07200031547020774
4162,10,0.0,Naive,0.05941428315637343
4163,10,0.1,Randomized,0.05941428315637343
4164,10,0.0,Naive,0.0760603369382245
4165,10,0.1,Randomized,0.0760603369382245
4166,10,0.0,Naive,0.05841118451511095
4167,10,0.1,Randomized,0.05841118451511095
4168,10,0.0,Naive,0.07399925388726505
4169,10,0.1,Randomized,0.07399925388726505
4170,10,0.0,Naive,0.10460439930832034
4171,10,0.1,Randomized,0.10460439930832034
4172,10,0.0,Naive,0.06332346343709155
4173,10,0.1,Randomized,0.06332346343709155
4174,10,0.0,Naive,0.051098451598578724
4175,10,0.1,Randomized,0.051098451598578724
4176,10,0.0,Naive,0.06284569509369468
4177,10,0.1,Randomized,0.06284569509369468
4178,10,0.0,Naive,0.04780419473424646
4179,10,0.1,Randomized,0.04780419473424646
4180,10,0.0,Naive,0.041148033694522995
4181,10,0.1,Randomized,0.041148033694522995
4182,10,0.0,Naive,0.08775458577823622
4183,10,0.1,Randomized,0.08775458577823622
4184,10,0.0,Naive,0.08470081629504934
4185,10,0.1,Randomized,0.08470081629504934
4186,10,0.0,Naive,0.06286284572349919
4187,10,0.1,Randomized,0.06286284572349919
4188,10,0.0,Naive,0.050641166699527576
4189,10,0.1,Randomized,0.050641166699527576
4190,10,0.0,Naive,0.03986198587991356
4191,10,0.1,Randomized,0.03986198587991356
4192,10,0.0,Naive,0.0721734642049913
4193,10,0.1,Randomized,0.0721734642049913
4194,10,0.0,Naive,0.07916651736442808
4195,10,0.1,Randomized,0.07916651736442808
4196,10,0.0,Naive,0.06283991620434279
4197,10,0.1,Randomized,0.06283991620434279
4198,10,0.0,Naive,0.06364725534982044
4199,10,0.1,Randomized,0.06364725534982044
4200,10,0.0,Naive,0.05412373512180465
4201,10,0.1,Randomized,0.05412373512180465
4202,10,0.0,Naive,0.05845453682958628
4203,10,0.1,Randomized,0.05845453682958628
4204,10,0.0,Naive,0.04629532239642978
4205,10,0.1,Randomized,0.04629532239642978
4206,10,0.0,Naive,0.040949871965958416
4207,10,0.1,Randomized,0.040949871965958416
4208,10,0.0,Naive,0.058220916639498306
4209,10,0.1,Randomized,0.058220916639498306
4210,10,0.0,Naive,0.09308392664653023
4211,10,0.1,Randomized,0.09308392664653023
4212,10,0.0,Naive,0.05739738516784288
4213,10,0.1,Randomized,0.05739738516784288
4214,10,0.0,Naive,0.06350039606554667
4215,10,0.1,Randomized,0.06350039606554667
4216,10,0.0,Naive,0.08167786883325537
4217,10,0.1,Randomized,0.08167786883325537
4218,10,0.0,Naive,0.07815137849363323
4219,10,0.1,Randomized,0.07815137849363323
4220,10,0.0,Naive,0.042915976301932744
4221,10,0.1,Randomized,0.042915976301932744
4222,10,0.0,Naive,0.05216608458650841
4223,10,0.1,Randomized,0.05216608458650841
4224,10,0.0,Naive,0.06169989466072985
4225,10,0.1,Randomized,0.06169989466072985
4226,10,0.0,Naive,0.05995723884756046
4227,10,0.1,Randomized,0.05995723884756046
4228,10,0.0,Naive,0.05129439449938691
4229,10,0.1,Randomized,0.05129439449938691
4230,10,0.0,Naive,0.06147985673064215
4231,10,0.1,Randomized,0.06147985673064215
4232,10,0.0,Naive,0.05263824556520149
4233,10,0.1,Randomized,0.05263824556520149
4234,10,0.0,Naive,0.046936761696487514
4235,10,0.1,Randomized,0.046936761696487514
4236,10,0.0,Naive,0.05241247268222559
4237,10,0.1,Randomized,0.05241247268222559
4238,10,0.0,Naive,0.056411399544173145
4239,10,0.1,Randomized,0.056411399544173145
4240,10,0.0,Naive,0.06922930051059335
4241,10,0.1,Randomized,0.06922930051059335
4242,10,0.0,Naive,0.10010204856998989
4243,10,0.1,Randomized,0.10010204856998989
4244,10,0.0,Naive,0.06788535985795227
4245,10,0.1,Randomized,0.06788535985795227
4246,10,0.0,Naive,0.07537610820922071
4247,10,0.1,Randomized,0.07537610820922071
4248,10,0.0,Naive,0.08560808837363755
4249,10,0.1,Randomized,0.08560808837363755
4250,10,0.0,Naive,0.04243529319017972
4251,10,0.1,Randomized,0.04243529319017972
4252,10,0.0,Naive,0.0523986507234533
4253,10,0.1,Randomized,0.0523986507234533
4254,10,0.0,Naive,0.06443023208676299
4255,10,0.1,Randomized,0.06443023208676299
4256,10,0.0,Naive,0.04710073653296665
4257,10,0.1,Randomized,0.04710073653296665
4258,10,0.0,Naive,0.08685010756076152
4259,10,0.1,Randomized,0.08685010756076152
4260,10,0.0,Naive,0.06946747190504603
4261,10,0.1,Randomized,0.06946747190504603
4262,10,0.0,Naive,0.040223012917138194
4263,10,0.1,Randomized,0.040223012917138194
4264,10,0.0,Naive,0.08976458817393797
4265,10,0.1,Randomized,0.08976458817393797
4266,10,0.0,Naive,0.08638974209583844
4267,10,0.1,Randomized,0.08638974209583844
4268,10,0.0,Naive,0.05951389302709792
4269,10,0.1,Randomized,0.05951389302709792
4270,10,0.0,Naive,0.04932001821855089
4271,10,0.1,Randomized,0.04932001821855089
4272,10,0.0,Naive,0.10511963797475628
4273,10,0.1,Randomized,0.10511963797475628
4274,10,0.0,Naive,0.09117472911503274
4275,10,0.1,Randomized,0.09117472911503274
4276,10,0.0,Naive,0.07351327495617704
4277,10,0.1,Randomized,0.07351327495617704
4278,10,0.0,Naive,0.06738199317506875
4279,10,0.1,Randomized,0.06738199317506875
4280,10,0.0,Naive,0.06257176151970922
4281,10,0.1,Randomized,0.06257176151970922
4282,10,0.0,Naive,0.058537219314845255
4283,10,0.1,Randomized,0.058537219314845255
4284,10,0.0,Naive,0.08549672430722342
4285,10,0.1,Randomized,0.08549672430722342
4286,10,0.0,Naive,0.07280861055301958
4287,10,0.1,Randomized,0.07280861055301958
4288,10,0.0,Naive,0.07684613432739548
4289,10,0.1,Randomized,0.07684613432739548
4290,10,0.0,Naive,0.05894322913288029
4291,10,0.1,Randomized,0.05894322913288029
4292,10,0.0,Naive,0.10406364593136143
4293,10,0.1,Randomized,0.10406364593136143
4294,10,0.0,Naive,0.06558875567080005
4295,10,0.1,Randomized,0.06558875567080005
4296,10,0.0,Naive,0.056756995323870664
4297,10,0.1,Randomized,0.056756995323870664
4298,10,0.0,Naive,0.0501826398805045
4299,10,0.1,Randomized,0.0501826398805045
4300,10,0.0,Naive,0.07852460161236453
4301,10,0.1,Randomized,0.07852460161236453
4302,10,0.0,Naive,0.08453511185509806
4303,10,0.1,Randomized,0.08453511185509806
4304,10,0.0,Naive,0.09000099008323023
4305,10,0.1,Randomized,0.09000099008323023
4306,10,0.0,Naive,0.06459528454225871
4307,10,0.1,Randomized,0.06459528454225871
4308,10,0.0,Naive,0.058894653328122035
4309,10,0.1,Randomized,0.058894653328122035
4310,10,0.0,Naive,0.055425610186377657
4311,10,0.1,Randomized,0.055425610186377657
4312,10,0.0,Naive,0.07601064394637594
4313,10,0.1,Randomized,0.07601064394637594
4314,10,0.0,Naive,0.07577061485176487
4315,10,0.1,Randomized,0.07577061485176487
4316,10,0.0,Naive,0.05794480257175993
4317,10,0.1,Randomized,0.05794480257175993
4318,10,0.0,Naive,0.061305117497718865
4319,10,0.1,Randomized,0.061305117497718865
4320,10,0.0,Naive,0.07570045269014794
4321,10,0.1,Randomized,0.07570045269014794
4322,10,0.0,Naive,0.06687680126539977
4323,10,0.1,Randomized,0.06687680126539977
4324,10,0.0,Naive,0.0755848512599075
4325,10,0.1,Randomized,0.0755848512599075
4326,10,0.0,Naive,0.06281898228701323
4327,10,0.1,Randomized,0.06281898228701323
4328,10,0.0,Naive,0.060726787266990996
4329,10,0.1,Randomized,0.060726787266990996
4330,10,0.0,Naive,0.05287540320998837
4331,10,0.1,Randomized,0.05287540320998837
4332,10,0.0,Naive,0.04827707749482459
4333,10,0.1,Randomized,0.04827707749482459
4334,10,0.0,Naive,0.07381590238621083
4335,10,0.1,Randomized,0.07381590238621083
4336,10,0.0,Naive,0.07189587022756429
4337,10,0.1,Randomized,0.07189587022756429
4338,10,0.0,Naive,0.0482637027706152
4339,10,0.1,Randomized,0.0482637027706152
4340,10,0.0,Naive,0.09260662436111577
4341,10,0.1,Randomized,0.09260662436111577
4342,10,0.0,Naive,0.046053688999931224
4343,10,0.1,Randomized,0.046053688999931224
4344,10,0.0,Naive,0.06149981003558449
4345,10,0.1,Randomized,0.06149981003558449
4346,10,0.0,Naive,0.057778633715813085
4347,10,0.1,Randomized,0.057778633715813085
4348,10,0.0,Naive,0.06891510469481962
4349,10,0.1,Randomized,0.06891510469481962
4350,10,0.0,Naive,0.05367942956228392
4351,10,0.1,Randomized,0.05367942956228392
4352,10,0.0,Naive,0.08039456582584435
4353,10,0.1,Randomized,0.08039456582584435
4354,10,0.0,Naive,0.06275816340563224
4355,10,0.1,Randomized,0.06275816340563224
4356,10,0.0,Naive,0.07014830537628772
4357,10,0.1,Randomized,0.07014830537628772
4358,10,0.0,Naive,0.11666893750102843
4359,10,0.1,Randomized,0.11666893750102843
4360,10,0.0,Naive,0.06869945477736829
4361,10,0.1,Randomized,0.06869945477736829
4362,10,0.0,Naive,0.08094048964972471
4363,10,0.1,Randomized,0.08094048964972471
4364,10,0.0,Naive,0.06331667646438742
4365,10,0.1,Randomized,0.06331667646438742
4366,10,0.0,Naive,0.06666411805396324
4367,10,0.1,Randomized,0.06666411805396324
4368,10,0.0,Naive,0.09138477633835937
4369,10,0.1,Randomized,0.09138477633835937
4370,10,0.0,Naive,0.08046850494125789
4371,10,0.1,Randomized,0.08046850494125789
4372,10,0.0,Naive,0.05746260108323127
4373,10,0.1,Randomized,0.05746260108323127
4374,10,0.0,Naive,0.09012147826810672
4375,10,0.1,Randomized,0.09012147826810672
4376,10,0.0,Naive,0.08108791704768566
4377,10,0.1,Randomized,0.08108791704768566
4378,10,0.0,Naive,0.060297491141615936
4379,10,0.1,Randomized,0.060297491141615936
4380,10,0.0,Naive,0.052740438668059574
4381,10,0.1,Randomized,0.052740438668059574
4382,10,0.0,Naive,0.04934540709068558
4383,10,0.1,Randomized,0.04934540709068558
4384,10,0.0,Naive,0.08046047038428332
4385,10,0.1,Randomized,0.08046047038428332
4386,10,0.0,Naive,0.09187157584250474
4387,10,0.1,Randomized,0.09187157584250474
4388,10,0.0,Naive,0.07157041030520653
4389,10,0.1,Randomized,0.07157041030520653
4390,10,0.0,Naive,0.0836376693115459
4391,10,0.1,Randomized,0.0836376693115459
4392,10,0.0,Naive,0.08247846217028246
4393,10,0.1,Randomized,0.08247846217028246
4394,10,0.0,Naive,0.07944922121568114
4395,10,0.1,Randomized,0.07944922121568114
4396,10,0.0,Naive,0.07057331366452506
4397,10,0.1,Randomized,0.07057331366452506
4398,10,0.0,Naive,0.09288762104538693
4399,10,0.1,Randomized,0.09288762104538693
4400,10,0.0,Naive,0.06467965250290504
4401,10,0.1,Randomized,0.06467965250290504
4402,10,0.0,Naive,0.1032278041552605
4403,10,0.1,Randomized,0.1032278041552605
4404,10,0.0,Naive,0.07051878418208236
4405,10,0.1,Randomized,0.07051878418208236
4406,10,0.0,Naive,0.06527261568106682
4407,10,0.1,Randomized,0.06527261568106682
4408,10,0.0,Naive,0.08196479514970624
4409,10,0.1,Randomized,0.08196479514970624
4410,10,0.0,Naive,0.0882150952580287
4411,10,0.1,Randomized,0.0882150952580287
4412,10,0.0,Naive,0.05878060271728551
4413,10,0.1,Randomized,0.05878060271728551
4414,10,0.0,Naive,0.0396707908024366
4415,10,0.1,Randomized,0.0396707908024366
4416,10,0.0,Naive,0.059209353025534046
4417,10,0.1,Randomized,0.059209353025534046
4418,10,0.0,Naive,0.054965389393822686
4419,10,0.1,Randomized,0.054965389393822686
4420,10,0.0,Naive,0.08959968941731472
4421,10,0.1,Randomized,0.08959968941731472
4422,10,0.0,Naive,0.058486090068213724
4423,10,0.1,Randomized,0.058486090068213724
4424,10,0.0,Naive,0.0856417544323403
4425,10,0.1,Randomized,0.0856417544323403
4426,10,0.0,Naive,0.07174768529277283
4427,10,0.1,Randomized,0.07174768529277283
4428,10,0.0,Naive,0.06546097455286815
4429,10,0.1,Randomized,0.06546097455286815
4430,10,0.0,Naive,0.07414647031714967
4431,10,0.1,Randomized,0.07414647031714967
4432,10,0.0,Naive,0.07111237492421614
4433,10,0.1,Randomized,0.07111237492421614
4434,10,0.0,Naive,0.06481527045396959
4435,10,0.1,Randomized,0.06481527045396959
4436,10,0.0,Naive,0.09529561989635879
4437,10,0.1,Randomized,0.09529561989635879
4438,10,0.0,Naive,0.06503322540614799
4439,10,0.1,Randomized,0.06503322540614799
4440,10,0.0,Naive,0.053992685289770574
4441,10,0.1,Randomized,0.053992685289770574
4442,10,0.0,Naive,0.06796718186964347
4443,10,0.1,Randomized,0.06796718186964347
4444,10,0.0,Naive,0.04049538450195968
4445,10,0.1,Randomized,0.04049538450195968
4446,10,0.0,Naive,0.09633976775101649
4447,10,0.1,Randomized,0.09633976775101649
4448,10,0.0,Naive,0.08218857828741459
4449,10,0.1,Randomized,0.08218857828741459
4450,10,0.0,Naive,0.055265522862465194
4451,10,0.1,Randomized,0.055265522862465194
4452,10,0.0,Naive,0.06595820259199021
4453,10,0.1,Randomized,0.06595820259199021
4454,10,0.0,Naive,0.08474473214718735
4455,10,0.1,Randomized,0.08474473214718735
4456,10,0.0,Naive,0.05171101474065674
4457,10,0.1,Randomized,0.05171101474065674
4458,10,0.0,Naive,0.051351025001608576
4459,10,0.1,Randomized,0.051351025001608576
4460,10,0.0,Naive,0.057391756649218834
4461,10,0.1,Randomized,0.057391756649218834
4462,10,0.0,Naive,0.04396329253166651
4463,10,0.1,Randomized,0.04396329253166651
4464,10,0.0,Naive,0.07159242411970726
4465,10,0.1,Randomized,0.07159242411970726
4466,10,0.0,Naive,0.07870775210168793
4467,10,0.1,Randomized,0.07870775210168793
4468,10,0.0,Naive,0.0683752355400199
4469,10,0.1,Randomized,0.0683752355400199
4470,10,0.0,Naive,0.07774122474612234
4471,10,0.1,Randomized,0.07774122474612234
4472,10,0.0,Naive,0.08436893431451635
4473,10,0.1,Randomized,0.08436893431451635
4474,10,0.0,Naive,0.07372708367986983
4475,10,0.1,Randomized,0.07372708367986983
4476,10,0.0,Naive,0.06840123603843491
4477,10,0.1,Randomized,0.06840123603843491
4478,10,0.0,Naive,0.05070358505532945
4479,10,0.1,Randomized,0.05070358505532945
4480,10,0.0,Naive,0.08805317194316163
4481,10,0.1,Randomized,0.08805317194316163
4482,10,0.0,Naive,0.06939012269150242
4483,10,0.1,Randomized,0.06939012269150242
4484,10,0.0,Naive,0.045442544419797774
4485,10,0.1,Randomized,0.045442544419797774
4486,10,0.0,Naive,0.07345338195952548
4487,10,0.1,Randomized,0.07345338195952548
4488,10,0.0,Naive,0.07771114679608174
4489,10,0.1,Randomized,0.07771114679608174
4490,10,0.0,Naive,0.07080687839272942
4491,10,0.1,Randomized,0.07080687839272942
4492,10,0.0,Naive,0.06060819708964968
4493,10,0.1,Randomized,0.06060819708964968
4494,10,0.0,Naive,0.09352475140085524
4495,10,0.1,Randomized,0.09352475140085524
4496,10,0.0,Naive,0.0786934473422243
4497,10,0.1,Randomized,0.0786934473422243
4498,10,0.0,Naive,0.07768991866704472
4499,10,0.1,Randomized,0.07768991866704472
4500,10,0.0,Naive,0.07548955905310031
4501,10,0.1,Randomized,0.07548955905310031
4502,10,0.0,Naive,0.06984915118239617
4503,10,0.1,Randomized,0.06984915118239617
4504,10,0.0,Naive,0.07668074842497452
4505,10,0.1,Randomized,0.07668074842497452
4506,10,0.0,Naive,0.06923838247640268
4507,10,0.1,Randomized,0.06923838247640268
4508,10,0.0,Naive,0.04808984941349256
4509,10,0.1,Randomized,0.04808984941349256
4510,10,0.0,Naive,0.07387567272680362
4511,10,0.1,Randomized,0.07387567272680362
4512,10,0.0,Naive,0.06971857459855373
4513,10,0.1,Randomized,0.9493138285850291
4514,10,0.0,Naive,0.0452091881732508
4515,10,0.1,Randomized,0.0452091881732508
4516,10,0.0,Naive,0.04821063220556319
4517,10,0.1,Randomized,0.04821063220556319
4518,10,0.0,Naive,0.06038515660271296
4519,10,0.1,Randomized,0.06038515660271296
4520,10,0.0,Naive,0.05672648301425704
4521,10,0.1,Randomized,0.05672648301425704
4522,10,0.0,Naive,0.09677443392054039
4523,10,0.1,Randomized,0.09677443392054039
4524,10,0.0,Naive,0.0675104126803981
4525,10,0.1,Randomized,0.0675104126803981
4526,10,0.0,Naive,0.08052404745966776
4527,10,0.1,Randomized,0.08052404745966776
4528,10,0.0,Naive,0.05670477585759697
4529,10,0.1,Randomized,0.05670477585759697
4530,10,0.0,Naive,0.09380864076673265
4531,10,0.1,Randomized,0.09380864076673265
4532,10,0.0,Naive,0.060207455156769916
4533,10,0.1,Randomized,0.060207455156769916
4534,10,0.0,Naive,0.07115449156313537
4535,10,0.1,Randomized,0.07115449156313537
4536,10,0.0,Naive,0.04960510279874744
4537,10,0.1,Randomized,0.04960510279874744
4538,10,0.0,Naive,0.05508101188996519
4539,10,0.1,Randomized,0.05508101188996519
4540,10,0.0,Naive,0.06400610489446133
4541,10,0.1,Randomized,0.06400610489446133
4542,10,0.0,Naive,0.0962220740363629
4543,10,0.1,Randomized,0.0962220740363629
4544,10,0.0,Naive,0.07394374107685271
4545,10,0.1,Randomized,0.07394374107685271
4546,10,0.0,Naive,0.04592803728407241
4547,10,0.1,Randomized,0.04592803728407241
4548,10,0.0,Naive,0.0707394980303957
4549,10,0.1,Randomized,0.0707394980303957
4550,10,0.0,Naive,0.0675751632076527
4551,10,0.1,Randomized,0.0675751632076527
4552,10,0.0,Naive,0.08401732441292913
4553,10,0.1,Randomized,0.08401732441292913
4554,10,0.0,Naive,0.05064435792816656
4555,10,0.1,Randomized,0.05064435792816656
4556,10,0.0,Naive,0.08274835245647787
4557,10,0.1,Randomized,0.08274835245647787
4558,10,0.0,Naive,0.1142833989979091
4559,10,0.1,Randomized,0.1142833989979091
4560,10,0.0,Naive,0.07293700975079605
4561,10,0.1,Randomized,0.07293700975079605
4562,10,0.0,Naive,0.05492181597184152
4563,10,0.1,Randomized,0.05492181597184152
4564,10,0.0,Naive,0.08955519774976699
4565,10,0.1,Randomized,0.08955519774976699
4566,10,0.0,Naive,0.07819333739527738
4567,10,0.1,Randomized,0.07819333739527738
4568,10,0.0,Naive,0.05185717848213966
4569,10,0.1,Randomized,0.05185717848213966
4570,10,0.0,Naive,0.07108850953398778
4571,10,0.1,Randomized,0.07108850953398778
4572,10,0.0,Naive,0.07673641485498023
4573,10,0.1,Randomized,0.07673641485498023
4574,10,0.0,Naive,0.0961966685488636
4575,10,0.1,Randomized,0.0961966685488636
4576,10,0.0,Naive,0.08044120010218209
4577,10,0.1,Randomized,0.08044120010218209
4578,10,0.0,Naive,0.0781834670473513
4579,10,0.1,Randomized,0.0781834670473513
4580,10,0.0,Naive,0.054689903864799695
4581,10,0.1,Randomized,0.054689903864799695
4582,10,0.0,Naive,0.056750253032439926
4583,10,0.1,Randomized,0.056750253032439926
4584,10,0.0,Naive,0.054949957908516055
4585,10,0.1,Randomized,0.054949957908516055
4586,10,0.0,Naive,0.057580171953270025
4587,10,0.1,Randomized,0.057580171953270025
4588,10,0.0,Naive,0.06998414992505117
4589,10,0.1,Randomized,0.06998414992505117
4590,10,0.0,Naive,0.06330698614787007
4591,10,0.1,Randomized,0.06330698614787007
4592,10,0.0,Naive,0.07666206053252696
4593,10,0.1,Randomized,0.07666206053252696
4594,10,0.0,Naive,0.06973653223042608
4595,10,0.1,Randomized,0.06973653223042608
4596,10,0.0,Naive,0.0538605482651774
4597,10,0.1,Randomized,0.0538605482651774
4598,10,0.0,Naive,0.06102021086631455
4599,10,0.1,Randomized,0.06102021086631455
4600,10,0.0,Naive,0.08347979130925358
4601,10,0.1,Randomized,0.08347979130925358
4602,10,0.0,Naive,0.055711774080648056
4603,10,0.1,Randomized,0.055711774080648056
4604,10,0.0,Naive,0.06577542521287733
4605,10,0.1,Randomized,0.06577542521287733
4606,10,0.0,Naive,0.07572534915446923
4607,10,0.1,Randomized,0.07572534915446923
4608,10,0.0,Naive,0.09090556996305064
4609,10,0.1,Randomized,0.09090556996305064
4610,10,0.0,Naive,0.10000594712403474
4611,10,0.1,Randomized,0.10000594712403474
4612,10,0.0,Naive,0.05768363376928645
4613,10,0.1,Randomized,0.05768363376928645
4614,10,0.0,Naive,0.08022885776383935
4615,10,0.1,Randomized,0.08022885776383935
4616,10,0.0,Naive,0.054572412303426354
4617,10,0.1,Randomized,0.054572412303426354
4618,10,0.0,Naive,0.08216505502226414
4619,10,0.1,Randomized,0.08216505502226414
4620,10,0.0,Naive,0.07316931144584186
4621,10,0.1,Randomized,0.07316931144584186
4622,10,0.0,Naive,0.10956374666554329
4623,10,0.1,Randomized,0.10956374666554329
4624,10,0.0,Naive,0.07350512650006795
4625,10,0.1,Randomized,0.07350512650006795
4626,10,0.0,Naive,0.05684468753131416
4627,10,0.1,Randomized,0.05684468753131416
4628,10,0.0,Naive,0.11073729033925547
4629,10,0.1,Randomized,0.11073729033925547
4630,10,0.0,Naive,0.0602675737939067
4631,10,0.1,Randomized,0.0602675737939067
4632,10,0.0,Naive,0.06277186523325831
4633,10,0.1,Randomized,0.06277186523325831
4634,10,0.0,Naive,0.05938190276524856
4635,10,0.1,Randomized,0.05938190276524856
4636,10,0.0,Naive,0.06738674542010484
4637,10,0.1,Randomized,0.06738674542010484
4638,10,0.0,Naive,0.050268570634806636
4639,10,0.1,Randomized,0.050268570634806636
4640,10,0.0,Naive,0.0503179030384302
4641,10,0.1,Randomized,0.0503179030384302
4642,10,0.0,Naive,0.07333854029988279
4643,10,0.1,Randomized,0.07333854029988279
4644,10,0.0,Naive,0.0742997731287586
4645,10,0.1,Randomized,0.0742997731287586
4646,10,0.0,Naive,0.06640611361143459
4647,10,0.1,Randomized,0.06640611361143459
4648,10,0.0,Naive,0.050537299093171124
4649,10,0.1,Randomized,0.050537299093171124
4650,10,0.0,Naive,0.03872893626493924
4651,10,0.1,Randomized,0.03872893626493924
4652,10,0.0,Naive,0.05743447933466356
4653,10,0.1,Randomized,0.05743447933466356
4654,10,0.0,Naive,0.07153233694486524
4655,10,0.1,Randomized,0.07153233694486524
4656,10,0.0,Naive,0.07354101222613177
4657,10,0.1,Randomized,0.07354101222613177
4658,10,0.0,Naive,0.06986137392377732
4659,10,0.1,Randomized,0.06986137392377732
4660,10,0.0,Naive,0.06710882195897132
4661,10,0.1,Randomized,0.06710882195897132
4662,10,0.0,Naive,0.08659885058128539
4663,10,0.1,Randomized,0.08659885058128539
4664,10,0.0,Naive,0.05135999661668193
4665,10,0.1,Randomized,0.05135999661668193
4666,10,0.0,Naive,0.043947331290829186
4667,10,0.1,Randomized,0.043947331290829186
4668,10,0.0,Naive,0.10952846250485943
4669,10,0.1,Randomized,0.10952846250485943
4670,10,0.0,Naive,0.06388044104274844
4671,10,0.1,Randomized,0.06388044104274844
4672,10,0.0,Naive,0.04937385477597175
4673,10,0.1,Randomized,0.04937385477597175
4674,10,0.0,Naive,0.048772728667876554
4675,10,0.1,Randomized,0.048772728667876554
4676,10,0.0,Naive,0.07548587614280328
4677,10,0.1,Randomized,0.07548587614280328
4678,10,0.0,Naive,0.059728525385146794
4679,10,0.1,Randomized,0.059728525385146794
4680,10,0.0,Naive,0.0649457724796662
4681,10,0.1,Randomized,0.0649457724796662
4682,10,0.0,Naive,0.06269141358535472
4683,10,0.1,Randomized,0.06269141358535472
4684,10,0.0,Naive,0.05643180485631159
4685,10,0.1,Randomized,0.05643180485631159
4686,10,0.0,Naive,0.0732634467012873
4687,10,0.1,Randomized,0.0732634467012873
4688,10,0.0,Naive,0.05158387766074129
4689,10,0.1,Randomized,0.05158387766074129
4690,10,0.0,Naive,0.06452823278040393
4691,10,0.1,Randomized,0.06452823278040393
4692,10,0.0,Naive,0.04405285463982045
4693,10,0.1,Randomized,0.04405285463982045
4694,10,0.0,Naive,0.048582623607696475
4695,10,0.1,Randomized,0.048582623607696475
4696,10,0.0,Naive,0.08403142825583863
4697,10,0.1,Randomized,0.08403142825583863
4698,10,0.0,Naive,0.060515574914720295
4699,10,0.1,Randomized,0.060515574914720295
4700,10,0.0,Naive,0.0568463258097135
4701,10,0.1,Randomized,0.0568463258097135
4702,10,0.0,Naive,0.0613212098341181
4703,10,0.1,Randomized,0.0613212098341181
4704,10,0.0,Naive,0.08738644359740877
4705,10,0.1,Randomized,0.08738644359740877
4706,10,0.0,Naive,0.05780202739579973
4707,10,0.1,Randomized,0.05780202739579973
4708,10,0.0,Naive,0.06983675555222517
4709,10,0.1,Randomized,0.06983675555222517
4710,10,0.0,Naive,0.06420242096626688
4711,10,0.1,Randomized,0.06420242096626688
4712,10,0.0,Naive,0.07445772111097929
4713,10,0.1,Randomized,0.07445772111097929
4714,10,0.0,Naive,0.08132598024585808
4715,10,0.1,Randomized,0.08132598024585808
4716,10,0.0,Naive,0.06997782644614943
4717,10,0.1,Randomized,0.06997782644614943
4718,10,0.0,Naive,0.05603428850292118
4719,10,0.1,Randomized,0.05603428850292118
4720,10,0.0,Naive,0.0735511134113228
4721,10,0.1,Randomized,0.0735511134113228
4722,10,0.0,Naive,0.05215059184935083
4723,10,0.1,Randomized,0.05215059184935083
4724,10,0.0,Naive,0.0744935486853055
4725,10,0.1,Randomized,0.0744935486853055
4726,10,0.0,Naive,0.05498285507874485
4727,10,0.1,Randomized,0.05498285507874485
4728,10,0.0,Naive,0.0813175990853947
4729,10,0.1,Randomized,0.0813175990853947
4730,10,0.0,Naive,0.07488254343627926
4731,10,0.1,Randomized,0.07488254343627926
4732,10,0.0,Naive,0.04528274667529275
4733,10,0.1,Randomized,0.04528274667529275
4734,10,0.0,Naive,0.07616082026442135
4735,10,0.1,Randomized,0.07616082026442135
4736,10,0.0,Naive,0.06461245793380199
4737,10,0.1,Randomized,0.06461245793380199
4738,10,0.0,Naive,0.0527029956938397
4739,10,0.1,Randomized,0.0527029956938397
4740,10,0.0,Naive,0.05665802071118963
4741,10,0.1,Randomized,0.05665802071118963
4742,10,0.0,Naive,0.07984289393596616
4743,10,0.1,Randomized,0.07984289393596616
4744,10,0.0,Naive,0.06454200578674392
4745,10,0.1,Randomized,0.06454200578674392
4746,10,0.0,Naive,0.06136387857756988
4747,10,0.1,Randomized,0.06136387857756988
4748,10,0.0,Naive,0.05943242397014785
4749,10,0.1,Randomized,0.05943242397014785
4750,10,0.0,Naive,0.07700197654048185
4751,10,0.1,Randomized,0.07700197654048185
4752,10,0.0,Naive,0.07363177914837109
4753,10,0.1,Randomized,0.07363177914837109
4754,10,0.0,Naive,0.06318604859909499
4755,10,0.1,Randomized,0.06318604859909499
4756,10,0.0,Naive,0.05126682937604106
4757,10,0.1,Randomized,0.05126682937604106
4758,10,0.0,Naive,0.07324906169036753
4759,10,0.1,Randomized,0.07324906169036753
4760,10,0.0,Naive,0.06817815389698406
4761,10,0.1,Randomized,0.06817815389698406
4762,10,0.0,Naive,0.09819441187138232
4763,10,0.1,Randomized,0.09819441187138232
4764,10,0.0,Naive,0.04012686312819797
4765,10,0.1,Randomized,0.04012686312819797
4766,10,0.0,Naive,0.07493134178104166
4767,10,0.1,Randomized,0.07493134178104166
4768,10,0.0,Naive,0.05750936929989788
4769,10,0.1,Randomized,0.05750936929989788
4770,10,0.0,Naive,0.12292409355368396
4771,10,0.1,Randomized,0.12292409355368396
4772,10,0.0,Naive,0.07919408935101002
4773,10,0.1,Randomized,0.07919408935101002
4774,10,0.0,Naive,0.07849893342785526
4775,10,0.1,Randomized,0.07849893342785526
4776,10,0.0,Naive,0.049336542237437844
4777,10,0.1,Randomized,0.049336542237437844
4778,10,0.0,Naive,0.060145830300713125
4779,10,0.1,Randomized,0.060145830300713125
4780,10,0.0,Naive,0.08073837529362825
4781,10,0.1,Randomized,0.08073837529362825
4782,10,0.0,Naive,0.07282614252270876
4783,10,0.1,Randomized,0.07282614252270876
4784,10,0.0,Naive,0.05486444135254928
4785,10,0.1,Randomized,0.05486444135254928
4786,10,0.0,Naive,0.07795066899564067
4787,10,0.1,Randomized,0.07795066899564067
4788,10,0.0,Naive,0.05493750293080668
4789,10,0.1,Randomized,0.05493750293080668
4790,10,0.0,Naive,0.07163933844055966
4791,10,0.1,Randomized,0.07163933844055966
4792,10,0.0,Naive,0.06697417099861326
4793,10,0.1,Randomized,0.06697417099861326
4794,10,0.0,Naive,0.04711811639557904
4795,10,0.1,Randomized,0.04711811639557904
4796,10,0.0,Naive,0.05269608220160265
4797,10,0.1,Randomized,0.05269608220160265
4798,10,0.0,Naive,0.07329381045195021
4799,10,0.1,Randomized,0.07329381045195021
4800,10,0.0,Naive,0.08163359676721485
4801,10,0.1,Randomized,0.08163359676721485
4802,10,0.0,Naive,0.04395376188870161
4803,10,0.1,Randomized,0.04395376188870161
4804,10,0.0,Naive,0.08640746801979689
4805,10,0.1,Randomized,0.08640746801979689
4806,10,0.0,Naive,0.0722251557713733
4807,10,0.1,Randomized,0.0722251557713733
4808,10,0.0,Naive,0.06191142616558314
4809,10,0.1,Randomized,0.06191142616558314
4810,10,0.0,Naive,0.03888456780420729
4811,10,0.1,Randomized,0.03888456780420729
4812,10,0.0,Naive,0.032657015547509646
4813,10,0.1,Randomized,0.032657015547509646
4814,10,0.0,Naive,0.04706533994378805
4815,10,0.1,Randomized,0.04706533994378805
4816,10,0.0,Naive,0.08138696359142143
4817,10,0.1,Randomized,0.08138696359142143
4818,10,0.0,Naive,0.06707163560940162
4819,10,0.1,Randomized,0.06707163560940162
4820,10,0.0,Naive,0.08455245801661122
4821,10,0.1,Randomized,0.08455245801661122
4822,10,0.0,Naive,0.06270047567313741
4823,10,0.1,Randomized,0.06270047567313741
4824,10,0.0,Naive,0.05133340421201594
4825,10,0.1,Randomized,0.05133340421201594
4826,10,0.0,Naive,0.05822977787264563
4827,10,0.1,Randomized,0.05822977787264563
4828,10,0.0,Naive,0.05282310120733992
4829,10,0.1,Randomized,0.05282310120733992
4830,10,0.0,Naive,0.03743644192374178
4831,10,0.1,Randomized,0.03743644192374178
4832,10,0.0,Naive,0.05851986670848533
4833,10,0.1,Randomized,0.05851986670848533
4834,10,0.0,Naive,0.09121910418941469
4835,10,0.1,Randomized,0.09121910418941469
4836,10,0.0,Naive,0.047110642806816545
4837,10,0.1,Randomized,0.047110642806816545
4838,10,0.0,Naive,0.0838017913322297
4839,10,0.1,Randomized,0.0838017913322297
4840,10,0.0,Naive,0.07294585682326397
4841,10,0.1,Randomized,0.07294585682326397
4842,10,0.0,Naive,0.06268073446381316
4843,10,0.1,Randomized,0.06268073446381316
4844,10,0.0,Naive,0.07692903286821874
4845,10,0.1,Randomized,0.07692903286821874
4846,10,0.0,Naive,0.0759393193411093
4847,10,0.1,Randomized,0.0759393193411093
4848,10,0.0,Naive,0.06394538681369558
4849,10,0.1,Randomized,0.06394538681369558
4850,10,0.0,Naive,0.07129960639523611
4851,10,0.1,Randomized,0.07129960639523611
4852,10,0.0,Naive,0.05384708579379187
4853,10,0.1,Randomized,0.05384708579379187
4854,10,0.0,Naive,0.09644521336518132
4855,10,0.1,Randomized,0.09644521336518132
4856,10,0.0,Naive,0.07163660706136991
4857,10,0.1,Randomized,0.07163660706136991
4858,10,0.0,Naive,0.08045111638393629
4859,10,0.1,Randomized,0.08045111638393629
4860,10,0.0,Naive,0.08743721213899544
4861,10,0.1,Randomized,0.08743721213899544
4862,10,0.0,Naive,0.0744712847903445
4863,10,0.1,Randomized,0.0744712847903445
4864,10,0.0,Naive,0.06774292650993306
4865,10,0.1,Randomized,0.06774292650993306
4866,10,0.0,Naive,0.0659543846627217
4867,10,0.1,Randomized,0.0659543846627217
4868,10,0.0,Naive,0.03464325850934859
4869,10,0.1,Randomized,0.03464325850934859
4870,10,0.0,Naive,0.040494545657106744
4871,10,0.1,Randomized,0.040494545657106744
4872,10,0.0,Naive,0.047944249619912484
4873,10,0.1,Randomized,0.047944249619912484
4874,10,0.0,Naive,0.08068862061590631
4875,10,0.1,Randomized,0.08068862061590631
4876,10,0.0,Naive,0.07529004330302302
4877,10,0.1,Randomized,0.07529004330302302
4878,10,0.0,Naive,0.08553311671124506
4879,10,0.1,Randomized,0.08553311671124506
4880,10,0.0,Naive,0.05444784652663511
4881,10,0.1,Randomized,0.05444784652663511
4882,10,0.0,Naive,0.06918663563089653
4883,10,0.1,Randomized,0.06918663563089653
4884,10,0.0,Naive,0.026830197012226137
4885,10,0.1,Randomized,0.026830197012226137
4886,10,0.0,Naive,0.04615042447606166
4887,10,0.1,Randomized,0.04615042447606166
4888,10,0.0,Naive,0.07421121217235543
4889,10,0.1,Randomized,0.07421121217235543
4890,10,0.0,Naive,0.06683074810730974
4891,10,0.1,Randomized,0.06683074810730974
4892,10,0.0,Naive,0.0765817754080767
4893,10,0.1,Randomized,0.0765817754080767
4894,10,0.0,Naive,0.14006802115934186
4895,10,0.1,Randomized,0.14006802115934186
4896,10,0.0,Naive,0.04954834018205159
4897,10,0.1,Randomized,0.04954834018205159
4898,10,0.0,Naive,0.0784404751335896
4899,10,0.1,Randomized,0.0784404751335896
4900,10,0.0,Naive,0.07604118402119946
4901,10,0.1,Randomized,0.07604118402119946
4902,10,0.0,Naive,0.06884326607513602
4903,10,0.1,Randomized,0.06884326607513602
4904,10,0.0,Naive,0.057182139082451997
4905,10,0.1,Randomized,0.057182139082451997
4906,10,0.0,Naive,0.09452312431225349
4907,10,0.1,Randomized,0.09452312431225349
4908,10,0.0,Naive,0.08063503939719883
4909,10,0.1,Randomized,0.08063503939719883
4910,10,0.0,Naive,0.0782868718449688
4911,10,0.1,Randomized,0.0782868718449688
4912,10,0.0,Naive,0.07442097148577502
4913,10,0.1,Randomized,0.07442097148577502
4914,10,0.0,Naive,0.06631942872995895
4915,10,0.1,Randomized,0.06631942872995895
4916,10,0.0,Naive,0.06334353817300298
4917,10,0.1,Randomized,0.06334353817300298
4918,10,0.0,Naive,0.051879736237850915
4919,10,0.1,Randomized,0.051879736237850915
4920,10,0.0,Naive,0.10380154643547652
4921,10,0.1,Randomized,0.10380154643547652
4922,10,0.0,Naive,0.055343274649855896
4923,10,0.1,Randomized,0.055343274649855896
4924,10,0.0,Naive,0.05628164891269959
4925,10,0.1,Randomized,0.05628164891269959
4926,10,0.0,Naive,0.07218039935446945
4927,10,0.1,Randomized,0.07218039935446945
4928,10,0.0,Naive,0.05594537291193482
4929,10,0.1,Randomized,0.05594537291193482
4930,10,0.0,Naive,0.05450856175511444
4931,10,0.1,Randomized,0.05450856175511444
4932,10,0.0,Naive,0.07117503963373911
4933,10,0.1,Randomized,0.07117503963373911
4934,10,0.0,Naive,0.055266657496329835
4935,10,0.1,Randomized,0.055266657496329835
4936,10,0.0,Naive,0.07018701333368996
4937,10,0.1,Randomized,0.07018701333368996
4938,10,0.0,Naive,0.08647317947623014
4939,10,0.1,Randomized,0.08647317947623014
4940,10,0.0,Naive,0.06455648576914512
4941,10,0.1,Randomized,0.06455648576914512
4942,10,0.0,Naive,0.05574133776414971
4943,10,0.1,Randomized,0.05574133776414971
4944,10,0.0,Naive,0.06878570891921959
4945,10,0.1,Randomized,0.06878570891921959
4946,10,0.0,Naive,0.07238054840731001
4947,10,0.1,Randomized,0.07238054840731001
4948,10,0.0,Naive,0.06112571238465461
4949,10,0.1,Randomized,0.06112571238465461
4950,10,0.0,Naive,0.10621427918211417
4951,10,0.1,Randomized,0.10621427918211417
4952,10,0.0,Naive,0.07516432478177243
4953,10,0.1,Randomized,0.07516432478177243
4954,10,0.0,Naive,0.07848266581201076
4955,10,0.1,Randomized,0.07848266581201076
4956,10,0.0,Naive,0.06536667269170915
4957,10,0.1,Randomized,0.06536667269170915
4958,10,0.0,Naive,0.05831198658373071
4959,10,0.1,Randomized,0.05831198658373071
4960,10,0.0,Naive,0.05736371388851571
4961,10,0.1,Randomized,0.05736371388851571
4962,10,0.0,Naive,0.08119349339287475
4963,10,0.1,Randomized,0.08119349339287475
4964,10,0.0,Naive,0.05539803352133616
4965,10,0.1,Randomized,0.05539803352133616
4966,10,0.0,Naive,0.04890508003426772
4967,10,0.1,Randomized,0.04890508003426772
4968,10,0.0,Naive,0.051217966790034514
4969,10,0.1,Randomized,0.051217966790034514
4970,10,0.0,Naive,0.07886812838627884
4971,10,0.1,Randomized,0.07886812838627884
4972,10,0.0,Naive,0.06992697513384476
4973,10,0.1,Randomized,0.06992697513384476
4974,10,0.0,Naive,0.08054729159911332
4975,10,0.1,Randomized,0.08054729159911332
4976,10,0.0,Naive,0.0647186211302945
4977,10,0.1,Randomized,0.0647186211302945
4978,10,0.0,Naive,0.06731287188779199
4979,10,0.1,Randomized,0.06731287188779199
4980,10,0.0,Naive,0.08863683667474606
4981,10,0.1,Randomized,0.08863683667474606
4982,10,0.0,Naive,0.05013033247476125
4983,10,0.1,Randomized,0.05013033247476125
4984,10,0.0,Naive,0.056292264690288564
4985,10,0.1,Randomized,0.056292264690288564
4986,10,0.0,Naive,0.09949033030759173
4987,10,0.1,Randomized,0.09949033030759173
4988,10,0.0,Naive,0.06881785182981348
4989,10,0.1,Randomized,0.06881785182981348
4990,10,0.0,Naive,0.029947077134999847
4991,10,0.1,Randomized,0.029947077134999847
4992,10,0.0,Naive,0.06906800602786174
4993,10,0.1,Randomized,0.06906800602786174
4994,10,0.0,Naive,0.0783446399470121
4995,10,0.1,Randomized,0.0783446399470121
4996,10,0.0,Naive,0.048455684105821094
4997,10,0.1,Randomized,0.048455684105821094
4998,10,0.0,Naive,0.09128882449105061
4999,10,0.1,Randomized,0.09128882449105061
5000,12,0.0,Naive,0.036095326417850765
5001,12,0.1,Randomized,0.036095326417850765
5002,12,0.0,Naive,0.044524751886668525
5003,12,0.1,Randomized,0.044524751886668525
5004,12,0.0,Naive,0.060022963288056376
5005,12,0.1,Randomized,0.060022963288056376
5006,12,0.0,Naive,0.0403834681375587
5007,12,0.1,Randomized,0.0403834681375587
5008,12,0.0,Naive,0.03925294781033613
5009,12,0.1,Randomized,0.03925294781033613
5010,12,0.0,Naive,0.03905570504378273
5011,12,0.1,Randomized,0.03905570504378273
5012,12,0.0,Naive,0.052959380721978824
5013,12,0.1,Randomized,0.052959380721978824
5014,12,0.0,Naive,0.03272173345329987
5015,12,0.1,Randomized,0.03272173345329987
5016,12,0.0,Naive,0.04034745323172658
5017,12,0.1,Randomized,0.04034745323172658
5018,12,0.0,Naive,0.04247081476113331
5019,12,0.1,Randomized,0.04247081476113331
5020,12,0.0,Naive,0.031046728604927413
5021,12,0.1,Randomized,0.031046728604927413
5022,12,0.0,Naive,0.06208475063156482
5023,12,0.1,Randomized,0.06208475063156482
5024,12,0.0,Naive,0.03685127929456544
5025,12,0.1,Randomized,0.03685127929456544
5026,12,0.0,Naive,0.0445601127458849
5027,12,0.1,Randomized,0.0445601127458849
5028,12,0.0,Naive,0.04754404034408788
5029,12,0.1,Randomized,0.04754404034408788
5030,12,0.0,Naive,0.030148490161223437
5031,12,0.1,Randomized,0.030148490161223437
5032,12,0.0,Naive,0.06022745437227219
5033,12,0.1,Randomized,0.06022745437227219
5034,12,0.0,Naive,0.05043258320455968
5035,12,0.1,Randomized,0.05043258320455968
5036,12,0.0,Naive,0.04866165093729991
5037,12,0.1,Randomized,0.04866165093729991
5038,12,0.0,Naive,0.051086043839302826
5039,12,0.1,Randomized,0.051086043839302826
5040,12,0.0,Naive,0.04764254967687951
5041,12,0.1,Randomized,0.04764254967687951
5042,12,0.0,Naive,0.02928368760922945
5043,12,0.1,Randomized,0.02928368760922945
5044,12,0.0,Naive,0.03545170982528278
5045,12,0.1,Randomized,0.03545170982528278
5046,12,0.0,Naive,0.03470935488704617
5047,12,0.1,Randomized,0.03470935488704617
5048,12,0.0,Naive,0.03925013436328997
5049,12,0.1,Randomized,0.03925013436328997
5050,12,0.0,Naive,0.04889060149715043
5051,12,0.1,Randomized,0.04889060149715043
5052,12,0.0,Naive,0.06450904895128795
5053,12,0.1,Randomized,0.06450904895128795
5054,12,0.0,Naive,0.06465322738033717
5055,12,0.1,Randomized,0.06465322738033717
5056,12,0.0,Naive,0.04703524007375319
5057,12,0.1,Randomized,0.04703524007375319
5058,12,0.0,Naive,0.052145063214714994
5059,12,0.1,Randomized,0.052145063214714994
5060,12,0.0,Naive,0.04039577047039939
5061,12,0.1,Randomized,0.04039577047039939
5062,12,0.0,Naive,0.062151246760079534
5063,12,0.1,Randomized,0.062151246760079534
5064,12,0.0,Naive,0.05319274446202405
5065,12,0.1,Randomized,0.05319274446202405
5066,12,0.0,Naive,0.04091961370576852
5067,12,0.1,Randomized,0.04091961370576852
5068,12,0.0,Naive,0.024483777501970175
5069,12,0.1,Randomized,0.024483777501970175
5070,12,0.0,Naive,0.07614157910740726
5071,12,0.1,Randomized,0.07614157910740726
5072,12,0.0,Naive,0.04963339052695373
5073,12,0.1,Randomized,0.04963339052695373
5074,12,0.0,Naive,0.05921278201400809
5075,12,0.1,Randomized,0.05921278201400809
5076,12,0.0,Naive,0.039010982889456015
5077,12,0.1,Randomized,0.039010982889456015
5078,12,0.0,Naive,0.05613312190942137
5079,12,0.1,Randomized,0.05613312190942137
5080,12,0.0,Naive,0.05546765517643582
5081,12,0.1,Randomized,0.05546765517643582
5082,12,0.0,Naive,0.035199573161099715
5083,12,0.1,Randomized,0.035199573161099715
5084,12,0.0,Naive,0.05275861576690801
5085,12,0.1,Randomized,0.05275861576690801
5086,12,0.0,Naive,0.050501339161031944
5087,12,0.1,Randomized,0.050501339161031944
5088,12,0.0,Naive,0.050759705127484726
5089,12,0.1,Randomized,0.050759705127484726
5090,12,0.0,Naive,0.04406805324024111
5091,12,0.1,Randomized,0.04406805324024111
5092,12,0.0,Naive,0.04140985847622145
5093,12,0.1,Randomized,0.04140985847622145
5094,12,0.0,Naive,0.05370255768229845
5095,12,0.1,Randomized,0.05370255768229845
5096,12,0.0,Naive,0.052542240971867146
5097,12,0.1,Randomized,0.052542240971867146
5098,12,0.0,Naive,0.039549033629063916
5099,12,0.1,Randomized,0.039549033629063916
5100,12,0.0,Naive,0.04730921666665403
5101,12,0.1,Randomized,0.04730921666665403
5102,12,0.0,Naive,0.03368581767671764
5103,12,0.1,Randomized,0.03368581767671764
5104,12,0.0,Naive,0.03395694716529526
5105,12,0.1,Randomized,0.03395694716529526
5106,12,0.0,Naive,0.043701226221924516
5107,12,0.1,Randomized,0.043701226221924516
5108,12,0.0,Naive,0.045458843084403636
5109,12,0.1,Randomized,0.045458843084403636
5110,12,0.0,Naive,0.04720816566494554
5111,12,0.1,Randomized,0.04720816566494554
5112,12,0.0,Naive,0.03641595216223113
5113,12,0.1,Randomized,0.03641595216223113
5114,12,0.0,Naive,0.06405627814984517
5115,12,0.1,Randomized,0.06405627814984517
5116,12,0.0,Naive,0.06116570764662662
5117,12,0.1,Randomized,0.06116570764662662
5118,12,0.0,Naive,0.03536467163038449
5119,12,0.1,Randomized,0.03536467163038449
5120,12,0.0,Naive,0.06436566331523455
5121,12,0.1,Randomized,0.06436566331523455
5122,12,0.0,Naive,0.054187887224742215
5123,12,0.1,Randomized,0.054187887224742215
5124,12,0.0,Naive,0.04477244008832122
5125,12,0.1,Randomized,0.04477244008832122
5126,12,0.0,Naive,0.05574563310057607
5127,12,0.1,Randomized,0.05574563310057607
5128,12,0.0,Naive,0.05544356670296878
5129,12,0.1,Randomized,0.05544356670296878
5130,12,0.0,Naive,0.07249348557998178
5131,12,0.1,Randomized,0.07249348557998178
5132,12,0.0,Naive,0.02964663007496059
5133,12,0.1,Randomized,0.02964663007496059
5134,12,0.0,Naive,0.04500630346147629
5135,12,0.1,Randomized,0.04500630346147629
5136,12,0.0,Naive,0.05579489425221806
5137,12,0.1,Randomized,0.05579489425221806
5138,12,0.0,Naive,0.0499788940608206
5139,12,0.1,Randomized,0.0499788940608206
5140,12,0.0,Naive,0.055656539554546657
5141,12,0.1,Randomized,0.055656539554546657
5142,12,0.0,Naive,0.024331545548768804
5143,12,0.1,Randomized,0.024331545548768804
5144,12,0.0,Naive,0.04559686708310398
5145,12,0.1,Randomized,0.04559686708310398
5146,12,0.0,Naive,0.029402759051194424
5147,12,0.1,Randomized,0.029402759051194424
5148,12,0.0,Naive,0.049018907965412625
5149,12,0.1,Randomized,0.049018907965412625
5150,12,0.0,Naive,0.03555267376226588
5151,12,0.1,Randomized,0.03555267376226588
5152,12,0.0,Naive,0.029617515237823765
5153,12,0.1,Randomized,0.029617515237823765
5154,12,0.0,Naive,0.027245097561884184
5155,12,0.1,Randomized,0.027245097561884184
5156,12,0.0,Naive,0.06983751041084026
5157,12,0.1,Randomized,0.06983751041084026
5158,12,0.0,Naive,0.051647605286402984
5159,12,0.1,Randomized,0.051647605286402984
5160,12,0.0,Naive,0.07757975871188684
5161,12,0.1,Randomized,0.07757975871188684
5162,12,0.0,Naive,0.05167912474638937
5163,12,0.1,Randomized,0.05167912474638937
5164,12,0.0,Naive,0.03230692387314328
5165,12,0.1,Randomized,0.03230692387314328
5166,12,0.0,Naive,0.03825651625591915
5167,12,0.1,Randomized,0.03825651625591915
5168,12,0.0,Naive,0.04800758941324794
5169,12,0.1,Randomized,0.04800758941324794
5170,12,0.0,Naive,0.028279382737356595
5171,12,0.1,Randomized,0.028279382737356595
5172,12,0.0,Naive,0.027734268378802544
5173,12,0.1,Randomized,0.027734268378802544
5174,12,0.0,Naive,0.03575398668769086
5175,12,0.1,Randomized,0.03575398668769086
5176,12,0.0,Naive,0.043345797626615154
5177,12,0.1,Randomized,0.043345797626615154
5178,12,0.0,Naive,0.053069541419204
5179,12,0.1,Randomized,0.053069541419204
5180,12,0.0,Naive,0.05251078278117199
5181,12,0.1,Randomized,0.05251078278117199
5182,12,0.0,Naive,0.041992336913841785
5183,12,0.1,Randomized,0.041992336913841785
5184,12,0.0,Naive,0.04759952116507125
5185,12,0.1,Randomized,0.04759952116507125
5186,12,0.0,Naive,0.05326571139311474
5187,12,0.1,Randomized,0.05326571139311474
5188,12,0.0,Naive,0.033526340319871034
5189,12,0.1,Randomized,0.033526340319871034
5190,12,0.0,Naive,0.03812218083188472
5191,12,0.1,Randomized,0.03812218083188472
5192,12,0.0,Naive,0.05542495454046948
5193,12,0.1,Randomized,0.05542495454046948
5194,12,0.0,Naive,0.03945496952576173
5195,12,0.1,Randomized,0.03945496952576173
5196,12,0.0,Naive,0.046679665665028694
5197,12,0.1,Randomized,0.046679665665028694
5198,12,0.0,Naive,0.053220842023211326
5199,12,0.1,Randomized,0.053220842023211326
5200,12,0.0,Naive,0.048849712228658235
5201,12,0.1,Randomized,0.048849712228658235
5202,12,0.0,Naive,0.05222202900797797
5203,12,0.1,Randomized,0.05222202900797797
5204,12,0.0,Naive,0.043370765463195564
5205,12,0.1,Randomized,0.043370765463195564
5206,12,0.0,Naive,0.05392523353667762
5207,12,0.1,Randomized,0.05392523353667762
5208,12,0.0,Naive,0.04798084364047294
5209,12,0.1,Randomized,0.04798084364047294
5210,12,0.0,Naive,0.05156309101493325
5211,12,0.1,Randomized,0.05156309101493325
5212,12,0.0,Naive,0.037827868925089714
5213,12,0.1,Randomized,0.037827868925089714
5214,12,0.0,Naive,0.041205446395742286
5215,12,0.1,Randomized,0.041205446395742286
5216,12,0.0,Naive,0.047306559621908904
5217,12,0.1,Randomized,0.047306559621908904
5218,12,0.0,Naive,0.04614096424089819
5219,12,0.1,Randomized,0.04614096424089819
5220,12,0.0,Naive,0.027198553103868064
5221,12,0.1,Randomized,0.027198553103868064
5222,12,0.0,Naive,0.05519620529602537
5223,12,0.1,Randomized,0.05519620529602537
5224,12,0.0,Naive,0.043926733666414086
5225,12,0.1,Randomized,0.043926733666414086
5226,12,0.0,Naive,0.05009018948083079
5227,12,0.1,Randomized,0.05009018948083079
5228,12,0.0,Naive,0.04728644753158964
5229,12,0.1,Randomized,0.04728644753158964
5230,12,0.0,Naive,0.059727183169023756
5231,12,0.1,Randomized,0.059727183169023756
5232,12,0.0,Naive,0.047748659299061164
5233,12,0.1,Randomized,0.047748659299061164
5234,12,0.0,Naive,0.029659893407525624
5235,12,0.1,Randomized,0.029659893407525624
5236,12,0.0,Naive,0.045705168577354766
5237,12,0.1,Randomized,0.045705168577354766
5238,12,0.0,Naive,0.04426589850536174
5239,12,0.1,Randomized,0.04426589850536174
5240,12,0.0,Naive,0.04266001331297178
5241,12,0.1,Randomized,0.04266001331297178
5242,12,0.0,Naive,0.0607729284685331
5243,12,0.1,Randomized,0.0607729284685331
5244,12,0.0,Naive,0.04757199036953253
5245,12,0.1,Randomized,0.04757199036953253
5246,12,0.0,Naive,0.07384311945108553
5247,12,0.1,Randomized,0.07384311945108553
5248,12,0.0,Naive,0.061673641990001526
5249,12,0.1,Randomized,0.061673641990001526
5250,12,0.0,Naive,0.048180070378506384
5251,12,0.1,Randomized,0.048180070378506384
5252,12,0.0,Naive,0.04767314413866961
5253,12,0.1,Randomized,0.04767314413866961
5254,12,0.0,Naive,0.04756858317848433
5255,12,0.1,Randomized,0.04756858317848433
5256,12,0.0,Naive,0.049921363372947676
5257,12,0.1,Randomized,0.049921363372947676
5258,12,0.0,Naive,0.04649765590731122
5259,12,0.1,Randomized,0.04649765590731122
5260,12,0.0,Naive,0.05533835331618671
5261,12,0.1,Randomized,0.05533835331618671
5262,12,0.0,Naive,0.07050676520140979
5263,12,0.1,Randomized,0.07050676520140979
5264,12,0.0,Naive,0.047654886656569515
5265,12,0.1,Randomized,0.047654886656569515
5266,12,0.0,Naive,0.06007250484759906
5267,12,0.1,Randomized,0.06007250484759906
5268,12,0.0,Naive,0.07766228662143808
5269,12,0.1,Randomized,0.07766228662143808
5270,12,0.0,Naive,0.03238660415372897
5271,12,0.1,Randomized,0.03238660415372897
5272,12,0.0,Naive,0.03359225470097516
5273,12,0.1,Randomized,0.03359225470097516
5274,12,0.0,Naive,0.07926256728232853
5275,12,0.1,Randomized,0.07926256728232853
5276,12,0.0,Naive,0.03558605156599154
5277,12,0.1,Randomized,0.03558605156599154
5278,12,0.0,Naive,0.06039536741737323
5279,12,0.1,Randomized,0.06039536741737323
5280,12,0.0,Naive,0.05057637988286105
5281,12,0.1,Randomized,0.05057637988286105
5282,12,0.0,Naive,0.0391954284880507
5283,12,0.1,Randomized,0.0391954284880507
5284,12,0.0,Naive,0.039518816891685155
5285,12,0.1,Randomized,0.039518816891685155
5286,12,0.0,Naive,0.06408578034609859
5287,12,0.1,Randomized,0.06408578034609859
5288,12,0.0,Naive,0.042192389847577054
5289,12,0.1,Randomized,0.042192389847577054
5290,12,0.0,Naive,0.05399093462402279
5291,12,0.1,Randomized,0.05399093462402279
5292,12,0.0,Naive,0.04561127818919976
5293,12,0.1,Randomized,0.04561127818919976
5294,12,0.0,Naive,0.03949812449950082
5295,12,0.1,Randomized,0.03949812449950082
5296,12,0.0,Naive,0.03324748061183224
5297,12,0.1,Randomized,0.03324748061183224
5298,12,0.0,Naive,0.03586625682423315
5299,12,0.1,Randomized,0.03586625682423315
5300,12,0.0,Naive,0.0452923400465531
5301,12,0.1,Randomized,0.0452923400465531
5302,12,0.0,Naive,0.04738363779648986
5303,12,0.1,Randomized,0.04738363779648986
5304,12,0.0,Naive,0.0587456463980549
5305,12,0.1,Randomized,0.0587456463980549
5306,12,0.0,Naive,0.06028135205066659
5307,12,0.1,Randomized,0.06028135205066659
5308,12,0.0,Naive,0.045553244569697005
5309,12,0.1,Randomized,0.045553244569697005
5310,12,0.0,Naive,0.06202857066103651
5311,12,0.1,Randomized,0.06202857066103651
5312,12,0.0,Naive,0.04288326057048124
5313,12,0.1,Randomized,0.04288326057048124
5314,12,0.0,Naive,0.05782412431753409
5315,12,0.1,Randomized,0.05782412431753409
5316,12,0.0,Naive,0.03566679196202704
5317,12,0.1,Randomized,0.03566679196202704
5318,12,0.0,Naive,0.058194166902582785
5319,12,0.1,Randomized,0.058194166902582785
5320,12,0.0,Naive,0.042743622358306636
5321,12,0.1,Randomized,0.042743622358306636
5322,12,0.0,Naive,0.03616788344015778
5323,12,0.1,Randomized,0.03616788344015778
5324,12,0.0,Naive,0.060431845987252104
5325,12,0.1,Randomized,0.060431845987252104
5326,12,0.0,Naive,0.05843539262647529
5327,12,0.1,Randomized,0.05843539262647529
5328,12,0.0,Naive,0.05081257510497564
5329,12,0.1,Randomized,0.05081257510497564
5330,12,0.0,Naive,0.061377463599483
5331,12,0.1,Randomized,0.061377463599483
5332,12,0.0,Naive,0.036895365858176196
5333,12,0.1,Randomized,0.036895365858176196
5334,12,0.0,Naive,0.049809327332229675
5335,12,0.1,Randomized,0.049809327332229675
5336,12,0.0,Naive,0.04827004391499821
5337,12,0.1,Randomized,0.04827004391499821
5338,12,0.0,Naive,0.03566097338829875
5339,12,0.1,Randomized,0.03566097338829875
5340,12,0.0,Naive,0.030284131445832686
5341,12,0.1,Randomized,0.030284131445832686
5342,12,0.0,Naive,0.033309510496801316
5343,12,0.1,Randomized,0.033309510496801316
5344,12,0.0,Naive,0.04322714825214155
5345,12,0.1,Randomized,0.04322714825214155
5346,12,0.0,Naive,0.06115982573196613
5347,12,0.1,Randomized,0.06115982573196613
5348,12,0.0,Naive,0.07831603550061907
5349,12,0.1,Randomized,0.07831603550061907
5350,12,0.0,Naive,0.0374695378722808
5351,12,0.1,Randomized,0.0374695378722808
5352,12,0.0,Naive,0.06329329006243864
5353,12,0.1,Randomized,0.06329329006243864
5354,12,0.0,Naive,0.038556553172590616
5355,12,0.1,Randomized,0.038556553172590616
5356,12,0.0,Naive,0.04954395271525158
5357,12,0.1,Randomized,0.04954395271525158
5358,12,0.0,Naive,0.0316311847088923
5359,12,0.1,Randomized,0.0316311847088923
5360,12,0.0,Naive,0.07181157752520054
5361,12,0.1,Randomized,0.07181157752520054
5362,12,0.0,Naive,0.05644337095043733
5363,12,0.1,Randomized,0.05644337095043733
5364,12,0.0,Naive,0.04962678255145344
5365,12,0.1,Randomized,0.04962678255145344
5366,12,0.0,Naive,0.057092972567722416
5367,12,0.1,Randomized,0.057092972567722416
5368,12,0.0,Naive,0.05357129190737809
5369,12,0.1,Randomized,0.05357129190737809
5370,12,0.0,Naive,0.057710610903032714
5371,12,0.1,Randomized,0.057710610903032714
5372,12,0.0,Naive,0.03613518098961202
5373,12,0.1,Randomized,0.03613518098961202
5374,12,0.0,Naive,0.04891448668232551
5375,12,0.1,Randomized,0.04891448668232551
5376,12,0.0,Naive,0.04681663874667047
5377,12,0.1,Randomized,0.04681663874667047
5378,12,0.0,Naive,0.04504534340216629
5379,12,0.1,Randomized,0.04504534340216629
5380,12,0.0,Naive,0.038917635401200065
5381,12,0.1,Randomized,0.038917635401200065
5382,12,0.0,Naive,0.03340494194955676
5383,12,0.1,Randomized,0.03340494194955676
5384,12,0.0,Naive,0.03779961001093334
5385,12,0.1,Randomized,0.03779961001093334
5386,12,0.0,Naive,0.06489404126591798
5387,12,0.1,Randomized,0.06489404126591798
5388,12,0.0,Naive,0.03876658171713716
5389,12,0.1,Randomized,0.03876658171713716
5390,12,0.0,Naive,0.04506190800133652
5391,12,0.1,Randomized,0.04506190800133652
5392,12,0.0,Naive,0.04155687608854578
5393,12,0.1,Randomized,0.04155687608854578
5394,12,0.0,Naive,0.0409997605282165
5395,12,0.1,Randomized,0.0409997605282165
5396,12,0.0,Naive,0.034086064176993794
5397,12,0.1,Randomized,0.034086064176993794
5398,12,0.0,Naive,0.04175334992130875
5399,12,0.1,Randomized,0.04175334992130875
5400,12,0.0,Naive,0.06211896104730788
5401,12,0.1,Randomized,0.06211896104730788
5402,12,0.0,Naive,0.04909031228774425
5403,12,0.1,Randomized,0.04909031228774425
5404,12,0.0,Naive,0.04658954904531053
5405,12,0.1,Randomized,0.04658954904531053
5406,12,0.0,Naive,0.0629435937407281
5407,12,0.1,Randomized,0.0629435937407281
5408,12,0.0,Naive,0.04974050327525897
5409,12,0.1,Randomized,0.04974050327525897
5410,12,0.0,Naive,0.05465333259354433
5411,12,0.1,Randomized,0.05465333259354433
5412,12,0.0,Naive,0.07668664404089849
5413,12,0.1,Randomized,0.07668664404089849
5414,12,0.0,Naive,0.05343316863617055
5415,12,0.1,Randomized,0.05343316863617055
5416,12,0.0,Naive,0.06859178377460594
5417,12,0.1,Randomized,0.06859178377460594
5418,12,0.0,Naive,0.04363789773979735
5419,12,0.1,Randomized,0.04363789773979735
5420,12,0.0,Naive,0.049839601399442074
5421,12,0.1,Randomized,0.049839601399442074
5422,12,0.0,Naive,0.04596761874990131
5423,12,0.1,Randomized,0.04596761874990131
5424,12,0.0,Naive,0.04779432133474015
5425,12,0.1,Randomized,0.04779432133474015
5426,12,0.0,Naive,0.0509928022206348
5427,12,0.1,Randomized,0.0509928022206348
5428,12,0.0,Naive,0.05597049610275569
5429,12,0.1,Randomized,0.05597049610275569
5430,12,0.0,Naive,0.09027109974836518
5431,12,0.1,Randomized,0.09027109974836518
5432,12,0.0,Naive,0.05901307507496799
5433,12,0.1,Randomized,0.05901307507496799
5434,12,0.0,Naive,0.04712512762527247
5435,12,0.1,Randomized,0.04712512762527247
5436,12,0.0,Naive,0.032957505796490774
5437,12,0.1,Randomized,0.032957505796490774
5438,12,0.0,Naive,0.03644924158573704
5439,12,0.1,Randomized,0.03644924158573704
5440,12,0.0,Naive,0.05014572300880394
5441,12,0.1,Randomized,0.05014572300880394
5442,12,0.0,Naive,0.043226183427243714
5443,12,0.1,Randomized,0.043226183427243714
5444,12,0.0,Naive,0.048896628584464044
5445,12,0.1,Randomized,0.048896628584464044
5446,12,0.0,Naive,0.06429769626196831
5447,12,0.1,Randomized,0.06429769626196831
5448,12,0.0,Naive,0.049563613378350066
5449,12,0.1,Randomized,0.049563613378350066
5450,12,0.0,Naive,0.0596458429691353
5451,12,0.1,Randomized,0.0596458429691353
5452,12,0.0,Naive,0.0766937667160593
5453,12,0.1,Randomized,0.0766937667160593
5454,12,0.0,Naive,0.03623348719488321
5455,12,0.1,Randomized,0.03623348719488321
5456,12,0.0,Naive,0.05237908909505109
5457,12,0.1,Randomized,0.05237908909505109
5458,12,0.0,Naive,0.04316419375344849
5459,12,0.1,Randomized,0.04316419375344849
5460,12,0.0,Naive,0.050999913351865975
5461,12,0.1,Randomized,0.050999913351865975
5462,12,0.0,Naive,0.05689526298810996
5463,12,0.1,Randomized,0.05689526298810996
5464,12,0.0,Naive,0.03891885060592067
5465,12,0.1,Randomized,0.03891885060592067
5466,12,0.0,Naive,0.06611204835067762
5467,12,0.1,Randomized,0.06611204835067762
5468,12,0.0,Naive,0.04229648893091581
5469,12,0.1,Randomized,0.04229648893091581
5470,12,0.0,Naive,0.06121057881774046
5471,12,0.1,Randomized,0.06121057881774046
5472,12,0.0,Naive,0.04560710461428273
5473,12,0.1,Randomized,0.04560710461428273
5474,12,0.0,Naive,0.072435015990278
5475,12,0.1,Randomized,0.072435015990278
5476,12,0.0,Naive,0.03597849799574785
5477,12,0.1,Randomized,0.03597849799574785
5478,12,0.0,Naive,0.05066562002842939
5479,12,0.1,Randomized,0.05066562002842939
5480,12,0.0,Naive,0.03906015120608173
5481,12,0.1,Randomized,0.03906015120608173
5482,12,0.0,Naive,0.04499655455848693
5483,12,0.1,Randomized,0.04499655455848693
5484,12,0.0,Naive,0.05240665595385864
5485,12,0.1,Randomized,0.05240665595385864
5486,12,0.0,Naive,0.07846194931161424
5487,12,0.1,Randomized,0.07846194931161424
5488,12,0.0,Naive,0.05053190874520315
5489,12,0.1,Randomized,0.05053190874520315
5490,12,0.0,Naive,0.03456979934216757
5491,12,0.1,Randomized,0.03456979934216757
5492,12,0.0,Naive,0.04255283942023224
5493,12,0.1,Randomized,0.04255283942023224
5494,12,0.0,Naive,0.04267765229665638
5495,12,0.1,Randomized,0.04267765229665638
5496,12,0.0,Naive,0.055638992431543674
5497,12,0.1,Randomized,0.055638992431543674
5498,12,0.0,Naive,0.03979171916210867
5499,12,0.1,Randomized,0.03979171916210867
5500,12,0.0,Naive,0.056199243273318024
5501,12,0.1,Randomized,0.056199243273318024
5502,12,0.0,Naive,0.048400029946385564
5503,12,0.1,Randomized,0.048400029946385564
5504,12,0.0,Naive,0.026659814665903156
5505,12,0.1,Randomized,0.026659814665903156
5506,12,0.0,Naive,0.02719948654489615
5507,12,0.1,Randomized,0.02719948654489615
5508,12,0.0,Naive,0.05343559332756556
5509,12,0.1,Randomized,0.05343559332756556
5510,12,0.0,Naive,0.05491222683866204
5511,12,0.1,Randomized,0.05491222683866204
5512,12,0.0,Naive,0.035857540638611074
5513,12,0.1,Randomized,0.035857540638611074
5514,12,0.0,Naive,0.043770450963533845
5515,12,0.1,Randomized,0.043770450963533845
5516,12,0.0,Naive,0.06546590744370404
5517,12,0.1,Randomized,0.06546590744370404
5518,12,0.0,Naive,0.059225485016338286
5519,12,0.1,Randomized,0.059225485016338286
5520,12,0.0,Naive,0.0725304326998816
5521,12,0.1,Randomized,0.0725304326998816
5522,12,0.0,Naive,0.0348555626132797
5523,12,0.1,Randomized,0.0348555626132797
5524,12,0.0,Naive,0.07807333884299379
5525,12,0.1,Randomized,0.07807333884299379
5526,12,0.0,Naive,0.04378181149961101
5527,12,0.1,Randomized,0.04378181149961101
5528,12,0.0,Naive,0.0354954997232239
5529,12,0.1,Randomized,0.0354954997232239
5530,12,0.0,Naive,0.037852905631305105
5531,12,0.1,Randomized,0.037852905631305105
5532,12,0.0,Naive,0.06377701706703778
5533,12,0.1,Randomized,0.06377701706703778
5534,12,0.0,Naive,0.05056951700351622
5535,12,0.1,Randomized,0.05056951700351622
5536,12,0.0,Naive,0.07113098482315022
5537,12,0.1,Randomized,0.07113098482315022
5538,12,0.0,Naive,0.043828272259766814
5539,12,0.1,Randomized,0.043828272259766814
5540,12,0.0,Naive,0.03986752003057716
5541,12,0.1,Randomized,0.03986752003057716
5542,12,0.0,Naive,0.03262637214047932
5543,12,0.1,Randomized,0.03262637214047932
5544,12,0.0,Naive,0.03994656809177954
5545,12,0.1,Randomized,0.03994656809177954
5546,12,0.0,Naive,0.07061807774200962
5547,12,0.1,Randomized,0.07061807774200962
5548,12,0.0,Naive,0.03675885867090542
5549,12,0.1,Randomized,0.03675885867090542
5550,12,0.0,Naive,0.04417403231730216
5551,12,0.1,Randomized,0.04417403231730216
5552,12,0.0,Naive,0.04904768921759364
5553,12,0.1,Randomized,0.04904768921759364
5554,12,0.0,Naive,0.03423164625127769
5555,12,0.1,Randomized,0.03423164625127769
5556,12,0.0,Naive,0.04421887766933408
5557,12,0.1,Randomized,0.04421887766933408
5558,12,0.0,Naive,0.06650873628667342
5559,12,0.1,Randomized,0.06650873628667342
5560,12,0.0,Naive,0.05789870677070944
5561,12,0.1,Randomized,0.05789870677070944
5562,12,0.0,Naive,0.038432874073968705
5563,12,0.1,Randomized,0.038432874073968705
5564,12,0.0,Naive,0.05356255939725356
5565,12,0.1,Randomized,0.05356255939725356
5566,12,0.0,Naive,0.04410522527468211
5567,12,0.1,Randomized,0.04410522527468211
5568,12,0.0,Naive,0.03720047624160368
5569,12,0.1,Randomized,0.03720047624160368
5570,12,0.0,Naive,0.061606196524347456
5571,12,0.1,Randomized,0.061606196524347456
5572,12,0.0,Naive,0.03280831771795064
5573,12,0.1,Randomized,0.03280831771795064
5574,12,0.0,Naive,0.045903196158952754
5575,12,0.1,Randomized,0.045903196158952754
5576,12,0.0,Naive,0.038101375682860705
5577,12,0.1,Randomized,0.038101375682860705
5578,12,0.0,Naive,0.0476183506932803
5579,12,0.1,Randomized,0.0476183506932803
5580,12,0.0,Naive,0.04814529687941866
5581,12,0.1,Randomized,0.04814529687941866
5582,12,0.0,Naive,0.049869491392542674
5583,12,0.1,Randomized,0.049869491392542674
5584,12,0.0,Naive,0.03763719605522165
5585,12,0.1,Randomized,0.03763719605522165
5586,12,0.0,Naive,0.056891786458145244
5587,12,0.1,Randomized,0.056891786458145244
5588,12,0.0,Naive,0.03599285167613719
5589,12,0.1,Randomized,0.03599285167613719
5590,12,0.0,Naive,0.03331418067345875
5591,12,0.1,Randomized,0.03331418067345875
5592,12,0.0,Naive,0.053964378565052346
5593,12,0.1,Randomized,0.053964378565052346
5594,12,0.0,Naive,0.05003993105605858
5595,12,0.1,Randomized,0.05003993105605858
5596,12,0.0,Naive,0.04766924923993939
5597,12,0.1,Randomized,0.04766924923993939
5598,12,0.0,Naive,0.04464494159270125
5599,12,0.1,Randomized,0.04464494159270125
5600,12,0.0,Naive,0.019301283171908767
5601,12,0.1,Randomized,0.019301283171908767
5602,12,0.0,Naive,0.035616981064630196
5603,12,0.1,Randomized,0.035616981064630196
5604,12,0.0,Naive,0.03178419149935951
5605,12,0.1,Randomized,0.03178419149935951
5606,12,0.0,Naive,0.04840924474450242
5607,12,0.1,Randomized,0.04840924474450242
5608,12,0.0,Naive,0.04151651777876723
5609,12,0.1,Randomized,0.04151651777876723
5610,12,0.0,Naive,0.06012646944118626
5611,12,0.1,Randomized,0.06012646944118626
5612,12,0.0,Naive,0.04696124094198924
5613,12,0.1,Randomized,0.04696124094198924
5614,12,0.0,Naive,0.03240267894956102
5615,12,0.1,Randomized,0.03240267894956102
5616,12,0.0,Naive,0.03547879546856212
5617,12,0.1,Randomized,0.03547879546856212
5618,12,0.0,Naive,0.035784788529271354
5619,12,0.1,Randomized,0.035784788529271354
5620,12,0.0,Naive,0.06132252630362869
5621,12,0.1,Randomized,0.06132252630362869
5622,12,0.0,Naive,0.0371590645576243
5623,12,0.1,Randomized,0.0371590645576243
5624,12,0.0,Naive,0.05423017565876671
5625,12,0.1,Randomized,0.05423017565876671
5626,12,0.0,Naive,0.07998384093070587
5627,12,0.1,Randomized,0.07998384093070587
5628,12,0.0,Naive,0.07095564713000005
5629,12,0.1,Randomized,0.07095564713000005
5630,12,0.0,Naive,0.06336589174879495
5631,12,0.1,Randomized,0.06336589174879495
5632,12,0.0,Naive,0.041315076691380445
5633,12,0.1,Randomized,0.041315076691380445
5634,12,0.0,Naive,0.0400678099199598
5635,12,0.1,Randomized,0.0400678099199598
5636,12,0.0,Naive,0.03751336141316286
5637,12,0.1,Randomized,0.03751336141316286
5638,12,0.0,Naive,0.03845584092687867
5639,12,0.1,Randomized,0.03845584092687867
5640,12,0.0,Naive,0.04348401004455574
5641,12,0.1,Randomized,0.04348401004455574
5642,12,0.0,Naive,0.04842192506613911
5643,12,0.1,Randomized,0.04842192506613911
5644,12,0.0,Naive,0.057971136050612646
5645,12,0.1,Randomized,0.057971136050612646
5646,12,0.0,Naive,0.041179512132500366
5647,12,0.1,Randomized,0.041179512132500366
5648,12,0.0,Naive,0.05715982575034755
5649,12,0.1,Randomized,0.05715982575034755
5650,12,0.0,Naive,0.035943505506132456
5651,12,0.1,Randomized,0.035943505506132456
5652,12,0.0,Naive,0.045695747352517774
5653,12,0.1,Randomized,0.045695747352517774
5654,12,0.0,Naive,0.04719166587899647
5655,12,0.1,Randomized,0.04719166587899647
5656,12,0.0,Naive,0.039024105631888316
5657,12,0.1,Randomized,0.039024105631888316
5658,12,0.0,Naive,0.04392119527764267
5659,12,0.1,Randomized,0.04392119527764267
5660,12,0.0,Naive,0.058874309365070994
5661,12,0.1,Randomized,0.058874309365070994
5662,12,0.0,Naive,0.035257844760330885
5663,12,0.1,Randomized,0.035257844760330885
5664,12,0.0,Naive,0.05544123629595815
5665,12,0.1,Randomized,0.05544123629595815
5666,12,0.0,Naive,0.03982868764322663
5667,12,0.1,Randomized,0.03982868764322663
5668,12,0.0,Naive,0.04639780448964512
5669,12,0.1,Randomized,0.04639780448964512
5670,12,0.0,Naive,0.04329531787025491
5671,12,0.1,Randomized,0.04329531787025491
5672,12,0.0,Naive,0.03703116795577061
5673,12,0.1,Randomized,0.03703116795577061
5674,12,0.0,Naive,0.053043386802616686
5675,12,0.1,Randomized,0.053043386802616686
5676,12,0.0,Naive,0.03259835456276061
5677,12,0.1,Randomized,0.03259835456276061
5678,12,0.0,Naive,0.04925800159962464
5679,12,0.1,Randomized,0.04925800159962464
5680,12,0.0,Naive,0.051510896953606874
5681,12,0.1,Randomized,0.051510896953606874
5682,12,0.0,Naive,0.0499746148692706
5683,12,0.1,Randomized,0.0499746148692706
5684,12,0.0,Naive,0.037330865857471536
5685,12,0.1,Randomized,0.037330865857471536
5686,12,0.0,Naive,0.032578426505291413
5687,12,0.1,Randomized,0.032578426505291413
5688,12,0.0,Naive,0.05058412845648262
5689,12,0.1,Randomized,0.05058412845648262
5690,12,0.0,Naive,0.04028021990987838
5691,12,0.1,Randomized,0.04028021990987838
5692,12,0.0,Naive,0.03776127893548294
5693,12,0.1,Randomized,0.03776127893548294
5694,12,0.0,Naive,0.028649144532162336
5695,12,0.1,Randomized,0.028649144532162336
5696,12,0.0,Naive,0.03182296737708556
5697,12,0.1,Randomized,0.03182296737708556
5698,12,0.0,Naive,0.05590560772590503
5699,12,0.1,Randomized,0.05590560772590503
5700,12,0.0,Naive,0.039017668614002
5701,12,0.1,Randomized,0.039017668614002
5702,12,0.0,Naive,0.03482486715166075
5703,12,0.1,Randomized,0.03482486715166075
5704,12,0.0,Naive,0.04756818527458613
5705,12,0.1,Randomized,0.04756818527458613
5706,12,0.0,Naive,0.05273398445288665
5707,12,0.1,Randomized,0.05273398445288665
5708,12,0.0,Naive,0.031351351233206676
5709,12,0.1,Randomized,0.031351351233206676
5710,12,0.0,Naive,0.04602257999261837
5711,12,0.1,Randomized,0.04602257999261837
5712,12,0.0,Naive,0.05688146517657041
5713,12,0.1,Randomized,0.05688146517657041
5714,12,0.0,Naive,0.06823453108649659
5715,12,0.1,Randomized,0.06823453108649659
5716,12,0.0,Naive,0.04044022415877763
5717,12,0.1,Randomized,0.04044022415877763
5718,12,0.0,Naive,0.033576845888271416
5719,12,0.1,Randomized,0.033576845888271416
5720,12,0.0,Naive,0.047848734271425705
5721,12,0.1,Randomized,0.047848734271425705
5722,12,0.0,Naive,0.03518809532543819
5723,12,0.1,Randomized,0.03518809532543819
5724,12,0.0,Naive,0.04562797053896434
5725,12,0.1,Randomized,0.04562797053896434
5726,12,0.0,Naive,0.045332796268118744
5727,12,0.1,Randomized,0.045332796268118744
5728,12,0.0,Naive,0.04089471793551257
5729,12,0.1,Randomized,0.04089471793551257
5730,12,0.0,Naive,0.04839228510278871
5731,12,0.1,Randomized,0.04839228510278871
5732,12,0.0,Naive,0.06546436397042124
5733,12,0.1,Randomized,0.06546436397042124
5734,12,0.0,Naive,0.05251599431154059
5735,12,0.1,Randomized,0.05251599431154059
5736,12,0.0,Naive,0.04760503951130646
5737,12,0.1,Randomized,0.04760503951130646
5738,12,0.0,Naive,0.05053735328788101
5739,12,0.1,Randomized,0.05053735328788101
5740,12,0.0,Naive,0.06286153796886797
5741,12,0.1,Randomized,0.06286153796886797
5742,12,0.0,Naive,0.040772462086259134
5743,12,0.1,Randomized,0.040772462086259134
5744,12,0.0,Naive,0.05645042124297123
5745,12,0.1,Randomized,0.05645042124297123
5746,12,0.0,Naive,0.047248496131162804
5747,12,0.1,Randomized,0.047248496131162804
5748,12,0.0,Naive,0.03544260236302592
5749,12,0.1,Randomized,0.03544260236302592
5750,12,0.0,Naive,0.05465072953744928
5751,12,0.1,Randomized,0.05465072953744928
5752,12,0.0,Naive,0.036976571451091254
5753,12,0.1,Randomized,0.036976571451091254
5754,12,0.0,Naive,0.050736192420205224
5755,12,0.1,Randomized,0.050736192420205224
5756,12,0.0,Naive,0.06102419564311365
5757,12,0.1,Randomized,0.06102419564311365
5758,12,0.0,Naive,0.04727134784283252
5759,12,0.1,Randomized,0.04727134784283252
5760,12,0.0,Naive,0.0460831853205664
5761,12,0.1,Randomized,0.0460831853205664
5762,12,0.0,Naive,0.05675455189852361
5763,12,0.1,Randomized,0.05675455189852361
5764,12,0.0,Naive,0.047054932987351174
5765,12,0.1,Randomized,0.047054932987351174
5766,12,0.0,Naive,0.05310568376831072
5767,12,0.1,Randomized,0.05310568376831072
5768,12,0.0,Naive,0.05491346666146181
5769,12,0.1,Randomized,0.05491346666146181
5770,12,0.0,Naive,0.0570890078033245
5771,12,0.1,Randomized,0.0570890078033245
5772,12,0.0,Naive,0.04519404749929704
5773,12,0.1,Randomized,0.04519404749929704
5774,12,0.0,Naive,0.06549085144769679
5775,12,0.1,Randomized,0.06549085144769679
5776,12,0.0,Naive,0.03903932761911251
5777,12,0.1,Randomized,0.03903932761911251
5778,12,0.0,Naive,0.0397750100113899
5779,12,0.1,Randomized,0.0397750100113899
5780,12,0.0,Naive,0.039812909093883374
5781,12,0.1,Randomized,0.039812909093883374
5782,12,0.0,Naive,0.04130313465680788
5783,12,0.1,Randomized,0.04130313465680788
5784,12,0.0,Naive,0.04006570692079269
5785,12,0.1,Randomized,0.04006570692079269
5786,12,0.0,Naive,0.052539805788820726
5787,12,0.1,Randomized,0.052539805788820726
5788,12,0.0,Naive,0.05444343479049872
5789,12,0.1,Randomized,0.05444343479049872
5790,12,0.0,Naive,0.0446663772326888
5791,12,0.1,Randomized,0.0446663772326888
5792,12,0.0,Naive,0.027611393039200204
5793,12,0.1,Randomized,0.027611393039200204
5794,12,0.0,Naive,0.029136452108297784
5795,12,0.1,Randomized,0.029136452108297784
5796,12,0.0,Naive,0.03946754787432965
5797,12,0.1,Randomized,0.03946754787432965
5798,12,0.0,Naive,0.05006576490557032
5799,12,0.1,Randomized,0.05006576490557032
5800,12,0.0,Naive,0.050559419972218425
5801,12,0.1,Randomized,0.050559419972218425
5802,12,0.0,Naive,0.05093894390330061
5803,12,0.1,Randomized,0.05093894390330061
5804,12,0.0,Naive,0.03844927854385291
5805,12,0.1,Randomized,0.03844927854385291
5806,12,0.0,Naive,0.05024104687274411
5807,12,0.1,Randomized,0.05024104687274411
5808,12,0.0,Naive,0.0393050903652303
5809,12,0.1,Randomized,0.0393050903652303
5810,12,0.0,Naive,0.04039482782905712
5811,12,0.1,Randomized,0.04039482782905712
5812,12,0.0,Naive,0.05545897720964787
5813,12,0.1,Randomized,0.05545897720964787
5814,12,0.0,Naive,0.0651871305034301
5815,12,0.1,Randomized,0.0651871305034301
5816,12,0.0,Naive,0.06290155691047884
5817,12,0.1,Randomized,0.06290155691047884
5818,12,0.0,Naive,0.06665145835320312
5819,12,0.1,Randomized,0.06665145835320312
5820,12,0.0,Naive,0.056931675094066644
5821,12,0.1,Randomized,0.056931675094066644
5822,12,0.0,Naive,0.04564921832241619
5823,12,0.1,Randomized,0.04564921832241619
5824,12,0.0,Naive,0.05447067740193662
5825,12,0.1,Randomized,0.05447067740193662
5826,12,0.0,Naive,0.05825050928260023
5827,12,0.1,Randomized,0.05825050928260023
5828,12,0.0,Naive,0.061166965574264
5829,12,0.1,Randomized,0.061166965574264
5830,12,0.0,Naive,0.04505093080040829
5831,12,0.1,Randomized,0.04505093080040829
5832,12,0.0,Naive,0.039322958889590774
5833,12,0.1,Randomized,0.039322958889590774
5834,12,0.0,Naive,0.04312525281508971
5835,12,0.1,Randomized,0.04312525281508971
5836,12,0.0,Naive,0.04907263786264762
5837,12,0.1,Randomized,0.04907263786264762
5838,12,0.0,Naive,0.04923146379384455
5839,12,0.1,Randomized,0.04923146379384455
5840,12,0.0,Naive,0.04176331111973207
5841,12,0.1,Randomized,0.04176331111973207
5842,12,0.0,Naive,0.054572270500704394
5843,12,0.1,Randomized,0.054572270500704394
5844,12,0.0,Naive,0.0441950522489072
5845,12,0.1,Randomized,0.0441950522489072
5846,12,0.0,Naive,0.06925873209340906
5847,12,0.1,Randomized,0.06925873209340906
5848,12,0.0,Naive,0.05430764706847521
5849,12,0.1,Randomized,0.05430764706847521
5850,12,0.0,Naive,0.04307087816490935
5851,12,0.1,Randomized,0.04307087816490935
5852,12,0.0,Naive,0.047076933226549676
5853,12,0.1,Randomized,0.047076933226549676
5854,12,0.0,Naive,0.07253691853911616
5855,12,0.1,Randomized,0.07253691853911616
5856,12,0.0,Naive,0.04558969610018358
5857,12,0.1,Randomized,0.04558969610018358
5858,12,0.0,Naive,0.05708080397057323
5859,12,0.1,Randomized,0.05708080397057323
5860,12,0.0,Naive,0.0328211684500995
5861,12,0.1,Randomized,0.0328211684500995
5862,12,0.0,Naive,0.03874815911795934
5863,12,0.1,Randomized,0.03874815911795934
5864,12,0.0,Naive,0.041759586060332934
5865,12,0.1,Randomized,0.041759586060332934
5866,12,0.0,Naive,0.04028006813169687
5867,12,0.1,Randomized,0.04028006813169687
5868,12,0.0,Naive,0.05150781590635466
5869,12,0.1,Randomized,0.05150781590635466
5870,12,0.0,Naive,0.02686570917502926
5871,12,0.1,Randomized,0.02686570917502926
5872,12,0.0,Naive,0.05223016340121649
5873,12,0.1,Randomized,0.05223016340121649
5874,12,0.0,Naive,0.05673855923876926
5875,12,0.1,Randomized,0.05673855923876926
5876,12,0.0,Naive,0.05104472387467194
5877,12,0.1,Randomized,0.05104472387467194
5878,12,0.0,Naive,0.06004634389894409
5879,12,0.1,Randomized,0.06004634389894409
5880,12,0.0,Naive,0.02815172211254812
5881,12,0.1,Randomized,0.02815172211254812
5882,12,0.0,Naive,0.037262358174634476
5883,12,0.1,Randomized,0.037262358174634476
5884,12,0.0,Naive,0.05547157637870249
5885,12,0.1,Randomized,0.05547157637870249
5886,12,0.0,Naive,0.03414997062079949
5887,12,0.1,Randomized,0.03414997062079949
5888,12,0.0,Naive,0.061833028552524136
5889,12,0.1,Randomized,0.061833028552524136
5890,12,0.0,Naive,0.05454860468925172
5891,12,0.1,Randomized,0.05454860468925172
5892,12,0.0,Naive,0.054276698758024065
5893,12,0.1,Randomized,0.054276698758024065
5894,12,0.0,Naive,0.024828339010570705
5895,12,0.1,Randomized,0.024828339010570705
5896,12,0.0,Naive,0.04703720977946231
5897,12,0.1,Randomized,0.04703720977946231
5898,12,0.0,Naive,0.0391430408447418
5899,12,0.1,Randomized,0.0391430408447418
5900,12,0.0,Naive,0.04392701861090856
5901,12,0.1,Randomized,0.04392701861090856
5902,12,0.0,Naive,0.06078670109100814
5903,12,0.1,Randomized,0.06078670109100814
5904,12,0.0,Naive,0.045256323081244866
5905,12,0.1,Randomized,0.045256323081244866
5906,12,0.0,Naive,0.060101185128201076
5907,12,0.1,Randomized,0.060101185128201076
5908,12,0.0,Naive,0.035935395678462254
5909,12,0.1,Randomized,0.035935395678462254
5910,12,0.0,Naive,0.048200624749007104
5911,12,0.1,Randomized,0.048200624749007104
5912,12,0.0,Naive,0.03532095509806117
5913,12,0.1,Randomized,0.03532095509806117
5914,12,0.0,Naive,0.048293729767548636
5915,12,0.1,Randomized,0.048293729767548636
5916,12,0.0,Naive,0.05030516089794357
5917,12,0.1,Randomized,0.05030516089794357
5918,12,0.0,Naive,0.06197356725871428
5919,12,0.1,Randomized,0.06197356725871428
5920,12,0.0,Naive,0.04064872593983429
5921,12,0.1,Randomized,0.04064872593983429
5922,12,0.0,Naive,0.03960471045965489
5923,12,0.1,Randomized,0.03960471045965489
5924,12,0.0,Naive,0.05717043968490796
5925,12,0.1,Randomized,0.05717043968490796
5926,12,0.0,Naive,0.05071027459776168
5927,12,0.1,Randomized,0.05071027459776168
5928,12,0.0,Naive,0.03762583116346818
5929,12,0.1,Randomized,0.03762583116346818
5930,12,0.0,Naive,0.0813819451435171
5931,12,0.1,Randomized,0.0813819451435171
5932,12,0.0,Naive,0.037461454576928906
5933,12,0.1,Randomized,0.037461454576928906
5934,12,0.0,Naive,0.05066924562926466
5935,12,0.1,Randomized,0.05066924562926466
5936,12,0.0,Naive,0.0571762947373889
5937,12,0.1,Randomized,0.0571762947373889
5938,12,0.0,Naive,0.03890236356991352
5939,12,0.1,Randomized,0.03890236356991352
5940,12,0.0,Naive,0.05398887053986277
5941,12,0.1,Randomized,0.05398887053986277
5942,12,0.0,Naive,0.0478885566662157
5943,12,0.1,Randomized,0.0478885566662157
5944,12,0.0,Naive,0.030657714513064784
5945,12,0.1,Randomized,0.030657714513064784
5946,12,0.0,Naive,0.043696698391175834
5947,12,0.1,Randomized,0.043696698391175834
5948,12,0.0,Naive,0.03994507343050811
5949,12,0.1,Randomized,0.03994507343050811
5950,12,0.0,Naive,0.05114520897822038
5951,12,0.1,Randomized,0.05114520897822038
5952,12,0.0,Naive,0.05803970365144525
5953,12,0.1,Randomized,0.05803970365144525
5954,12,0.0,Naive,0.03649500025920144
5955,12,0.1,Randomized,0.03649500025920144
5956,12,0.0,Naive,0.05259487982481333
5957,12,0.1,Randomized,0.05259487982481333
5958,12,0.0,Naive,0.042335091569459866
5959,12,0.1,Randomized,0.042335091569459866
5960,12,0.0,Naive,0.06328214015673082
5961,12,0.1,Randomized,0.06328214015673082
5962,12,0.0,Naive,0.0394199111964239
5963,12,0.1,Randomized,0.0394199111964239
5964,12,0.0,Naive,0.03968822672891823
5965,12,0.1,Randomized,0.03968822672891823
5966,12,0.0,Naive,0.06923095122192269
5967,12,0.1,Randomized,0.06923095122192269
5968,12,0.0,Naive,0.044387350265529896
5969,12,0.1,Randomized,0.044387350265529896
5970,12,0.0,Naive,0.05235228934887384
5971,12,0.1,Randomized,0.05235228934887384
5972,12,0.0,Naive,0.026594348082490664
5973,12,0.1,Randomized,0.026594348082490664
5974,12,0.0,Naive,0.04372729927941485
5975,12,0.1,Randomized,0.04372729927941485
5976,12,0.0,Naive,0.048437799758491634
5977,12,0.1,Randomized,0.048437799758491634
5978,12,0.0,Naive,0.04601634372930639
5979,12,0.1,Randomized,0.04601634372930639
5980,12,0.0,Naive,0.0377010535893321
5981,12,0.1,Randomized,0.0377010535893321
5982,12,0.0,Naive,0.0679444888810109
5983,12,0.1,Randomized,0.0679444888810109
5984,12,0.0,Naive,0.03593356867078955
5985,12,0.1,Randomized,0.03593356867078955
5986,12,0.0,Naive,0.0409623544061666
5987,12,0.1,Randomized,0.0409623544061666
5988,12,0.0,Naive,0.05144554444466096
5989,12,0.1,Randomized,0.05144554444466096
5990,12,0.0,Naive,0.033110010573372275
5991,12,0.1,Randomized,0.033110010573372275
5992,12,0.0,Naive,0.052116198861415976
5993,12,0.1,Randomized,0.052116198861415976
5994,12,0.0,Naive,0.02839796609946746
5995,12,0.1,Randomized,0.02839796609946746
5996,12,0.0,Naive,0.054922998252526695
5997,12,0.1,Randomized,0.054922998252526695
5998,12,0.0,Naive,0.032138634166877164
5999,12,0.1,Randomized,0.032138634166877164
6000,14,0.0,Naive,0.04444702911863325
6001,14,0.1,Randomized,0.04444702911863325
6002,14,0.0,Naive,0.03179111585875705
6003,14,0.1,Randomized,0.03179111585875705
6004,14,0.0,Naive,0.03206594096519899
6005,14,0.1,Randomized,0.03206594096519899
6006,14,0.0,Naive,0.02485728365705074
6007,14,0.1,Randomized,0.02485728365705074
6008,14,0.0,Naive,0.028646880666905596
6009,14,0.1,Randomized,0.028646880666905596
6010,14,0.0,Naive,0.033038281492551023
6011,14,0.1,Randomized,0.033038281492551023
6012,14,0.0,Naive,0.037461154216409026
6013,14,0.1,Randomized,0.037461154216409026
6014,14,0.0,Naive,0.038619117370484526
6015,14,0.1,Randomized,0.038619117370484526
6016,14,0.0,Naive,0.056595058662504985
6017,14,0.1,Randomized,0.056595058662504985
6018,14,0.0,Naive,0.030934741677927122
6019,14,0.1,Randomized,0.030934741677927122
6020,14,0.0,Naive,0.03903314005621899
6021,14,0.1,Randomized,0.03903314005621899
6022,14,0.0,Naive,0.03671163480788562
6023,14,0.1,Randomized,0.03671163480788562
6024,14,0.0,Naive,0.03286030982698853
6025,14,0.1,Randomized,0.03286030982698853
6026,14,0.0,Naive,0.05049343779432476
6027,14,0.1,Randomized,0.05049343779432476
6028,14,0.0,Naive,0.04990471690065829
6029,14,0.1,Randomized,0.04990471690065829
6030,14,0.0,Naive,0.03778446696329938
6031,14,0.1,Randomized,0.03778446696329938
6032,14,0.0,Naive,0.04218915482735034
6033,14,0.1,Randomized,0.04218915482735034
6034,14,0.0,Naive,0.03633602418984429
6035,14,0.1,Randomized,0.03633602418984429
6036,14,0.0,Naive,0.02909346980863715
6037,14,0.1,Randomized,0.02909346980863715
6038,14,0.0,Naive,0.023967388036570277
6039,14,0.1,Randomized,0.023967388036570277
6040,14,0.0,Naive,0.032084380710389035
6041,14,0.1,Randomized,0.032084380710389035
6042,14,0.0,Naive,0.0358845855171317
6043,14,0.1,Randomized,0.0358845855171317
6044,14,0.0,Naive,0.03292661809039706
6045,14,0.1,Randomized,0.03292661809039706
6046,14,0.0,Naive,0.027740313936022394
6047,14,0.1,Randomized,0.027740313936022394
6048,14,0.0,Naive,0.038496828026731246
6049,14,0.1,Randomized,0.038496828026731246
6050,14,0.0,Naive,0.04149038290540336
6051,14,0.1,Randomized,0.04149038290540336
6052,14,0.0,Naive,0.04761014125578657
6053,14,0.1,Randomized,0.04761014125578657
6054,14,0.0,Naive,0.04817210145915391
6055,14,0.1,Randomized,0.04817210145915391
6056,14,0.0,Naive,0.022478304336741726
6057,14,0.1,Randomized,0.022478304336741726
6058,14,0.0,Naive,0.048393536401426504
6059,14,0.1,Randomized,0.048393536401426504
6060,14,0.0,Naive,0.04050635729856941
6061,14,0.1,Randomized,0.04050635729856941
6062,14,0.0,Naive,0.03572954162035321
6063,14,0.1,Randomized,0.03572954162035321
6064,14,0.0,Naive,0.03181856389194894
6065,14,0.1,Randomized,0.03181856389194894
6066,14,0.0,Naive,0.023951046175673375
6067,14,0.1,Randomized,0.023951046175673375
6068,14,0.0,Naive,0.03249677082584095
6069,14,0.1,Randomized,0.03249677082584095
6070,14,0.0,Naive,0.03320027431142952
6071,14,0.1,Randomized,0.03320027431142952
6072,14,0.0,Naive,0.033927874767054784
6073,14,0.1,Randomized,0.033927874767054784
6074,14,0.0,Naive,0.03566012563043191
6075,14,0.1,Randomized,0.03566012563043191
6076,14,0.0,Naive,0.03333388334553661
6077,14,0.1,Randomized,0.03333388334553661
6078,14,0.0,Naive,0.04831627066082982
6079,14,0.1,Randomized,0.04831627066082982
6080,14,0.0,Naive,0.03184660696133294
6081,14,0.1,Randomized,0.03184660696133294
6082,14,0.0,Naive,0.03483098509330704
6083,14,0.1,Randomized,0.03483098509330704
6084,14,0.0,Naive,0.03934556191986434
6085,14,0.1,Randomized,0.03934556191986434
6086,14,0.0,Naive,0.038267163451234605
6087,14,0.1,Randomized,0.038267163451234605
6088,14,0.0,Naive,0.03394972424875484
6089,14,0.1,Randomized,0.03394972424875484
6090,14,0.0,Naive,0.0419564297338207
6091,14,0.1,Randomized,0.0419564297338207
6092,14,0.0,Naive,0.03704388162138396
6093,14,0.1,Randomized,0.03704388162138396
6094,14,0.0,Naive,0.042519766179529905
6095,14,0.1,Randomized,0.042519766179529905
6096,14,0.0,Naive,0.033376265658882
6097,14,0.1,Randomized,0.033376265658882
6098,14,0.0,Naive,0.05643603973508716
6099,14,0.1,Randomized,0.05643603973508716
6100,14,0.0,Naive,0.019652431771585384
6101,14,0.1,Randomized,0.019652431771585384
6102,14,0.0,Naive,0.024485984762127568
6103,14,0.1,Randomized,0.024485984762127568
6104,14,0.0,Naive,0.03963609792308515
6105,14,0.1,Randomized,0.03963609792308515
6106,14,0.0,Naive,0.03513586946769082
6107,14,0.1,Randomized,0.03513586946769082
6108,14,0.0,Naive,0.03546029382039983
6109,14,0.1,Randomized,0.03546029382039983
6110,14,0.0,Naive,0.0432098088966453
6111,14,0.1,Randomized,0.0432098088966453
6112,14,0.0,Naive,0.03152059813939469
6113,14,0.1,Randomized,0.03152059813939469
6114,14,0.0,Naive,0.03817242395663351
6115,14,0.1,Randomized,0.03817242395663351
6116,14,0.0,Naive,0.0224922370586767
6117,14,0.1,Randomized,0.0224922370586767
6118,14,0.0,Naive,0.024712034703046264
6119,14,0.1,Randomized,0.024712034703046264
6120,14,0.0,Naive,0.03055657856505108
6121,14,0.1,Randomized,0.03055657856505108
6122,14,0.0,Naive,0.024751880643530004
6123,14,0.1,Randomized,0.024751880643530004
6124,14,0.0,Naive,0.03722525886732746
6125,14,0.1,Randomized,0.03722525886732746
6126,14,0.0,Naive,0.03950633579195403
6127,14,0.1,Randomized,0.03950633579195403
6128,14,0.0,Naive,0.035146170271756774
6129,14,0.1,Randomized,0.035146170271756774
6130,14,0.0,Naive,0.04548503496531075
6131,14,0.1,Randomized,0.04548503496531075
6132,14,0.0,Naive,0.03905800230480559
6133,14,0.1,Randomized,0.03905800230480559
6134,14,0.0,Naive,0.036105382440762265
6135,14,0.1,Randomized,0.036105382440762265
6136,14,0.0,Naive,0.02719179311007596
6137,14,0.1,Randomized,0.02719179311007596
6138,14,0.0,Naive,0.03507264240431184
6139,14,0.1,Randomized,0.03507264240431184
6140,14,0.0,Naive,0.043575428833992756
6141,14,0.1,Randomized,0.043575428833992756
6142,14,0.0,Naive,0.031632947915265046
6143,14,0.1,Randomized,0.031632947915265046
6144,14,0.0,Naive,0.02718282093222696
6145,14,0.1,Randomized,0.02718282093222696
6146,14,0.0,Naive,0.023169207657085484
6147,14,0.1,Randomized,0.023169207657085484
6148,14,0.0,Naive,0.04952609339103411
6149,14,0.1,Randomized,0.04952609339103411
6150,14,0.0,Naive,0.04647240054538504
6151,14,0.1,Randomized,0.04647240054538504
6152,14,0.0,Naive,0.028005019378157674
6153,14,0.1,Randomized,0.028005019378157674
6154,14,0.0,Naive,0.030257679950280413
6155,14,0.1,Randomized,0.030257679950280413
6156,14,0.0,Naive,0.04035542265405474
6157,14,0.1,Randomized,0.04035542265405474
6158,14,0.0,Naive,0.03491003938996158
6159,14,0.1,Randomized,0.03491003938996158
6160,14,0.0,Naive,0.04263235945364981
6161,14,0.1,Randomized,0.04263235945364981
6162,14,0.0,Naive,0.027930201178567673
6163,14,0.1,Randomized,0.027930201178567673
6164,14,0.0,Naive,0.028460458152051137
6165,14,0.1,Randomized,0.028460458152051137
6166,14,0.0,Naive,0.04124676748485972
6167,14,0.1,Randomized,0.04124676748485972
6168,14,0.0,Naive,0.03219354605043451
6169,14,0.1,Randomized,0.03219354605043451
6170,14,0.0,Naive,0.04196776764137241
6171,14,0.1,Randomized,0.04196776764137241
6172,14,0.0,Naive,0.025791091306901024
6173,14,0.1,Randomized,0.025791091306901024
6174,14,0.0,Naive,0.03336405972303122
6175,14,0.1,Randomized,0.03336405972303122
6176,14,0.0,Naive,0.04312314954802625
6177,14,0.1,Randomized,0.04312314954802625
6178,14,0.0,Naive,0.03881800782281862
6179,14,0.1,Randomized,0.03881800782281862
6180,14,0.0,Naive,0.03006031710561477
6181,14,0.1,Randomized,0.03006031710561477
6182,14,0.0,Naive,0.029316965682954558
6183,14,0.1,Randomized,0.029316965682954558
6184,14,0.0,Naive,0.028545864930452497
6185,14,0.1,Randomized,0.028545864930452497
6186,14,0.0,Naive,0.035391016516330684
6187,14,0.1,Randomized,0.035391016516330684
6188,14,0.0,Naive,0.036785737588536316
6189,14,0.1,Randomized,0.036785737588536316
6190,14,0.0,Naive,0.03979408203578936
6191,14,0.1,Randomized,0.03979408203578936
6192,14,0.0,Naive,0.04588526854422507
6193,14,0.1,Randomized,0.04588526854422507
6194,14,0.0,Naive,0.025724696194329155
6195,14,0.1,Randomized,0.025724696194329155
6196,14,0.0,Naive,0.033135286076277866
6197,14,0.1,Randomized,0.033135286076277866
6198,14,0.0,Naive,0.02751860603506275
6199,14,0.1,Randomized,0.02751860603506275
6200,14,0.0,Naive,0.031015480840614076
6201,14,0.1,Randomized,0.031015480840614076
6202,14,0.0,Naive,0.030511057429485806
6203,14,0.1,Randomized,0.030511057429485806
6204,14,0.0,Naive,0.03796201872038319
6205,14,0.1,Randomized,0.03796201872038319
6206,14,0.0,Naive,0.041896025254556116
6207,14,0.1,Randomized,0.041896025254556116
6208,14,0.0,Naive,0.030201500101244054
6209,14,0.1,Randomized,0.030201500101244054
6210,14,0.0,Naive,0.021584861331663412
6211,14,0.1,Randomized,0.021584861331663412
6212,14,0.0,Naive,0.030082221756589304
6213,14,0.1,Randomized,0.030082221756589304
6214,14,0.0,Naive,0.05600097260800706
6215,14,0.1,Randomized,0.05600097260800706
6216,14,0.0,Naive,0.038915407739332684
6217,14,0.1,Randomized,0.038915407739332684
6218,14,0.0,Naive,0.04899907311384805
6219,14,0.1,Randomized,0.04899907311384805
6220,14,0.0,Naive,0.04513234703769039
6221,14,0.1,Randomized,0.04513234703769039
6222,14,0.0,Naive,0.03578674194005915
6223,14,0.1,Randomized,0.03578674194005915
6224,14,0.0,Naive,0.028308617625596447
6225,14,0.1,Randomized,0.028308617625596447
6226,14,0.0,Naive,0.024266187310038528
6227,14,0.1,Randomized,0.024266187310038528
6228,14,0.0,Naive,0.028553923429478423
6229,14,0.1,Randomized,0.028553923429478423
6230,14,0.0,Naive,0.02903957765433966
6231,14,0.1,Randomized,0.02903957765433966
6232,14,0.0,Naive,0.03562072628588525
6233,14,0.1,Randomized,0.03562072628588525
6234,14,0.0,Naive,0.03988088348147286
6235,14,0.1,Randomized,0.03988088348147286
6236,14,0.0,Naive,0.045562492672263886
6237,14,0.1,Randomized,0.045562492672263886
6238,14,0.0,Naive,0.03916194710741516
6239,14,0.1,Randomized,0.03916194710741516
6240,14,0.0,Naive,0.04003991212754306
6241,14,0.1,Randomized,0.04003991212754306
6242,14,0.0,Naive,0.03371135956203627
6243,14,0.1,Randomized,0.03371135956203627
6244,14,0.0,Naive,0.036961263237605485
6245,14,0.1,Randomized,0.036961263237605485
6246,14,0.0,Naive,0.045284740226449044
6247,14,0.1,Randomized,0.045284740226449044
6248,14,0.0,Naive,0.019088113350695907
6249,14,0.1,Randomized,0.019088113350695907
6250,14,0.0,Naive,0.039341186690400744
6251,14,0.1,Randomized,0.039341186690400744
6252,14,0.0,Naive,0.03464558892730737
6253,14,0.1,Randomized,0.03464558892730737
6254,14,0.0,Naive,0.027571283829999068
6255,14,0.1,Randomized,0.027571283829999068
6256,14,0.0,Naive,0.03097516710842822
6257,14,0.1,Randomized,0.03097516710842822
6258,14,0.0,Naive,0.035088313908554755
6259,14,0.1,Randomized,0.035088313908554755
6260,14,0.0,Naive,0.030384528072438435
6261,14,0.1,Randomized,0.030384528072438435
6262,14,0.0,Naive,0.031537622946990064
6263,14,0.1,Randomized,0.031537622946990064
6264,14,0.0,Naive,0.028845555924659365
6265,14,0.1,Randomized,0.028845555924659365
6266,14,0.0,Naive,0.04621966226892009
6267,14,0.1,Randomized,0.04621966226892009
6268,14,0.0,Naive,0.03848536235571709
6269,14,0.1,Randomized,0.03848536235571709
6270,14,0.0,Naive,0.026410993047844573
6271,14,0.1,Randomized,0.026410993047844573
6272,14,0.0,Naive,0.043514675313273854
6273,14,0.1,Randomized,0.043514675313273854
6274,14,0.0,Naive,0.03323459154425303
6275,14,0.1,Randomized,0.03323459154425303
6276,14,0.0,Naive,0.04636071828733362
6277,14,0.1,Randomized,0.04636071828733362
6278,14,0.0,Naive,0.03203059322188669
6279,14,0.1,Randomized,0.03203059322188669
6280,14,0.0,Naive,0.0361005287972159
6281,14,0.1,Randomized,0.0361005287972159
6282,14,0.0,Naive,0.03206911815220887
6283,14,0.1,Randomized,0.03206911815220887
6284,14,0.0,Naive,0.040033366081836615
6285,14,0.1,Randomized,0.040033366081836615
6286,14,0.0,Naive,0.03228083521208792
6287,14,0.1,Randomized,0.03228083521208792
6288,14,0.0,Naive,0.03312453733029306
6289,14,0.1,Randomized,0.03312453733029306
6290,14,0.0,Naive,0.027132526858271278
6291,14,0.1,Randomized,0.027132526858271278
6292,14,0.0,Naive,0.0313330018220694
6293,14,0.1,Randomized,0.0313330018220694
6294,14,0.0,Naive,0.040299666917923936
6295,14,0.1,Randomized,0.040299666917923936
6296,14,0.0,Naive,0.029819389331060688
6297,14,0.1,Randomized,0.029819389331060688
6298,14,0.0,Naive,0.04117859829038034
6299,14,0.1,Randomized,0.04117859829038034
6300,14,0.0,Naive,0.03758796425773441
6301,14,0.1,Randomized,0.03758796425773441
6302,14,0.0,Naive,0.03596790115536076
6303,14,0.1,Randomized,0.03596790115536076
6304,14,0.0,Naive,0.041901185880271585
6305,14,0.1,Randomized,0.041901185880271585
6306,14,0.0,Naive,0.042372554324481296
6307,14,0.1,Randomized,0.042372554324481296
6308,14,0.0,Naive,0.032326117937264205
6309,14,0.1,Randomized,0.032326117937264205
6310,14,0.0,Naive,0.042606873570741034
6311,14,0.1,Randomized,0.042606873570741034
6312,14,0.0,Naive,0.030154892405647036
6313,14,0.1,Randomized,0.030154892405647036
6314,14,0.0,Naive,0.02557794800041542
6315,14,0.1,Randomized,0.02557794800041542
6316,14,0.0,Naive,0.025974316601476373
6317,14,0.1,Randomized,0.025974316601476373
6318,14,0.0,Naive,0.035828316796604975
6319,14,0.1,Randomized,0.035828316796604975
6320,14,0.0,Naive,0.033765938692819734
6321,14,0.1,Randomized,0.033765938692819734
6322,14,0.0,Naive,0.025631709081054874
6323,14,0.1,Randomized,0.025631709081054874
6324,14,0.0,Naive,0.03089879303773682
6325,14,0.1,Randomized,0.03089879303773682
6326,14,0.0,Naive,0.032018773111055936
6327,14,0.1,Randomized,0.032018773111055936
6328,14,0.0,Naive,0.03625936948246946
6329,14,0.1,Randomized,0.03625936948246946
6330,14,0.0,Naive,0.03266958079549606
6331,14,0.1,Randomized,0.03266958079549606
6332,14,0.0,Naive,0.03007482981544718
6333,14,0.1,Randomized,0.03007482981544718
6334,14,0.0,Naive,0.05166610816636391
6335,14,0.1,Randomized,0.05166610816636391
6336,14,0.0,Naive,0.033550426403541854
6337,14,0.1,Randomized,0.033550426403541854
6338,14,0.0,Naive,0.02836070527940266
6339,14,0.1,Randomized,0.02836070527940266
6340,14,0.0,Naive,0.050657573888696635
6341,14,0.1,Randomized,0.050657573888696635
6342,14,0.0,Naive,0.026898470070788265
6343,14,0.1,Randomized,0.026898470070788265
6344,14,0.0,Naive,0.04143026958284577
6345,14,0.1,Randomized,0.04143026958284577
6346,14,0.0,Naive,0.0329076394726646
6347,14,0.1,Randomized,0.0329076394726646
6348,14,0.0,Naive,0.03873313017022391
6349,14,0.1,Randomized,0.03873313017022391
6350,14,0.0,Naive,0.021850150029728527
6351,14,0.1,Randomized,0.021850150029728527
6352,14,0.0,Naive,0.041402202476686197
6353,14,0.1,Randomized,0.041402202476686197
6354,14,0.0,Naive,0.0349982827296539
6355,14,0.1,Randomized,0.0349982827296539
6356,14,0.0,Naive,0.03447401906604457
6357,14,0.1,Randomized,0.03447401906604457
6358,14,0.0,Naive,0.04447756124239935
6359,14,0.1,Randomized,0.04447756124239935
6360,14,0.0,Naive,0.03920848142831732
6361,14,0.1,Randomized,0.03920848142831732
6362,14,0.0,Naive,0.03116053674990076
6363,14,0.1,Randomized,0.03116053674990076
6364,14,0.0,Naive,0.05149673691624529
6365,14,0.1,Randomized,0.05149673691624529
6366,14,0.0,Naive,0.026124716940756926
6367,14,0.1,Randomized,0.026124716940756926
6368,14,0.0,Naive,0.043460446539074875
6369,14,0.1,Randomized,0.043460446539074875
6370,14,0.0,Naive,0.037168510490223926
6371,14,0.1,Randomized,0.037168510490223926
6372,14,0.0,Naive,0.03800917751626456
6373,14,0.1,Randomized,0.03800917751626456
6374,14,0.0,Naive,0.03350636087663535
6375,14,0.1,Randomized,0.03350636087663535
6376,14,0.0,Naive,0.03725351115821293
6377,14,0.1,Randomized,0.03725351115821293
6378,14,0.0,Naive,0.028759719298881846
6379,14,0.1,Randomized,0.028759719298881846
6380,14,0.0,Naive,0.04362058607307719
6381,14,0.1,Randomized,0.04362058607307719
6382,14,0.0,Naive,0.026342362243106005
6383,14,0.1,Randomized,0.026342362243106005
6384,14,0.0,Naive,0.033529632502636374
6385,14,0.1,Randomized,0.033529632502636374
6386,14,0.0,Naive,0.03694120518853267
6387,14,0.1,Randomized,0.03694120518853267
6388,14,0.0,Naive,0.05180824173336499
6389,14,0.1,Randomized,0.05180824173336499
6390,14,0.0,Naive,0.04558576040843293
6391,14,0.1,Randomized,0.04558576040843293
6392,14,0.0,Naive,0.03232016091462544
6393,14,0.1,Randomized,0.03232016091462544
6394,14,0.0,Naive,0.03328396449528891
6395,14,0.1,Randomized,0.03328396449528891
6396,14,0.0,Naive,0.044068179255997354
6397,14,0.1,Randomized,0.044068179255997354
6398,14,0.0,Naive,0.03531329952035142
6399,14,0.1,Randomized,0.03531329952035142
6400,14,0.0,Naive,0.0388263864027861
6401,14,0.1,Randomized,0.0388263864027861
6402,14,0.0,Naive,0.03146603353409452
6403,14,0.1,Randomized,0.03146603353409452
6404,14,0.0,Naive,0.03952820871877156
6405,14,0.1,Randomized,0.03952820871877156
6406,14,0.0,Naive,0.04332277225822149
6407,14,0.1,Randomized,0.04332277225822149
6408,14,0.0,Naive,0.038002892810672456
6409,14,0.1,Randomized,0.038002892810672456
6410,14,0.0,Naive,0.023504112430975357
6411,14,0.1,Randomized,0.023504112430975357
6412,14,0.0,Naive,0.046282364890224324
6413,14,0.1,Randomized,0.046282364890224324
6414,14,0.0,Naive,0.03480941326051858
6415,14,0.1,Randomized,0.03480941326051858
6416,14,0.0,Naive,0.040410777671274094
6417,14,0.1,Randomized,0.040410777671274094
6418,14,0.0,Naive,0.03675907246069037
6419,14,0.1,Randomized,0.03675907246069037
6420,14,0.0,Naive,0.030841802078103584
6421,14,0.1,Randomized,0.030841802078103584
6422,14,0.0,Naive,0.053330248525244976
6423,14,0.1,Randomized,0.053330248525244976
6424,14,0.0,Naive,0.03523644690129343
6425,14,0.1,Randomized,0.03523644690129343
6426,14,0.0,Naive,0.03112772453490159
6427,14,0.1,Randomized,0.03112772453490159
6428,14,0.0,Naive,0.03641448515542999
6429,14,0.1,Randomized,0.03641448515542999
6430,14,0.0,Naive,0.019502955944016496
6431,14,0.1,Randomized,0.019502955944016496
6432,14,0.0,Naive,0.04536953885534988
6433,14,0.1,Randomized,0.04536953885534988
6434,14,0.0,Naive,0.046603619948916056
6435,14,0.1,Randomized,0.046603619948916056
6436,14,0.0,Naive,0.040179759424831624
6437,14,0.1,Randomized,0.040179759424831624
6438,14,0.0,Naive,0.021269450804927387
6439,14,0.1,Randomized,0.021269450804927387
6440,14,0.0,Naive,0.035045507140472415
6441,14,0.1,Randomized,0.035045507140472415
6442,14,0.0,Naive,0.03390448031460445
6443,14,0.1,Randomized,0.03390448031460445
6444,14,0.0,Naive,0.0355704587429162
6445,14,0.1,Randomized,0.0355704587429162
6446,14,0.0,Naive,0.04853311149367997
6447,14,0.1,Randomized,0.04853311149367997
6448,14,0.0,Naive,0.041540897423411965
6449,14,0.1,Randomized,0.041540897423411965
6450,14,0.0,Naive,0.030009539151620773
6451,14,0.1,Randomized,0.030009539151620773
6452,14,0.0,Naive,0.034798566954601
6453,14,0.1,Randomized,0.034798566954601
6454,14,0.0,Naive,0.027234716176529342
6455,14,0.1,Randomized,0.027234716176529342
6456,14,0.0,Naive,0.046315873233584874
6457,14,0.1,Randomized,0.046315873233584874
6458,14,0.0,Naive,0.026890495487872163
6459,14,0.1,Randomized,0.026890495487872163
6460,14,0.0,Naive,0.03680868518684258
6461,14,0.1,Randomized,0.03680868518684258
6462,14,0.0,Naive,0.04456566315153716
6463,14,0.1,Randomized,0.04456566315153716
6464,14,0.0,Naive,0.03908731518316213
6465,14,0.1,Randomized,0.03908731518316213
6466,14,0.0,Naive,0.03153956201328925
6467,14,0.1,Randomized,0.03153956201328925
6468,14,0.0,Naive,0.022347103115364638
6469,14,0.1,Randomized,0.022347103115364638
6470,14,0.0,Naive,0.033114427209805494
6471,14,0.1,Randomized,0.033114427209805494
6472,14,0.0,Naive,0.046424464368279975
6473,14,0.1,Randomized,0.046424464368279975
6474,14,0.0,Naive,0.03000212767344127
6475,14,0.1,Randomized,0.03000212767344127
6476,14,0.0,Naive,0.040177401642781586
6477,14,0.1,Randomized,0.040177401642781586
6478,14,0.0,Naive,0.02519007607081687
6479,14,0.1,Randomized,0.02519007607081687
6480,14,0.0,Naive,0.023658683908039015
6481,14,0.1,Randomized,0.023658683908039015
6482,14,0.0,Naive,0.019176835761817116
6483,14,0.1,Randomized,0.019176835761817116
6484,14,0.0,Naive,0.04221838604385977
6485,14,0.1,Randomized,0.04221838604385977
6486,14,0.0,Naive,0.03965052338622978
6487,14,0.1,Randomized,0.03965052338622978
6488,14,0.0,Naive,0.036484849362695713
6489,14,0.1,Randomized,0.036484849362695713
6490,14,0.0,Naive,0.037028289513970414
6491,14,0.1,Randomized,0.037028289513970414
6492,14,0.0,Naive,0.03756723146013793
6493,14,0.1,Randomized,0.03756723146013793
6494,14,0.0,Naive,0.035422439122721645
6495,14,0.1,Randomized,0.035422439122721645
6496,14,0.0,Naive,0.03431486032790911
6497,14,0.1,Randomized,0.03431486032790911
6498,14,0.0,Naive,0.03968648975531024
6499,14,0.1,Randomized,0.03968648975531024
6500,14,0.0,Naive,0.041001403570754026
6501,14,0.1,Randomized,0.041001403570754026
6502,14,0.0,Naive,0.05584173990238598
6503,14,0.1,Randomized,0.05584173990238598
6504,14,0.0,Naive,0.0307172273646268
6505,14,0.1,Randomized,0.0307172273646268
6506,14,0.0,Naive,0.03368281097283638
6507,14,0.1,Randomized,0.03368281097283638
6508,14,0.0,Naive,0.029194066030295517
6509,14,0.1,Randomized,0.029194066030295517
6510,14,0.0,Naive,0.03665005903721803
6511,14,0.1,Randomized,0.03665005903721803
6512,14,0.0,Naive,0.03066475757097048
6513,14,0.1,Randomized,0.03066475757097048
6514,14,0.0,Naive,0.024274512973204772
6515,14,0.1,Randomized,0.024274512973204772
6516,14,0.0,Naive,0.03556959220309889
6517,14,0.1,Randomized,0.03556959220309889
6518,14,0.0,Naive,0.039487321060646924
6519,14,0.1,Randomized,0.039487321060646924
6520,14,0.0,Naive,0.021782191904618945
6521,14,0.1,Randomized,0.021782191904618945
6522,14,0.0,Naive,0.04461027924791321
6523,14,0.1,Randomized,0.04461027924791321
6524,14,0.0,Naive,0.02278708650320715
6525,14,0.1,Randomized,0.02278708650320715
6526,14,0.0,Naive,0.028247397903134075
6527,14,0.1,Randomized,0.028247397903134075
6528,14,0.0,Naive,0.03363405887078387
6529,14,0.1,Randomized,0.03363405887078387
6530,14,0.0,Naive,0.041417859338716605
6531,14,0.1,Randomized,0.041417859338716605
6532,14,0.0,Naive,0.04198962134351056
6533,14,0.1,Randomized,0.04198962134351056
6534,14,0.0,Naive,0.053992302616287964
6535,14,0.1,Randomized,0.053992302616287964
6536,14,0.0,Naive,0.0253414355079633
6537,14,0.1,Randomized,0.0253414355079633
6538,14,0.0,Naive,0.02982504711897004
6539,14,0.1,Randomized,0.02982504711897004
6540,14,0.0,Naive,0.04400465809824896
6541,14,0.1,Randomized,0.04400465809824896
6542,14,0.0,Naive,0.04213800929488036
6543,14,0.1,Randomized,0.04213800929488036
6544,14,0.0,Naive,0.025147598246245118
6545,14,0.1,Randomized,0.025147598246245118
6546,14,0.0,Naive,0.02650182103607933
6547,14,0.1,Randomized,0.02650182103607933
6548,14,0.0,Naive,0.03977791778614813
6549,14,0.1,Randomized,0.03977791778614813
6550,14,0.0,Naive,0.024705390042918027
6551,14,0.1,Randomized,0.024705390042918027
6552,14,0.0,Naive,0.041617368616531786
6553,14,0.1,Randomized,0.041617368616531786
6554,14,0.0,Naive,0.030051005995496368
6555,14,0.1,Randomized,0.030051005995496368
6556,14,0.0,Naive,0.0312948385144552
6557,14,0.1,Randomized,0.0312948385144552
6558,14,0.0,Naive,0.02850555548107395
6559,14,0.1,Randomized,0.02850555548107395
6560,14,0.0,Naive,0.032802280879373424
6561,14,0.1,Randomized,0.032802280879373424
6562,14,0.0,Naive,0.03556234055514462
6563,14,0.1,Randomized,0.03556234055514462
6564,14,0.0,Naive,0.03027460655475591
6565,14,0.1,Randomized,0.03027460655475591
6566,14,0.0,Naive,0.03677300216109428
6567,14,0.1,Randomized,0.03677300216109428
6568,14,0.0,Naive,0.0384916471022121
6569,14,0.1,Randomized,0.0384916471022121
6570,14,0.0,Naive,0.047528277125824976
6571,14,0.1,Randomized,0.047528277125824976
6572,14,0.0,Naive,0.030115444575834066
6573,14,0.1,Randomized,0.030115444575834066
6574,14,0.0,Naive,0.03285711393840911
6575,14,0.1,Randomized,0.03285711393840911
6576,14,0.0,Naive,0.02647832158279225
6577,14,0.1,Randomized,0.02647832158279225
6578,14,0.0,Naive,0.03531631445116485
6579,14,0.1,Randomized,0.03531631445116485
6580,14,0.0,Naive,0.04837352487070731
6581,14,0.1,Randomized,0.04837352487070731
6582,14,0.0,Naive,0.0348770441564081
6583,14,0.1,Randomized,0.0348770441564081
6584,14,0.0,Naive,0.039600439345995185
6585,14,0.1,Randomized,0.039600439345995185
6586,14,0.0,Naive,0.04134131764034019
6587,14,0.1,Randomized,0.04134131764034019
6588,14,0.0,Naive,0.03132746266155293
6589,14,0.1,Randomized,0.03132746266155293
6590,14,0.0,Naive,0.032964673541436756
6591,14,0.1,Randomized,0.032964673541436756
6592,14,0.0,Naive,0.04037743484471074
6593,14,0.1,Randomized,0.04037743484471074
6594,14,0.0,Naive,0.030427668408464576
6595,14,0.1,Randomized,0.030427668408464576
6596,14,0.0,Naive,0.01967606480733976
6597,14,0.1,Randomized,0.01967606480733976
6598,14,0.0,Naive,0.04559030866689486
6599,14,0.1,Randomized,0.04559030866689486
6600,14,0.0,Naive,0.028773375230375743
6601,14,0.1,Randomized,0.028773375230375743
6602,14,0.0,Naive,0.029587882409188086
6603,14,0.1,Randomized,0.029587882409188086
6604,14,0.0,Naive,0.03732785129164711
6605,14,0.1,Randomized,0.03732785129164711
6606,14,0.0,Naive,0.0353782107873371
6607,14,0.1,Randomized,0.0353782107873371
6608,14,0.0,Naive,0.03215570898596988
6609,14,0.1,Randomized,0.03215570898596988
6610,14,0.0,Naive,0.028479433981770743
6611,14,0.1,Randomized,0.028479433981770743
6612,14,0.0,Naive,0.026962573653121494
6613,14,0.1,Randomized,0.026962573653121494
6614,14,0.0,Naive,0.025278488672517193
6615,14,0.1,Randomized,0.025278488672517193
6616,14,0.0,Naive,0.036019916932392294
6617,14,0.1,Randomized,0.036019916932392294
6618,14,0.0,Naive,0.03638979040462994
6619,14,0.1,Randomized,0.03638979040462994
6620,14,0.0,Naive,0.028554045052418285
6621,14,0.1,Randomized,0.028554045052418285
6622,14,0.0,Naive,0.04370959123909782
6623,14,0.1,Randomized,0.04370959123909782
6624,14,0.0,Naive,0.047607775657508115
6625,14,0.1,Randomized,0.047607775657508115
6626,14,0.0,Naive,0.026715213914771777
6627,14,0.1,Randomized,0.026715213914771777
6628,14,0.0,Naive,0.03969623622917594
6629,14,0.1,Randomized,0.03969623622917594
6630,14,0.0,Naive,0.03269112364489081
6631,14,0.1,Randomized,0.03269112364489081
6632,14,0.0,Naive,0.04201030702536699
6633,14,0.1,Randomized,0.04201030702536699
6634,14,0.0,Naive,0.021752934803230862
6635,14,0.1,Randomized,0.021752934803230862
6636,14,0.0,Naive,0.03164130938970283
6637,14,0.1,Randomized,0.03164130938970283
6638,14,0.0,Naive,0.026063397800579056
6639,14,0.1,Randomized,0.026063397800579056
6640,14,0.0,Naive,0.043036643434041684
6641,14,0.1,Randomized,0.043036643434041684
6642,14,0.0,Naive,0.03015576211404029
6643,14,0.1,Randomized,0.03015576211404029
6644,14,0.0,Naive,0.032318320167224704
6645,14,0.1,Randomized,0.032318320167224704
6646,14,0.0,Naive,0.03502792176026833
6647,14,0.1,Randomized,0.03502792176026833
6648,14,0.0,Naive,0.030727767570019205
6649,14,0.1,Randomized,0.030727767570019205
6650,14,0.0,Naive,0.026944194591646143
6651,14,0.1,Randomized,0.026944194591646143
6652,14,0.0,Naive,0.02821638886639059
6653,14,0.1,Randomized,0.02821638886639059
6654,14,0.0,Naive,0.027475232005441625
6655,14,0.1,Randomized,0.027475232005441625
6656,14,0.0,Naive,0.024574841625250348
6657,14,0.1,Randomized,0.024574841625250348
6658,14,0.0,Naive,0.0350391112018393
6659,14,0.1,Randomized,0.0350391112018393
6660,14,0.0,Naive,0.045199151218996134
6661,14,0.1,Randomized,0.045199151218996134
6662,14,0.0,Naive,0.035147458780436625
6663,14,0.1,Randomized,0.035147458780436625
6664,14,0.0,Naive,0.045769370858509684
6665,14,0.1,Randomized,0.045769370858509684
6666,14,0.0,Naive,0.02736250219394712
6667,14,0.1,Randomized,0.02736250219394712
6668,14,0.0,Naive,0.05100363302286317
6669,14,0.1,Randomized,0.05100363302286317
6670,14,0.0,Naive,0.023033829800200748
6671,14,0.1,Randomized,0.023033829800200748
6672,14,0.0,Naive,0.03456166074429671
6673,14,0.1,Randomized,0.03456166074429671
6674,14,0.0,Naive,0.026736653625020868
6675,14,0.1,Randomized,0.026736653625020868
6676,14,0.0,Naive,0.023560334581268036
6677,14,0.1,Randomized,0.023560334581268036
6678,14,0.0,Naive,0.04130555379912595
6679,14,0.1,Randomized,0.04130555379912595
6680,14,0.0,Naive,0.038854447480281794
6681,14,0.1,Randomized,0.038854447480281794
6682,14,0.0,Naive,0.021267789658713378
6683,14,0.1,Randomized,0.021267789658713378
6684,14,0.0,Naive,0.0297496080915344
6685,14,0.1,Randomized,0.0297496080915344
6686,14,0.0,Naive,0.028517415853871554
6687,14,0.1,Randomized,0.028517415853871554
6688,14,0.0,Naive,0.03836368566699816
6689,14,0.1,Randomized,0.03836368566699816
6690,14,0.0,Naive,0.0301961044373789
6691,14,0.1,Randomized,0.0301961044373789
6692,14,0.0,Naive,0.03160641680904133
6693,14,0.1,Randomized,0.03160641680904133
6694,14,0.0,Naive,0.043136549656114624
6695,14,0.1,Randomized,0.043136549656114624
6696,14,0.0,Naive,0.026832658088640514
6697,14,0.1,Randomized,0.026832658088640514
6698,14,0.0,Naive,0.04892809853690487
6699,14,0.1,Randomized,0.04892809853690487
6700,14,0.0,Naive,0.03430683993769643
6701,14,0.1,Randomized,0.03430683993769643
6702,14,0.0,Naive,0.02940012974816144
6703,14,0.1,Randomized,0.02940012974816144
6704,14,0.0,Naive,0.03719964490803035
6705,14,0.1,Randomized,0.03719964490803035
6706,14,0.0,Naive,0.04243741733199849
6707,14,0.1,Randomized,0.04243741733199849
6708,14,0.0,Naive,0.03793551252227461
6709,14,0.1,Randomized,0.03793551252227461
6710,14,0.0,Naive,0.029101682318030467
6711,14,0.1,Randomized,0.029101682318030467
6712,14,0.0,Naive,0.040081978030736085
6713,14,0.1,Randomized,0.040081978030736085
6714,14,0.0,Naive,0.039677547170638976
6715,14,0.1,Randomized,0.039677547170638976
6716,14,0.0,Naive,0.03131392359325177
6717,14,0.1,Randomized,0.03131392359325177
6718,14,0.0,Naive,0.0327697869624523
6719,14,0.1,Randomized,0.0327697869624523
6720,14,0.0,Naive,0.04197432764297146
6721,14,0.1,Randomized,0.04197432764297146
6722,14,0.0,Naive,0.023032471671682927
6723,14,0.1,Randomized,0.023032471671682927
6724,14,0.0,Naive,0.036570705959968794
6725,14,0.1,Randomized,0.036570705959968794
6726,14,0.0,Naive,0.04024544538534048
6727,14,0.1,Randomized,0.04024544538534048
6728,14,0.0,Naive,0.03264488719771145
6729,14,0.1,Randomized,0.03264488719771145
6730,14,0.0,Naive,0.035632621315400556
6731,14,0.1,Randomized,0.035632621315400556
6732,14,0.0,Naive,0.02798449575433401
6733,14,0.1,Randomized,0.02798449575433401
6734,14,0.0,Naive,0.035061997332028444
6735,14,0.1,Randomized,0.035061997332028444
6736,14,0.0,Naive,0.04516990876929997
6737,14,0.1,Randomized,0.04516990876929997
6738,14,0.0,Naive,0.04287185183991662
6739,14,0.1,Randomized,0.04287185183991662
6740,14,0.0,Naive,0.037222850255993346
6741,14,0.1,Randomized,0.037222850255993346
6742,14,0.0,Naive,0.04718410772406072
6743,14,0.1,Randomized,0.04718410772406072
6744,14,0.0,Naive,0.03575607859734943
6745,14,0.1,Randomized,0.03575607859734943
6746,14,0.0,Naive,0.03389981823501543
6747,14,0.1,Randomized,0.03389981823501543
6748,14,0.0,Naive,0.040239712967042277
6749,14,0.1,Randomized,0.040239712967042277
6750,14,0.0,Naive,0.029780474576550437
6751,14,0.1,Randomized,0.029780474576550437
6752,14,0.0,Naive,0.026317778050241533
6753,14,0.1,Randomized,0.026317778050241533
6754,14,0.0,Naive,0.0328919401024681
6755,14,0.1,Randomized,0.0328919401024681
6756,14,0.0,Naive,0.034307478236277854
6757,14,0.1,Randomized,0.034307478236277854
6758,14,0.0,Naive,0.044554404850176185
6759,14,0.1,Randomized,0.044554404850176185
6760,14,0.0,Naive,0.027719042015416986
6761,14,0.1,Randomized,0.027719042015416986
6762,14,0.0,Naive,0.049110680367293304
6763,14,0.1,Randomized,0.049110680367293304
6764,14,0.0,Naive,0.03897584210816665
6765,14,0.1,Randomized,0.03897584210816665
6766,14,0.0,Naive,0.03870743225255977
6767,14,0.1,Randomized,0.03870743225255977
6768,14,0.0,Naive,0.040661549762367466
6769,14,0.1,Randomized,0.040661549762367466
6770,14,0.0,Naive,0.035879343376395395
6771,14,0.1,Randomized,0.035879343376395395
6772,14,0.0,Naive,0.041371233667389054
6773,14,0.1,Randomized,0.041371233667389054
6774,14,0.0,Naive,0.02384527004805832
6775,14,0.1,Randomized,0.02384527004805832
6776,14,0.0,Naive,0.037217066335435235
6777,14,0.1,Randomized,0.037217066335435235
6778,14,0.0,Naive,0.04084123175477397
6779,14,0.1,Randomized,0.04084123175477397
6780,14,0.0,Naive,0.02827691801025
6781,14,0.1,Randomized,0.02827691801025
6782,14,0.0,Naive,0.05271170176301179
6783,14,0.1,Randomized,0.05271170176301179
6784,14,0.0,Naive,0.03133203676608556
6785,14,0.1,Randomized,0.03133203676608556
6786,14,0.0,Naive,0.04069244762016112
6787,14,0.1,Randomized,0.04069244762016112
6788,14,0.0,Naive,0.03582655397594185
6789,14,0.1,Randomized,0.03582655397594185
6790,14,0.0,Naive,0.019239569911221836
6791,14,0.1,Randomized,0.019239569911221836
6792,14,0.0,Naive,0.03628163782037833
6793,14,0.1,Randomized,0.03628163782037833
6794,14,0.0,Naive,0.0333913583978853
6795,14,0.1,Randomized,0.0333913583978853
6796,14,0.0,Naive,0.0572864478343885
6797,14,0.1,Randomized,0.0572864478343885
6798,14,0.0,Naive,0.036228900736264974
6799,14,0.1,Randomized,0.036228900736264974
6800,14,0.0,Naive,0.03507630422145041
6801,14,0.1,Randomized,0.03507630422145041
6802,14,0.0,Naive,0.03157002535246944
6803,14,0.1,Randomized,0.03157002535246944
6804,14,0.0,Naive,0.045170070911942674
6805,14,0.1,Randomized,0.045170070911942674
6806,14,0.0,Naive,0.03032266335362029
6807,14,0.1,Randomized,0.03032266335362029
6808,14,0.0,Naive,0.0287324580166393
6809,14,0.1,Randomized,0.0287324580166393
6810,14,0.0,Naive,0.031908832578400985
6811,14,0.1,Randomized,0.031908832578400985
6812,14,0.0,Naive,0.0456064536892014
6813,14,0.1,Randomized,0.0456064536892014
6814,14,0.0,Naive,0.03460854317265864
6815,14,0.1,Randomized,0.03460854317265864
6816,14,0.0,Naive,0.040548762412059534
6817,14,0.1,Randomized,0.040548762412059534
6818,14,0.0,Naive,0.026142179111917057
6819,14,0.1,Randomized,0.026142179111917057
6820,14,0.0,Naive,0.018049884146584615
6821,14,0.1,Randomized,0.018049884146584615
6822,14,0.0,Naive,0.022219978291210703
6823,14,0.1,Randomized,0.022219978291210703
6824,14,0.0,Naive,0.0225565240433772
6825,14,0.1,Randomized,0.0225565240433772
6826,14,0.0,Naive,0.050290665962277305
6827,14,0.1,Randomized,0.050290665962277305
6828,14,0.0,Naive,0.02799235070383786
6829,14,0.1,Randomized,0.02799235070383786
6830,14,0.0,Naive,0.03245004159269171
6831,14,0.1,Randomized,0.03245004159269171
6832,14,0.0,Naive,0.024342189372568126
6833,14,0.1,Randomized,0.024342189372568126
6834,14,0.0,Naive,0.04708940899842999
6835,14,0.1,Randomized,0.04708940899842999
6836,14,0.0,Naive,0.02568034887873584
6837,14,0.1,Randomized,0.02568034887873584
6838,14,0.0,Naive,0.031583958832816145
6839,14,0.1,Randomized,0.031583958832816145
6840,14,0.0,Naive,0.046453759847870965
6841,14,0.1,Randomized,0.046453759847870965
6842,14,0.0,Naive,0.02788072984027162
6843,14,0.1,Randomized,0.02788072984027162
6844,14,0.0,Naive,0.042812124874122545
6845,14,0.1,Randomized,0.042812124874122545
6846,14,0.0,Naive,0.035503368559795676
6847,14,0.1,Randomized,0.035503368559795676
6848,14,0.0,Naive,0.03497365559247226
6849,14,0.1,Randomized,0.03497365559247226
6850,14,0.0,Naive,0.03303715219252712
6851,14,0.1,Randomized,0.03303715219252712
6852,14,0.0,Naive,0.02867069414086593
6853,14,0.1,Randomized,0.02867069414086593
6854,14,0.0,Naive,0.047317873611127236
6855,14,0.1,Randomized,0.047317873611127236
6856,14,0.0,Naive,0.042561314958900136
6857,14,0.1,Randomized,0.042561314958900136
6858,14,0.0,Naive,0.033941969599447015
6859,14,0.1,Randomized,0.033941969599447015
6860,14,0.0,Naive,0.03022306458505464
6861,14,0.1,Randomized,0.03022306458505464
6862,14,0.0,Naive,0.029726369696318766
6863,14,0.1,Randomized,0.029726369696318766
6864,14,0.0,Naive,0.02644933496858417
6865,14,0.1,Randomized,0.02644933496858417
6866,14,0.0,Naive,0.032076596453748885
6867,14,0.1,Randomized,0.032076596453748885
6868,14,0.0,Naive,0.04708261158364278
6869,14,0.1,Randomized,0.04708261158364278
6870,14,0.0,Naive,0.044448990002796805
6871,14,0.1,Randomized,0.044448990002796805
6872,14,0.0,Naive,0.03865018654752684
6873,14,0.1,Randomized,0.03865018654752684
6874,14,0.0,Naive,0.02885801918369057
6875,14,0.1,Randomized,0.02885801918369057
6876,14,0.0,Naive,0.022281938013981324
6877,14,0.1,Randomized,0.022281938013981324
6878,14,0.0,Naive,0.061501109534884524
6879,14,0.1,Randomized,0.061501109534884524
6880,14,0.0,Naive,0.03999200164638454
6881,14,0.1,Randomized,0.03999200164638454
6882,14,0.0,Naive,0.03896736826504654
6883,14,0.1,Randomized,0.03896736826504654
6884,14,0.0,Naive,0.028421905247534147
6885,14,0.1,Randomized,0.028421905247534147
6886,14,0.0,Naive,0.025764427322486773
6887,14,0.1,Randomized,0.025764427322486773
6888,14,0.0,Naive,0.036730163245925776
6889,14,0.1,Randomized,0.036730163245925776
6890,14,0.0,Naive,0.048326738693080636
6891,14,0.1,Randomized,0.048326738693080636
6892,14,0.0,Naive,0.048161134318639776
6893,14,0.1,Randomized,0.048161134318639776
6894,14,0.0,Naive,0.03449018728513806
6895,14,0.1,Randomized,0.03449018728513806
6896,14,0.0,Naive,0.03689445723741713
6897,14,0.1,Randomized,0.03689445723741713
6898,14,0.0,Naive,0.028694362307821474
6899,14,0.1,Randomized,0.028694362307821474
6900,14,0.0,Naive,0.018879768720980992
6901,14,0.1,Randomized,0.018879768720980992
6902,14,0.0,Naive,0.04637445842401663
6903,14,0.1,Randomized,0.04637445842401663
6904,14,0.0,Naive,0.02382864033366098
6905,14,0.1,Randomized,0.02382864033366098
6906,14,0.0,Naive,0.033860764830289214
6907,14,0.1,Randomized,0.033860764830289214
6908,14,0.0,Naive,0.02816809520040651
6909,14,0.1,Randomized,0.02816809520040651
6910,14,0.0,Naive,0.03826757383026654
6911,14,0.1,Randomized,0.03826757383026654
6912,14,0.0,Naive,0.04364165666056609
6913,14,0.1,Randomized,0.04364165666056609
6914,14,0.0,Naive,0.028967469686631112
6915,14,0.1,Randomized,0.028967469686631112
6916,14,0.0,Naive,0.04717402970360116
6917,14,0.1,Randomized,0.04717402970360116
6918,14,0.0,Naive,0.019781215174645282
6919,14,0.1,Randomized,0.019781215174645282
6920,14,0.0,Naive,0.04560146480449705
6921,14,0.1,Randomized,0.04560146480449705
6922,14,0.0,Naive,0.038939854613062784
6923,14,0.1,Randomized,0.038939854613062784
6924,14,0.0,Naive,0.028117223556384286
6925,14,0.1,Randomized,0.028117223556384286
6926,14,0.0,Naive,0.038883651929986635
6927,14,0.1,Randomized,0.038883651929986635
6928,14,0.0,Naive,0.028054433744042206
6929,14,0.1,Randomized,0.028054433744042206
6930,14,0.0,Naive,0.029377853583593242
6931,14,0.1,Randomized,0.029377853583593242
6932,14,0.0,Naive,0.04068557756574927
6933,14,0.1,Randomized,0.04068557756574927
6934,14,0.0,Naive,0.030490872827496122
6935,14,0.1,Randomized,0.030490872827496122
6936,14,0.0,Naive,0.035157057870548424
6937,14,0.1,Randomized,0.035157057870548424
6938,14,0.0,Naive,0.026032777339568824
6939,14,0.1,Randomized,0.026032777339568824
6940,14,0.0,Naive,0.028163189521385294
6941,14,0.1,Randomized,0.028163189521385294
6942,14,0.0,Naive,0.053064736714105915
6943,14,0.1,Randomized,0.053064736714105915
6944,14,0.0,Naive,0.02886343361541757
6945,14,0.1,Randomized,0.02886343361541757
6946,14,0.0,Naive,0.02421636765313175
6947,14,0.1,Randomized,0.02421636765313175
6948,14,0.0,Naive,0.022571931773381633
6949,14,0.1,Randomized,0.022571931773381633
6950,14,0.0,Naive,0.030454754398799435
6951,14,0.1,Randomized,0.030454754398799435
6952,14,0.0,Naive,0.02350491544605094
6953,14,0.1,Randomized,0.02350491544605094
6954,14,0.0,Naive,0.036764924476714145
6955,14,0.1,Randomized,0.036764924476714145
6956,14,0.0,Naive,0.02557353537063907
6957,14,0.1,Randomized,0.02557353537063907
6958,14,0.0,Naive,0.05808420386188436
6959,14,0.1,Randomized,0.05808420386188436
6960,14,0.0,Naive,0.03322711560407003
6961,14,0.1,Randomized,0.03322711560407003
6962,14,0.0,Naive,0.04291083768583931
6963,14,0.1,Randomized,0.04291083768583931
6964,14,0.0,Naive,0.039405707640159486
6965,14,0.1,Randomized,0.039405707640159486
6966,14,0.0,Naive,0.034632340097915174
6967,14,0.1,Randomized,0.034632340097915174
6968,14,0.0,Naive,0.029939597356362355
6969,14,0.1,Randomized,0.029939597356362355
6970,14,0.0,Naive,0.028196080872696025
6971,14,0.1,Randomized,0.028196080872696025
6972,14,0.0,Naive,0.04113839305528144
6973,14,0.1,Randomized,0.04113839305528144
6974,14,0.0,Naive,0.03775473675647005
6975,14,0.1,Randomized,0.03775473675647005
6976,14,0.0,Naive,0.04347967077628411
6977,14,0.1,Randomized,0.04347967077628411
6978,14,0.0,Naive,0.03559555725945539
6979,14,0.1,Randomized,0.03559555725945539
6980,14,0.0,Naive,0.03834452669040414
6981,14,0.1,Randomized,0.03834452669040414
6982,14,0.0,Naive,0.02641133953798719
6983,14,0.1,Randomized,0.02641133953798719
6984,14,0.0,Naive,0.04028487773314209
6985,14,0.1,Randomized,0.04028487773314209
6986,14,0.0,Naive,0.030628197851055382
6987,14,0.1,Randomized,0.030628197851055382
6988,14,0.0,Naive,0.028558028681502534
6989,14,0.1,Randomized,0.028558028681502534
6990,14,0.0,Naive,0.035195738447749265
6991,14,0.1,Randomized,0.035195738447749265
6992,14,0.0,Naive,0.025592781922759926
6993,14,0.1,Randomized,0.025592781922759926
6994,14,0.0,Naive,0.0549913603938138
6995,14,0.1,Randomized,0.0549913603938138
6996,14,0.0,Naive,0.02552091454597122
6997,14,0.1,Randomized,0.02552091454597122
6998,14,0.0,Naive,0.02197269786958738
6999,14,0.1,Randomized,0.02197269786958738
