tau,delta,effect_size,reject,min_size>=10,method,recovery_prob
0.1,1.0,0.5555555555555555,0,0,Randomized,0.9675
0.1,1.0,0.8666666666666667,0,0,Randomized,0.9675
0.1,1.0,0.6428571428571429,0,0,Randomized,0.9675
0.1,1.0,0.4166666666666666,0,0,Randomized,0.9675
0.1,1.0,0.9999999999999999,0,0,Randomized,0.9675
0.1,1.0,0.9999999999999999,0,0,Randomized,0.9675
0.1,1.0,0.8148148148148148,0,0,Randomized,0.9675
0.1,1.0,0.7333333333333333,0,0,Randomized,0.9675
0.1,1.0,0.5555555555555556,0,0,Randomized,0.9675
0.1,1.0,0.6136363636363636,0,0,Randomized,0.9675
0.1,1.0,0.8333333333333334,1,0,Randomized,0.9675
0.1,1.0,0.7916666666666666,0,0,Randomized,0.9675
0.1,1.0,0.6818181818181818,0,0,Randomized,0.9675
0.1,1.0,0.9999999999999999,0,0,Randomized,0.9675
0.1,1.0,0.619047619047619,0,0,Randomized,0.9675
0.1,1.0,0.9999999999999999,0,0,Randomized,0.9675
0.1,1.0,0.7499999999999999,1,0,Randomized,0.9675
0.1,1.0,0.49999999999999994,0,0,Randomized,0.9675
0.1,1.0,0.86,0,0,Randomized,0.9675
0.1,1.0,0.6666666666666666,0,0,Randomized,0.9675
0.1,1.0,0.9999999999999998,0,0,Randomized,0.9675
0.1,1.0,1.0,0,0,Randomized,0.9675
0.1,1.0,0.5454545454545454,0,0,Randomized,0.9675
0.1,1.0,0.16666666666666666,0,0,Randomized,0.9675
0.1,1.0,0.45454545454545453,0,0,Randomized,0.9675
0.1,1.0,0.9999999999999999,0,0,Randomized,0.9675
0.1,1.0,0.5999999999999999,0,0,Randomized,0.9675
0.1,1.0,0.5555555555555555,0,0,Randomized,0.9675
0.1,1.0,0.8333333333333334,0,0,Randomized,0.9675
0.1,1.0,0.8888888888888888,0,0,Randomized,0.9675
0.1,1.0,0.6666666666666666,0,0,Randomized,0.9675
0.1,1.0,1.0,0,0,Randomized,0.9675
0.1,1.0,0.8125,0,0,Randomized,0.9675
0.1,1.0,0.0,0,0,Randomized,0.9675
0.1,1.0,1.0,0,0,Randomized,0.9675
0.1,1.0,0.0,0,0,Randomized,0.9675
0.1,1.0,0.49999999999999994,0,0,Randomized,0.9675
0.1,1.0,0.8749999999999999,0,0,Randomized,0.9675
0.1,1.0,1.0,0,0,Randomized,0.9675
0.1,1.0,0.625,1,0,Randomized,0.9675
0.1,1.0,0.775,0,0,Randomized,0.9675
0.1,1.0,0.6190476190476191,0,0,Randomized,0.9675
0.1,1.0,0.9999999999999999,0,0,Randomized,0.9675
0.1,1.0,0.6428571428571429,0,0,Randomized,0.9675
0.1,1.0,0.9999999999999999,0,0,Randomized,0.9675
0.1,1.0,1.0,1,0,Randomized,0.9675
0.1,1.0,0.8,0,0,Randomized,0.9675
0.1,1.0,0.6458333333333334,0,0,Randomized,0.9675
0.1,1.0,0.4999999999999999,0,0,Randomized,0.9675
0.1,1.0,0.8333333333333334,0,0,Randomized,0.9675
0.1,1.0,0.64,0,0,Randomized,0.9675
0.1,1.0,0.7,1,0,Randomized,0.9675
0.1,1.0,0.6805555555555556,0,0,Randomized,0.9675
0.1,1.0,1.0,0,0,Randomized,0.9675
0.1,1.0,0.5,0,0,Randomized,0.9675
0.1,1.0,0.6666666666666666,0,0,Randomized,0.9675
0.1,1.0,0.6333333333333333,0,0,Randomized,0.9675
0.1,1.0,0.8333333333333334,0,0,Randomized,0.9675
0.1,1.0,0.6666666666666666,0,0,Randomized,0.9675
0.1,1.0,0.9999999999999999,0,0,Randomized,0.9675
0.1,1.0,0.764705882352941,0,0,Randomized,0.9675
0.1,1.0,0.631578947368421,0,0,Randomized,0.9675
0.1,1.0,0.5999999999999999,0,0,Randomized,0.9675
0.1,1.0,0.9,0,0,Randomized,0.9675
0.1,1.0,0.6499999999999999,0,0,Randomized,0.9675
0.1,1.0,0.4444444444444444,0,0,Randomized,0.9675
0.1,1.0,0.75,0,0,Randomized,0.9675
0.1,1.0,0.9999999999999999,0,0,Randomized,0.9675
0.1,1.0,0.9999999999999999,0,0,Randomized,0.9675
0.1,1.0,0.7272727272727273,0,0,Randomized,0.9675
0.1,1.0,0.7440476190476191,0,1,Randomized,0.9675
0.1,1.0,0.7105263157894737,0,0,Randomized,0.9675
0.1,1.0,0.75,0,0,Randomized,0.9675
0.1,1.0,0.49999999999999994,0,0,Randomized,0.9675
0.1,1.0,0.7333333333333333,0,0,Randomized,0.9675
0.1,1.0,0.7999999999999999,0,0,Randomized,0.9675
0.1,1.0,0.7391304347826086,0,0,Randomized,0.9675
0.1,1.0,0.6666666666666666,0,0,Randomized,0.9675
0.1,1.0,0.65,0,0,Randomized,0.9675
0.1,1.0,1.0,0,0,Randomized,0.9675
0.1,1.0,1.0,0,0,Randomized,0.9675
0.1,1.0,0.5,0,0,Randomized,0.9675
0.1,1.0,1.0,0,0,Randomized,0.9675
0.1,1.0,0.9999999999999999,0,0,Randomized,0.9675
0.1,1.0,0.6956521739130435,0,0,Randomized,0.9675
0.1,1.0,0.7,0,0,Randomized,0.9675
0.1,1.0,0.76,0,0,Randomized,0.9675
0.1,1.0,0.8333333333333334,0,0,Randomized,0.9675
0.1,1.0,0.9999999999999999,1,0,Randomized,0.9675
0.1,1.0,0.6818181818181818,0,0,Randomized,0.9675
0.1,1.0,0.7083333333333334,0,0,Randomized,0.9675
0.1,1.0,0.6875,0,0,Randomized,0.9675
0.1,1.0,0.5833333333333334,0,0,Randomized,0.9675
0.1,1.0,1.0,0,0,Randomized,0.9675
0.1,1.0,0.0,0,0,Randomized,0.9675
0.1,1.0,0.0,0,0,Randomized,0.9675
0.1,1.0,0.9999999999999999,0,0,Randomized,0.9675
0.1,1.0,0.7045454545454546,0,0,Randomized,0.9675
0.1,1.0,0.6428571428571429,0,0,Randomized,0.9675
0.1,1.0,0.6458333333333334,0,0,Randomized,0.9675
0.1,1.0,0.7999999999999999,0,0,Randomized,0.9675
0.1,1.0,0.42857142857142855,0,0,Randomized,0.9675
0.1,1.0,0.6428571428571427,0,0,Randomized,0.9675
0.1,1.0,0.6666666666666666,0,0,Randomized,0.9675
0.1,1.0,0.0,0,0,Randomized,0.9675
0.1,1.0,0.5357142857142857,0,0,Randomized,0.9675
0.1,1.0,0.8214285714285714,0,0,Randomized,0.9675
0.1,1.0,0.6538461538461537,0,0,Randomized,0.9675
0.1,1.0,0.6666666666666666,0,0,Randomized,0.9675
0.1,1.0,0.9999999999999999,0,0,Randomized,0.9675
0.1,1.0,0.6666666666666666,0,0,Randomized,0.9675
0.1,1.0,0.9999999999999999,0,0,Randomized,0.9675
0.1,1.0,1.0,0,0,Randomized,0.9675
0.1,1.0,0.8333333333333334,0,0,Randomized,0.9675
0.1,1.0,0.9285714285714286,0,0,Randomized,0.9675
0.1,1.0,0.7272727272727273,0,0,Randomized,0.9675
0.1,1.0,0.8,0,0,Randomized,0.9675
0.1,1.0,1.0,1,0,Randomized,0.9675
0.1,1.0,0.5499999999999999,0,0,Randomized,0.9675
0.1,1.0,0.8444444444444444,0,0,Randomized,0.9675
0.1,1.0,0.7777777777777778,0,0,Randomized,0.9675
0.1,1.0,0.6625,0,0,Randomized,0.9675
0.1,1.0,0.7058823529411764,0,0,Randomized,0.9675
0.1,1.0,0.9999999999999999,0,0,Randomized,0.9675
0.1,1.0,0.49999999999999994,0,0,Randomized,0.9675
0.1,1.0,0.857142857142857,0,0,Randomized,0.9675
0.1,1.0,1.0,0,0,Randomized,0.9675
0.1,1.0,0.5,0,0,Randomized,0.9675
0.1,1.0,0.7727272727272726,0,0,Randomized,0.9675
0.1,1.0,1.0,0,0,Randomized,0.9675
0.1,1.0,1.0,0,0,Randomized,0.9675
0.1,1.0,0.75,0,0,Randomized,0.9675
0.1,1.0,0.6904761904761905,0,0,Randomized,0.9675
0.1,1.0,1.0,0,0,Randomized,0.9675
0.1,1.0,0.6666666666666666,0,0,Randomized,0.9675
0.1,1.0,0.7999999999999999,0,0,Randomized,0.9675
0.1,1.0,0.49999999999999994,0,0,Randomized,0.9675
0.1,1.0,0.6470588235294118,0,0,Randomized,0.9675
0.1,1.0,0.6666666666666666,0,0,Randomized,0.9675
0.1,1.0,0.9999999999999999,0,0,Randomized,0.9675
0.1,1.0,0.64,0,0,Randomized,0.9675
0.1,1.0,0.5,0,0,Randomized,0.9675
0.1,1.0,0.7222222222222222,0,0,Randomized,0.9675
0.1,1.0,1.0,0,0,Randomized,0.9675
0.1,1.0,0.46153846153846156,1,0,Randomized,0.9675
0.1,1.0,0.9230769230769229,0,0,Randomized,0.9675
0.1,1.0,0.49999999999999994,0,0,Randomized,0.9675
0.1,1.0,0.49999999999999994,0,0,Randomized,0.9675
0.1,1.0,0.7692307692307692,0,0,Randomized,0.9675
0.1,1.0,0.9999999999999999,0,0,Randomized,0.9675
0.1,1.0,0.0,0,0,Randomized,0.9675
0.1,1.0,0.696969696969697,0,0,Randomized,0.9675
0.1,1.0,0.6666666666666666,0,0,Randomized,0.9675
0.1,1.0,0.875,0,0,Randomized,0.9675
0.1,1.0,0.8749999999999999,0,0,Randomized,0.9675
0.1,1.0,0.6428571428571429,0,0,Randomized,0.9675
0.1,1.0,0.7647058823529411,0,0,Randomized,0.9675
0.1,1.0,0.6458333333333334,0,0,Randomized,0.9675
0.1,1.0,0.625,0,0,Randomized,0.9675
0.1,1.0,0.3333333333333333,0,0,Randomized,0.9675
0.1,1.0,0.9999999999999999,0,0,Randomized,0.9675
0.1,1.0,0.9999999999999999,0,0,Randomized,0.9675
0.1,1.0,0.8125,0,0,Randomized,0.9675
0.1,1.0,0.7077922077922078,0,1,Randomized,0.9675
0.1,1.0,0.75,0,0,Randomized,0.9675
0.1,1.0,0.7619047619047619,0,0,Randomized,0.9675
0.1,1.0,0.7499999999999999,0,0,Randomized,0.9675
0.1,1.0,0.6714285714285714,0,0,Randomized,0.9675
0.1,1.0,1.0,0,0,Randomized,0.9675
0.1,1.0,0.9999999999999999,0,0,Randomized,0.9675
0.1,1.0,0.66,0,0,Randomized,0.9675
0.1,1.0,0.6730769230769231,0,0,Randomized,0.9675
0.1,1.0,0.6666666666666666,0,0,Randomized,0.9675
0.1,1.0,0.25,0,0,Randomized,0.9675
0.1,1.0,0.6833333333333333,0,0,Randomized,0.9675
0.1,1.0,0.9999999999999999,0,0,Randomized,0.9675
0.1,1.0,0.5625,0,0,Randomized,0.9675
0.1,1.0,0.6666666666666666,0,0,Randomized,0.9675
0.1,1.0,0.5999999999999999,0,0,Randomized,0.9675
0.1,1.0,0.8,0,0,Randomized,0.9675
0.1,1.0,0.6538461538461537,0,0,Randomized,0.9675
0.1,1.0,0.625,0,0,Randomized,0.9675
0.1,1.0,0.8333333333333334,0,0,Randomized,0.9675
0.1,1.0,0.6666666666666666,0,0,Randomized,0.9675
0.1,1.0,0.49999999999999994,0,0,Randomized,0.9675
0.1,1.0,0.7410714285714286,0,0,Randomized,0.9675
0.1,1.0,0.6499999999999998,0,0,Randomized,0.9675
0.1,1.0,1.0,0,0,Randomized,0.9675
0.1,1.0,0.8333333333333334,0,0,Randomized,0.9675
0.1,1.0,0.4444444444444444,0,0,Randomized,0.9675
0.1,1.0,0.7727272727272727,0,0,Randomized,0.9675
0.1,1.0,0.7727272727272727,0,0,Randomized,0.9675
0.1,1.0,0.75,0,0,Randomized,0.9675
0.1,1.0,0.5,0,0,Randomized,0.9675
0.1,1.0,0.7407407407407407,0,0,Randomized,0.9675
0.1,1.0,0.8125,0,0,Randomized,0.9675
0.1,1.0,1.0,0,0,Randomized,0.9675
0.1,1.0,0.8333333333333331,0,0,Randomized,0.9675
0.1,1.0,0.6458333333333334,1,0,Randomized,0.9675
0.1,1.0,0.6399999999999999,0,0,Randomized,0.9675
0.1,1.0,0.6666666666666666,0,0,Randomized,0.9675
0.1,1.0,0.6,1,0,Randomized,0.9675
0.1,1.0,1.0,0,0,Randomized,0.9675
0.1,1.0,0.9999999999999999,0,0,Randomized,0.9675
0.1,1.0,0.6692307692307692,0,1,Randomized,0.9675
0.1,1.0,1.0,0,0,Randomized,0.9675
0.1,1.0,0.55,0,0,Randomized,0.9675
0.1,1.0,0.7,0,0,Randomized,0.9675
0.1,1.0,0.9999999999999999,0,0,Randomized,0.9675
0.1,1.0,0.6470588235294118,0,0,Randomized,0.9675
0.1,1.0,0.7999999999999999,1,0,Randomized,0.9675
0.1,1.0,0.625,0,0,Randomized,0.9675
0.1,1.0,0.7222222222222221,0,0,Randomized,0.9675
0.1,1.0,0.6928571428571428,0,0,Randomized,0.9675
0.1,1.0,1.0,0,0,Randomized,0.9675
0.1,1.0,0.9999999999999999,0,0,Randomized,0.9675
0.1,1.0,0.7,0,0,Randomized,0.9675
0.1,1.0,0.9999999999999999,1,0,Randomized,0.9675
0.1,1.0,0.55,1,0,Randomized,0.9675
0.1,1.0,0.8,1,0,Randomized,0.9675
0.1,1.0,0.3333333333333333,0,0,Randomized,0.9675
0.1,1.0,0.0,0,0,Randomized,0.9675
0.1,1.0,0.8,0,0,Randomized,0.9675
0.1,1.0,0.49999999999999994,0,0,Randomized,0.9675
0.1,1.0,0.9999999999999999,0,0,Randomized,0.9675
0.1,1.0,0.6666666666666666,0,0,Randomized,0.9675
0.1,1.0,0.671875,0,0,Randomized,0.9675
0.1,1.0,0.6666666666666666,0,0,Randomized,0.9675
0.1,1.0,0.6833333333333333,1,1,Randomized,0.9675
0.1,1.0,0.9999999999999999,0,0,Randomized,0.9675
0.1,1.0,0.6799999999999998,0,0,Randomized,0.9675
0.1,1.0,0.8888888888888888,0,0,Randomized,0.9675
0.1,1.0,0.9999999999999999,0,0,Randomized,0.9675
0.1,1.0,0.0,0,0,Randomized,0.9675
0.1,1.0,0.5714285714285714,0,0,Randomized,0.9675
0.1,1.0,0.9999999999999999,0,0,Randomized,0.9675
0.1,1.0,0.9999999999999999,0,0,Randomized,0.9675
0.1,1.0,1.0,0,0,Randomized,0.9675
0.1,1.0,0.8571428571428571,0,0,Randomized,0.9675
0.1,1.0,0.6666666666666666,0,0,Randomized,0.9675
0.1,1.0,0.9999999999999999,0,0,Randomized,0.9675
0.1,1.0,0.7,0,0,Randomized,0.9675
0.1,1.0,0.7666666666666667,0,0,Randomized,0.9675
0.1,1.0,0.6190476190476191,0,0,Randomized,0.9675
0.1,1.0,0.631578947368421,0,0,Randomized,0.9675
0.1,1.0,0.8181818181818182,0,0,Randomized,0.9675
0.1,1.0,0.33333333333333326,0,0,Randomized,0.9675
0.1,1.0,1.0,0,0,Randomized,0.9675
0.1,1.0,1.0,0,0,Randomized,0.9675
0.1,1.0,0.68,0,0,Randomized,0.9675
0.1,1.0,0.6818181818181818,0,0,Randomized,0.9675
0.1,1.0,0.6,0,0,Randomized,0.9675
0.1,1.0,0.9999999999999998,0,0,Randomized,0.9675
0.1,1.0,0.3333333333333333,0,0,Randomized,0.9675
0.1,1.0,0.875,0,0,Randomized,0.9675
0.1,1.0,0.6842105263157895,0,0,Randomized,0.9675
0.1,1.0,0.0,0,0,Randomized,0.9675
0.1,1.0,0.6794871794871795,0,0,Randomized,0.9675
0.1,1.0,0.5294117647058822,0,0,Randomized,0.9675
0.1,1.0,0.7142857142857143,0,0,Randomized,0.9675
0.1,1.0,0.6666666666666666,0,0,Randomized,0.9675
0.1,1.0,1.0,0,0,Randomized,0.9675
0.1,1.0,0.25,0,0,Randomized,0.9675
0.1,1.0,0.0,0,0,Randomized,0.9675
0.1,1.0,0.9999999999999999,0,0,Randomized,0.9675
0.1,1.0,0.5555555555555556,0,0,Randomized,0.9675
0.1,1.0,0.7222222222222221,0,0,Randomized,0.9675
0.1,1.0,0.9999999999999999,0,0,Randomized,0.9675
0.1,1.0,0.65,0,0,Randomized,0.9675
0.1,1.0,0.6666666666666666,0,0,Randomized,0.9675
0.1,1.0,1.0,0,0,Randomized,0.9675
0.1,1.0,0.4666666666666666,0,0,Randomized,0.9675
0.1,1.0,0.7407407407407407,0,0,Randomized,0.9675
0.1,1.0,0.6666666666666666,0,0,Randomized,0.9675
0.1,1.0,0.49999999999999994,0,0,Randomized,0.9675
0.1,1.0,0.6,0,0,Randomized,0.9675
0.1,1.0,0.7368421052631579,0,0,Randomized,0.9675
0.1,1.0,0.8666666666666667,0,0,Randomized,0.9675
0.1,1.0,0.6666666666666666,0,0,Randomized,0.9675
0.1,1.0,0.5,1,0,Randomized,0.9675
0.1,1.0,1.0,0,0,Randomized,0.9675
0.1,1.0,0.706766917293233,0,0,Randomized,0.9675
0.1,1.0,0.78125,0,0,Randomized,0.9675
0.1,1.0,1.0,0,0,Randomized,0.9675
0.1,1.0,0.9999999999999999,1,0,Randomized,0.9675
0.1,1.0,0.6666666666666666,0,0,Randomized,0.9675
0.1,1.0,1.0,0,0,Randomized,0.9675
0.1,1.0,0.68,0,0,Randomized,0.9675
0.1,1.0,0.65,0,0,Randomized,0.9675
0.1,1.0,0.6938775510204082,0,0,Randomized,0.9675
0.1,1.0,0.7777777777777778,0,0,Randomized,0.9675
0.1,1.0,0.6428571428571429,0,0,Randomized,0.9675
0.1,1.0,0.7307692307692307,0,0,Randomized,0.9675
0.1,1.0,1.0,0,0,Randomized,0.9675
0.1,1.0,0.5714285714285714,0,0,Randomized,0.9675
0.1,1.0,0.6666666666666666,0,0,Randomized,0.9675
0.1,1.0,0.42857142857142855,0,0,Randomized,0.9675
0.1,1.0,1.0,0,0,Randomized,0.9675
0.1,1.0,0.7444444444444445,0,0,Randomized,0.9675
0.1,1.0,0.7142857142857142,0,0,Randomized,0.9675
0.1,1.0,0.7833333333333333,1,0,Randomized,0.9675
0.1,1.0,0.6212121212121212,0,0,Randomized,0.9675
0.1,1.0,0.9999999999999999,0,0,Randomized,0.9675
0.1,1.0,0.6352941176470588,0,0,Randomized,0.9675
0.1,1.0,0.9333333333333333,0,0,Randomized,0.9675
0.1,1.0,0.9999999999999999,0,0,Randomized,0.9675
0.1,1.0,0.6111111111111112,0,0,Randomized,0.9675
0.1,1.0,0.75,0,0,Randomized,0.9675
0.1,1.0,0.8333333333333334,0,0,Randomized,0.9675
0.1,1.0,0.9999999999999999,0,0,Randomized,0.9675
0.1,1.0,0.49999999999999994,0,0,Randomized,0.9675
0.1,1.0,0.6722689075630253,0,0,Randomized,0.9675
0.1,1.0,1.0,0,0,Randomized,0.9675
0.1,1.0,0.9999999999999999,0,0,Randomized,0.9675
0.1,1.0,0.7307692307692307,0,0,Randomized,0.9675
0.1,1.0,1.0,0,0,Randomized,0.9675
0.1,1.0,0.4444444444444444,0,0,Randomized,0.9675
0.1,1.0,0.9999999999999999,1,0,Randomized,0.9675
0.1,1.0,0.9,1,0,Randomized,0.9675
0.1,1.0,0.75,0,0,Randomized,0.9675
0.1,1.0,0.8333333333333334,0,0,Randomized,0.9675
0.1,1.0,0.6666666666666666,0,0,Randomized,0.9675
0.1,1.0,0.7321428571428571,1,0,Randomized,0.9675
0.1,1.0,0.7692307692307693,0,0,Randomized,0.9675
0.1,1.0,0.7777777777777777,0,0,Randomized,0.9675
0.1,1.0,0.6363636363636362,0,0,Randomized,0.9675
0.1,1.0,0.696969696969697,0,0,Randomized,0.9675
0.1,1.0,0.6538461538461537,0,0,Randomized,0.9675
0.1,1.0,0.6,0,0,Randomized,0.9675
0.1,1.0,0.4444444444444444,0,0,Randomized,0.9675
0.1,1.0,0.5999999999999999,0,0,Randomized,0.9675
0.1,1.0,1.0,0,0,Randomized,0.9675
0.1,1.0,0.7361111111111112,0,0,Randomized,0.9675
0.1,1.0,0.9999999999999999,0,0,Randomized,0.9675
0.1,1.0,0.75,0,0,Randomized,0.9675
0.1,1.0,0.5535714285714286,0,0,Randomized,0.9675
0.1,1.0,0.6373626373626373,0,0,Randomized,0.9675
0.1,1.0,0.5,0,0,Randomized,0.9675
0.1,1.0,0.7037037037037036,0,0,Randomized,0.9675
0.1,1.0,0.8333333333333334,0,0,Randomized,0.9675
0.1,1.0,0.5555555555555556,0,0,Randomized,0.9675
0.1,1.0,0.5555555555555556,0,0,Randomized,0.9675
0.1,1.0,1.0,0,0,Randomized,0.9675
0.1,1.0,0.7222222222222222,0,1,Randomized,0.9675
0.1,1.0,0.4166666666666666,0,0,Randomized,0.9675
0.1,1.0,0.6825396825396826,0,0,Randomized,0.9675
0.1,1.0,0.725,0,1,Randomized,0.9675
0.1,1.0,0.9090909090909091,1,0,Randomized,0.9675
0.1,1.0,0.6952380952380952,0,0,Randomized,0.9675
0.1,1.0,0.6666666666666666,0,0,Randomized,0.9675
0.1,1.0,0.0,0,0,Randomized,0.9675
0.1,1.0,1.0,0,0,Randomized,0.9675
0.1,1.0,0.6764705882352942,0,1,Randomized,0.9675
0.1,1.0,0.4444444444444444,0,0,Randomized,0.9675
0.1,1.0,1.0,0,0,Randomized,0.9675
0.1,1.0,0.7272727272727273,0,0,Randomized,0.9675
0.1,1.0,0.7076923076923077,0,0,Randomized,0.9675
0.1,1.0,0.3333333333333333,0,0,Randomized,0.9675
0.1,1.0,0.611111111111111,0,0,Randomized,0.9675
0.1,1.0,0.9999999999999998,0,0,Randomized,0.9675
0.1,1.0,1.0,0,0,Randomized,0.9675
0.1,1.0,0.6666666666666665,0,0,Randomized,0.9675
0.1,1.0,0.8333333333333331,0,0,Randomized,0.9675
0.1,1.0,0.9333333333333333,0,0,Randomized,0.9675
0.1,1.0,0.75,0,0,Randomized,0.9675
0.1,1.0,0.5714285714285714,0,0,Randomized,0.9675
0.1,1.0,0.49999999999999994,0,0,Randomized,0.9675
0.1,1.0,0.6666666666666666,0,0,Randomized,0.9675
0.1,1.0,0.619047619047619,0,0,Randomized,0.9675
0.1,1.0,0.7777777777777778,0,0,Randomized,0.9675
0.1,1.0,0.5999999999999999,0,0,Randomized,0.9675
0.1,1.0,0.6428571428571429,0,0,Randomized,0.9675
0.1,1.0,0.49999999999999994,1,0,Randomized,0.9675
0.1,1.0,0.6483516483516484,0,0,Randomized,0.9675
0.1,1.0,0.9999999999999999,0,0,Randomized,0.9675
0.1,1.0,0.5,0,0,Randomized,0.9675
0.1,1.0,0.49999999999999994,0,0,Randomized,0.9675
0.1,1.0,0.6666666666666666,0,0,Randomized,0.9675
0.1,1.0,1.0,0,0,Randomized,0.9675
0.1,1.0,0.7642857142857142,0,0,Randomized,0.9675
0.1,1.0,0.7499999999999999,0,0,Randomized,0.9675
0.1,1.0,0.7142857142857143,0,0,Randomized,0.9675
0.1,1.0,0.7428571428571429,0,0,Randomized,0.9675
0.1,1.0,0.717948717948718,0,0,Randomized,0.9675
0.1,1.0,1.0,0,0,Randomized,0.9675
0.1,1.0,0.8333333333333334,0,0,Randomized,0.9675
0.1,1.0,0.7499999999999998,0,0,Randomized,0.9675
0.1,1.0,0.9999999999999999,0,0,Randomized,0.9675
0.1,1.0,0.9999999999999999,0,0,Randomized,0.9675
0.1,1.0,0.6428571428571429,0,0,Randomized,0.9675
0.1,1.0,0.5,0,0,Randomized,0.9675
0.1,1.0,0.9375,0,0,Randomized,0.9675
0.1,1.0,0.5,0,0,Randomized,0.9675
0.1,1.0,0.5,0,0,Randomized,0.9675
0.1,1.0,0.4545454545454545,0,0,Randomized,0.9675
0.1,1.0,0.7777777777777778,0,0,Randomized,0.9675
0.1,1.0,0.49999999999999994,1,0,Randomized,0.9675
0.1,1.0,0.9999999999999999,0,0,Randomized,0.9675
0.1,1.0,0.7692307692307693,1,0,Randomized,0.9675
0.1,1.0,1.0,0,0,Randomized,0.9675
0.1,1.0,0.75,0,0,Randomized,0.9675
0.1,1.0,0.6923076923076923,0,0,Randomized,0.9675
0.1,1.0,0.7611111111111111,0,1,Randomized,0.9675
0.1,1.0,0.8333333333333334,0,0,Randomized,0.9675
0.1,1.0,0.6923076923076923,0,0,Randomized,0.9675
0.1,1.0,0.7083333333333334,0,0,Randomized,0.9675
0.1,1.0,0.9999999999999999,0,0,Randomized,0.9675
0.1,1.0,0.6666666666666666,0,0,Randomized,0.9675
0.1,1.0,0.5999999999999999,0,0,Randomized,0.9675
0.1,1.0,0.9999999999999999,0,0,Randomized,0.9675
0.1,1.0,0.5,1,0,Randomized,0.9675
0.1,1.0,0.75,1,0,Randomized,0.9675
0.1,1.0,0.75,0,0,Randomized,0.9675
0.1,1.0,0.525,0,0,Randomized,0.9675
0.1,1.0,0.9999999999999999,0,0,Randomized,0.9675
0.1,1.0,0.8,0,0,Randomized,0.9675
0.1,1.0,0.9999999999999999,0,0,Randomized,0.9675
0.1,1.0,0.6666666666666666,0,0,Randomized,0.9675
0.1,1.0,1.0,0,0,Randomized,0.9675
0.1,1.0,0.675,0,0,Randomized,0.9675
0.1,1.0,0.71875,0,0,Randomized,0.9675
0.1,1.0,0.3333333333333333,0,0,Randomized,0.9675
0.1,1.0,0.49999999999999994,0,0,Randomized,0.9675
0.1,1.0,0.75,0,0,Randomized,0.9675
0.1,1.0,0.9166666666666666,0,0,Randomized,0.9675
0.1,1.0,0.75,0,0,Randomized,0.9675
0.1,1.0,0.9999999999999999,0,0,Randomized,0.9675
0.1,1.0,0.8333333333333334,0,0,Randomized,0.9675
0.1,1.0,0.6818181818181818,0,0,Randomized,0.9675
0.1,1.0,0.75,0,0,Randomized,0.9675
0.1,1.0,0.6,0,0,Randomized,0.9675
0.1,1.0,0.8,0,0,Randomized,0.9675
0.1,1.0,0.6363636363636362,1,0,Randomized,0.9675
0.1,1.0,0.5909090909090909,0,0,Randomized,0.9675
0.1,1.0,0.4285714285714285,0,0,Randomized,0.9675
0.1,1.0,0.8181818181818182,0,0,Randomized,0.9675
0.1,1.0,0.6571428571428571,0,0,Randomized,0.9675
0.1,1.0,0.7210884353741497,0,0,Randomized,0.9675
0.1,1.0,0.9999999999999999,1,0,Randomized,0.9675
0.1,1.0,0.6399999999999999,0,0,Randomized,0.9675
0.1,1.0,0.9999999999999999,0,0,Randomized,0.9675
0.1,1.0,0.5882352941176471,0,0,Randomized,0.9675
0.1,1.0,0.6842105263157894,0,0,Randomized,0.9675
0.1,1.0,0.7894736842105262,0,0,Randomized,0.9675
0.1,1.0,0.68,0,0,Randomized,0.9675
0.1,1.0,0.696969696969697,0,0,Randomized,0.9675
0.1,1.0,0.7499999999999999,0,0,Randomized,0.9675
0.1,1.0,0.7368421052631579,0,0,Randomized,0.9675
0.1,1.0,0.7142857142857143,0,0,Randomized,0.9675
0.1,1.0,0.7217391304347827,0,0,Randomized,0.9675
0.1,1.0,0.8999999999999998,0,0,Randomized,0.9675
0.1,1.0,0.6890756302521008,0,0,Randomized,0.9675
0.1,1.0,0.9999999999999999,0,0,Randomized,0.9675
0.1,1.0,0.0,0,0,Randomized,0.9675
0.1,1.0,0.5625,1,0,Randomized,0.9675
0.1,1.0,0.7,0,0,Randomized,0.9675
0.1,1.0,0.7142857142857142,0,0,Randomized,0.9675
0.1,1.0,0.7301587301587301,0,0,Randomized,0.9675
0.1,1.0,1.0,0,0,Randomized,0.9675
0.1,1.0,0.9999999999999998,0,0,Randomized,0.9675
0.1,1.0,0.5714285714285714,0,0,Randomized,0.9675
0.1,1.0,0.5625,0,0,Randomized,0.9675
0.1,1.0,0.8095238095238095,0,0,Randomized,0.9675
0.1,1.0,0.6,0,0,Randomized,0.9675
0.1,1.0,0.8571428571428571,0,0,Randomized,0.9675
0.1,1.0,0.7083333333333334,1,0,Randomized,0.9675
0.1,1.0,0.75,0,0,Randomized,0.9675
0.1,1.0,0.7692307692307693,0,0,Randomized,0.9675
0.1,1.0,0.7310924369747899,0,0,Randomized,0.9675
0.1,1.0,0.6785714285714286,0,0,Randomized,0.9675
0.1,1.0,0.9999999999999999,0,0,Randomized,0.9675
0.1,1.0,1.0,0,0,Randomized,0.9675
0.1,1.0,0.5,0,0,Randomized,0.9675
0.1,1.0,0.7777777777777778,0,0,Randomized,0.9675
0.1,1.0,0.49999999999999994,0,0,Randomized,0.9675
0.1,1.0,0.7037037037037037,0,0,Randomized,0.9675
0.1,1.0,0.5384615384615384,0,0,Randomized,0.9675
0.1,1.0,0.2,0,0,Randomized,0.9675
0.1,1.0,0.6111111111111112,0,0,Randomized,0.9675
0.1,1.0,0.5384615384615384,0,0,Randomized,0.9675
0.1,1.0,0.5111111111111111,0,0,Randomized,0.9675
0.1,1.0,1.0,0,0,Randomized,0.9675
0.1,1.0,0.4166666666666667,0,0,Randomized,0.9675
0.1,1.0,0.5882352941176471,0,0,Randomized,0.9675
0.1,1.0,0.75,0,0,Randomized,0.9675
0.1,1.0,0.7571428571428571,0,0,Randomized,0.9675
0.1,1.0,0.8888888888888888,0,0,Randomized,0.9675
0.1,1.0,0.875,0,0,Randomized,0.9675
0.1,1.0,0.6666666666666666,0,1,Randomized,0.9675
0.1,1.0,1.0,0,0,Randomized,0.9675
0.1,1.0,0.8875739644970414,0,1,Randomized,0.9675
0.1,1.0,0.7272727272727273,0,0,Randomized,0.9675
0.1,1.0,0.6363636363636362,0,0,Randomized,0.9675
0.1,1.0,0.8888888888888888,0,0,Randomized,0.9675
0.1,1.0,0.875,0,0,Randomized,0.9675
0.1,1.0,0.9444444444444444,0,0,Randomized,0.9675
0.1,1.0,0.619047619047619,0,0,Randomized,0.9675
0.1,1.0,0.8571428571428571,0,0,Randomized,0.9675
0.1,1.0,0.375,0,0,Randomized,0.9675
0.1,1.0,0.7,0,0,Randomized,0.9675
0.1,1.0,0.39999999999999997,0,0,Randomized,0.9675
0.1,1.0,1.0,0,0,Randomized,0.9675
0.1,1.0,0.6086956521739131,1,0,Randomized,0.9675
0.1,1.0,0.7272727272727272,0,0,Randomized,0.9675
0.1,1.0,0.9999999999999999,0,0,Randomized,0.9675
0.1,1.0,0.6190476190476191,0,0,Randomized,0.9675
0.1,1.0,0.8666666666666667,0,0,Randomized,0.9675
0.1,1.0,0.9999999999999999,0,0,Randomized,0.9675
0.1,1.0,0.6666666666666666,0,0,Randomized,0.9675
0.1,1.0,0.6666666666666666,0,0,Randomized,0.9675
0.1,1.0,0.8571428571428571,0,0,Randomized,0.9675
0.1,1.0,1.0,0,0,Randomized,0.9675
0.1,1.0,0.6666666666666666,0,0,Randomized,0.9675
0.1,1.0,0.65,0,0,Randomized,0.9675
0.1,1.0,0.8888888888888888,0,0,Randomized,0.9675
0.1,1.0,0.8,0,0,Randomized,0.9675
0.1,1.0,0.9999999999999999,0,0,Randomized,0.9675
0.1,1.0,0.6666666666666665,0,0,Randomized,0.9675
0.1,1.0,0.619047619047619,0,0,Randomized,0.9675
0.1,1.0,0.9999999999999999,0,0,Randomized,0.9675
0.1,1.0,0.9999999999999999,0,0,Randomized,0.9675
0.1,1.0,0.8095238095238095,0,0,Randomized,0.9675
0.1,1.0,0.49999999999999994,0,0,Randomized,0.9675
0.1,1.0,0.5,0,0,Randomized,0.9675
0.1,1.0,0.8,0,0,Randomized,0.9675
0.1,1.0,1.0,0,0,Randomized,0.9675
0.1,1.0,0.5,0,0,Randomized,0.9675
0.1,1.0,0.6666666666666665,0,0,Randomized,0.9675
0.1,1.0,1.0,0,0,Randomized,0.9675
0.1,1.0,0.6111111111111112,0,0,Randomized,0.9675
0.1,1.0,0.9999999999999999,0,0,Randomized,0.9675
0.1,1.0,0.7083333333333334,0,0,Randomized,0.9675
0.1,1.0,0.6666666666666666,0,1,Randomized,0.9675
0.1,1.0,0.6984126984126984,0,0,Randomized,0.9675
0.1,1.0,0.75,0,0,Randomized,0.9675
0.1,1.0,0.5625,0,0,Randomized,0.9675
0.1,1.0,0.3333333333333333,0,0,Randomized,0.9675
0.1,1.0,0.4666666666666667,0,0,Randomized,0.9675
0.1,1.0,0.675,0,0,Randomized,0.9675
0.1,1.0,1.0,0,0,Randomized,0.9675
0.1,1.0,0.6666666666666666,0,0,Randomized,0.9675
0.1,1.0,1.0,0,0,Randomized,0.9675
0.1,1.0,0.7543859649122807,0,0,Randomized,0.9675
0.1,1.0,0.6,0,0,Randomized,0.9675
0.1,1.0,1.0,0,0,Randomized,0.9675
0.1,1.0,0.9090909090909091,0,0,Randomized,0.9675
0.1,1.0,0.6,0,0,Randomized,0.9675
0.1,1.0,0.625,0,0,Randomized,0.9675
0.1,1.0,0.49999999999999994,0,0,Randomized,0.9675
0.1,1.0,0.7767857142857143,0,0,Randomized,0.9675
0.1,1.0,0.7,0,0,Randomized,0.9675
0.1,1.0,0.6818181818181818,0,0,Randomized,0.9675
0.1,1.0,0.6666666666666666,0,0,Randomized,0.9675
0.1,1.0,0.6785714285714286,0,0,Randomized,0.9675
0.1,1.0,0.7185185185185186,0,0,Randomized,0.9675
0.1,1.0,0.7037037037037037,0,0,Randomized,0.9675
0.1,1.0,0.0,0,0,Randomized,0.9675
0.1,1.0,0.9999999999999999,0,0,Randomized,0.9675
0.1,1.0,0.6666666666666666,0,0,Randomized,0.9675
0.1,1.0,0.8999999999999999,0,0,Randomized,0.9675
0.1,1.0,0.6274509803921569,0,0,Randomized,0.9675
0.1,1.0,0.7999999999999999,0,0,Randomized,0.9675
0.1,1.0,0.5,0,0,Randomized,0.9675
0.1,1.0,0.49999999999999994,0,0,Randomized,0.9675
0.1,1.0,0.6964285714285714,0,0,Randomized,0.9675
0.1,1.0,0.7866666666666666,0,0,Randomized,0.9675
0.1,1.0,0.9999999999999999,0,0,Randomized,0.9675
0.1,1.0,0.7272727272727273,0,0,Randomized,0.9675
0.1,1.0,0.5,0,0,Randomized,0.9675
0.1,1.0,0.5999999999999999,0,0,Randomized,0.9675
0.1,1.0,1.0,0,0,Randomized,0.9675
0.1,1.0,0.7833333333333333,0,0,Randomized,0.9675
0.1,1.0,0.75,0,0,Randomized,0.9675
0.1,1.0,0.7499999999999999,0,0,Randomized,0.9675
0.1,1.0,0.49999999999999994,0,0,Randomized,0.9675
0.1,1.0,0.5333333333333333,0,0,Randomized,0.9675
0.1,1.0,0.9999999999999999,0,0,Randomized,0.9675
0.1,1.0,0.9999999999999999,0,0,Randomized,0.9675
0.1,1.0,0.6666666666666666,0,0,Randomized,0.9675
0.1,1.0,0.0,0,0,Randomized,0.9675
0.1,1.0,0.6153846153846154,0,0,Randomized,0.9675
0.1,1.0,0.9999999999999999,0,0,Randomized,0.9675
0.1,1.0,0.6333333333333333,1,0,Randomized,0.9675
0.1,1.0,0.6249999999999999,0,0,Randomized,0.9675
0.1,1.0,0.8181818181818182,0,0,Randomized,0.9675
0.1,1.0,0.6739130434782609,0,0,Randomized,0.9675
0.1,1.0,1.0,0,0,Randomized,0.9675
0.1,1.0,0.4285714285714285,0,0,Randomized,0.9675
0.1,1.0,0.7499999999999999,0,0,Randomized,0.9675
0.1,1.0,0.7777777777777777,1,0,Randomized,0.9675
0.1,1.0,0.49999999999999994,0,0,Randomized,0.9675
0.1,1.0,0.8333333333333334,0,0,Randomized,0.9675
0.1,1.0,0.49999999999999994,1,0,Randomized,0.9675
0.1,1.0,0.5624999999999999,0,0,Randomized,0.9675
0.1,1.0,0.6842105263157894,0,0,Randomized,0.9675
0.1,1.0,0.6805555555555556,0,0,Randomized,0.9675
0.1,1.0,0.75,0,0,Randomized,0.9675
0.1,1.0,0.5,0,0,Randomized,0.9675
0.1,1.0,0.625,0,0,Randomized,0.9675
0.1,1.0,0.8333333333333334,0,0,Randomized,0.9675
0.1,1.0,0.72,0,0,Randomized,0.9675
0.1,1.0,0.5714285714285714,0,0,Randomized,0.9675
0.1,1.0,0.49999999999999994,0,0,Randomized,0.9675
0.1,1.0,0.6363636363636362,0,0,Randomized,0.9675
0.1,1.0,0.6666666666666666,1,0,Randomized,0.9675
0.1,1.0,0.6363636363636364,0,0,Randomized,0.9675
0.1,1.0,0.8181818181818182,0,0,Randomized,0.9675
0.1,1.0,0.9999999999999999,0,0,Randomized,0.9675
0.1,1.0,0.6428571428571429,0,0,Randomized,0.9675
0.1,1.0,0.0,0,0,Randomized,0.9675
0.1,1.0,0.9999999999999999,0,0,Randomized,0.9675
0.1,1.0,0.0,0,0,Randomized,0.9675
0.1,1.0,0.6875,0,0,Randomized,0.9675
0.1,1.0,0.625,0,0,Randomized,0.9675
0.1,1.0,0.631578947368421,0,0,Randomized,0.9675
0.1,1.0,1.0,0,0,Randomized,0.9675
0.1,1.0,0.625,0,0,Randomized,0.9675
0.1,1.0,0.0,0,0,Randomized,0.9675
0.1,1.0,0.625,0,0,Randomized,0.9675
0.1,1.0,0.9999999999999999,1,0,Randomized,0.9675
0.1,1.0,1.0,0,0,Randomized,0.9675
0.1,1.0,0.7999999999999999,0,0,Randomized,0.9675
0.1,1.0,1.0,0,0,Randomized,0.9675
0.1,1.0,0.9999999999999999,1,0,Randomized,0.9675
0.1,1.0,0.6631578947368421,0,0,Randomized,0.9675
0.1,1.0,0.8,0,0,Randomized,0.9675
0.1,1.0,0.75,1,0,Randomized,0.9675
0.1,1.0,0.6607142857142857,0,0,Randomized,0.9675
0.1,1.0,0.7499999999999999,0,0,Randomized,0.9675
0.1,1.0,0.8888888888888888,0,0,Randomized,0.9675
0.1,1.0,0.0,0,0,Randomized,0.9675
0.1,1.0,0.5909090909090909,0,0,Randomized,0.9675
0.1,1.0,0.7222222222222222,0,0,Randomized,0.9675
0.1,1.0,0.6666666666666666,0,0,Randomized,0.9675
0.1,1.0,0.5714285714285714,0,0,Randomized,0.9675
0.1,1.0,0.8461538461538461,0,0,Randomized,0.9675
0.1,1.0,0.6666666666666666,0,0,Randomized,0.9675
0.1,1.0,0.7499999999999999,0,0,Randomized,0.9675
0.1,1.0,0.0,0,0,Randomized,0.9675
0.1,1.0,0.7083333333333334,0,0,Randomized,0.9675
0.1,1.0,0.6923076923076923,0,0,Randomized,0.9675
0.1,1.0,0.6571428571428571,0,0,Randomized,0.9675
0.1,1.0,1.0,0,0,Randomized,0.9675
0.1,1.0,0.857142857142857,0,0,Randomized,0.9675
0.1,1.0,0.6666666666666666,0,0,Randomized,0.9675
0.1,1.0,1.0,0,0,Randomized,0.9675
0.1,1.0,0.8,0,0,Randomized,0.9675
0.1,1.0,0.6785714285714286,0,0,Randomized,0.9675
0.1,1.0,1.0,0,0,Randomized,0.9675
0.1,1.0,1.0,0,0,Randomized,0.9675
0.1,1.0,0.769230769230769,0,0,Randomized,0.9675
0.1,1.0,0.68,1,0,Randomized,0.9675
0.1,1.0,0.7083333333333334,0,0,Randomized,0.9675
0.1,1.0,0.5,0,0,Randomized,0.9675
0.1,1.0,1.0,1,0,Randomized,0.9675
0.1,1.0,0.24999999999999997,0,0,Randomized,0.9675
0.1,1.0,0.6666666666666666,0,0,Randomized,0.9675
0.1,1.0,1.0,0,0,Randomized,0.9675
0.1,1.0,0.725,0,0,Randomized,0.9675
0.1,1.0,0.0,0,0,Randomized,0.9675
0.1,1.0,1.0,0,0,Randomized,0.9675
0.1,1.0,0.9999999999999999,0,0,Randomized,0.9675
0.1,1.0,0.9999999999999999,0,0,Randomized,0.9675
0.1,1.0,0.9999999999999999,1,0,Randomized,0.9675
0.1,1.0,0.75,0,0,Randomized,0.9675
0.1,1.0,0.6666666666666665,0,0,Randomized,0.9675
0.1,1.0,0.9999999999999999,0,0,Randomized,0.9675
0.1,1.0,0.6944444444444444,0,0,Randomized,0.9675
0.1,1.0,0.625,0,0,Randomized,0.9675
0.1,1.0,0.0,0,0,Randomized,0.9675
0.1,1.0,1.0,0,0,Randomized,0.9675
0.1,1.0,0.7391304347826086,0,0,Randomized,0.9675
0.1,1.0,0.49999999999999994,0,0,Randomized,0.9675
0.1,1.0,0.65,0,0,Randomized,0.9675
0.1,1.0,1.0,0,0,Randomized,0.9675
0.1,1.0,0.6363636363636362,0,0,Randomized,0.9675
0.1,1.0,0.6923076923076923,0,0,Randomized,0.9675
0.1,1.0,0.6857142857142857,0,0,Randomized,0.9675
0.1,1.0,0.0,0,0,Randomized,0.9675
0.1,1.0,1.0,0,0,Randomized,0.9675
0.1,1.0,0.6282051282051282,0,0,Randomized,0.9675
0.1,1.0,0.7727272727272727,0,0,Randomized,0.9675
0.1,1.0,1.0,0,0,Randomized,0.9675
0.1,1.0,0.8,0,0,Randomized,0.9675
0.1,1.0,0.8333333333333334,0,0,Randomized,0.9675
0.1,1.0,0.6666666666666666,0,0,Randomized,0.9675
0.1,1.0,0.0,0,0,Randomized,0.9675
0.1,1.0,0.6875,0,0,Randomized,0.9675
0.1,1.0,0.6527777777777778,0,0,Randomized,0.9675
0.1,1.0,0.6962962962962963,0,0,Randomized,0.9675
0.1,1.0,0.8,0,0,Randomized,0.9675
0.1,1.0,0.8333333333333334,0,0,Randomized,0.9675
0.1,1.0,1.0,0,0,Randomized,0.9675
0.1,1.0,0.6363636363636364,1,0,Randomized,0.9675
0.1,1.0,0.9999999999999999,0,0,Randomized,0.9675
0.1,1.0,0.9999999999999999,0,0,Randomized,0.9675
0.1,1.0,0.7272727272727272,0,0,Randomized,0.9675
0.1,1.0,0.8999999999999999,0,0,Randomized,0.9675
0.1,1.0,0.9999999999999999,0,0,Randomized,0.9675
0.1,1.0,0.9999999999999999,0,0,Randomized,0.9675
0.1,1.0,0.6630434782608695,0,0,Randomized,0.9675
0.1,1.0,0.6904761904761905,0,0,Randomized,0.9675
0.1,1.0,0.7499999999999999,0,0,Randomized,0.9675
0.1,1.0,0.6956521739130435,0,0,Randomized,0.9675
0.1,1.0,0.6,0,0,Randomized,0.9675
0.1,1.0,0.9999999999999998,0,0,Randomized,0.9675
0.1,1.0,0.9230769230769231,0,0,Randomized,0.9675
0.1,1.0,0.24999999999999997,0,0,Randomized,0.9675
0.1,1.0,0.9999999999999999,0,0,Randomized,0.9675
0.1,1.0,0.7692307692307693,0,0,Randomized,0.9675
0.1,1.0,1.0,0,0,Randomized,0.9675
0.1,1.0,0.7428571428571429,1,0,Randomized,0.9675
0.1,1.0,0.0,0,0,Randomized,0.9675
0.1,1.0,0.0,0,0,Randomized,0.9675
0.1,1.0,0.7777777777777778,0,0,Randomized,0.9675
0.1,1.0,0.5789473684210527,0,0,Randomized,0.9675
0.1,1.0,0.5714285714285714,0,0,Randomized,0.9675
0.1,1.0,0.6111111111111112,0,0,Randomized,0.9675
0.1,1.0,0.6666666666666666,0,0,Randomized,0.9675
0.1,1.0,0.8095238095238094,0,0,Randomized,0.9675
0.1,1.0,0.9999999999999999,0,0,Randomized,0.9675
0.1,1.0,0.625,0,0,Randomized,0.9675
0.1,1.0,0.49999999999999994,0,0,Randomized,0.9675
0.1,1.0,0.7,0,0,Randomized,0.9675
0.1,1.0,0.6666666666666666,0,0,Randomized,0.9675
0.1,1.0,0.49999999999999994,0,0,Randomized,0.9675
0.1,1.0,0.6874999999999999,0,0,Randomized,0.9675
0.1,1.0,0.7777777777777778,0,0,Randomized,0.9675
0.1,1.0,0.8333333333333334,0,0,Randomized,0.9675
0.1,1.0,0.7818181818181819,0,1,Randomized,0.9675
0.1,1.0,0.9999999999999999,0,0,Randomized,0.9675
0.1,1.0,0.7692307692307693,0,0,Randomized,0.9675
0.1,1.0,0.6666666666666666,0,0,Randomized,0.9675
0.1,1.0,0.7083333333333334,1,0,Randomized,0.9675
0.1,1.0,0.25,0,0,Randomized,0.9675
0.1,1.0,0.8823529411764705,0,0,Randomized,0.9675
0.1,1.0,0.33333333333333326,0,0,Randomized,0.9675
0.1,1.0,0.625,0,0,Randomized,0.9675
0.1,1.0,0.9999999999999999,0,0,Randomized,0.9675
0.1,1.0,0.7894736842105263,0,0,Randomized,0.9675
0.1,1.0,0.857142857142857,0,0,Randomized,0.9675
0.1,1.0,0.7352941176470589,0,0,Randomized,0.9675
0.1,1.0,1.0,0,0,Randomized,0.9675
0.1,1.0,1.0,0,0,Randomized,0.9675
0.1,1.0,1.0,0,0,Randomized,0.9675
0.1,1.0,0.846153846153846,0,0,Randomized,0.9675
0.1,1.0,0.9999999999999999,0,0,Randomized,0.9675
0.1,1.0,1.0,0,0,Randomized,0.9675
0.1,1.0,1.0,0,0,Randomized,0.9675
0.1,1.0,0.7111111111111111,0,0,Randomized,0.9675
0.1,1.0,0.9999999999999999,0,0,Randomized,0.9675
0.1,1.0,0.7142857142857143,0,1,Randomized,0.9675
0.1,1.0,0.25,1,0,Randomized,0.9675
0.1,1.0,0.7291666666666666,0,0,Randomized,0.9675
0.1,1.0,0.7499999999999999,0,0,Randomized,0.9675
0.1,1.0,0.8888888888888888,0,0,Randomized,0.9675
0.1,1.0,1.0,0,0,Randomized,0.9675
0.1,1.0,0.5833333333333334,0,0,Randomized,0.9675
0.1,1.0,0.7272727272727273,0,0,Randomized,0.9675
0.1,1.0,0.8333333333333331,0,0,Randomized,0.9675
0.1,1.0,1.0,0,0,Randomized,0.9675
0.1,1.0,0.6666666666666665,0,0,Randomized,0.9675
0.1,1.0,0.7499999999999999,0,0,Randomized,0.9675
0.1,1.0,0.611111111111111,0,0,Randomized,0.9675
0.1,1.0,0.6875,0,0,Randomized,0.9675
0.1,1.0,0.5,0,0,Randomized,0.9675
0.1,1.0,0.7916666666666666,0,0,Randomized,0.9675
0.1,1.0,0.675,0,0,Randomized,0.9675
0.1,1.0,0.6818181818181818,0,0,Randomized,0.9675
0.1,1.0,0.0,0,0,Randomized,0.9675
0.1,1.0,0.7857142857142857,0,0,Randomized,0.9675
0.1,1.0,1.0,0,0,Randomized,0.9675
0.1,1.0,0.6086956521739131,0,0,Randomized,0.9675
0.1,1.0,0.6666666666666666,0,0,Randomized,0.9675
0.1,1.0,0.5,0,0,Randomized,0.9675
0.1,1.0,0.7999999999999999,0,0,Randomized,0.9675
0.1,1.0,0.9999999999999999,0,0,Randomized,0.9675
0.1,1.0,0.6805555555555556,1,0,Randomized,0.9675
0.1,1.0,0.7142857142857142,0,0,Randomized,0.9675
0.1,1.0,0.8571428571428571,0,0,Randomized,0.9675
0.1,1.0,0.6956521739130435,1,0,Randomized,0.9675
0.1,1.0,0.9999999999999999,0,0,Randomized,0.9675
0.1,1.0,0.7999999999999999,0,0,Randomized,0.9675
0.1,1.0,1.0,0,0,Randomized,0.9675
0.1,1.0,0.5454545454545454,0,0,Randomized,0.9675
0.1,1.0,0.8333333333333334,0,0,Randomized,0.9675
0.1,1.0,0.6588235294117647,0,0,Randomized,0.9675
0.1,1.0,0.8333333333333333,0,0,Randomized,0.9675
0.1,1.0,1.0,0,0,Randomized,0.9675
0.1,1.0,0.6984126984126984,0,0,Randomized,0.9675
0.1,1.0,0.6666666666666666,0,0,Randomized,0.9675
0.1,1.0,0.3333333333333333,0,0,Randomized,0.9675
0.1,1.0,0.5909090909090909,0,0,Randomized,0.9675
0.1,1.0,0.7499999999999999,0,0,Randomized,0.9675
0.1,1.0,0.5833333333333333,0,0,Randomized,0.9675
0.1,1.0,0.49999999999999994,0,0,Randomized,0.9675
0.1,1.0,0.9999999999999999,0,0,Randomized,0.9675
0.1,1.0,0.9999999999999999,0,0,Randomized,0.9675
0.1,1.0,0.5384615384615384,0,0,Randomized,0.9675
0.1,1.0,0.9999999999999999,0,0,Randomized,0.9675
0.1,1.0,0.3333333333333333,0,0,Randomized,0.9675
0.1,1.0,1.0,0,0,Randomized,0.9675
0.1,1.0,0.9090909090909091,0,1,Randomized,0.9675
0.1,1.0,0.6071428571428571,0,0,Randomized,0.9675
0.1,1.0,0.75,0,0,Randomized,0.9675
0.1,1.0,0.8333333333333334,0,0,Randomized,0.9675
0.1,1.0,0.9999999999999999,0,0,Randomized,0.9675
0.1,1.0,0.7619047619047619,0,0,Randomized,0.9675
0.1,1.0,0.5999999999999999,0,0,Randomized,0.9675
0.1,1.0,0.9999999999999998,0,0,Randomized,0.9675
0.1,1.0,0.6874999999999999,0,0,Randomized,0.9675
0.1,1.0,0.6111111111111112,0,0,Randomized,0.9675
0.1,1.0,0.49999999999999994,0,0,Randomized,0.9675
0.1,1.0,0.6666666666666666,0,0,Randomized,0.9675
0.1,1.0,0.8333333333333334,0,0,Randomized,0.9675
0.1,1.0,0.7058823529411765,0,0,Randomized,0.9675
0.1,1.0,0.5,0,0,Randomized,0.9675
0.1,1.0,0.9999999999999999,0,0,Randomized,0.9675
0.1,1.0,0.717948717948718,0,0,Randomized,0.9675
0.1,1.0,0.0,0,0,Randomized,0.9675
0.1,1.0,0.6818181818181818,0,1,Randomized,0.9675
0.1,1.0,0.6666666666666666,0,0,Randomized,0.9675
0.1,1.0,0.7142857142857143,0,0,Randomized,0.9675
0.1,1.0,0.5999999999999999,0,0,Randomized,0.9675
0.1,1.0,0.6,0,0,Randomized,0.9675
0.1,1.0,0.6428571428571429,0,0,Randomized,0.9675
0.1,1.0,0.6538461538461537,0,0,Randomized,0.9675
0.1,1.0,0.75,0,0,Randomized,0.9675
0.1,1.0,0.8333333333333331,0,0,Randomized,0.9675
0.1,1.0,0.8125,0,0,Randomized,0.9675
0.1,1.0,0.7499999999999999,0,0,Randomized,0.9675
0.1,1.0,0.9999999999999999,0,0,Randomized,0.9675
0.1,1.0,0.6,0,0,Randomized,0.9675
0.1,1.0,0.7272727272727273,1,0,Randomized,0.9675
0.1,1.0,0.39999999999999997,0,0,Randomized,0.9675
0.1,1.0,0.818181818181818,0,0,Randomized,0.9675
0.1,1.0,1.0,0,0,Randomized,0.9675
0.1,1.0,0.9523809523809523,0,0,Randomized,0.9675
0.1,1.0,0.75,0,0,Randomized,0.9675
0.1,1.0,0.7,0,0,Randomized,0.9675
0.1,1.0,0.8,0,0,Randomized,0.9675
0.1,1.0,0.8,0,0,Randomized,0.9675
0.1,1.0,1.0,0,0,Randomized,0.9675
0.1,1.0,0.75,0,0,Randomized,0.9675
0.1,1.0,0.7142857142857142,0,0,Randomized,0.9675
0.1,1.0,0.6071428571428571,0,0,Randomized,0.9675
0.1,1.0,0.6666666666666666,0,0,Randomized,0.9675
0.1,1.0,0.5714285714285714,0,0,Randomized,0.9675
0.1,1.0,1.0,0,0,Randomized,0.9675
0.1,1.0,0.5,0,0,Randomized,0.9675
0.1,1.0,0.7999999999999999,0,0,Randomized,0.9675
0.1,1.0,0.7222222222222222,0,0,Randomized,0.9675
0.1,1.0,0.85,0,0,Randomized,0.9675
0.1,1.0,0.5,0,0,Randomized,0.9675
0.1,1.0,0.9999999999999999,0,0,Randomized,0.9675
0.1,1.0,0.6704545454545454,0,0,Randomized,0.9675
0.1,1.0,0.3333333333333333,0,0,Randomized,0.9675
0.1,1.0,0.6111111111111112,0,0,Randomized,0.9675
0.1,1.0,0.8,0,0,Randomized,0.9675
0.1,1.0,0.3333333333333333,0,0,Randomized,0.9675
0.1,1.0,0.7,0,0,Randomized,0.9675
0.1,1.0,0.75,0,0,Randomized,0.9675
0.1,1.0,0.625,0,0,Randomized,0.9675
0.1,1.0,0.6583333333333333,0,0,Randomized,0.9675
0.1,1.0,0.9999999999999999,0,0,Randomized,0.9675
0.1,1.0,1.0,0,0,Randomized,0.9675
0.1,1.0,0.5,0,0,Randomized,0.9675
0.1,1.0,0.6249999999999999,0,0,Randomized,0.9675
0.1,1.0,0.5,0,0,Randomized,0.9675
0.1,1.0,0.7857142857142856,0,0,Randomized,0.9675
0.1,1.0,0.7368421052631579,0,0,Randomized,0.9675
0.1,1.0,0.625,0,0,Randomized,0.9675
0.1,1.0,0.5833333333333334,0,0,Randomized,0.9675
0.1,1.0,0.8333333333333334,0,0,Randomized,0.9675
0.1,1.0,0.9999999999999999,0,0,Randomized,0.9675
0.1,1.0,1.0,1,0,Randomized,0.9675
0.1,1.0,0.7121212121212122,0,0,Randomized,0.9675
0.1,1.0,0.6907894736842105,0,0,Randomized,0.9675
0.1,1.0,0.6153846153846154,0,0,Randomized,0.9675
0.1,1.0,0.7239583333333334,0,1,Randomized,0.9675
0.1,1.0,0.9999999999999999,0,0,Randomized,0.9675
0.1,1.0,1.0,0,0,Randomized,0.9675
0.1,1.0,0.6666666666666666,0,0,Randomized,0.9675
0.1,1.0,0.9999999999999998,0,0,Randomized,0.9675
0.1,1.0,0.9999999999999999,0,0,Randomized,0.9675
0.1,1.0,0.6666666666666666,0,0,Randomized,0.9675
0.1,1.0,0.65,0,0,Randomized,0.9675
0.1,1.0,0.25,0,0,Randomized,0.9675
0.1,1.0,0.0,0,0,Randomized,0.9675
0.1,1.0,0.8,0,0,Randomized,0.9675
0.1,1.0,0.7,1,0,Randomized,0.9675
0.1,1.0,0.85,0,0,Randomized,0.9675
0.1,1.0,1.0,0,0,Randomized,0.9675
0.1,1.0,0.0,0,0,Randomized,0.9675
0.1,1.0,0.9999999999999999,0,0,Randomized,0.9675
0.1,1.0,0.39999999999999997,0,0,Randomized,0.9675
0.1,1.0,0.6875,1,0,Randomized,0.9675
0.1,1.0,0.9999999999999999,0,0,Randomized,0.9675
0.1,1.0,0.49999999999999994,0,0,Randomized,0.9675
0.1,1.0,0.5714285714285714,0,0,Randomized,0.9675
0.1,1.0,0.625,1,0,Randomized,0.9675
0.1,1.0,0.9,0,0,Randomized,0.9675
0.1,1.0,0.9166666666666666,0,0,Randomized,0.9675
0.1,1.0,0.39999999999999997,0,0,Randomized,0.9675
0.1,1.0,0.8333333333333331,0,0,Randomized,0.9675
0.1,1.0,0.7272727272727273,0,0,Randomized,0.9675
0.1,1.0,0.9999999999999999,0,0,Randomized,0.9675
0.1,1.0,1.0,0,0,Randomized,0.9675
0.1,1.0,0.7083333333333334,0,0,Randomized,0.9675
0.1,1.0,0.7307692307692307,0,0,Randomized,0.9675
0.1,1.0,0.7142857142857143,0,0,Randomized,0.9675
0.1,1.0,0.49999999999999994,0,0,Randomized,0.9675
0.1,1.0,1.0,0,0,Randomized,0.9675
0.1,1.0,0.6666666666666666,0,0,Randomized,0.9675
0.1,1.0,0.5454545454545454,0,0,Randomized,0.9675
0.1,1.0,0.7619047619047619,0,0,Randomized,0.9675
0.1,1.0,0.59375,0,0,Randomized,0.9675
0.1,1.0,0.7222222222222222,0,0,Randomized,0.9675
0.1,1.0,0.3333333333333333,0,0,Randomized,0.9675
0.1,1.0,0.9999999999999999,0,0,Randomized,0.9675
0.1,1.0,0.8,0,0,Randomized,0.9675
0.1,1.0,0.6666666666666666,0,0,Randomized,0.9675
0.1,1.0,0.75,0,0,Randomized,0.9675
0.1,1.0,0.8,0,0,Randomized,0.9675
0.1,1.0,0.7272727272727273,0,0,Randomized,0.9675
0.1,1.0,0.49999999999999994,0,0,Randomized,0.9675
0.1,1.0,0.7647058823529411,0,0,Randomized,0.9675
0.1,1.0,0.85,0,0,Randomized,0.9675
0.1,1.0,0.7352941176470589,0,0,Randomized,0.9675
0.1,1.0,0.29999999999999993,0,0,Randomized,0.9675
0.1,1.0,0.6666666666666665,0,0,Randomized,0.9675
0.1,1.0,1.0,0,0,Randomized,0.9675
0.1,1.0,0.3333333333333333,0,0,Randomized,0.9675
0.1,1.0,0.8888888888888888,0,0,Randomized,0.9675
0.1,1.0,0.8571428571428571,0,0,Randomized,0.9675
0.1,1.0,0.64,0,0,Randomized,0.9675
0.1,1.0,0.6785714285714286,1,0,Randomized,0.9675
0.1,1.0,0.7,0,0,Randomized,0.9675
0.1,1.0,0.4444444444444444,0,0,Randomized,0.9675
0.1,1.0,0.6,0,0,Randomized,0.9675
0.1,1.0,0.42857142857142855,0,0,Randomized,0.9675
0.1,1.0,0.7333333333333332,0,0,Randomized,0.9675
0.1,1.0,0.6428571428571429,0,0,Randomized,0.9675
0.1,1.0,0.6666666666666665,0,0,Randomized,0.9675
0.1,1.0,0.9999999999999999,0,0,Randomized,0.9675
0.1,1.0,0.7999999999999999,0,0,Randomized,0.9675
0.1,1.0,0.3333333333333333,0,0,Randomized,0.9675
0.1,1.0,0.46153846153846156,0,0,Randomized,0.9675
0.1,1.0,0.5789473684210525,0,0,Randomized,0.9675
0.1,1.0,0.7678571428571429,0,0,Randomized,0.9675
0.1,1.0,0.6666666666666666,0,0,Randomized,0.9675
0.1,1.0,0.49999999999999994,0,0,Randomized,0.9675
0.1,1.0,0.7727272727272727,0,0,Randomized,0.9675
0.1,1.0,0.7999999999999999,0,0,Randomized,0.9675
0.1,1.0,0.6428571428571429,0,0,Randomized,0.9675
0.1,1.0,0.7280701754385965,0,0,Randomized,0.9675
0.1,1.0,0.7619047619047619,0,0,Randomized,0.9675
0.1,1.0,0.8333333333333331,0,0,Randomized,0.9675
0.1,1.0,0.0,0,0,Randomized,0.9675
0.1,1.0,0.6956521739130435,0,0,Randomized,0.9675
0.1,1.0,0.7083333333333334,0,0,Randomized,0.9675
0.1,1.0,0.39999999999999997,0,0,Randomized,0.9675
0.1,1.0,0.6111111111111112,0,0,Randomized,0.9675
0.1,1.0,0.6666666666666666,0,0,Randomized,0.9675
0.1,1.0,0.6799999999999998,0,0,Randomized,0.9675
0.1,1.0,0.7142857142857143,0,0,Randomized,0.9675
0.1,1.0,0.65,0,0,Randomized,0.9675
0.1,1.0,0.0,0,0,Randomized,0.9675
0.1,1.0,1.0,0,0,Randomized,0.9675
0.1,1.0,0.9999999999999999,0,0,Randomized,0.9675
0.1,1.0,0.7,0,0,Randomized,0.9675
0.1,1.0,0.6666666666666666,0,0,Randomized,0.9675
0.1,1.0,1.0,0,0,Randomized,0.9675
0.1,1.0,1.0,0,0,Randomized,0.9675
0.1,1.0,0.6666666666666666,0,0,Randomized,0.9675
0.1,1.0,0.55,0,0,Randomized,0.9675
0.1,1.0,0.5,1,0,Randomized,0.9675
0.1,1.0,0.3333333333333333,0,0,Randomized,0.9675
0.1,1.0,0.49999999999999994,0,0,Randomized,0.9675
0.1,1.0,1.0,0,0,Randomized,0.9675
0.1,1.0,0.6666666666666666,0,0,Randomized,0.9675
0.1,1.0,0.875,0,0,Randomized,0.9675
0.1,1.0,0.76,0,0,Randomized,0.9675
0.1,1.0,1.0,0,0,Randomized,0.9675
0.1,1.0,0.6153846153846154,0,0,Randomized,0.9675
0.1,1.0,0.9,0,0,Randomized,0.9675
0.1,1.0,0.7692307692307693,0,0,Randomized,0.9675
0.1,1.0,0.7222222222222222,0,0,Randomized,0.9675
0.1,1.0,1.0,1,0,Randomized,0.9675
0.1,1.0,0.8235294117647058,0,0,Randomized,0.9675
0.1,1.0,0.8947368421052629,0,0,Randomized,0.9675
0.1,1.0,0.6444444444444445,0,0,Randomized,0.9675
0.1,1.0,0.6470588235294117,0,0,Randomized,0.9675
0.1,1.0,0.49999999999999994,0,0,Randomized,0.9675
0.1,1.0,0.8571428571428571,0,0,Randomized,0.9675
0.1,1.0,0.9285714285714285,0,0,Randomized,0.9675
0.1,1.0,0.6890756302521008,0,0,Randomized,0.9675
0.1,1.0,0.9999999999999999,0,0,Randomized,0.9675
0.1,1.0,0.6363636363636364,0,0,Randomized,0.9675
0.1,1.0,0.6,0,0,Randomized,0.9675
0.1,1.0,0.6545454545454545,0,0,Randomized,0.9675
0.1,1.0,0.7368421052631579,0,0,Randomized,0.9675
0.1,1.0,1.0,0,0,Randomized,0.9675
0.1,1.0,0.7777777777777778,0,0,Randomized,0.9675
0.1,1.0,0.9999999999999999,0,0,Randomized,0.9675
0.1,1.0,1.0,0,0,Randomized,0.9675
0.1,1.0,0.0,0,0,Randomized,0.9675
0.1,1.0,0.6785714285714286,0,0,Randomized,0.9675
0.1,1.0,0.7272727272727273,0,0,Randomized,0.9675
0.1,1.0,0.625,0,0,Randomized,0.9675
0.1,1.0,0.875,0,0,Randomized,0.9675
0.1,1.0,0.9999999999999999,0,0,Randomized,0.9675
0.1,1.0,0.9999999999999999,0,0,Randomized,0.9675
0.1,1.0,0.6923076923076922,0,0,Randomized,0.9675
0.1,1.0,0.6875,0,0,Randomized,0.9675
0.1,1.0,0.75,0,0,Randomized,0.9675
0.1,1.0,1.0,0,0,Randomized,0.9675
0.1,1.0,0.49999999999999994,0,0,Randomized,0.9675
0.1,1.0,0.9999999999999999,0,0,Randomized,0.9675
0.1,1.0,0.9999999999999999,0,0,Randomized,0.9675
0.1,1.0,0.6,0,0,Randomized,0.9675
0.1,1.0,0.6911764705882353,0,0,Randomized,0.9675
0.1,1.0,0.6666666666666666,0,0,Randomized,0.9675
0.1,1.0,0.49999999999999994,0,0,Randomized,0.9675
0.1,1.0,0.818181818181818,0,0,Randomized,0.9675
0.1,1.0,0.64,0,0,Randomized,0.9675
0.1,1.0,1.0,0,0,Randomized,0.9675
0.1,1.0,1.0,0,0,Randomized,0.9675
0.1,1.0,0.7,0,0,Randomized,0.9675
0.1,1.0,0.9999999999999999,0,0,Randomized,0.9675
0.1,1.0,0.9999999999999999,0,0,Randomized,0.9675
0.1,1.0,1.0,0,0,Randomized,0.9675
0.1,1.0,0.75,0,0,Randomized,0.9675
0.1,1.0,0.6,0,0,Randomized,0.9675
0.1,1.0,1.0,0,0,Randomized,0.9675
0.1,1.0,0.9999999999999999,0,0,Randomized,0.9675
0.1,1.0,0.7450980392156863,0,0,Randomized,0.9675
0.1,1.0,0.75,0,0,Randomized,0.9675
0.1,1.0,0.92,0,0,Randomized,0.9675
0.1,1.0,1.0,0,0,Randomized,0.9675
0.1,1.0,0.5,0,0,Randomized,0.9675
0.1,1.0,1.0,0,0,Randomized,0.9675
0.1,1.0,0.2857142857142857,0,0,Randomized,0.9675
0.1,1.0,0.7142857142857142,0,0,Randomized,0.9675
0.1,1.0,0.6666666666666665,0,0,Randomized,0.9675
0.1,1.0,0.9,0,0,Randomized,0.9675
0.1,1.0,0.8333333333333334,0,0,Randomized,0.9675
0.1,1.0,1.0,1,0,Randomized,0.9675
0.1,1.0,0.9999999999999999,0,0,Randomized,0.9675
0.1,1.0,1.0,0,0,Randomized,0.9675
0.1,1.0,0.6666666666666666,1,0,Randomized,0.9675
0.1,1.0,0.857142857142857,0,0,Randomized,0.9675
0.1,1.0,0.9999999999999999,0,0,Randomized,0.9675
0.1,1.0,0.5833333333333334,0,0,Randomized,0.9675
0.1,1.0,0.6799999999999998,0,0,Randomized,0.9675
0.1,1.0,0.7692307692307693,0,0,Randomized,0.9675
0.1,1.0,1.0,0,0,Randomized,0.9675
0.1,1.0,0.4166666666666666,0,0,Randomized,0.9675
0.1,1.0,0.9999999999999999,0,0,Randomized,0.9675
0.1,1.0,0.7499999999999999,0,0,Randomized,0.9675
0.1,1.0,0.5454545454545454,0,0,Randomized,0.9675
0.1,1.0,0.8461538461538461,1,0,Randomized,0.9675
0.1,1.0,0.5882352941176471,0,0,Randomized,0.9675
0.1,1.0,0.7777777777777778,0,0,Randomized,0.9675
0.1,1.0,0.8333333333333334,0,0,Randomized,0.9675
0.1,1.0,0.5454545454545454,0,0,Randomized,0.9675
0.1,1.0,1.0,0,0,Randomized,0.9675
0.1,1.0,0.9999999999999999,0,0,Randomized,0.9675
0.1,1.0,0.9999999999999999,0,0,Randomized,0.9675
0.1,1.0,0.5789473684210527,0,0,Randomized,0.9675
0.1,1.0,0.9,0,0,Randomized,0.9675
0.1,1.0,0.3333333333333333,0,0,Randomized,0.9675
0.1,1.0,0.0,0,0,Randomized,0.9675
0.1,1.0,0.6190476190476191,0,0,Randomized,0.9675
0.1,1.0,0.6363636363636364,0,0,Randomized,0.9675
0.1,1.0,0.8333333333333331,0,0,Randomized,0.9675
0.1,1.0,0.6764705882352942,0,0,Randomized,0.9675
0.1,1.0,0.0,0,0,Randomized,0.9675
0.1,1.0,0.6615384615384615,0,0,Randomized,0.9675
0.1,1.0,0.3333333333333333,0,0,Randomized,0.9675
0.1,1.0,0.49999999999999994,0,0,Randomized,0.9675
0.1,1.0,1.0,0,0,Randomized,0.9675
0.1,1.0,0.6666666666666666,0,0,Randomized,0.9675
0.1,1.0,0.7083333333333334,0,0,Randomized,0.9675
0.1,1.0,0.6875,0,0,Randomized,0.9675
0.1,1.0,0.8333333333333331,0,0,Randomized,0.9675
0.1,1.0,0.7181818181818181,0,0,Randomized,0.9675
0.1,1.0,0.7333333333333333,0,0,Randomized,0.9675
0.1,1.0,0.6666666666666666,0,0,Randomized,0.9675
0.1,1.0,0.6813186813186813,0,0,Randomized,0.9675
0.1,1.0,0.6666666666666666,0,0,Randomized,0.9675
0.1,1.0,0.49999999999999994,0,0,Randomized,0.9675
0.1,1.0,0.7499999999999999,0,0,Randomized,0.9675
0.1,1.0,0.24999999999999997,0,0,Randomized,0.9675
0.1,1.0,0.68,0,0,Randomized,0.9675
0.1,1.0,0.5,0,0,Randomized,0.9675
0.1,1.0,0.49999999999999994,0,0,Randomized,0.9675
0.1,1.0,0.6,0,0,Randomized,0.9675
0.1,1.0,0.0,0,0,Randomized,0.9675
0.1,1.0,0.875,0,0,Randomized,0.9675
0.1,1.0,0.8333333333333334,0,0,Randomized,0.9675
0.1,1.0,0.4,0,0,Randomized,0.9675
0.1,1.0,0.8717948717948718,0,1,Randomized,0.9675
0.1,1.0,0.42857142857142855,0,0,Randomized,0.9675
0.1,1.0,0.9285714285714285,0,0,Randomized,0.9675
0.1,1.0,0.7142857142857143,0,0,Randomized,0.9675
0.1,1.0,0.5555555555555556,0,0,Randomized,0.9675
0.1,1.0,0.6111111111111112,0,0,Randomized,0.9675
0.1,1.0,0.9999999999999999,0,0,Randomized,0.9675
0.1,1.0,0.75,0,0,Randomized,0.9675
0.1,1.0,0.6944444444444444,0,0,Randomized,0.9675
0.1,1.0,0.72,0,0,Randomized,0.9675
0.1,1.0,0.9,1,0,Randomized,0.9675
0.1,1.0,0.5833333333333333,0,0,Randomized,0.9675
0.1,1.0,0.7777777777777778,0,0,Randomized,0.9675
0.1,1.0,0.857142857142857,0,0,Randomized,0.9675
0.1,1.0,0.5714285714285714,0,0,Randomized,0.9675
0.1,1.0,0.7777777777777777,0,0,Randomized,0.9675
0.1,1.0,0.6666666666666666,0,0,Randomized,0.9675
0.1,1.0,0.625,0,0,Randomized,0.9675
0.1,1.0,0.0,0,0,Randomized,0.9675
0.1,1.0,0.6333333333333333,0,0,Randomized,0.9675
0.1,1.0,0.5454545454545454,0,0,Randomized,0.9675
0.1,1.0,0.6666666666666665,0,0,Randomized,0.9675
0.1,1.0,0.5,0,0,Randomized,0.9675
0.1,1.0,0.7083333333333334,0,0,Randomized,0.9675
0.1,1.0,0.5,0,0,Randomized,0.9675
0.1,1.0,0.9999999999999999,0,0,Randomized,0.9675
0.1,1.0,0.6811594202898551,0,0,Randomized,0.9675
0.1,1.0,1.0,0,0,Randomized,0.9675
0.1,1.0,0.4,0,0,Randomized,0.9675
0.1,1.0,0.4999999999999999,0,0,Randomized,0.9675
0.1,1.0,0.6666666666666665,0,0,Randomized,0.9675
0.1,1.0,0.7272727272727273,0,0,Randomized,0.9675
0.1,1.0,0.6666666666666666,0,0,Randomized,0.9675
0.1,1.0,1.0,0,0,Randomized,0.9675
0.1,1.0,1.0,1,0,Randomized,0.9675
0.1,1.0,0.9999999999999999,0,0,Randomized,0.9675
0.1,1.0,0.75,0,0,Randomized,0.9675
0.1,1.0,0.49999999999999994,0,0,Randomized,0.9675
0.1,1.0,0.5714285714285714,1,0,Randomized,0.9675
0.1,1.0,0.6285714285714286,0,0,Randomized,0.9675
0.1,1.0,0.7784090909090909,0,1,Randomized,0.9675
0.1,1.0,0.6956521739130435,0,0,Randomized,0.9675
0.1,1.0,0.9999999999999999,0,0,Randomized,0.9675
0.1,1.0,0.625,0,0,Randomized,0.9675
0.1,1.0,0.9999999999999999,0,0,Randomized,0.9675
0.1,1.0,0.7083333333333334,0,0,Randomized,0.9675
0.1,1.0,0.6944444444444444,0,0,Randomized,0.9675
0.1,1.0,0.9,0,0,Randomized,0.9675
0.1,1.0,0.6666666666666666,0,0,Randomized,0.9675
0.1,1.0,0.5555555555555556,1,0,Randomized,0.9675
0.1,1.0,0.625,0,0,Randomized,0.9675
0.1,1.0,0.6571428571428571,0,0,Randomized,0.9675
0.1,1.0,0.8333333333333334,0,0,Randomized,0.9675
0.1,1.0,0.76,0,0,Randomized,0.9675
0.1,1.0,0.5882352941176471,0,0,Randomized,0.9675
0.1,1.0,0.7631578947368421,0,0,Randomized,0.9675
0.1,1.0,0.5999999999999999,0,0,Randomized,0.9675
0.1,1.0,0.6666666666666666,0,0,Randomized,0.9675
0.1,1.0,0.8359375,1,0,Randomized,0.9675
0.1,1.0,1.0,0,0,Randomized,0.9675
0.1,1.0,0.9090909090909091,0,0,Randomized,0.9675
0.1,1.0,0.8888888888888888,0,0,Randomized,0.9675
0.1,1.0,0.7555555555555555,0,0,Randomized,0.9675
0.1,1.0,0.49999999999999994,0,0,Randomized,0.9675
0.1,1.0,0.575,0,0,Randomized,0.9675
0.1,1.0,0.8571428571428571,0,0,Randomized,0.9675
0.1,1.0,0.8888888888888888,0,0,Randomized,0.9675
0.1,1.0,0.7272727272727272,0,0,Randomized,0.9675
0.1,1.0,1.0,0,0,Randomized,0.9675
0.1,1.0,0.6799999999999998,0,0,Randomized,0.9675
0.1,1.0,0.9999999999999999,0,0,Randomized,0.9675
0.1,1.0,0.8125,0,0,Randomized,0.9675
0.1,1.0,0.8,0,0,Randomized,0.9675
0.1,1.0,0.7222222222222222,0,0,Randomized,0.9675
0.1,1.0,0.75,0,0,Randomized,0.9675
0.1,1.0,0.8,0,0,Randomized,0.9675
0.1,1.0,0.8333333333333334,0,0,Randomized,0.9675
0.1,1.0,0.7602339181286549,1,0,Randomized,0.9675
0.1,1.0,0.7894736842105263,0,0,Randomized,0.9675
0.1,1.0,0.7499999999999999,0,0,Randomized,0.9675
0.1,1.0,0.4666666666666666,0,0,Randomized,0.9675
0.1,1.0,0.7,0,0,Randomized,0.9675
0.1,1.0,0.0,0,0,Randomized,0.9675
0.1,1.0,0.6458333333333334,0,0,Randomized,0.9675
0.1,1.0,0.6666666666666666,0,0,Randomized,0.9675
0.1,1.0,0.6842105263157895,0,0,Randomized,0.9675
0.1,1.0,0.7083333333333334,0,0,Randomized,0.9675
0.1,1.0,0.6944444444444444,0,0,Randomized,0.9675
0.1,1.0,0.85,0,0,Randomized,0.9675
0.1,1.0,0.7999999999999999,0,0,Randomized,0.9675
0.1,1.0,0.9999999999999998,0,0,Randomized,0.9675
0.1,1.0,0.5555555555555556,1,0,Randomized,0.9675
0.1,1.0,0.7105263157894737,0,0,Randomized,0.9675
0.1,1.0,0.8333333333333334,0,0,Randomized,0.9675
0.1,1.0,0.6399999999999999,0,0,Randomized,0.9675
0.1,1.0,0.8421052631578947,0,0,Randomized,0.9675
0.1,1.0,0.39999999999999997,0,0,Randomized,0.9675
0.1,1.0,0.7499999999999999,0,0,Randomized,0.9675
0.1,1.0,0.7647058823529411,0,0,Randomized,0.9675
0.1,1.0,0.49999999999999994,0,0,Randomized,0.9675
0.1,1.0,0.6666666666666666,0,0,Randomized,0.9675
0.1,1.0,0.7647058823529411,1,0,Randomized,0.9675
0.1,1.0,0.5789473684210527,0,0,Randomized,0.9675
0.1,1.0,0.5625,0,0,Randomized,0.9675
0.1,1.0,0.6363636363636364,0,0,Randomized,0.9675
0.1,1.0,0.8181818181818182,0,0,Randomized,0.9675
0.1,1.0,0.6909090909090909,0,0,Randomized,0.9675
0.1,1.0,0.6785714285714286,1,0,Randomized,0.9675
0.1,1.0,0.5357142857142857,0,0,Randomized,0.9675
0.1,1.0,0.6399999999999999,0,0,Randomized,0.9675
0.1,1.0,0.6842105263157895,0,0,Randomized,0.9675
0.1,1.0,0.5,0,0,Randomized,0.9675
0.1,1.0,0.8333333333333334,0,0,Randomized,0.9675
0.1,1.0,0.8157894736842105,0,0,Randomized,0.9675
0.1,1.0,0.608695652173913,0,0,Randomized,0.9675
0.1,1.0,0.6349206349206349,0,0,Randomized,0.9675
0.1,1.0,1.0,0,0,Randomized,0.9675
0.1,1.0,0.6923076923076923,0,0,Randomized,0.9675
0.1,1.0,0.619047619047619,0,0,Randomized,0.9675
0.1,1.0,1.0,0,0,Randomized,0.9675
0.1,1.0,0.631578947368421,0,0,Randomized,0.9675
0.1,1.0,0.49999999999999994,0,0,Randomized,0.9675
0.1,1.0,0.4999999999999999,0,0,Randomized,0.9675
0.1,1.0,0.6249999999999999,0,0,Randomized,0.9675
0.1,1.0,0.4583333333333333,0,0,Randomized,0.9675
0.1,1.0,0.6666666666666666,0,0,Randomized,0.9675
0.1,1.0,0.6538461538461539,0,0,Randomized,0.9675
0.1,1.0,0.7692307692307693,0,0,Randomized,0.9675
0.1,1.0,0.8823529411764705,0,0,Randomized,0.9675
0.1,1.0,0.49999999999999994,0,0,Randomized,0.9675
0.1,1.0,0.0,0,0,Randomized,0.9675
0.1,1.0,0.6984126984126984,1,0,Randomized,0.9675
0.1,1.0,0.7254901960784313,0,0,Randomized,0.9675
0.1,1.0,0.4,0,0,Randomized,0.9675
0.1,1.0,0.6931818181818182,0,0,Randomized,0.9675
0.1,1.0,0.7333333333333332,0,0,Randomized,0.9675
0.1,1.0,0.9999999999999999,0,0,Randomized,0.9675
0.1,1.0,0.8666666666666667,0,0,Randomized,0.9675
0.1,1.0,0.6458333333333334,0,0,Randomized,0.9675
0.1,1.0,0.0,0,0,Randomized,0.9675
0.1,1.0,0.0,0,0,Randomized,0.9675
0.1,1.0,0.4999999999999999,0,0,Randomized,0.9675
0.1,1.0,0.65,0,0,Randomized,0.9675
0.1,1.0,0.53125,0,0,Randomized,0.9675
0.1,1.0,1.0,0,0,Randomized,0.9675
0.1,1.0,0.3636363636363636,0,0,Randomized,0.9675
0.1,1.0,0.49999999999999994,0,0,Randomized,0.9675
0.1,1.0,0.9999999999999999,0,0,Randomized,0.9675
0.1,1.0,0.857142857142857,0,0,Randomized,0.9675
0.1,1.0,0.8333333333333334,0,0,Randomized,0.9675
0.1,1.0,0.6785714285714286,0,0,Randomized,0.9675
0.1,1.0,0.7,0,0,Randomized,0.9675
0.1,1.0,0.6285714285714286,0,0,Randomized,0.9675
0.1,1.0,0.9999999999999999,0,0,Randomized,0.9675
0.1,1.0,0.7777777777777778,0,0,Randomized,0.9675
0.1,1.0,0.6176470588235294,0,0,Randomized,0.9675
0.1,1.0,1.0,0,0,Randomized,0.9675
0.1,1.0,0.0,0,0,Randomized,0.9675
0.1,1.0,0.9090909090909091,0,0,Randomized,0.9675
0.1,1.0,0.696969696969697,0,0,Randomized,0.9675
0.1,1.0,0.6666666666666666,0,0,Randomized,0.9675
0.1,1.0,0.6428571428571429,0,0,Randomized,0.9675
0.1,1.0,0.6222222222222222,0,0,Randomized,0.9675
0.1,1.0,0.9999999999999999,0,0,Randomized,0.9675
0.1,1.0,0.846153846153846,0,0,Randomized,0.9675
0.1,1.0,0.0,0,0,Randomized,0.9675
0.1,1.0,0.0,0,0,Randomized,0.9675
0.1,1.0,0.4375,0,0,Randomized,0.9675
0.1,1.0,0.875,0,0,Randomized,0.9675
0.1,1.0,0.6666666666666666,0,0,Randomized,0.9675
0.1,1.0,0.9999999999999999,0,0,Randomized,0.9675
0.1,1.0,0.49999999999999994,0,0,Randomized,0.9675
0.1,1.0,0.7777777777777778,0,0,Randomized,0.9675
0.1,1.0,0.6666666666666666,0,0,Randomized,0.9675
0.1,1.0,0.4999999999999999,0,0,Randomized,0.9675
0.1,1.0,0.7142857142857143,0,0,Randomized,0.9675
0.1,1.0,0.775,0,0,Randomized,0.9675
0.1,1.0,0.8095238095238095,0,0,Randomized,0.9675
0.1,1.0,0.675,0,0,Randomized,0.9675
0.1,1.0,0.6862745098039216,0,0,Randomized,0.9675
0.1,1.0,0.6,0,0,Randomized,0.9675
0.1,1.0,0.6571428571428571,0,0,Randomized,0.9675
0.1,1.0,0.5909090909090909,0,0,Randomized,0.9675
0.1,1.0,0.6571428571428571,0,0,Randomized,0.9675
0.1,1.0,0.9999999999999999,0,0,Randomized,0.9675
0.1,1.0,0.8,1,0,Randomized,0.9675
0.1,1.0,0.7692307692307693,0,0,Randomized,0.9675
0.1,1.0,0.6666666666666666,0,0,Randomized,0.9675
0.1,1.0,0.7083333333333334,0,0,Randomized,0.9675
0.1,1.0,0.0,0,0,Randomized,0.9675
0.1,1.0,0.8333333333333334,0,0,Randomized,0.9675
0.1,1.0,0.6521739130434783,0,0,Randomized,0.9675
0.1,1.0,0.9999999999999999,0,0,Randomized,0.9675
0.1,1.0,0.4166666666666666,0,0,Randomized,0.9675
0.1,1.0,0.6666666666666666,0,0,Randomized,0.9675
0.1,1.0,0.9999999999999999,1,0,Randomized,0.9675
0.1,1.0,0.9999999999999999,0,0,Randomized,0.9675
0.1,1.0,0.6666666666666666,0,0,Randomized,0.9675
0.1,1.0,0.6666666666666666,0,0,Randomized,0.9675
0.1,1.0,0.7999999999999999,0,0,Randomized,0.9675
0.1,1.0,0.6953125,0,0,Randomized,0.9675
0.1,1.0,0.65,0,0,Randomized,0.9675
0.1,1.0,0.5555555555555556,0,0,Randomized,0.9675
0.1,1.0,0.9999999999999999,0,0,Randomized,0.9675
0.1,1.0,0.49999999999999994,1,0,Randomized,0.9675
0.1,1.0,0.0,0,0,Randomized,0.9675
0.1,1.0,0.6883116883116883,0,0,Randomized,0.9675
0.1,1.0,0.9999999999999999,0,0,Randomized,0.9675
0.1,1.0,0.8888888888888888,0,0,Randomized,0.9675
0.1,1.0,0.7105263157894737,0,0,Randomized,0.9675
0.1,1.0,0.625,0,0,Randomized,0.9675
0.1,1.0,0.6818181818181818,0,0,Randomized,0.9675
0.1,1.0,0.9999999999999999,1,0,Randomized,0.9675
0.1,1.0,0.9999999999999999,0,0,Randomized,0.9675
0.1,1.0,0.25,0,0,Randomized,0.9675
0.1,1.0,0.8333333333333331,0,0,Randomized,0.9675
0.1,1.0,0.49999999999999994,0,0,Randomized,0.9675
0.1,1.0,0.909090909090909,0,0,Randomized,0.9675
0.1,1.0,0.55,0,0,Randomized,0.9675
0.1,1.0,0.875,0,0,Randomized,0.9675
0.1,1.0,0.7,0,0,Randomized,0.9675
0.1,1.0,1.0,0,0,Randomized,0.9675
0.1,1.0,0.5,0,0,Randomized,0.9675
0.1,1.0,0.9999999999999999,0,0,Randomized,0.9675
0.1,1.0,0.2857142857142857,0,0,Randomized,0.9675
0.1,1.0,0.857142857142857,0,0,Randomized,0.9675
0.1,1.0,0.6666666666666666,0,0,Randomized,0.9675
0.1,1.0,0.9999999999999999,0,0,Randomized,0.9675
0.1,1.0,0.49999999999999994,0,0,Randomized,0.9675
0.1,1.0,1.0,0,0,Randomized,0.9675
0.1,1.0,0.7777777777777777,0,0,Randomized,0.9675
0.1,1.0,1.0,0,0,Randomized,0.9675
0.1,1.0,0.8666666666666667,0,0,Randomized,0.9675
0.1,1.0,0.76,0,1,Randomized,0.9675
0.1,1.0,0.6923076923076923,0,0,Randomized,0.9675
0.1,1.0,0.6666666666666666,0,0,Randomized,0.9675
0.1,1.0,0.6875,0,0,Randomized,0.9675
0.1,1.0,0.9166666666666666,0,0,Randomized,0.9675
0.1,1.0,0.8095238095238095,0,0,Randomized,0.9675
0.1,1.0,0.6333333333333333,0,0,Randomized,0.9675
0.1,1.0,0.7125,0,0,Randomized,0.9675
0.1,1.0,0.6363636363636362,0,0,Randomized,0.9675
0.1,1.0,0.7280701754385965,0,0,Randomized,0.9675
0.1,1.0,0.0,0,0,Randomized,0.9675
0.1,1.0,0.7142857142857143,0,0,Randomized,0.9675
0.1,1.0,0.875,0,0,Randomized,0.9675
0.1,1.0,0.9999999999999999,0,0,Randomized,0.9675
0.1,1.0,0.5686274509803921,0,0,Randomized,0.9675
0.1,1.0,0.9999999999999999,0,0,Randomized,0.9675
0.1,1.0,0.6923076923076923,0,0,Randomized,0.9675
0.1,1.0,0.8333333333333334,0,0,Randomized,0.9675
0.1,1.0,0.0,0,0,Randomized,0.9675
0.1,1.0,0.75,0,0,Randomized,0.9675
0.1,1.0,0.8888888888888887,0,0,Randomized,0.9675
0.1,1.0,0.7999999999999999,0,0,Randomized,0.9675
0.1,1.0,0.7307692307692307,0,0,Randomized,0.9675
0.1,1.0,0.6666666666666666,0,0,Randomized,0.9675
0.1,1.0,0.6666666666666666,0,0,Randomized,0.9675
0.1,1.0,1.0,0,0,Randomized,0.9675
0.1,1.0,0.625,0,0,Randomized,0.9675
0.1,1.0,0.6666666666666666,0,0,Randomized,0.9675
0.1,1.0,0.9999999999999999,0,0,Randomized,0.9675
0.1,1.0,0.9999999999999998,0,0,Randomized,0.9675
0.1,1.0,0.6428571428571429,0,0,Randomized,0.9675
0.1,1.0,0.75,0,0,Randomized,0.9675
0.1,1.0,0.7647058823529411,0,0,Randomized,0.9675
0.1,1.0,0.6842105263157894,0,0,Randomized,0.9675
0.1,1.0,0.75,1,0,Randomized,0.9675
0.1,1.0,1.0,0,0,Randomized,0.9675
0.1,1.0,0.6,0,0,Randomized,0.9675
0.1,1.0,0.75,0,0,Randomized,0.9675
0.1,1.0,0.6785714285714286,0,0,Randomized,0.9675
0.1,1.0,0.717948717948718,0,0,Randomized,0.9675
0.1,1.0,0.7999999999999999,0,0,Randomized,0.9675
0.1,1.0,0.7619047619047619,0,0,Randomized,0.9675
0.1,1.0,0.6666666666666666,0,0,Randomized,0.9675
0.1,1.0,0.9999999999999999,0,0,Randomized,0.9675
0.1,1.0,0.3333333333333333,0,0,Randomized,0.9675
0.1,1.0,0.9999999999999999,0,0,Randomized,0.9675
0.1,1.0,0.8333333333333334,0,0,Randomized,0.9675
0.1,1.0,0.5,1,0,Randomized,0.9675
0.1,1.0,0.25,0,0,Randomized,0.9675
0.1,1.0,1.0,1,0,Randomized,0.9675
0.1,1.0,0.75,0,0,Randomized,0.9675
0.1,1.0,1.0,0,0,Randomized,0.9675
0.1,1.0,1.0,0,0,Randomized,0.9675
0.1,1.0,0.6874999999999999,0,0,Randomized,0.9675
0.1,1.0,0.7,0,0,Randomized,0.9675
0.1,1.0,0.65,0,0,Randomized,0.9675
0.1,1.0,0.875,0,0,Randomized,0.9675
0.1,1.0,0.9999999999999999,0,0,Randomized,0.9675
0.1,1.0,0.3333333333333333,0,0,Randomized,0.9675
0.1,1.0,0.6349206349206349,0,0,Randomized,0.9675
0.1,1.0,0.6666666666666666,0,0,Randomized,0.9675
0.1,1.0,0.75,0,0,Randomized,0.9675
0.1,1.0,1.0,0,0,Randomized,0.9675
0.1,1.0,0.7575757575757576,0,0,Randomized,0.9675
0.1,1.0,0.7999999999999999,0,0,Randomized,0.9675
0.1,1.0,0.8888888888888888,0,0,Randomized,0.9675
0.1,1.0,0.6470588235294118,1,0,Randomized,0.9675
0.1,1.0,0.6521739130434782,0,0,Randomized,0.9675
0.1,1.0,0.0,0,0,Randomized,0.9675
0.1,1.0,0.49999999999999994,1,0,Randomized,0.9675
0.1,1.0,0.6428571428571429,0,0,Randomized,0.9675
0.1,1.0,0.75,0,0,Randomized,0.9675
0.1,1.0,0.7916666666666665,0,0,Randomized,0.9675
0.1,1.0,0.8,0,0,Randomized,0.9675
0.1,1.0,0.6666666666666666,0,0,Randomized,0.9675
0.1,1.0,0.7857142857142857,0,0,Randomized,0.9675
0.1,1.0,0.65625,0,0,Randomized,0.9675
0.1,1.0,0.7499999999999999,0,0,Randomized,0.9675
0.1,1.0,0.9111111111111111,0,0,Randomized,0.9675
0.1,1.0,0.6,0,0,Randomized,0.9675
0.1,1.0,0.7647058823529411,0,0,Randomized,0.9675
0.1,1.0,0.75,0,0,Randomized,0.9675
0.1,1.0,0.9333333333333331,0,0,Randomized,0.9675
0.1,1.0,0.6538461538461537,0,0,Randomized,0.9675
0.1,1.0,0.6862745098039216,0,0,Randomized,0.9675
0.1,1.0,0.9090909090909091,0,0,Randomized,0.9675
0.1,1.0,1.0,0,0,Randomized,0.9675
0.1,1.0,0.7222222222222221,0,0,Randomized,0.9675
0.1,1.0,0.6956521739130435,0,0,Randomized,0.9675
0.1,1.0,0.625,0,0,Randomized,0.9675
0.1,1.0,0.8,0,0,Randomized,0.9675
0.1,1.0,0.9999999999999999,0,0,Randomized,0.9675
0.1,1.0,0.6666666666666665,0,0,Randomized,0.9675
0.1,1.0,0.75,0,0,Randomized,0.9675
0.1,1.0,0.7301587301587301,0,0,Randomized,0.9675
0.1,1.0,1.0,0,0,Randomized,0.9675
0.1,1.0,0.7222222222222222,0,0,Randomized,0.9675
0.1,1.0,0.7499999999999999,0,0,Randomized,0.9675
0.1,1.0,0.9999999999999999,0,0,Randomized,0.9675
0.1,1.0,0.66,0,0,Randomized,0.9675
0.1,1.0,0.75,0,0,Randomized,0.9675
0.1,1.0,0.8749999999999999,0,0,Randomized,0.9675
0.1,1.0,0.7006802721088435,0,0,Randomized,0.9675
0.1,1.0,0.9999999999999999,0,0,Randomized,0.9675
0.1,1.0,0.9999999999999999,0,0,Randomized,0.9675
0.1,1.0,0.5,0,0,Randomized,0.9675
0.1,1.0,0.7777777777777778,0,0,Randomized,0.9675
0.1,1.0,0.6666666666666666,0,0,Randomized,0.9675
0.1,1.0,0.0,0,0,Randomized,0.9675
0.1,1.0,0.25,0,0,Randomized,0.9675
0.1,1.0,0.49999999999999994,0,0,Randomized,0.9675
0.1,1.0,0.6666666666666666,0,0,Randomized,0.9675
0.1,1.0,0.7692307692307693,0,0,Randomized,0.9675
0.1,1.0,0.9999999999999999,0,0,Randomized,0.9675
0.1,1.0,0.75,0,0,Randomized,0.9675
0.1,1.0,0.625,0,0,Randomized,0.9675
0.1,1.0,0.9999999999999999,0,0,Randomized,0.9675
0.1,1.0,0.7999999999999999,0,0,Randomized,0.9675
0.1,1.0,0.9999999999999999,0,0,Randomized,0.9675
0.1,1.0,0.6521739130434783,0,0,Randomized,0.9675
0.1,1.0,0.7619047619047619,0,0,Randomized,0.9675
0.1,1.0,0.6818181818181818,0,0,Randomized,0.9675
0.1,1.0,0.49999999999999994,0,0,Randomized,0.9675
0.1,1.0,0.7037037037037037,0,0,Randomized,0.9675
0.1,1.0,0.6363636363636364,0,0,Randomized,0.9675
0.1,1.0,0.7499999999999999,0,0,Randomized,0.9675
0.1,1.0,0.8181818181818182,0,0,Randomized,0.9675
0.1,1.0,0.5555555555555556,0,0,Randomized,0.9675
0.1,1.0,0.6458333333333334,1,0,Randomized,0.9675
0.1,1.0,0.7058823529411765,0,0,Randomized,0.9675
0.1,1.0,0.9999999999999999,0,0,Randomized,0.9675
0.1,1.0,1.0,0,0,Randomized,0.9675
0.1,1.0,0.9285714285714286,0,0,Randomized,0.9675
0.1,1.0,0.7647058823529411,0,0,Randomized,0.9675
0.1,1.0,0.5,0,0,Randomized,0.9675
0.1,1.0,0.5454545454545454,0,0,Randomized,0.9675
0.1,1.0,0.7604166666666666,0,0,Randomized,0.9675
0.1,1.0,1.0,0,0,Randomized,0.9675
0.1,1.0,0.4444444444444444,0,0,Randomized,0.9675
0.1,1.0,0.8333333333333331,0,0,Randomized,0.9675
0.1,1.0,0.7333333333333333,0,0,Randomized,0.9675
0.1,1.0,0.5833333333333333,0,0,Randomized,0.9675
0.1,1.0,0.619047619047619,0,0,Randomized,0.9675
0.1,1.0,0.5833333333333334,0,0,Randomized,0.9675
0.1,1.0,0.0,0,0,Randomized,0.9675
0.1,1.0,0.7307692307692307,0,0,Randomized,0.9675
0.1,1.0,0.6587301587301587,0,0,Randomized,0.9675
0.1,1.0,0.6666666666666666,0,0,Randomized,0.9675
0.1,1.0,0.6153846153846154,0,0,Randomized,0.9675
0.1,1.0,0.75,0,0,Randomized,0.9675
0.1,1.0,0.9999999999999999,0,0,Randomized,0.9675
0.1,1.0,0.5555555555555555,0,0,Randomized,0.9675
0.1,1.0,0.3333333333333333,0,0,Randomized,0.9675
0.1,1.0,0.5909090909090909,0,0,Randomized,0.9675
0.1,1.0,1.0,0,0,Randomized,0.9675
0.1,1.0,0.2,0,0,Randomized,0.9675
0.1,1.0,0.9999999999999999,0,0,Randomized,0.9675
0.1,1.0,0.6666666666666666,0,0,Randomized,0.9675
0.1,1.0,0.49999999999999994,0,0,Randomized,0.9675
0.1,1.0,0.6571428571428571,0,0,Randomized,0.9675
0.1,1.0,0.65,0,0,Randomized,0.9675
0.1,1.0,0.6666666666666666,0,0,Randomized,0.9675
0.1,1.0,0.9999999999999999,0,0,Randomized,0.9675
0.1,1.0,0.6753246753246753,0,1,Randomized,0.9675
0.1,1.0,0.6,0,0,Randomized,0.9675
0.1,1.0,0.68,0,0,Randomized,0.9675
0.1,1.0,1.0,0,0,Randomized,0.9675
0.1,1.0,0.68,0,0,Randomized,0.9675
0.1,1.0,0.8571428571428571,0,0,Randomized,0.9675
0.1,1.0,1.0,0,0,Randomized,0.9675
0.1,1.0,0.9374999999999999,0,0,Randomized,0.9675
0.1,1.0,0.9166666666666666,0,0,Randomized,0.9675
0.1,1.0,0.8333333333333334,0,0,Randomized,0.9675
0.1,1.0,0.6868686868686869,0,0,Randomized,0.9675
0.1,1.0,0.6,0,0,Randomized,0.9675
0.1,1.0,0.49999999999999994,0,0,Randomized,0.9675
0.1,1.0,0.6666666666666666,0,0,Randomized,0.9675
0.1,1.0,0.9473684210526315,0,0,Randomized,0.9675
0.1,1.0,0.9999999999999999,0,0,Randomized,0.9675
0.1,1.0,0.5,1,0,Randomized,0.9675
0.1,1.0,0.9999999999999999,0,0,Randomized,0.9675
0.1,1.0,0.8333333333333334,1,0,Randomized,0.9675
0.1,1.0,0.65625,0,0,Randomized,0.9675
0.1,1.0,0.7058823529411765,0,0,Randomized,0.9675
0.1,1.0,0.8461538461538461,0,0,Randomized,0.9675
0.1,1.0,0.5624999999999999,0,0,Randomized,0.9675
0.1,1.0,0.6428571428571429,0,0,Randomized,0.9675
0.1,1.0,0.7222222222222222,0,0,Randomized,0.9675
0.1,1.0,1.0,1,0,Randomized,0.9675
0.1,1.0,0.6666666666666666,0,0,Randomized,0.9675
0.1,1.0,0.7999999999999999,1,0,Randomized,0.9675
0.1,1.0,0.631578947368421,0,0,Randomized,0.9675
0.1,1.0,0.19999999999999998,0,0,Randomized,0.9675
0.1,1.0,0.5,0,0,Randomized,0.9675
0.1,1.0,0.6503496503496503,0,1,Randomized,0.9675
0.1,1.0,0.9999999999999999,0,0,Randomized,0.9675
0.1,1.0,0.625,0,0,Randomized,0.9675
0.1,1.0,0.5999999999999999,0,0,Randomized,0.9675
0.1,1.0,0.6307692307692307,0,1,Randomized,0.9675
0.1,1.0,0.7337278106508875,0,1,Randomized,0.9675
0.1,1.0,0.8,0,0,Randomized,0.9675
0.1,1.0,0.6666666666666666,0,0,Randomized,0.9675
0.1,1.0,0.75,0,0,Randomized,0.9675
0.1,1.0,0.6527777777777778,1,0,Randomized,0.9675
0.1,1.0,0.49999999999999994,0,0,Randomized,0.9675
0.1,1.0,0.9999999999999999,0,0,Randomized,0.9675
0.1,1.0,0.7142857142857143,0,0,Randomized,0.9675
0.1,1.0,0.0,0,0,Randomized,0.9675
0.1,1.0,0.6111111111111112,0,0,Randomized,0.9675
0.1,1.0,0.7571428571428571,0,0,Randomized,0.9675
0.1,1.0,0.3333333333333333,0,0,Randomized,0.9675
0.1,1.0,0.75,0,0,Randomized,0.9675
0.1,1.0,0.8888888888888888,1,0,Randomized,0.9675
0.1,1.0,1.0,0,0,Randomized,0.9675
0.1,1.0,0.64,0,0,Randomized,0.9675
0.1,1.0,0.9999999999999999,0,0,Randomized,0.9675
0.1,1.0,0.6666666666666666,0,0,Randomized,0.9675
0.1,1.0,0.9999999999999999,0,0,Randomized,0.9675
0.1,1.0,0.4285714285714285,0,0,Randomized,0.9675
0.1,1.0,0.9999999999999999,0,0,Randomized,0.9675
0.1,1.0,0.6842105263157895,0,0,Randomized,0.9675
0.1,1.0,0.76,0,0,Randomized,0.9675
0.1,1.0,0.7499999999999999,0,0,Randomized,0.9675
0.1,1.0,0.6,0,0,Randomized,0.9675
0.1,1.0,0.64,0,0,Randomized,0.9675
0.1,1.0,0.6666666666666666,0,1,Randomized,0.9675
0.1,1.0,0.7192982456140351,0,0,Randomized,0.9675
0.1,1.0,0.0,0,0,Randomized,0.9675
0.1,1.0,1.0,0,0,Randomized,0.9675
0.1,1.0,0.8333333333333334,0,0,Randomized,0.9675
0.1,1.0,0.8888888888888888,0,0,Randomized,0.9675
0.1,1.0,0.7142857142857142,0,0,Randomized,0.9675
0.1,1.0,0.8,0,0,Randomized,0.9675
0.1,1.0,0.8666666666666667,0,0,Randomized,0.9675
0.1,1.0,0.6153846153846154,1,0,Randomized,0.9675
0.1,1.0,0.7666666666666667,0,1,Randomized,0.9675
0.1,1.0,0.7380952380952381,0,0,Randomized,0.9675
0.1,1.0,0.875,1,0,Randomized,0.9675
0.1,1.0,0.6,0,0,Randomized,0.9675
0.1,1.0,0.6363636363636364,0,0,Randomized,0.9675
0.1,1.0,1.0,1,0,Randomized,0.9675
0.1,1.0,0.5,0,0,Randomized,0.9675
0.1,1.0,0.49999999999999994,0,0,Randomized,0.9675
0.1,1.0,0.75,0,0,Randomized,0.9675
0.1,1.0,1.0,0,0,Randomized,0.9675
0.1,1.0,0.49999999999999994,0,0,Randomized,0.9675
0.1,1.0,0.7499999999999999,0,0,Randomized,0.9675
0.1,1.0,0.7006802721088435,0,0,Randomized,0.9675
0.1,1.0,0.6666666666666666,0,0,Randomized,0.9675
0.1,1.0,0.9999999999999999,0,0,Randomized,0.9675
0.1,1.0,0.9999999999999999,0,0,Randomized,0.9675
0.1,1.0,1.0,0,0,Randomized,0.9675
0.1,1.0,1.0,0,0,Randomized,0.9675
0.1,1.0,0.75,0,0,Randomized,0.9675
0.1,1.0,0.0,0,0,Randomized,0.9675
0.1,1.0,0.71875,0,0,Randomized,0.9675
0.1,1.0,0.75,1,0,Randomized,0.9675
0.1,1.0,0.5454545454545454,0,0,Randomized,0.9675
0.1,1.0,0.6470588235294116,0,0,Randomized,0.9675
0.1,1.0,0.6428571428571428,0,0,Randomized,0.9675
0.1,1.0,0.6666666666666666,0,0,Randomized,0.9675
0.1,1.0,0.75,0,0,Randomized,0.9675
0.1,1.0,0.6770833333333334,0,0,Randomized,0.9675
0.1,1.0,0.6666666666666666,0,0,Randomized,0.9675
0.1,1.0,0.5333333333333333,0,0,Randomized,0.9675
0.1,1.0,0.6249999999999999,0,0,Randomized,0.9675
0.1,1.0,0.7,1,0,Randomized,0.9675
0.1,1.0,0.8,0,0,Randomized,0.9675
0.1,1.0,0.7142857142857143,0,0,Randomized,0.9675
0.1,1.0,0.6666666666666665,0,0,Randomized,0.9675
0.1,1.0,0.49999999999999994,1,0,Randomized,0.9675
0.1,1.0,1.0,0,0,Randomized,0.9675
0.1,1.0,0.6666666666666666,0,0,Randomized,0.9675
0.1,1.0,0.6973684210526315,0,0,Randomized,0.9675
0.1,1.0,0.9999999999999999,0,0,Randomized,0.9675
0.1,1.0,0.0,0,0,Randomized,0.9675
0.1,1.0,0.75,0,0,Randomized,0.9675
0.1,1.0,0.7450980392156863,1,0,Randomized,0.9675
0.1,1.0,0.7272727272727273,0,0,Randomized,0.9675
0.1,1.0,0.7142857142857143,0,0,Randomized,0.9675
0.1,1.0,0.6666666666666666,0,0,Randomized,0.9675
0.1,1.0,1.0,0,0,Randomized,0.9675
0.1,1.0,0.7266666666666667,0,1,Randomized,0.9675
0.1,1.0,0.8666666666666666,0,0,Randomized,0.9675
0.1,1.0,0.7391304347826086,0,0,Randomized,0.9675
0.1,1.0,0.8,0,0,Randomized,0.9675
0.1,1.0,1.0,0,0,Randomized,0.9675
0.1,1.0,0.92,0,0,Randomized,0.9675
0.1,1.0,0.24999999999999997,0,0,Randomized,0.9675
0.1,1.0,0.75,0,0,Randomized,0.9675
0.1,1.0,0.9999999999999999,0,0,Randomized,0.9675
0.1,1.0,0.6818181818181818,0,0,Randomized,0.9675
0.1,1.0,0.6666666666666666,0,0,Randomized,0.9675
0.1,1.0,0.9999999999999999,0,0,Randomized,0.9675
0.1,1.0,0.5555555555555556,0,0,Randomized,0.9675
0.1,1.0,0.0,0,0,Randomized,0.9675
0.1,1.0,0.6333333333333333,0,0,Randomized,0.9675
0.1,1.0,0.6190476190476191,0,0,Randomized,0.9675
0.1,1.0,0.9999999999999999,0,0,Randomized,0.9675
0.1,1.0,0.762962962962963,0,0,Randomized,0.9675
0.1,1.0,0.9999999999999999,0,0,Randomized,0.9675
0.1,1.0,0.6363636363636362,0,0,Randomized,0.9675
0.1,1.0,0.9999999999999999,0,0,Randomized,0.9675
0.1,1.0,0.5,0,0,Randomized,0.9675
0.1,1.0,0.5714285714285714,0,0,Randomized,0.9675
0.1,1.0,0.6428571428571429,0,0,Randomized,0.9675
0.1,1.0,0.9999999999999999,0,0,Randomized,0.9675
0.1,1.0,0.7499999999999999,0,0,Randomized,0.9675
0.1,1.0,1.0,0,0,Randomized,0.9675
0.1,1.0,0.6666666666666666,0,0,Randomized,0.9675
0.1,1.0,0.2,0,0,Randomized,0.9675
0.1,1.0,0.7857142857142856,0,0,Randomized,0.9675
0.1,1.0,0.9999999999999999,0,0,Randomized,0.9675
0.1,1.0,0.6666666666666666,0,0,Randomized,0.9675
0.1,1.0,0.8421052631578947,0,0,Randomized,0.9675
0.1,1.0,0.6521739130434783,0,0,Randomized,0.9675
0.1,1.0,0.7272727272727273,0,0,Randomized,0.9675
0.1,1.0,0.6862745098039216,0,0,Randomized,0.9675
0.1,1.0,0.49999999999999994,0,0,Randomized,0.9675
0.1,1.0,0.6538461538461539,0,0,Randomized,0.9675
0.1,1.0,0.7058823529411765,0,0,Randomized,0.9675
0.1,1.0,0.6630434782608695,0,0,Randomized,0.9675
0.1,1.0,0.75,0,0,Randomized,0.9675
0.1,1.0,0.49999999999999994,0,0,Randomized,0.9675
0.1,1.0,0.6666666666666666,1,0,Randomized,0.9675
0.1,1.0,1.0,0,0,Randomized,0.9675
0.1,1.0,0.0,0,0,Randomized,0.9675
0.1,1.0,0.6666666666666666,0,0,Randomized,0.9675
0.1,1.0,0.8571428571428571,0,0,Randomized,0.9675
0.1,1.0,0.7307692307692307,0,0,Randomized,0.9675
0.1,1.0,0.9999999999999999,0,0,Randomized,0.9675
0.1,1.0,0.4999999999999999,0,0,Randomized,0.9675
0.1,1.0,0.6666666666666666,0,0,Randomized,0.9675
0.1,1.0,0.875,0,0,Randomized,0.9675
0.1,1.0,0.7083333333333334,0,0,Randomized,0.9675
0.1,1.0,0.45454545454545453,0,0,Randomized,0.9675
0.1,1.0,0.6874999999999999,0,0,Randomized,0.9675
0.1,1.0,0.7916666666666666,0,0,Randomized,0.9675
0.1,1.0,0.5999999999999999,0,0,Randomized,0.9675
0.1,1.0,0.49999999999999994,0,0,Randomized,0.9675
0.1,1.0,0.7407407407407407,0,0,Randomized,0.9675
0.1,1.0,0.6666666666666666,0,0,Randomized,0.9675
0.1,1.0,0.19999999999999998,0,0,Randomized,0.9675
0.1,1.0,1.0,0,0,Randomized,0.9675
0.1,1.0,0.6666666666666666,0,0,Randomized,0.9675
0.1,1.0,0.5714285714285714,0,0,Randomized,0.9675
0.1,1.0,0.2857142857142857,0,0,Randomized,0.9675
0.1,1.0,0.7142857142857143,0,0,Randomized,0.9675
0.1,1.0,0.6818181818181818,0,0,Randomized,0.9675
0.1,1.0,0.4,0,0,Randomized,0.9675
0.1,1.0,0.8452380952380952,0,0,Randomized,0.9675
0.1,1.0,0.5333333333333333,0,0,Randomized,0.9675
0.1,1.0,0.6052631578947368,0,0,Randomized,0.9675
0.1,1.0,0.5,0,0,Randomized,0.9675
0.1,1.0,0.7272727272727273,0,0,Randomized,0.9675
0.1,1.0,0.68,1,0,Randomized,0.9675
0.1,1.0,0.5,0,0,Randomized,0.9675
0.1,1.0,0.8333333333333334,0,0,Randomized,0.9675
0.1,1.0,0.9999999999999999,0,0,Randomized,0.9675
0.1,1.0,0.6931818181818182,0,0,Randomized,0.9675
0.1,1.0,0.6399999999999999,0,0,Randomized,0.9675
0.1,1.0,0.49999999999999994,0,0,Randomized,0.9675
0.1,1.0,0.9999999999999999,0,0,Randomized,0.9675
0.1,1.0,0.7619047619047619,0,0,Randomized,0.9675
0.1,1.0,1.0,0,0,Randomized,0.9675
0.1,1.0,0.9999999999999998,0,0,Randomized,0.9675
0.1,1.0,0.5714285714285714,0,0,Randomized,0.9675
0.1,1.0,0.49999999999999994,0,0,Randomized,0.9675
0.1,1.0,0.68,0,0,Randomized,0.9675
0.1,1.0,0.75,0,0,Randomized,0.9675
0.1,1.0,0.49999999999999994,0,0,Randomized,0.9675
0.1,1.0,0.725,0,0,Randomized,0.9675
0.1,1.0,0.5294117647058824,0,0,Randomized,0.9675
0.1,1.0,0.875,0,0,Randomized,0.9675
0.1,1.0,0.5454545454545454,0,0,Randomized,0.9675
0.1,1.0,0.7777777777777778,1,0,Randomized,0.9675
0.1,1.0,0.75,0,0,Randomized,0.9675
0.1,1.0,0.9166666666666666,0,0,Randomized,0.9675
0.1,1.0,0.5,0,0,Randomized,0.9675
0.1,1.0,0.775,0,0,Randomized,0.9675
0.1,1.0,0.8,0,0,Randomized,0.9675
0.1,1.0,0.75,0,0,Randomized,0.9675
0.1,1.0,0.6666666666666666,0,0,Randomized,0.9675
0.1,1.0,0.7,0,0,Randomized,0.9675
0.1,1.0,0.49999999999999994,0,0,Randomized,0.9675
0.1,1.0,0.6875,0,0,Randomized,0.9675
0.1,1.0,0.9999999999999999,0,0,Randomized,0.9675
0.1,1.0,0.7368421052631579,0,0,Randomized,0.9675
0.1,1.0,0.7083333333333334,0,0,Randomized,0.9675
0.1,1.0,0.5833333333333334,0,0,Randomized,0.9675
0.1,1.0,0.6666666666666666,0,0,Randomized,0.9675
0.1,1.0,0.0,0,0,Randomized,0.9675
0.1,1.0,0.7818181818181819,0,0,Randomized,0.9675
0.1,1.0,0.625,0,0,Randomized,0.9675
0.1,1.0,0.6111111111111112,1,0,Randomized,0.9675
0.1,1.0,0.49999999999999994,0,0,Randomized,0.9675
0.1,1.0,0.6666666666666666,0,0,Randomized,0.9675
0.1,1.0,0.9999999999999999,0,0,Randomized,0.9675
0.1,1.0,0.9999999999999998,1,0,Randomized,0.9675
0.1,1.0,0.75,0,0,Randomized,0.9675
0.1,1.0,1.0,0,0,Randomized,0.9675
0.1,1.0,0.85,0,0,Randomized,0.9675
0.1,1.0,0.75,0,0,Randomized,0.9675
0.1,1.0,0.8333333333333331,0,0,Randomized,0.9675
0.1,1.0,0.7499999999999999,0,0,Randomized,0.9675
0.1,1.0,1.0,0,0,Randomized,0.9675
0.1,1.0,1.0,0,0,Randomized,0.9675
0.1,1.0,0.9999999999999999,0,0,Randomized,0.9675
0.1,1.0,0.49999999999999994,0,0,Randomized,0.9675
0.1,1.0,0.5,0,0,Randomized,0.9675
0.1,1.0,0.7058823529411765,0,0,Randomized,0.9675
0.1,1.0,0.5555555555555556,1,0,Randomized,0.9675
0.1,1.0,0.7692307692307693,0,0,Randomized,0.9675
0.1,1.0,0.7333333333333333,0,0,Randomized,0.9675
0.1,1.0,0.6133333333333333,0,0,Randomized,0.9675
0.1,1.0,0.3333333333333333,0,0,Randomized,0.9675
0.1,1.0,0.64,0,0,Randomized,0.9675
0.1,1.0,0.5,0,0,Randomized,0.9675
0.1,1.0,0.0,0,0,Randomized,0.9675
0.1,1.0,1.0,0,0,Randomized,0.9675
0.1,1.0,0.6607142857142857,0,0,Randomized,0.9675
0.1,1.0,1.0,0,0,Randomized,0.9675
0.1,1.0,0.9999999999999999,0,0,Randomized,0.9675
0.1,1.0,0.68,0,0,Randomized,0.9675
0.1,1.0,0.6956521739130433,0,0,Randomized,0.9675
0.1,1.0,0.6428571428571429,0,0,Randomized,0.9675
0.1,1.0,0.7777777777777778,0,0,Randomized,0.9675
0.1,1.0,1.0,0,0,Randomized,0.9675
0.1,1.0,0.8333333333333333,0,0,Randomized,0.9675
0.1,1.0,0.6190476190476191,0,0,Randomized,0.9675
0.1,1.0,0.5,0,0,Randomized,0.9675
0.1,1.0,0.7037037037037037,0,0,Randomized,0.9675
0.1,1.0,0.7333333333333333,0,0,Randomized,0.9675
0.1,1.0,0.9,0,0,Randomized,0.9675
0.1,1.0,1.0,0,0,Randomized,0.9675
0.1,1.0,0.9999999999999999,0,0,Randomized,0.9675
0.1,1.0,0.6666666666666666,0,0,Randomized,0.9675
0.1,1.0,0.71875,0,0,Randomized,0.9675
0.1,1.0,1.0,0,0,Randomized,0.9675
0.1,1.0,0.9999999999999999,0,0,Randomized,0.9675
0.1,1.0,0.4166666666666667,0,0,Randomized,0.9675
0.1,1.0,0.6842105263157895,0,0,Randomized,0.9675
0.1,1.0,0.6666666666666666,0,0,Randomized,0.9675
0.1,1.0,0.8999999999999998,0,0,Randomized,0.9675
0.1,1.0,0.6111111111111112,0,0,Randomized,0.9675
0.1,1.0,0.7857142857142857,0,0,Randomized,0.9675
0.1,1.0,0.3333333333333333,0,0,Randomized,0.9675
0.1,1.0,0.6333333333333333,1,0,Randomized,0.9675
0.1,1.0,0.6,0,0,Randomized,0.9675
0.1,1.0,0.6666666666666666,0,0,Randomized,0.9675
0.1,1.0,0.6923076923076923,0,0,Randomized,0.9675
0.1,1.0,0.9999999999999999,0,0,Randomized,0.9675
0.1,1.0,0.49999999999999994,0,0,Randomized,0.9675
0.1,1.0,0.6842105263157894,0,0,Randomized,0.9675
0.1,1.0,0.8333333333333334,0,0,Randomized,0.9675
0.1,1.0,0.6923076923076923,0,0,Randomized,0.9675
0.1,1.0,0.7238095238095238,0,0,Randomized,0.9675
0.1,1.0,0.7692307692307693,0,0,Randomized,0.9675
0.1,1.0,0.6,0,0,Randomized,0.9675
0.1,1.0,0.8,0,0,Randomized,0.9675
0.1,1.0,0.25,0,0,Randomized,0.9675
0.1,1.0,0.49999999999999994,0,0,Randomized,0.9675
0.1,1.0,0.75,0,0,Randomized,0.9675
0.1,1.0,0.6666666666666666,0,0,Randomized,0.9675
0.1,1.0,0.782608695652174,1,0,Randomized,0.9675
0.1,1.0,0.9999999999999999,0,0,Randomized,0.9675
0.1,1.0,0.673469387755102,0,0,Randomized,0.9675
0.1,1.0,0.6388888888888888,0,0,Randomized,0.9675
0.1,1.0,0.6666666666666666,0,0,Randomized,0.9675
0.1,1.0,0.6857142857142857,0,0,Randomized,0.9675
0.1,1.0,0.9999999999999999,0,0,Randomized,0.9675
0.1,1.0,0.4444444444444444,0,0,Randomized,0.9675
0.1,1.0,0.5555555555555556,0,0,Randomized,0.9675
0.1,1.0,0.7333333333333332,0,0,Randomized,0.9675
0.1,1.0,0.5,0,0,Randomized,0.9675
0.1,1.0,0.0,0,0,Randomized,0.9675
0.1,1.0,1.0,0,0,Randomized,0.9675
0.1,1.0,0.0,0,0,Randomized,0.9675
0.1,1.0,0.7407407407407407,0,0,Randomized,0.9675
0.1,1.0,0.75,0,0,Randomized,0.9675
0.1,1.0,0.5294117647058822,0,0,Randomized,0.9675
0.1,1.0,0.6825396825396826,0,0,Randomized,0.9675
0.1,1.0,0.5833333333333334,0,0,Randomized,0.9675
0.1,1.0,0.0,0,0,Randomized,0.9675
0.1,1.0,0.9999999999999999,0,0,Randomized,0.9675
0.1,1.0,0.9999999999999999,1,0,Randomized,0.9675
0.1,1.0,0.6666666666666665,0,0,Randomized,0.9675
0.1,1.0,0.7523809523809524,0,0,Randomized,0.9675
0.1,1.0,0.75,0,0,Randomized,0.9675
0.1,1.0,0.9999999999999999,0,0,Randomized,0.9675
0.1,1.0,0.9714285714285714,0,0,Randomized,0.9675
0.1,1.0,0.9999999999999999,0,0,Randomized,0.9675
0.1,1.0,1.0,1,0,Randomized,0.9675
0.1,1.0,0.6666666666666666,0,0,Randomized,0.9675
0.1,1.0,0.8181818181818182,0,0,Randomized,0.9675
0.1,1.0,0.24999999999999997,0,0,Randomized,0.9675
0.1,1.0,0.7272727272727273,1,0,Randomized,0.9675
0.1,1.0,0.9999999999999999,0,0,Randomized,0.9675
0.1,1.0,0.4999999999999999,0,0,Randomized,0.9675
0.1,1.0,0.6888888888888889,0,0,Randomized,0.9675
0.1,1.0,0.5714285714285714,1,0,Randomized,0.9675
0.1,1.0,0.9999999999999999,0,0,Randomized,0.9675
0.1,1.0,0.5555555555555556,0,0,Randomized,0.9675
0.1,1.0,0.49999999999999994,0,0,Randomized,0.9675
0.1,1.0,0.7037037037037036,0,0,Randomized,0.9675
0.1,1.0,0.3333333333333333,0,0,Randomized,0.9675
0.1,1.0,0.65,0,0,Randomized,0.9675
0.1,1.0,0.6071428571428571,0,0,Randomized,0.9675
0.1,1.0,0.5624999999999999,0,0,Randomized,0.9675
0.1,1.0,0.631578947368421,0,0,Randomized,0.9675
0.1,1.0,0.5,0,0,Randomized,0.9675
0.1,1.0,0.49999999999999994,0,0,Randomized,0.9675
0.1,1.0,0.9999999999999998,0,0,Randomized,0.9675
0.1,1.0,0.9999999999999999,0,0,Randomized,0.9675
0.1,1.0,0.49999999999999994,0,0,Randomized,0.9675
0.1,1.0,0.5,0,0,Randomized,0.9675
0.1,1.0,0.7013888888888888,0,0,Randomized,0.9675
0.1,1.0,0.6538461538461539,0,0,Randomized,0.9675
0.1,1.0,0.8666666666666667,0,0,Randomized,0.9675
0.1,1.0,0.7619047619047619,0,0,Randomized,0.9675
0.1,1.0,0.6153846153846154,0,0,Randomized,0.9675
0.1,1.0,1.0,0,0,Randomized,0.9675
0.1,1.0,0.7037037037037037,0,0,Randomized,0.9675
0.1,1.0,0.9999999999999999,0,0,Randomized,0.9675
0.1,1.0,0.7999999999999999,0,0,Randomized,0.9675
0.1,1.0,0.675,1,0,Randomized,0.9675
0.1,1.0,0.8,0,0,Randomized,0.9675
0.1,1.0,0.75,0,0,Randomized,0.9675
0.1,1.0,0.5999999999999999,0,0,Randomized,0.9675
0.1,1.0,1.0,1,0,Randomized,0.9675
0.1,1.0,0.6666666666666666,0,0,Randomized,0.9675
0.1,1.0,0.75,0,0,Randomized,0.9675
0.1,1.0,0.6666666666666666,0,0,Randomized,0.9675
0.1,1.0,0.8235294117647058,0,0,Randomized,0.9675
0.1,1.0,0.8,0,0,Randomized,0.9675
0.1,1.0,0.4999999999999999,0,0,Randomized,0.9675
0.1,1.0,0.5625,0,0,Randomized,0.9675
0.1,1.0,0.6,0,0,Randomized,0.9675
0.1,1.0,0.8,0,0,Randomized,0.9675
0.1,1.0,0.0,0,0,Randomized,0.9675
0.1,1.0,0.9999999999999999,0,0,Randomized,0.9675
0.1,1.0,0.6666666666666666,0,0,Randomized,0.9675
0.1,1.0,0.7222222222222222,0,0,Randomized,0.9675
0.1,1.0,0.7142857142857143,0,0,Randomized,0.9675
0.1,1.0,0.9999999999999999,0,0,Randomized,0.9675
0.1,1.0,0.75,0,0,Randomized,0.9675
0.1,1.0,0.5625,0,0,Randomized,0.9675
0.1,1.0,1.0,0,0,Randomized,0.9675
0.1,1.0,0.6944444444444444,0,0,Randomized,0.9675
0.1,1.0,0.8333333333333334,0,0,Randomized,0.9675
0.1,1.0,0.75,0,0,Randomized,0.9675
0.1,1.0,0.74,0,0,Randomized,0.9675
0.1,1.0,0.9999999999999999,0,0,Randomized,0.9675
0.1,1.0,0.9999999999999999,0,0,Randomized,0.9675
0.1,1.0,0.7058823529411765,0,0,Randomized,0.9675
0.1,1.0,0.65,0,0,Randomized,0.9675
0.1,1.0,0.9999999999999998,0,0,Randomized,0.9675
0.1,1.0,0.7647058823529411,1,0,Randomized,0.9675
0.1,1.0,0.7368421052631579,0,0,Randomized,0.9675
0.1,1.0,0.7,0,0,Randomized,0.9675
0.1,1.0,0.9999999999999999,0,0,Randomized,0.9675
0.1,1.0,0.7,0,0,Randomized,0.9675
0.1,1.0,0.7142857142857143,0,0,Randomized,0.9675
0.1,1.0,0.6470588235294116,0,0,Randomized,0.9675
0.1,1.0,1.0,0,0,Randomized,0.9675
0.1,1.0,0.7211538461538461,0,0,Randomized,0.9675
0.1,1.0,0.9999999999999999,0,0,Randomized,0.9675
0.1,1.0,0.5,0,0,Randomized,0.9675
0.1,1.0,0.5,0,0,Randomized,0.9675
0.1,1.0,1.0,0,0,Randomized,0.9675
0.1,1.0,0.7499999999999999,0,0,Randomized,0.9675
0.1,1.0,0.5999999999999999,0,0,Randomized,0.9675
0.1,1.0,0.3333333333333333,0,0,Randomized,0.9675
0.1,1.0,0.6153846153846154,0,0,Randomized,0.9675
0.1,1.0,0.6086956521739131,0,0,Randomized,0.9675
0.1,1.0,1.0,0,0,Randomized,0.9675
0.1,1.0,0.6842105263157895,0,0,Randomized,0.9675
0.1,1.0,0.8333333333333334,0,0,Randomized,0.9675
0.1,1.0,0.6666666666666666,0,0,Randomized,0.9675
0.1,1.0,0.9999999999999999,1,0,Randomized,0.9675
0.1,1.0,0.7352941176470589,0,1,Randomized,0.9675
0.1,1.0,1.0,0,0,Randomized,0.9675
0.1,1.0,0.8666666666666667,0,0,Randomized,0.9675
0.1,1.0,0.7589743589743589,0,1,Randomized,0.9675
0.1,1.0,0.5,0,0,Randomized,0.9675
0.1,1.0,0.49999999999999994,0,0,Randomized,0.9675
0.1,1.0,0.8888888888888888,0,0,Randomized,0.9675
0.1,1.0,0.75,0,0,Randomized,0.9675
0.1,1.0,0.72,1,0,Randomized,0.9675
0.1,1.0,0.6421052631578947,1,0,Randomized,0.9675
0.1,1.0,0.0,0,0,Randomized,0.9675
0.1,1.0,0.75,0,0,Randomized,0.9675
0.1,1.0,0.7142857142857143,0,0,Randomized,0.9675
0.1,1.0,0.6428571428571427,0,0,Randomized,0.9675
0.1,1.0,0.0,0,0,Randomized,0.9675
0.1,1.0,1.0,0,0,Randomized,0.9675
0.1,1.0,0.7692307692307693,0,0,Randomized,0.9675
0.1,1.0,0.75,0,0,Randomized,0.9675
0.1,1.0,0.9583333333333334,0,0,Randomized,0.9675
0.1,1.0,0.7226890756302521,0,0,Randomized,0.9675
0.1,1.0,0.6666666666666666,0,0,Randomized,0.9675
0.1,1.0,0.4,0,0,Randomized,0.9675
0.1,1.0,1.0,0,0,Randomized,0.9675
0.1,1.0,0.8,0,0,Randomized,0.9675
0.1,1.0,0.6923076923076923,0,0,Randomized,0.9675
0.1,1.0,0.6631578947368421,0,0,Randomized,0.9675
0.1,1.0,0.9999999999999999,0,0,Randomized,0.9675
0.1,1.0,0.7,0,1,Randomized,0.9675
0.1,1.0,0.7307692307692307,0,0,Randomized,0.9675
0.1,1.0,1.0,0,0,Randomized,0.9675
0.1,1.0,0.3333333333333333,0,0,Randomized,0.9675
0.1,1.0,0.69,0,0,Randomized,0.9675
0.1,1.0,0.6666666666666666,0,0,Randomized,0.9675
0.1,1.0,1.0,0,0,Randomized,0.9675
0.1,1.0,1.0,0,0,Randomized,0.9675
0.1,1.0,0.625,0,0,Randomized,0.9675
0.1,1.0,0.7222222222222222,0,0,Randomized,0.9675
0.1,1.0,0.875,0,0,Randomized,0.9675
0.1,1.0,0.9999999999999999,0,0,Randomized,0.9675
0.1,1.0,0.2857142857142857,0,0,Randomized,0.9675
0.1,1.0,0.9999999999999999,0,0,Randomized,0.9675
0.1,1.0,0.6388888888888888,0,0,Randomized,0.9675
0.1,1.0,0.7916666666666666,0,0,Randomized,0.9675
0.1,1.0,0.75,0,0,Randomized,0.9675
0.1,1.0,0.9999999999999999,0,0,Randomized,0.9675
0.1,1.0,0.5740740740740741,0,0,Randomized,0.9675
0.1,1.0,0.6363636363636364,0,0,Randomized,0.9675
0.1,1.0,1.0,0,0,Randomized,0.9675
0.1,1.0,0.8333333333333334,0,0,Randomized,0.9675
0.1,1.0,0.696969696969697,0,0,Randomized,0.9675
0.1,1.0,0.7499999999999999,0,0,Randomized,0.9675
0.1,1.0,0.7142857142857143,0,0,Randomized,0.9675
0.1,1.0,1.0,0,0,Randomized,0.9675
0.1,1.0,0.6818181818181818,0,0,Randomized,0.9675
0.1,1.0,0.5,0,0,Randomized,0.9675
0.1,1.0,0.6,0,0,Randomized,0.9675
0.1,1.0,0.6666666666666666,0,0,Randomized,0.9675
0.1,1.0,1.0,0,0,Randomized,0.9675
0.1,1.0,0.857142857142857,0,0,Randomized,0.9675
0.1,1.0,0.857142857142857,0,0,Randomized,0.9675
0.1,1.0,0.53125,0,0,Randomized,0.9675
0.1,1.0,0.6666666666666666,0,0,Randomized,0.9675
0.1,1.0,0.4545454545454545,0,0,Randomized,0.9675
0.1,1.0,1.0,0,0,Randomized,0.9675
0.1,1.0,0.5,0,0,Randomized,0.9675
0.1,1.0,0.9999999999999999,0,0,Randomized,0.9675
0.1,1.0,0.5625,0,0,Randomized,0.9675
0.1,1.0,0.7083333333333334,0,0,Randomized,0.9675
0.1,1.0,0.6818181818181818,0,0,Randomized,0.9675
0.1,1.0,1.0,0,0,Randomized,0.9675
0.1,1.0,0.49999999999999994,0,0,Randomized,0.9675
0.1,1.0,0.7083333333333331,0,0,Randomized,0.9675
0.1,1.0,0.6666666666666666,0,0,Randomized,0.9675
0.1,1.0,0.5384615384615384,0,0,Randomized,0.9675
0.1,1.0,0.5,0,0,Randomized,0.9675
0.1,1.0,0.7692307692307693,0,0,Randomized,0.9675
0.1,1.0,1.0,0,0,Randomized,0.9675
0.1,1.0,0.7692307692307693,0,0,Randomized,0.9675
0.1,1.0,1.0,0,0,Randomized,0.9675
0.1,1.0,0.0,1,0,Randomized,0.9675
0.1,1.0,0.5833333333333333,0,0,Randomized,0.9675
0.1,1.0,1.0,0,0,Randomized,0.9675
0.1,1.0,0.6666666666666666,1,0,Randomized,0.9675
0.1,1.0,0.8695652173913043,0,0,Randomized,0.9675
0.1,1.0,0.9999999999999999,0,0,Randomized,0.9675
0.1,2.125,2.125,0,0,Randomized,0.9665
0.1,2.125,2.125,0,0,Randomized,0.9665
0.1,2.125,1.3522727272727273,0,0,Randomized,0.9665
0.1,2.125,1.6696428571428572,0,0,Randomized,0.9665
0.1,2.125,2.125,0,0,Randomized,0.9665
0.1,2.125,2.125,0,0,Randomized,0.9665
0.1,2.125,1.375,0,0,Randomized,0.9665
0.1,2.125,0.425,0,0,Randomized,0.9665
0.1,2.125,2.125,0,0,Randomized,0.9665
0.1,2.125,2.125,1,0,Randomized,0.9665
0.1,2.125,0.9107142857142857,0,0,Randomized,0.9665
0.1,2.125,1.4166666666666667,0,0,Randomized,0.9665
0.1,2.125,1.1333333333333333,0,0,Randomized,0.9665
0.1,2.125,0.0,0,0,Randomized,0.9665
0.1,2.125,1.7708333333333333,0,1,Randomized,0.9665
0.1,2.125,0.9916666666666667,0,0,Randomized,0.9665
0.1,2.125,1.328125,0,0,Randomized,0.9665
0.1,2.125,1.4528061224489797,0,0,Randomized,0.9665
0.1,2.125,1.9318181818181819,0,0,Randomized,0.9665
0.1,2.125,2.125,0,0,Randomized,0.9665
0.1,2.125,1.59375,0,0,Randomized,0.9665
0.1,2.125,0.8854166666666666,0,0,Randomized,0.9665
0.1,2.125,1.859375,0,0,Randomized,0.9665
0.1,2.125,0.796875,0,0,Randomized,0.9665
0.1,2.125,1.7386363636363635,0,0,Randomized,0.9665
0.1,2.125,1.7314814814814814,1,0,Randomized,0.9665
0.1,2.125,1.8841666666666668,0,1,Randomized,0.9665
0.1,2.125,2.125,0,0,Randomized,0.9665
0.1,2.125,1.7980769230769231,0,0,Randomized,0.9665
0.1,2.125,1.6291666666666667,0,0,Randomized,0.9665
0.1,2.125,0.0,0,0,Randomized,0.9665
0.1,2.125,1.4320652173913044,0,0,Randomized,0.9665
0.1,2.125,0.0,0,0,Randomized,0.9665
0.1,2.125,1.275,0,0,Randomized,0.9665
0.1,2.125,1.7708333333333333,0,0,Randomized,0.9665
0.1,2.125,1.2532051282051282,0,0,Randomized,0.9665
0.1,2.125,2.125,0,0,Randomized,0.9665
0.1,2.125,1.7,0,0,Randomized,0.9665
0.1,2.125,1.2041666666666666,0,0,Randomized,0.9665
0.1,2.125,2.125,0,0,Randomized,0.9665
0.1,2.125,2.125,0,0,Randomized,0.9665
0.1,2.125,2.125,0,0,Randomized,0.9665
0.1,2.125,1.6696428571428572,0,0,Randomized,0.9665
0.1,2.125,0.9807692307692307,0,0,Randomized,0.9665
0.1,2.125,2.125,0,0,Randomized,0.9665
0.1,2.125,2.125,0,0,Randomized,0.9665
0.1,2.125,2.125,1,0,Randomized,0.9665
0.1,2.125,0.9296875,0,0,Randomized,0.9665
0.1,2.125,2.125,0,0,Randomized,0.9665
0.1,2.125,2.125,0,0,Randomized,0.9665
0.1,2.125,1.4166666666666667,0,0,Randomized,0.9665
0.1,2.125,1.7,0,0,Randomized,0.9665
0.1,2.125,1.7386363636363635,0,0,Randomized,0.9665
0.1,2.125,1.8888888888888888,0,0,Randomized,0.9665
0.1,2.125,1.6527777777777777,0,0,Randomized,0.9665
0.1,2.125,1.2142857142857142,0,0,Randomized,0.9665
0.1,2.125,2.125,0,0,Randomized,0.9665
0.1,2.125,2.125,0,0,Randomized,0.9665
0.1,2.125,1.8416666666666666,0,0,Randomized,0.9665
0.1,2.125,1.59375,0,0,Randomized,0.9665
0.1,2.125,1.7560763888888888,0,0,Randomized,0.9665
0.1,2.125,1.8214285714285714,0,0,Randomized,0.9665
0.1,2.125,2.125,0,0,Randomized,0.9665
0.1,2.125,1.8101851851851851,0,0,Randomized,0.9665
0.1,2.125,1.4419642857142858,0,0,Randomized,0.9665
0.1,2.125,1.3522727272727273,0,0,Randomized,0.9665
0.1,2.125,1.59375,0,0,Randomized,0.9665
0.1,2.125,1.0625,0,0,Randomized,0.9665
0.1,2.125,2.125,0,0,Randomized,0.9665
0.1,2.125,1.9479166666666667,0,1,Randomized,0.9665
0.1,2.125,1.9921875,0,0,Randomized,0.9665
0.1,2.125,1.5,0,0,Randomized,0.9665
0.1,2.125,1.0625,0,0,Randomized,0.9665
0.1,2.125,2.125,1,0,Randomized,0.9665
0.1,2.125,1.9479166666666667,0,0,Randomized,0.9665
0.1,2.125,2.125,0,0,Randomized,0.9665
0.1,2.125,1.6865079365079365,0,0,Randomized,0.9665
0.1,2.125,1.4166666666666667,0,0,Randomized,0.9665
0.1,2.125,1.4875,0,0,Randomized,0.9665
0.1,2.125,1.859375,0,0,Randomized,0.9665
0.1,2.125,1.0625,0,0,Randomized,0.9665
0.1,2.125,0.9916666666666667,0,0,Randomized,0.9665
0.1,2.125,2.125,0,0,Randomized,0.9665
0.1,2.125,2.125,0,0,Randomized,0.9665
0.1,2.125,2.125,0,0,Randomized,0.9665
0.1,2.125,1.75,0,0,Randomized,0.9665
0.1,2.125,0.0,0,0,Randomized,0.9665
0.1,2.125,1.8888888888888888,0,0,Randomized,0.9665
0.1,2.125,1.275,0,0,Randomized,0.9665
0.1,2.125,1.4875,0,0,Randomized,0.9665
0.1,2.125,2.125,1,0,Randomized,0.9665
0.1,2.125,1.5178571428571428,0,0,Randomized,0.9665
0.1,2.125,1.75,0,0,Randomized,0.9665
0.1,2.125,2.125,1,1,Randomized,0.9665
0.1,2.125,2.125,0,0,Randomized,0.9665
0.1,2.125,1.275,0,0,Randomized,0.9665
0.1,2.125,1.7601010101010102,0,0,Randomized,0.9665
0.1,2.125,1.2986111111111112,0,0,Randomized,0.9665
0.1,2.125,2.125,0,0,Randomized,0.9665
0.1,2.125,2.125,0,0,Randomized,0.9665
0.1,2.125,2.125,1,0,Randomized,0.9665
0.1,2.125,2.125,0,0,Randomized,0.9665
0.1,2.125,1.2986111111111112,0,0,Randomized,0.9665
0.1,2.125,0.53125,0,0,Randomized,0.9665
0.1,2.125,2.125,1,0,Randomized,0.9665
0.1,2.125,1.803453947368421,0,0,Randomized,0.9665
0.1,2.125,1.4166666666666667,0,0,Randomized,0.9665
0.1,2.125,1.52734375,0,0,Randomized,0.9665
0.1,2.125,1.5583333333333333,0,0,Randomized,0.9665
0.1,2.125,2.125,0,0,Randomized,0.9665
0.1,2.125,1.7980769230769231,0,1,Randomized,0.9665
0.1,2.125,2.125,1,0,Randomized,0.9665
0.1,2.125,1.328125,0,0,Randomized,0.9665
0.1,2.125,2.125,0,0,Randomized,0.9665
0.1,2.125,1.6742424242424243,0,0,Randomized,0.9665
0.1,2.125,1.26171875,0,0,Randomized,0.9665
0.1,2.125,0.85,0,0,Randomized,0.9665
0.1,2.125,2.125,0,0,Randomized,0.9665
0.1,2.125,0.9659090909090909,0,0,Randomized,0.9665
0.1,2.125,2.125,0,0,Randomized,0.9665
0.1,2.125,1.8214285714285714,0,0,Randomized,0.9665
0.1,2.125,2.125,0,0,Randomized,0.9665
0.1,2.125,1.93375,0,1,Randomized,0.9665
0.1,2.125,1.722537878787879,0,1,Randomized,0.9665
0.1,2.125,1.3136363636363637,0,0,Randomized,0.9665
0.1,2.125,2.125,0,0,Randomized,0.9665
0.1,2.125,0.7083333333333334,0,0,Randomized,0.9665
0.1,2.125,1.859375,0,0,Randomized,0.9665
0.1,2.125,2.125,1,0,Randomized,0.9665
0.1,2.125,2.125,0,0,Randomized,0.9665
0.1,2.125,2.125,0,0,Randomized,0.9665
0.1,2.125,2.125,0,0,Randomized,0.9665
0.1,2.125,0.0,0,0,Randomized,0.9665
0.1,2.125,1.7265625,0,0,Randomized,0.9665
0.1,2.125,1.6527777777777777,0,0,Randomized,0.9665
0.1,2.125,1.328125,0,0,Randomized,0.9665
0.1,2.125,1.2395833333333333,0,0,Randomized,0.9665
0.1,2.125,1.67875,0,1,Randomized,0.9665
0.1,2.125,2.125,0,0,Randomized,0.9665
0.1,2.125,1.375,0,0,Randomized,0.9665
0.1,2.125,1.6178977272727273,0,0,Randomized,0.9665
0.1,2.125,1.6527777777777777,0,0,Randomized,0.9665
0.1,2.125,0.53125,0,0,Randomized,0.9665
0.1,2.125,0.9107142857142857,0,0,Randomized,0.9665
0.1,2.125,1.37987012987013,0,0,Randomized,0.9665
0.1,2.125,1.0625,0,0,Randomized,0.9665
0.1,2.125,0.6375,0,0,Randomized,0.9665
0.1,2.125,2.125,0,0,Randomized,0.9665
0.1,2.125,1.6822916666666667,0,0,Randomized,0.9665
0.1,2.125,1.7607142857142857,0,0,Randomized,0.9665
0.1,2.125,2.125,0,0,Randomized,0.9665
0.1,2.125,2.0984375,0,0,Randomized,0.9665
0.1,2.125,1.2556818181818181,0,0,Randomized,0.9665
0.1,2.125,2.125,0,0,Randomized,0.9665
0.1,2.125,1.7455357142857142,0,1,Randomized,0.9665
0.1,2.125,1.59375,0,0,Randomized,0.9665
0.1,2.125,2.125,0,0,Randomized,0.9665
0.1,2.125,2.125,0,0,Randomized,0.9665
0.1,2.125,2.125,0,0,Randomized,0.9665
0.1,2.125,2.125,0,0,Randomized,0.9665
0.1,2.125,1.4912280701754386,0,0,Randomized,0.9665
0.1,2.125,2.125,0,0,Randomized,0.9665
0.1,2.125,2.125,0,0,Randomized,0.9665
0.1,2.125,0.796875,1,0,Randomized,0.9665
0.1,2.125,1.59375,0,0,Randomized,0.9665
0.1,2.125,1.5412087912087913,0,0,Randomized,0.9665
0.1,2.125,1.859375,0,0,Randomized,0.9665
0.1,2.125,1.434375,0,0,Randomized,0.9665
0.1,2.125,1.275,0,0,Randomized,0.9665
0.1,2.125,1.4875,0,0,Randomized,0.9665
0.1,2.125,1.8214285714285714,0,0,Randomized,0.9665
0.1,2.125,2.125,0,0,Randomized,0.9665
0.1,2.125,2.125,0,0,Randomized,0.9665
0.1,2.125,1.3154761904761905,0,0,Randomized,0.9665
0.1,2.125,1.9615384615384615,0,0,Randomized,0.9665
0.1,2.125,1.0625,0,0,Randomized,0.9665
0.1,2.125,1.6346153846153846,0,0,Randomized,0.9665
0.1,2.125,2.125,1,0,Randomized,0.9665
0.1,2.125,1.7265625,0,0,Randomized,0.9665
0.1,2.125,1.4166666666666667,0,0,Randomized,0.9665
0.1,2.125,1.0625,0,0,Randomized,0.9665
0.1,2.125,1.4166666666666667,1,0,Randomized,0.9665
0.1,2.125,2.125,0,0,Randomized,0.9665
0.1,2.125,0.0,0,0,Randomized,0.9665
0.1,2.125,2.125,1,0,Randomized,0.9665
0.1,2.125,0.9739583333333334,0,0,Randomized,0.9665
0.1,2.125,1.80625,0,0,Randomized,0.9665
0.1,2.125,1.8352272727272727,0,1,Randomized,0.9665
0.1,2.125,1.7,0,0,Randomized,0.9665
0.1,2.125,1.3522727272727273,0,0,Randomized,0.9665
0.1,2.125,0.425,0,0,Randomized,0.9665
0.1,2.125,1.3522727272727273,0,0,Randomized,0.9665
0.1,2.125,1.59375,0,0,Randomized,0.9665
0.1,2.125,1.7,0,0,Randomized,0.9665
0.1,2.125,2.125,0,0,Randomized,0.9665
0.1,2.125,1.4875,1,0,Randomized,0.9665
0.1,2.125,1.9732142857142858,0,0,Randomized,0.9665
0.1,2.125,0.0,0,0,Randomized,0.9665
0.1,2.125,2.125,0,0,Randomized,0.9665
0.1,2.125,1.445,0,0,Randomized,0.9665
0.1,2.125,2.125,0,0,Randomized,0.9665
0.1,2.125,1.3458333333333334,0,0,Randomized,0.9665
0.1,2.125,1.36,0,0,Randomized,0.9665
0.1,2.125,2.125,0,0,Randomized,0.9665
0.1,2.125,0.7727272727272727,0,0,Randomized,0.9665
0.1,2.125,1.8888888888888888,0,0,Randomized,0.9665
0.1,2.125,1.230263157894737,0,0,Randomized,0.9665
0.1,2.125,1.6754807692307692,0,0,Randomized,0.9665
0.1,2.125,1.4166666666666667,0,0,Randomized,0.9665
0.1,2.125,1.59375,0,0,Randomized,0.9665
0.1,2.125,1.0625,1,0,Randomized,0.9665
0.1,2.125,1.4166666666666667,0,0,Randomized,0.9665
0.1,2.125,1.3421052631578947,0,0,Randomized,0.9665
0.1,2.125,1.59375,0,0,Randomized,0.9665
0.1,2.125,1.1875,0,0,Randomized,0.9665
0.1,2.125,1.59375,0,0,Randomized,0.9665
0.1,2.125,2.125,0,0,Randomized,0.9665
0.1,2.125,2.125,0,0,Randomized,0.9665
0.1,2.125,1.6696428571428572,1,0,Randomized,0.9665
0.1,2.125,0.7727272727272727,0,0,Randomized,0.9665
0.1,2.125,1.9479166666666667,0,0,Randomized,0.9665
0.1,2.125,2.125,0,0,Randomized,0.9665
0.1,2.125,2.125,0,0,Randomized,0.9665
0.1,2.125,1.4166666666666667,0,0,Randomized,0.9665
0.1,2.125,1.1204545454545454,0,0,Randomized,0.9665
0.1,2.125,2.125,0,0,Randomized,0.9665
0.1,2.125,1.59375,0,0,Randomized,0.9665
0.1,2.125,0.3541666666666667,0,0,Randomized,0.9665
0.1,2.125,1.1953125,0,0,Randomized,0.9665
0.1,2.125,2.125,0,0,Randomized,0.9665
0.1,2.125,0.0,0,0,Randomized,0.9665
0.1,2.125,2.125,0,0,Randomized,0.9665
0.1,2.125,1.8888888888888888,0,0,Randomized,0.9665
0.1,2.125,1.4782608695652173,0,0,Randomized,0.9665
0.1,2.125,1.859375,0,0,Randomized,0.9665
0.1,2.125,1.275,0,0,Randomized,0.9665
0.1,2.125,1.8214285714285714,0,0,Randomized,0.9665
0.1,2.125,2.125,0,0,Randomized,0.9665
0.1,2.125,1.9318181818181819,0,0,Randomized,0.9665
0.1,2.125,2.125,0,0,Randomized,0.9665
0.1,2.125,1.1590909090909092,0,0,Randomized,0.9665
0.1,2.125,1.6420454545454546,0,0,Randomized,0.9665
0.1,2.125,2.125,0,0,Randomized,0.9665
0.1,2.125,1.328125,0,0,Randomized,0.9665
0.1,2.125,1.7386363636363635,0,0,Randomized,0.9665
0.1,2.125,1.5454545454545454,0,0,Randomized,0.9665
0.1,2.125,2.125,1,0,Randomized,0.9665
0.1,2.125,2.125,0,0,Randomized,0.9665
0.1,2.125,1.1805555555555556,0,0,Randomized,0.9665
0.1,2.125,2.125,0,0,Randomized,0.9665
0.1,2.125,1.6645833333333333,0,0,Randomized,0.9665
0.1,2.125,2.125,0,0,Randomized,0.9665
0.1,2.125,2.125,0,0,Randomized,0.9665
0.1,2.125,1.0625,0,0,Randomized,0.9665
0.1,2.125,1.8888888888888888,0,0,Randomized,0.9665
0.1,2.125,1.59375,0,0,Randomized,0.9665
0.1,2.125,1.6696428571428572,0,0,Randomized,0.9665
0.1,2.125,1.8214285714285714,0,0,Randomized,0.9665
0.1,2.125,0.8854166666666666,0,0,Randomized,0.9665
0.1,2.125,1.5178571428571428,0,0,Randomized,0.9665
0.1,2.125,1.59375,0,0,Randomized,0.9665
0.1,2.125,1.8364197530864197,0,0,Randomized,0.9665
0.1,2.125,2.125,0,0,Randomized,0.9665
0.1,2.125,2.125,0,0,Randomized,0.9665
0.1,2.125,2.125,0,0,Randomized,0.9665
0.1,2.125,2.125,0,0,Randomized,0.9665
0.1,2.125,1.6346153846153846,0,0,Randomized,0.9665
0.1,2.125,2.125,0,0,Randomized,0.9665
0.1,2.125,0.0,0,0,Randomized,0.9665
0.1,2.125,1.7265625,0,0,Randomized,0.9665
0.1,2.125,0.9107142857142857,0,0,Randomized,0.9665
0.1,2.125,1.2986111111111112,0,0,Randomized,0.9665
0.1,2.125,0.7589285714285714,0,0,Randomized,0.9665
0.1,2.125,0.3541666666666667,0,0,Randomized,0.9665
0.1,2.125,1.1805555555555556,0,0,Randomized,0.9665
0.1,2.125,2.125,0,0,Randomized,0.9665
0.1,2.125,2.125,0,0,Randomized,0.9665
0.1,2.125,1.4166666666666667,0,0,Randomized,0.9665
0.1,2.125,2.125,0,0,Randomized,0.9665
0.1,2.125,1.7,0,0,Randomized,0.9665
0.1,2.125,1.8214285714285714,0,0,Randomized,0.9665
0.1,2.125,1.5583333333333333,0,0,Randomized,0.9665
0.1,2.125,1.4782608695652173,0,0,Randomized,0.9665
0.1,2.125,2.125,0,0,Randomized,0.9665
0.1,2.125,1.1805555555555556,0,0,Randomized,0.9665
0.1,2.125,2.125,0,0,Randomized,0.9665
0.1,2.125,2.125,0,0,Randomized,0.9665
0.1,2.125,2.125,0,0,Randomized,0.9665
0.1,2.125,1.5583333333333333,0,0,Randomized,0.9665
0.1,2.125,2.125,0,0,Randomized,0.9665
0.1,2.125,0.53125,0,0,Randomized,0.9665
0.1,2.125,1.8888888888888888,0,0,Randomized,0.9665
0.1,2.125,0.0,0,0,Randomized,0.9665
0.1,2.125,1.6158854166666667,0,1,Randomized,0.9665
0.1,2.125,1.0625,0,0,Randomized,0.9665
0.1,2.125,2.125,0,0,Randomized,0.9665
0.1,2.125,2.125,0,0,Randomized,0.9665
0.1,2.125,1.8888888888888888,0,0,Randomized,0.9665
0.1,2.125,1.4166666666666667,0,0,Randomized,0.9665
0.1,2.125,2.125,0,0,Randomized,0.9665
0.1,2.125,1.0625,0,0,Randomized,0.9665
0.1,2.125,0.7083333333333334,0,0,Randomized,0.9665
0.1,2.125,2.125,0,0,Randomized,0.9665
0.1,2.125,1.8416666666666666,0,0,Randomized,0.9665
0.1,2.125,1.8214285714285714,0,0,Randomized,0.9665
0.1,2.125,1.1590909090909092,0,0,Randomized,0.9665
0.1,2.125,1.4166666666666667,0,0,Randomized,0.9665
0.1,2.125,1.0625,0,0,Randomized,0.9665
0.1,2.125,2.125,0,0,Randomized,0.9665
0.1,2.125,0.7083333333333334,0,0,Randomized,0.9665
0.1,2.125,2.125,0,0,Randomized,0.9665
0.1,2.125,2.125,0,0,Randomized,0.9665
0.1,2.125,0.0,0,0,Randomized,0.9665
0.1,2.125,1.2466666666666666,0,0,Randomized,0.9665
0.1,2.125,1.9732142857142858,0,0,Randomized,0.9665
0.1,2.125,2.125,0,0,Randomized,0.9665
0.1,2.125,2.125,0,0,Randomized,0.9665
0.1,2.125,2.125,0,0,Randomized,0.9665
0.1,2.125,1.1590909090909092,0,0,Randomized,0.9665
0.1,2.125,1.4642857142857142,0,0,Randomized,0.9665
0.1,2.125,1.7708333333333333,0,0,Randomized,0.9665
0.1,2.125,2.125,0,0,Randomized,0.9665
0.1,2.125,2.125,0,0,Randomized,0.9665
0.1,2.125,0.53125,0,0,Randomized,0.9665
0.1,2.125,1.59375,0,0,Randomized,0.9665
0.1,2.125,1.3421052631578947,0,0,Randomized,0.9665
0.1,2.125,1.36,0,0,Randomized,0.9665
0.1,2.125,2.125,0,0,Randomized,0.9665
0.1,2.125,1.230263157894737,0,0,Randomized,0.9665
0.1,2.125,1.3621794871794872,0,0,Randomized,0.9665
0.1,2.125,2.125,0,0,Randomized,0.9665
0.1,2.125,2.125,0,0,Randomized,0.9665
0.1,2.125,0.0,0,0,Randomized,0.9665
0.1,2.125,1.6696428571428572,0,0,Randomized,0.9665
0.1,2.125,1.1805555555555556,0,0,Randomized,0.9665
0.1,2.125,1.5528846153846154,0,0,Randomized,0.9665
0.1,2.125,2.125,0,0,Randomized,0.9665
0.1,2.125,2.125,0,0,Randomized,0.9665
0.1,2.125,2.125,0,0,Randomized,0.9665
0.1,2.125,0.9659090909090909,0,0,Randomized,0.9665
0.1,2.125,1.4166666666666667,0,0,Randomized,0.9665
0.1,2.125,1.4912280701754386,0,0,Randomized,0.9665
0.1,2.125,1.5178571428571428,0,0,Randomized,0.9665
0.1,2.125,1.2556818181818181,0,0,Randomized,0.9665
0.1,2.125,1.3635416666666667,0,0,Randomized,0.9665
0.1,2.125,1.6696428571428572,1,0,Randomized,0.9665
0.1,2.125,2.125,0,0,Randomized,0.9665
0.1,2.125,0.3541666666666667,0,0,Randomized,0.9665
0.1,2.125,0.0,0,0,Randomized,0.9665
0.1,2.125,1.4875,0,0,Randomized,0.9665
0.1,2.125,2.125,1,0,Randomized,0.9665
0.1,2.125,1.9125,0,0,Randomized,0.9665
0.1,2.125,1.7,0,0,Randomized,0.9665
0.1,2.125,2.125,0,0,Randomized,0.9665
0.1,2.125,1.6527777777777777,0,0,Randomized,0.9665
0.1,2.125,1.59375,1,0,Randomized,0.9665
0.1,2.125,1.7386363636363635,0,0,Randomized,0.9665
0.1,2.125,1.8214285714285714,0,0,Randomized,0.9665
0.1,2.125,1.8214285714285714,0,0,Randomized,0.9665
0.1,2.125,1.9318181818181819,0,0,Randomized,0.9665
0.1,2.125,2.125,0,0,Randomized,0.9665
0.1,2.125,2.125,0,0,Randomized,0.9665
0.1,2.125,1.7202380952380953,0,0,Randomized,0.9665
0.1,2.125,1.38125,0,0,Randomized,0.9665
0.1,2.125,1.8888888888888888,0,0,Randomized,0.9665
0.1,2.125,1.6006493506493507,0,1,Randomized,0.9665
0.1,2.125,2.125,0,0,Randomized,0.9665
0.1,2.125,1.5244565217391304,0,0,Randomized,0.9665
0.1,2.125,0.0,0,0,Randomized,0.9665
0.1,2.125,1.3660714285714286,0,0,Randomized,0.9665
0.1,2.125,1.328125,0,0,Randomized,0.9665
0.1,2.125,2.125,0,0,Randomized,0.9665
0.1,2.125,1.4638888888888888,0,0,Randomized,0.9665
0.1,2.125,1.9125,0,0,Randomized,0.9665
0.1,2.125,2.125,0,0,Randomized,0.9665
0.1,2.125,1.25,0,0,Randomized,0.9665
0.1,2.125,2.125,0,0,Randomized,0.9665
0.1,2.125,1.7,0,0,Randomized,0.9665
0.1,2.125,2.125,0,0,Randomized,0.9665
0.1,2.125,1.275,0,0,Randomized,0.9665
0.1,2.125,2.125,0,0,Randomized,0.9665
0.1,2.125,2.125,0,0,Randomized,0.9665
0.1,2.125,2.125,0,0,Randomized,0.9665
0.1,2.125,1.691326530612245,0,1,Randomized,0.9665
0.1,2.125,1.5714285714285714,0,0,Randomized,0.9665
0.1,2.125,2.125,0,0,Randomized,0.9665
0.1,2.125,2.125,0,0,Randomized,0.9665
0.1,2.125,1.1805555555555556,0,0,Randomized,0.9665
0.1,2.125,1.0625,0,0,Randomized,0.9665
0.1,2.125,0.9807692307692307,0,0,Randomized,0.9665
0.1,2.125,1.59375,0,0,Randomized,0.9665
0.1,2.125,2.125,0,0,Randomized,0.9665
0.1,2.125,2.125,0,0,Randomized,0.9665
0.1,2.125,2.125,0,0,Randomized,0.9665
0.1,2.125,0.85,0,0,Randomized,0.9665
0.1,2.125,0.9107142857142857,0,0,Randomized,0.9665
0.1,2.125,2.125,0,0,Randomized,0.9665
0.1,2.125,1.3154761904761905,0,0,Randomized,0.9665
0.1,2.125,1.1953125,0,0,Randomized,0.9665
0.1,2.125,1.8888888888888888,0,0,Randomized,0.9665
0.1,2.125,1.5052083333333333,0,0,Randomized,0.9665
0.1,2.125,1.5347222222222223,0,0,Randomized,0.9665
0.1,2.125,0.85,0,0,Randomized,0.9665
0.1,2.125,1.9125,0,0,Randomized,0.9665
0.1,2.125,0.7083333333333334,0,0,Randomized,0.9665
0.1,2.125,1.275,0,0,Randomized,0.9665
0.1,2.125,2.125,0,0,Randomized,0.9665
0.1,2.125,1.7708333333333333,0,0,Randomized,0.9665
0.1,2.125,2.125,0,0,Randomized,0.9665
0.1,2.125,0.0,0,0,Randomized,0.9665
0.1,2.125,1.3894230769230769,0,0,Randomized,0.9665
0.1,2.125,1.6291666666666667,0,0,Randomized,0.9665
0.1,2.125,1.859375,0,0,Randomized,0.9665
0.1,2.125,2.125,0,0,Randomized,0.9665
0.1,2.125,2.125,0,0,Randomized,0.9665
0.1,2.125,1.337962962962963,0,0,Randomized,0.9665
0.1,2.125,2.125,0,0,Randomized,0.9665
0.1,2.125,1.59375,1,0,Randomized,0.9665
0.1,2.125,1.7708333333333333,0,0,Randomized,0.9665
0.1,2.125,1.25,0,0,Randomized,0.9665
0.1,2.125,1.59375,0,0,Randomized,0.9665
0.1,2.125,2.0525568181818183,0,1,Randomized,0.9665
0.1,2.125,2.125,0,0,Randomized,0.9665
0.1,2.125,2.125,0,0,Randomized,0.9665
0.1,2.125,1.0625,0,0,Randomized,0.9665
0.1,2.125,1.38125,0,0,Randomized,0.9665
0.1,2.125,1.4875,0,0,Randomized,0.9665
0.1,2.125,1.4971590909090908,0,0,Randomized,0.9665
0.1,2.125,1.859375,0,0,Randomized,0.9665
0.1,2.125,2.125,0,0,Randomized,0.9665
0.1,2.125,2.125,0,0,Randomized,0.9665
0.1,2.125,1.4520833333333334,0,0,Randomized,0.9665
0.1,2.125,2.125,0,0,Randomized,0.9665
0.1,2.125,2.125,0,0,Randomized,0.9665
0.1,2.125,2.125,0,0,Randomized,0.9665
0.1,2.125,2.125,0,0,Randomized,0.9665
0.1,2.125,1.5454545454545454,0,0,Randomized,0.9665
0.1,2.125,2.125,0,0,Randomized,0.9665
0.1,2.125,2.125,0,0,Randomized,0.9665
0.1,2.125,1.36,0,0,Randomized,0.9665
0.1,2.125,2.125,0,0,Randomized,0.9665
0.1,2.125,1.3522727272727273,0,0,Randomized,0.9665
0.1,2.125,2.125,0,0,Randomized,0.9665
0.1,2.125,0.85,0,0,Randomized,0.9665
0.1,2.125,2.125,0,0,Randomized,0.9665
0.1,2.125,1.4925595238095237,1,0,Randomized,0.9665
0.1,2.125,1.8416666666666666,0,0,Randomized,0.9665
0.1,2.125,1.7708333333333333,0,0,Randomized,0.9665
0.1,2.125,0.7083333333333334,0,0,Randomized,0.9665
0.1,2.125,1.7202380952380953,0,0,Randomized,0.9665
0.1,2.125,1.59375,1,0,Randomized,0.9665
0.1,2.125,2.125,0,0,Randomized,0.9665
0.1,2.125,1.0625,0,0,Randomized,0.9665
0.1,2.125,2.125,0,0,Randomized,0.9665
0.1,2.125,2.125,0,0,Randomized,0.9665
0.1,2.125,1.4166666666666667,0,0,Randomized,0.9665
0.1,2.125,2.125,0,0,Randomized,0.9665
0.1,2.125,1.9615384615384615,0,0,Randomized,0.9665
0.1,2.125,1.6527777777777777,0,0,Randomized,0.9665
0.1,2.125,2.125,0,0,Randomized,0.9665
0.1,2.125,1.4875,0,0,Randomized,0.9665
0.1,2.125,1.2142857142857142,0,0,Randomized,0.9665
0.1,2.125,1.8214285714285714,0,0,Randomized,0.9665
0.1,2.125,1.3858695652173914,0,0,Randomized,0.9665
0.1,2.125,0.0,0,0,Randomized,0.9665
0.1,2.125,2.125,0,0,Randomized,0.9665
0.1,2.125,0.0,0,0,Randomized,0.9665
0.1,2.125,1.3458333333333334,0,0,Randomized,0.9665
0.1,2.125,1.3458333333333334,0,0,Randomized,0.9665
0.1,2.125,2.125,0,0,Randomized,0.9665
0.1,2.125,1.25,0,0,Randomized,0.9665
0.1,2.125,2.125,0,0,Randomized,0.9665
0.1,2.125,1.6282467532467533,0,0,Randomized,0.9665
0.1,2.125,1.4166666666666667,0,0,Randomized,0.9665
0.1,2.125,0.85,1,0,Randomized,0.9665
0.1,2.125,1.859375,0,0,Randomized,0.9665
0.1,2.125,1.8214285714285714,0,0,Randomized,0.9665
0.1,2.125,2.125,0,0,Randomized,0.9665
0.1,2.125,1.1333333333333333,0,0,Randomized,0.9665
0.1,2.125,1.375,0,0,Randomized,0.9665
0.1,2.125,0.85,0,0,Randomized,0.9665
0.1,2.125,1.4166666666666667,0,0,Randomized,0.9665
0.1,2.125,1.12890625,0,0,Randomized,0.9665
0.1,2.125,2.125,0,0,Randomized,0.9665
0.1,2.125,1.892578125,0,0,Randomized,0.9665
0.1,2.125,1.8214285714285714,1,0,Randomized,0.9665
0.1,2.125,1.7708333333333333,0,0,Randomized,0.9665
0.1,2.125,1.4609375,1,0,Randomized,0.9665
0.1,2.125,1.7163461538461537,0,0,Randomized,0.9665
0.1,2.125,2.125,0,0,Randomized,0.9665
0.1,2.125,1.4875,0,0,Randomized,0.9665
0.1,2.125,1.7202380952380953,0,0,Randomized,0.9665
0.1,2.125,2.125,0,0,Randomized,0.9665
0.1,2.125,1.4474637681159421,0,0,Randomized,0.9665
0.1,2.125,1.2901785714285714,0,0,Randomized,0.9665
0.1,2.125,2.125,0,0,Randomized,0.9665
0.1,2.125,2.125,1,0,Randomized,0.9665
0.1,2.125,1.7776442307692308,0,0,Randomized,0.9665
0.1,2.125,1.4166666666666667,0,0,Randomized,0.9665
0.1,2.125,2.125,0,0,Randomized,0.9665
0.1,2.125,1.5052083333333333,0,0,Randomized,0.9665
0.1,2.125,0.7083333333333334,0,0,Randomized,0.9665
0.1,2.125,0.7083333333333334,0,0,Randomized,0.9665
0.1,2.125,1.5642361111111112,0,0,Randomized,0.9665
0.1,2.125,0.0,0,0,Randomized,0.9665
0.1,2.125,1.5558035714285714,0,0,Randomized,0.9665
0.1,2.125,0.425,0,0,Randomized,0.9665
0.1,2.125,1.0625,0,0,Randomized,0.9665
0.1,2.125,1.9125,0,0,Randomized,0.9665
0.1,2.125,1.8973214285714286,0,0,Randomized,0.9665
0.1,2.125,1.498397435897436,0,0,Randomized,0.9665
0.1,2.125,0.9107142857142857,0,0,Randomized,0.9665
0.1,2.125,2.125,0,0,Randomized,0.9665
0.1,2.125,2.125,0,0,Randomized,0.9665
0.1,2.125,1.7980769230769231,0,0,Randomized,0.9665
0.1,2.125,2.125,0,0,Randomized,0.9665
0.1,2.125,2.125,0,0,Randomized,0.9665
0.1,2.125,1.0625,0,0,Randomized,0.9665
0.1,2.125,2.125,0,0,Randomized,0.9665
0.1,2.125,1.8416666666666666,0,0,Randomized,0.9665
0.1,2.125,1.59375,0,0,Randomized,0.9665
0.1,2.125,2.125,0,0,Randomized,0.9665
0.1,2.125,0.53125,0,0,Randomized,0.9665
0.1,2.125,1.0,0,0,Randomized,0.9665
0.1,2.125,1.4166666666666667,0,0,Randomized,0.9665
0.1,2.125,2.125,0,0,Randomized,0.9665
0.1,2.125,1.4166666666666667,0,0,Randomized,0.9665
0.1,2.125,2.125,0,0,Randomized,0.9665
0.1,2.125,2.125,1,0,Randomized,0.9665
0.1,2.125,1.5454545454545454,0,0,Randomized,0.9665
0.1,2.125,1.4166666666666667,0,0,Randomized,0.9665
0.1,2.125,1.4925595238095237,0,0,Randomized,0.9665
0.1,2.125,0.0,0,0,Randomized,0.9665
0.1,2.125,2.125,0,0,Randomized,0.9665
0.1,2.125,2.125,0,0,Randomized,0.9665
0.1,2.125,2.125,0,0,Randomized,0.9665
0.1,2.125,1.4875,0,0,Randomized,0.9665
0.1,2.125,2.125,0,0,Randomized,0.9665
0.1,2.125,1.4166666666666667,0,0,Randomized,0.9665
0.1,2.125,1.0625,0,0,Randomized,0.9665
0.1,2.125,2.125,0,0,Randomized,0.9665
0.1,2.125,1.1953125,0,0,Randomized,0.9665
0.1,2.125,1.9318181818181819,0,0,Randomized,0.9665
0.1,2.125,2.125,0,0,Randomized,0.9665
0.1,2.125,2.125,0,0,Randomized,0.9665
0.1,2.125,1.6346153846153846,0,0,Randomized,0.9665
0.1,2.125,1.3660714285714286,0,0,Randomized,0.9665
0.1,2.125,1.3522727272727273,0,0,Randomized,0.9665
0.1,2.125,1.80625,0,0,Randomized,0.9665
0.1,2.125,2.125,0,0,Randomized,0.9665
0.1,2.125,2.125,0,0,Randomized,0.9665
0.1,2.125,1.118421052631579,0,0,Randomized,0.9665
0.1,2.125,1.59375,0,0,Randomized,0.9665
0.1,2.125,0.30357142857142855,0,0,Randomized,0.9665
0.1,2.125,2.125,0,0,Randomized,0.9665
0.1,2.125,1.0625,0,0,Randomized,0.9665
0.1,2.125,1.59375,0,0,Randomized,0.9665
0.1,2.125,1.921875,0,0,Randomized,0.9665
0.1,2.125,2.125,0,0,Randomized,0.9665
0.1,2.125,2.125,1,0,Randomized,0.9665
0.1,2.125,1.9226190476190477,0,0,Randomized,0.9665
0.1,2.125,2.125,1,0,Randomized,0.9665
0.1,2.125,1.9833333333333334,1,0,Randomized,0.9665
0.1,2.125,1.9479166666666667,1,0,Randomized,0.9665
0.1,2.125,1.8888888888888888,0,0,Randomized,0.9665
0.1,2.125,2.125,0,0,Randomized,0.9665
0.1,2.125,1.859375,1,0,Randomized,0.9665
0.1,2.125,1.7,0,0,Randomized,0.9665
0.1,2.125,2.125,0,0,Randomized,0.9665
0.1,2.125,2.125,0,0,Randomized,0.9665
0.1,2.125,1.59375,0,0,Randomized,0.9665
0.1,2.125,2.0575396825396823,0,0,Randomized,0.9665
0.1,2.125,2.125,0,0,Randomized,0.9665
0.1,2.125,1.6527777777777777,0,0,Randomized,0.9665
0.1,2.125,2.125,0,0,Randomized,0.9665
0.1,2.125,2.125,0,0,Randomized,0.9665
0.1,2.125,2.125,0,0,Randomized,0.9665
0.1,2.125,2.125,0,0,Randomized,0.9665
0.1,2.125,1.3858695652173914,0,0,Randomized,0.9665
0.1,2.125,2.0,0,0,Randomized,0.9665
0.1,2.125,2.125,0,0,Randomized,0.9665
0.1,2.125,2.125,0,0,Randomized,0.9665
0.1,2.125,1.7653846153846153,0,1,Randomized,0.9665
0.1,2.125,1.7980769230769231,0,0,Randomized,0.9665
0.1,2.125,1.859375,0,0,Randomized,0.9665
0.1,2.125,1.16875,0,0,Randomized,0.9665
0.1,2.125,1.5178571428571428,0,0,Randomized,0.9665
0.1,2.125,1.4166666666666667,0,0,Randomized,0.9665
0.1,2.125,2.125,0,0,Randomized,0.9665
0.1,2.125,1.4166666666666667,0,0,Randomized,0.9665
0.1,2.125,2.125,0,0,Randomized,0.9665
0.1,2.125,1.5395408163265305,0,0,Randomized,0.9665
0.1,2.125,1.4976190476190476,0,0,Randomized,0.9665
0.1,2.125,1.3858695652173914,0,0,Randomized,0.9665
0.1,2.125,1.8214285714285714,0,0,Randomized,0.9665
0.1,2.125,0.9916666666666667,0,0,Randomized,0.9665
0.1,2.125,1.3928571428571428,0,0,Randomized,0.9665
0.1,2.125,0.0,0,0,Randomized,0.9665
0.1,2.125,2.125,0,0,Randomized,0.9665
0.1,2.125,2.125,0,0,Randomized,0.9665
0.1,2.125,1.9318181818181819,0,0,Randomized,0.9665
0.1,2.125,0.9296875,0,0,Randomized,0.9665
0.1,2.125,1.859375,0,0,Randomized,0.9665
0.1,2.125,2.125,0,0,Randomized,0.9665
0.1,2.125,1.5583333333333333,0,0,Randomized,0.9665
0.1,2.125,1.7708333333333333,0,0,Randomized,0.9665
0.1,2.125,2.125,0,0,Randomized,0.9665
0.1,2.125,0.9916666666666667,0,0,Randomized,0.9665
0.1,2.125,2.125,0,0,Randomized,0.9665
0.1,2.125,1.8214285714285714,0,0,Randomized,0.9665
0.1,2.125,1.4166666666666667,0,0,Randomized,0.9665
0.1,2.125,2.125,0,0,Randomized,0.9665
0.1,2.125,1.0625,0,0,Randomized,0.9665
0.1,2.125,1.9125,0,0,Randomized,0.9665
0.1,2.125,1.4539473684210527,0,0,Randomized,0.9665
0.1,2.125,1.445,0,0,Randomized,0.9665
0.1,2.125,1.7386363636363635,1,0,Randomized,0.9665
0.1,2.125,2.125,0,0,Randomized,0.9665
0.1,2.125,1.4166666666666667,0,0,Randomized,0.9665
0.1,2.125,1.59375,0,0,Randomized,0.9665
0.1,2.125,1.5412087912087913,0,0,Randomized,0.9665
0.1,2.125,1.1805555555555556,0,0,Randomized,0.9665
0.1,2.125,1.0625,0,0,Randomized,0.9665
0.1,2.125,2.125,0,1,Randomized,0.9665
0.1,2.125,1.9479166666666667,0,0,Randomized,0.9665
0.1,2.125,2.125,0,0,Randomized,0.9665
0.1,2.125,1.8888888888888888,0,0,Randomized,0.9665
0.1,2.125,1.328125,0,0,Randomized,0.9665
0.1,2.125,1.1953125,0,0,Randomized,0.9665
0.1,2.125,1.9318181818181819,0,0,Randomized,0.9665
0.1,2.125,1.4782608695652173,0,0,Randomized,0.9665
0.1,2.125,1.8973214285714286,0,0,Randomized,0.9665
0.1,2.125,2.125,1,0,Randomized,0.9665
0.1,2.125,1.0625,0,0,Randomized,0.9665
0.1,2.125,1.0625,0,0,Randomized,0.9665
0.1,2.125,2.125,0,0,Randomized,0.9665
0.1,2.125,1.445,0,0,Randomized,0.9665
0.1,2.125,1.7,0,0,Randomized,0.9665
0.1,2.125,2.125,0,0,Randomized,0.9665
0.1,2.125,0.53125,0,0,Randomized,0.9665
0.1,2.125,2.125,0,0,Randomized,0.9665
0.1,2.125,2.125,1,0,Randomized,0.9665
0.1,2.125,1.25,0,0,Randomized,0.9665
0.1,2.125,1.275,0,0,Randomized,0.9665
0.1,2.125,1.4609375,0,0,Randomized,0.9665
0.1,2.125,2.125,0,0,Randomized,0.9665
0.1,2.125,1.7,0,0,Randomized,0.9665
0.1,2.125,1.6972402597402598,0,1,Randomized,0.9665
0.1,2.125,1.230263157894737,0,0,Randomized,0.9665
0.1,2.125,1.3222222222222222,0,0,Randomized,0.9665
0.1,2.125,2.125,0,0,Randomized,0.9665
0.1,2.125,1.4744897959183674,0,0,Randomized,0.9665
0.1,2.125,1.59375,0,0,Randomized,0.9665
0.1,2.125,2.125,0,0,Randomized,0.9665
0.1,2.125,0.5795454545454546,0,0,Randomized,0.9665
0.1,2.125,1.7869318181818181,0,0,Randomized,0.9665
0.1,2.125,1.66015625,0,0,Randomized,0.9665
0.1,2.125,2.125,0,0,Randomized,0.9665
0.1,2.125,1.2556818181818181,0,0,Randomized,0.9665
0.1,2.125,1.9081632653061225,0,0,Randomized,0.9665
0.1,2.125,1.4609375,0,0,Randomized,0.9665
0.1,2.125,2.125,0,0,Randomized,0.9665
0.1,2.125,1.2934782608695652,0,0,Randomized,0.9665
0.1,2.125,2.125,0,0,Randomized,0.9665
0.1,2.125,0.0,0,0,Randomized,0.9665
0.1,2.125,0.53125,0,0,Randomized,0.9665
0.1,2.125,1.8888888888888888,0,0,Randomized,0.9665
0.1,2.125,1.3076923076923077,0,0,Randomized,0.9665
0.1,2.125,0.0,0,0,Randomized,0.9665
0.1,2.125,2.125,0,0,Randomized,0.9665
0.1,2.125,1.6696428571428572,0,0,Randomized,0.9665
0.1,2.125,1.9732142857142858,0,0,Randomized,0.9665
0.1,2.125,1.859375,0,0,Randomized,0.9665
0.1,2.125,1.7265625,1,0,Randomized,0.9665
0.1,2.125,2.125,0,0,Randomized,0.9665
0.1,2.125,1.118421052631579,0,0,Randomized,0.9665
0.1,2.125,1.965625,0,0,Randomized,0.9665
0.1,2.125,1.59375,0,0,Randomized,0.9665
0.1,2.125,0.5795454545454546,0,0,Randomized,0.9665
0.1,2.125,0.0,0,0,Randomized,0.9665
0.1,2.125,1.9479166666666667,0,0,Randomized,0.9665
0.1,2.125,1.1805555555555556,0,0,Randomized,0.9665
0.1,2.125,1.708916083916084,0,1,Randomized,0.9665
0.1,2.125,1.7708333333333333,0,0,Randomized,0.9665
0.1,2.125,1.3522727272727273,0,0,Randomized,0.9665
0.1,2.125,0.2361111111111111,0,0,Randomized,0.9665
0.1,2.125,1.4488636363636365,0,0,Randomized,0.9665
0.1,2.125,2.125,0,0,Randomized,0.9665
0.1,2.125,2.125,0,0,Randomized,0.9665
0.1,2.125,0.7727272727272727,0,0,Randomized,0.9665
0.1,2.125,1.8214285714285714,1,0,Randomized,0.9665
0.1,2.125,1.4782608695652173,0,0,Randomized,0.9665
0.1,2.125,1.275,0,0,Randomized,0.9665
0.1,2.125,2.125,0,0,Randomized,0.9665
0.1,2.125,0.3541666666666667,0,0,Randomized,0.9665
0.1,2.125,1.4166666666666667,0,0,Randomized,0.9665
0.1,2.125,1.275,0,0,Randomized,0.9665
0.1,2.125,2.125,0,0,Randomized,0.9665
0.1,2.125,2.125,1,0,Randomized,0.9665
0.1,2.125,0.0,0,0,Randomized,0.9665
0.1,2.125,0.796875,0,0,Randomized,0.9665
0.1,2.125,1.5,0,0,Randomized,0.9665
0.1,2.125,1.275,0,0,Randomized,0.9665
0.1,2.125,1.4166666666666667,0,0,Randomized,0.9665
0.1,2.125,2.125,0,0,Randomized,0.9665
0.1,2.125,1.0625,0,0,Randomized,0.9665
0.1,2.125,1.9833333333333334,0,0,Randomized,0.9665
0.1,2.125,2.125,0,0,Randomized,0.9665
0.1,2.125,2.125,0,0,Randomized,0.9665
0.1,2.125,2.125,0,0,Randomized,0.9665
0.1,2.125,1.5625,0,0,Randomized,0.9665
0.1,2.125,1.0625,0,0,Randomized,0.9665
0.1,2.125,2.125,0,0,Randomized,0.9665
0.1,2.125,1.2934782608695652,0,0,Randomized,0.9665
0.1,2.125,2.125,0,0,Randomized,0.9665
0.1,2.125,2.125,0,0,Randomized,0.9665
0.1,2.125,2.125,0,0,Randomized,0.9665
0.1,2.125,1.859375,0,0,Randomized,0.9665
0.1,2.125,1.7,0,0,Randomized,0.9665
0.1,2.125,2.125,0,0,Randomized,0.9665
0.1,2.125,1.8214285714285714,0,0,Randomized,0.9665
0.1,2.125,0.0,0,0,Randomized,0.9665
0.1,2.125,2.125,0,0,Randomized,0.9665
0.1,2.125,2.0364583333333335,0,0,Randomized,0.9665
0.1,2.125,0.9916666666666667,0,0,Randomized,0.9665
0.1,2.125,1.7944444444444445,0,0,Randomized,0.9665
0.1,2.125,1.859375,0,0,Randomized,0.9665
0.1,2.125,1.7630494505494505,0,1,Randomized,0.9665
0.1,2.125,0.53125,0,0,Randomized,0.9665
0.1,2.125,1.7455357142857142,0,0,Randomized,0.9665
0.1,2.125,1.4166666666666667,0,0,Randomized,0.9665
0.1,2.125,2.125,0,0,Randomized,0.9665
0.1,2.125,1.9125,0,1,Randomized,0.9665
0.1,2.125,1.7708333333333333,0,0,Randomized,0.9665
0.1,2.125,0.0,0,0,Randomized,0.9665
0.1,2.125,1.6645833333333333,0,0,Randomized,0.9665
0.1,2.125,1.0625,0,0,Randomized,0.9665
0.1,2.125,2.125,0,0,Randomized,0.9665
0.1,2.125,1.7708333333333333,0,0,Randomized,0.9665
0.1,2.125,1.4976190476190476,0,0,Randomized,0.9665
0.1,2.125,1.7708333333333333,0,0,Randomized,0.9665
0.1,2.125,2.125,0,0,Randomized,0.9665
0.1,2.125,1.7,0,0,Randomized,0.9665
0.1,2.125,2.125,0,0,Randomized,0.9665
0.1,2.125,1.5583333333333333,0,0,Randomized,0.9665
0.1,2.125,2.125,0,0,Randomized,0.9665
0.1,2.125,2.125,0,0,Randomized,0.9665
0.1,2.125,1.8409090909090908,0,1,Randomized,0.9665
0.1,2.125,2.01875,0,0,Randomized,0.9665
0.1,2.125,2.125,0,0,Randomized,0.9665
0.1,2.125,0.4722222222222222,0,0,Randomized,0.9665
0.1,2.125,1.6683884297520661,0,1,Randomized,0.9665
0.1,2.125,2.125,0,0,Randomized,0.9665
0.1,2.125,1.7708333333333333,0,0,Randomized,0.9665
0.1,2.125,1.7,0,0,Randomized,0.9665
0.1,2.125,1.0625,0,0,Randomized,0.9665
0.1,2.125,1.8101851851851851,0,0,Randomized,0.9665
0.1,2.125,2.125,0,0,Randomized,0.9665
0.1,2.125,0.0,0,0,Randomized,0.9665
0.1,2.125,1.4166666666666667,0,0,Randomized,0.9665
0.1,2.125,2.125,0,0,Randomized,0.9665
0.1,2.125,2.125,0,0,Randomized,0.9665
0.1,2.125,2.125,0,0,Randomized,0.9665
0.1,2.125,1.2986111111111112,0,0,Randomized,0.9665
0.1,2.125,1.328125,0,0,Randomized,0.9665
0.1,2.125,1.7708333333333333,0,0,Randomized,0.9665
0.1,2.125,0.5795454545454546,0,0,Randomized,0.9665
0.1,2.125,1.25,0,0,Randomized,0.9665
0.1,2.125,1.0625,0,0,Randomized,0.9665
0.1,2.125,1.7202380952380953,0,0,Randomized,0.9665
0.1,2.125,1.4875,0,0,Randomized,0.9665
0.1,2.125,1.7,0,0,Randomized,0.9665
0.1,2.125,1.7386363636363635,0,0,Randomized,0.9665
0.1,2.125,0.9296875,0,0,Randomized,0.9665
0.1,2.125,1.7,0,0,Randomized,0.9665
0.1,2.125,1.9125,0,0,Randomized,0.9665
0.1,2.125,1.1636904761904763,0,0,Randomized,0.9665
0.1,2.125,2.125,0,0,Randomized,0.9665
0.1,2.125,2.125,0,0,Randomized,0.9665
0.1,2.125,1.7601010101010102,1,0,Randomized,0.9665
0.1,2.125,1.7980769230769231,0,0,Randomized,0.9665
0.1,2.125,2.125,0,0,Randomized,0.9665
0.1,2.125,1.4166666666666667,0,0,Randomized,0.9665
0.1,2.125,2.0238095238095237,0,0,Randomized,0.9665
0.1,2.125,1.5657894736842106,0,0,Randomized,0.9665
0.1,2.125,1.6776315789473684,0,0,Randomized,0.9665
0.1,2.125,1.5454545454545454,0,0,Randomized,0.9665
0.1,2.125,1.9318181818181819,0,0,Randomized,0.9665
0.1,2.125,2.125,0,0,Randomized,0.9665
0.1,2.125,1.0431818181818182,0,0,Randomized,0.9665
0.1,2.125,0.6375,0,0,Randomized,0.9665
0.1,2.125,1.6630434782608696,0,0,Randomized,0.9665
0.1,2.125,1.7,0,0,Randomized,0.9665
0.1,2.125,1.6313131313131313,0,0,Randomized,0.9665
0.1,2.125,1.4166666666666667,0,0,Randomized,0.9665
0.1,2.125,1.1953125,0,0,Randomized,0.9665
0.1,2.125,1.875,0,0,Randomized,0.9665
0.1,2.125,2.125,0,0,Randomized,0.9665
0.1,2.125,2.125,0,0,Randomized,0.9665
0.1,2.125,2.125,0,0,Randomized,0.9665
0.1,2.125,2.125,0,0,Randomized,0.9665
0.1,2.125,1.5583333333333333,0,0,Randomized,0.9665
0.1,2.125,1.0625,0,0,Randomized,0.9665
0.1,2.125,2.125,1,0,Randomized,0.9665
0.1,2.125,2.125,0,0,Randomized,0.9665
0.1,2.125,1.9833333333333334,0,0,Randomized,0.9665
0.1,2.125,1.5625,0,0,Randomized,0.9665
0.1,2.125,2.125,0,0,Randomized,0.9665
0.1,2.125,2.125,1,0,Randomized,0.9665
0.1,2.125,1.328125,0,0,Randomized,0.9665
0.1,2.125,1.4166666666666667,0,0,Randomized,0.9665
0.1,2.125,1.38125,0,0,Randomized,0.9665
0.1,2.125,1.7,0,1,Randomized,0.9665
0.1,2.125,1.9125,0,0,Randomized,0.9665
0.1,2.125,2.125,0,0,Randomized,0.9665
0.1,2.125,1.50875,0,0,Randomized,0.9665
0.1,2.125,2.125,0,0,Randomized,0.9665
0.1,2.125,2.125,0,0,Randomized,0.9665
0.1,2.125,1.375,0,0,Randomized,0.9665
0.1,2.125,2.125,0,0,Randomized,0.9665
0.1,2.125,1.3522727272727273,0,0,Randomized,0.9665
0.1,2.125,1.4166666666666667,0,0,Randomized,0.9665
0.1,2.125,1.3858695652173914,0,0,Randomized,0.9665
0.1,2.125,1.5052083333333333,0,0,Randomized,0.9665
0.1,2.125,1.5347222222222223,0,0,Randomized,0.9665
0.1,2.125,2.125,0,0,Randomized,0.9665
0.1,2.125,1.859375,0,0,Randomized,0.9665
0.1,2.125,1.2142857142857142,0,0,Randomized,0.9665
0.1,2.125,1.481907894736842,0,0,Randomized,0.9665
0.1,2.125,1.2395833333333333,0,0,Randomized,0.9665
0.1,2.125,1.2395833333333333,0,0,Randomized,0.9665
0.1,2.125,1.5454545454545454,0,0,Randomized,0.9665
0.1,2.125,1.16875,0,0,Randomized,0.9665
0.1,2.125,1.7708333333333333,0,0,Randomized,0.9665
0.1,2.125,1.36,0,0,Randomized,0.9665
0.1,2.125,1.8214285714285714,0,0,Randomized,0.9665
0.1,2.125,2.125,0,0,Randomized,0.9665
0.1,2.125,1.7708333333333333,0,0,Randomized,0.9665
0.1,2.125,0.0,0,0,Randomized,0.9665
0.1,2.125,1.230263157894737,0,0,Randomized,0.9665
0.1,2.125,2.125,0,0,Randomized,0.9665
0.1,2.125,2.125,0,0,Randomized,0.9665
0.1,2.125,2.125,1,0,Randomized,0.9665
0.1,2.125,1.3858695652173914,0,0,Randomized,0.9665
0.1,2.125,2.125,1,0,Randomized,0.9665
0.1,2.125,1.6077302631578947,0,0,Randomized,0.9665
0.1,2.125,1.7,0,0,Randomized,0.9665
0.1,2.125,2.125,0,0,Randomized,0.9665
0.1,2.125,2.125,0,0,Randomized,0.9665
0.1,2.125,0.9296875,0,0,Randomized,0.9665
0.1,2.125,2.125,0,0,Randomized,0.9665
0.1,2.125,1.7265625,0,0,Randomized,0.9665
0.1,2.125,0.9659090909090909,0,0,Randomized,0.9665
0.1,2.125,1.8888888888888888,0,0,Randomized,0.9665
0.1,2.125,1.275,0,0,Randomized,0.9665
0.1,2.125,2.125,0,0,Randomized,0.9665
0.1,2.125,1.4830729166666667,0,0,Randomized,0.9665
0.1,2.125,1.9732142857142858,0,0,Randomized,0.9665
0.1,2.125,1.6696428571428572,0,0,Randomized,0.9665
0.1,2.125,1.38125,0,0,Randomized,0.9665
0.1,2.125,1.5,1,0,Randomized,0.9665
0.1,2.125,1.4166666666666667,0,0,Randomized,0.9665
0.1,2.125,2.125,0,0,Randomized,0.9665
0.1,2.125,2.125,0,0,Randomized,0.9665
0.1,2.125,2.125,0,0,Randomized,0.9665
0.1,2.125,1.3522727272727273,0,0,Randomized,0.9665
0.1,2.125,2.125,0,0,Randomized,0.9665
0.1,2.125,1.4560185185185186,0,0,Randomized,0.9665
0.1,2.125,1.59375,0,0,Randomized,0.9665
0.1,2.125,0.0,0,0,Randomized,0.9665
0.1,2.125,2.125,0,0,Randomized,0.9665
0.1,2.125,1.19,0,0,Randomized,0.9665
0.1,2.125,2.125,0,0,Randomized,0.9665
0.1,2.125,1.1590909090909092,0,0,Randomized,0.9665
0.1,2.125,1.2142857142857142,0,0,Randomized,0.9665
0.1,2.125,1.328125,0,0,Randomized,0.9665
0.1,2.125,1.328125,0,0,Randomized,0.9665
0.1,2.125,0.425,0,0,Randomized,0.9665
0.1,2.125,2.125,1,0,Randomized,0.9665
0.1,2.125,1.4488636363636365,0,0,Randomized,0.9665
0.1,2.125,2.125,0,0,Randomized,0.9665
0.1,2.125,1.9125,0,0,Randomized,0.9665
0.1,2.125,1.38125,0,0,Randomized,0.9665
0.1,2.125,1.6392857142857142,0,0,Randomized,0.9665
0.1,2.125,2.125,0,0,Randomized,0.9665
0.1,2.125,2.125,0,0,Randomized,0.9665
0.1,2.125,1.53,0,0,Randomized,0.9665
0.1,2.125,1.5,0,0,Randomized,0.9665
0.1,2.125,2.125,0,0,Randomized,0.9665
0.1,2.125,1.2142857142857142,0,0,Randomized,0.9665
0.1,2.125,2.125,0,0,Randomized,0.9665
0.1,2.125,1.275,0,0,Randomized,0.9665
0.1,2.125,2.125,0,0,Randomized,0.9665
0.1,2.125,1.4166666666666667,0,0,Randomized,0.9665
0.1,2.125,0.6071428571428571,0,0,Randomized,0.9665
0.1,2.125,1.7202380952380953,0,0,Randomized,0.9665
0.1,2.125,1.5706521739130435,1,0,Randomized,0.9665
0.1,2.125,1.4166666666666667,0,0,Randomized,0.9665
0.1,2.125,0.9296875,0,0,Randomized,0.9665
0.1,2.125,2.125,0,0,Randomized,0.9665
0.1,2.125,1.2986111111111112,0,0,Randomized,0.9665
0.1,2.125,2.125,0,0,Randomized,0.9665
0.1,2.125,1.6103515625,0,0,Randomized,0.9665
0.1,2.125,2.125,0,0,Randomized,0.9665
0.1,2.125,1.79296875,1,0,Randomized,0.9665
0.1,2.125,1.6428571428571428,0,0,Randomized,0.9665
0.1,2.125,1.859375,0,0,Randomized,0.9665
0.1,2.125,2.125,0,0,Randomized,0.9665
0.1,2.125,1.8214285714285714,0,0,Randomized,0.9665
0.1,2.125,2.125,0,0,Randomized,0.9665
0.1,2.125,1.9318181818181819,0,0,Randomized,0.9665
0.1,2.125,1.7,0,0,Randomized,0.9665
0.1,2.125,1.730357142857143,1,0,Randomized,0.9665
0.1,2.125,1.328125,0,0,Randomized,0.9665
0.1,2.125,1.5528846153846154,0,0,Randomized,0.9665
0.1,2.125,2.125,0,0,Randomized,0.9665
0.1,2.125,1.9479166666666667,0,0,Randomized,0.9665
0.1,2.125,1.6921296296296295,0,0,Randomized,0.9665
0.1,2.125,1.0625,0,0,Randomized,0.9665
0.1,2.125,0.0,0,0,Randomized,0.9665
0.1,2.125,1.80625,1,1,Randomized,0.9665
0.1,2.125,1.4166666666666667,0,0,Randomized,0.9665
0.1,2.125,1.1442307692307692,0,0,Randomized,0.9665
0.1,2.125,1.275,0,0,Randomized,0.9665
0.1,2.125,2.125,0,0,Randomized,0.9665
0.1,2.125,1.4166666666666667,0,0,Randomized,0.9665
0.1,2.125,1.79296875,0,1,Randomized,0.9665
0.1,2.125,1.4875,0,0,Randomized,0.9665
0.1,2.125,1.2986111111111112,0,0,Randomized,0.9665
0.1,2.125,1.2934782608695652,0,0,Randomized,0.9665
0.1,2.125,1.693359375,0,0,Randomized,0.9665
0.1,2.125,0.2361111111111111,0,0,Randomized,0.9665
0.1,2.125,1.59375,0,0,Randomized,0.9665
0.1,2.125,1.0625,0,0,Randomized,0.9665
0.1,2.125,2.125,0,0,Randomized,0.9665
0.1,2.125,2.125,0,0,Randomized,0.9665
0.1,2.125,1.4912280701754386,0,0,Randomized,0.9665
0.1,2.125,1.6842592592592593,0,0,Randomized,0.9665
0.1,2.125,1.1953125,0,0,Randomized,0.9665
0.1,2.125,1.8214285714285714,0,0,Randomized,0.9665
0.1,2.125,2.125,0,0,Randomized,0.9665
0.1,2.125,1.5347222222222223,0,0,Randomized,0.9665
0.1,2.125,1.4166666666666667,0,0,Randomized,0.9665
0.1,2.125,1.2142857142857142,0,0,Randomized,0.9665
0.1,2.125,0.9444444444444444,0,0,Randomized,0.9665
0.1,2.125,1.5178571428571428,0,0,Randomized,0.9665
0.1,2.125,1.7,0,0,Randomized,0.9665
0.1,2.125,0.9444444444444444,0,0,Randomized,0.9665
0.1,2.125,1.7386363636363635,0,0,Randomized,0.9665
0.1,2.125,1.8888888888888888,1,0,Randomized,0.9665
0.1,2.125,2.125,0,0,Randomized,0.9665
0.1,2.125,1.3894230769230769,0,0,Randomized,0.9665
0.1,2.125,2.125,0,0,Randomized,0.9665
0.1,2.125,2.125,0,0,Randomized,0.9665
0.1,2.125,1.8214285714285714,0,0,Randomized,0.9665
0.1,2.125,1.4875,0,0,Randomized,0.9665
0.1,2.125,1.4609375,0,0,Randomized,0.9665
0.1,2.125,2.125,0,0,Randomized,0.9665
0.1,2.125,2.125,0,0,Randomized,0.9665
0.1,2.125,1.8214285714285714,0,0,Randomized,0.9665
0.1,2.125,1.6443452380952381,0,0,Randomized,0.9665
0.1,2.125,0.265625,0,0,Randomized,0.9665
0.1,2.125,2.125,0,0,Randomized,0.9665
0.1,2.125,1.0625,0,0,Randomized,0.9665
0.1,2.125,1.9318181818181819,1,0,Randomized,0.9665
0.1,2.125,2.125,1,0,Randomized,0.9665
0.1,2.125,0.0,0,0,Randomized,0.9665
0.1,2.125,1.5178571428571428,0,0,Randomized,0.9665
0.1,2.125,1.6098484848484849,0,0,Randomized,0.9665
0.1,2.125,1.125,0,0,Randomized,0.9665
0.1,2.125,2.125,0,0,Randomized,0.9665
0.1,2.125,1.328125,0,0,Randomized,0.9665
0.1,2.125,2.125,0,0,Randomized,0.9665
0.1,2.125,1.5785714285714285,1,0,Randomized,0.9665
0.1,2.125,1.3522727272727273,0,0,Randomized,0.9665
0.1,2.125,1.3154761904761905,0,0,Randomized,0.9665
0.1,2.125,2.125,0,0,Randomized,0.9665
0.1,2.125,1.6134259259259258,0,0,Randomized,0.9665
0.1,2.125,2.125,1,0,Randomized,0.9665
0.1,2.125,1.6527777777777777,0,0,Randomized,0.9665
0.1,2.125,1.4609375,0,0,Randomized,0.9665
0.1,2.125,1.7299679487179487,0,1,Randomized,0.9665
0.1,2.125,1.59375,0,0,Randomized,0.9665
0.1,2.125,1.4166666666666667,0,0,Randomized,0.9665
0.1,2.125,2.125,0,0,Randomized,0.9665
0.1,2.125,1.9318181818181819,0,0,Randomized,0.9665
0.1,2.125,1.1333333333333333,1,0,Randomized,0.9665
0.1,2.125,1.5657894736842106,0,0,Randomized,0.9665
0.1,2.125,2.125,0,0,Randomized,0.9665
0.1,2.125,2.125,0,0,Randomized,0.9665
0.1,2.125,1.0625,0,0,Randomized,0.9665
0.1,2.125,2.125,0,0,Randomized,0.9665
0.1,2.125,2.125,0,0,Randomized,0.9665
0.1,2.125,1.2142857142857142,0,0,Randomized,0.9665
0.1,2.125,1.815909090909091,0,0,Randomized,0.9665
0.1,2.125,1.59375,0,0,Randomized,0.9665
0.1,2.125,0.796875,0,0,Randomized,0.9665
0.1,2.125,1.9125,0,0,Randomized,0.9665
0.1,2.125,1.7,0,0,Randomized,0.9665
0.1,2.125,2.125,0,0,Randomized,0.9665
0.1,2.125,2.125,0,0,Randomized,0.9665
0.1,2.125,0.30357142857142855,0,0,Randomized,0.9665
0.1,2.125,0.9107142857142857,0,0,Randomized,0.9665
0.1,2.125,1.8888888888888888,0,0,Randomized,0.9665
0.1,2.125,2.125,0,0,Randomized,0.9665
0.1,2.125,1.6742424242424243,0,0,Randomized,0.9665
0.1,2.125,2.125,0,0,Randomized,0.9665
0.1,2.125,1.59375,0,0,Randomized,0.9665
0.1,2.125,2.125,0,0,Randomized,0.9665
0.1,2.125,2.125,0,0,Randomized,0.9665
0.1,2.125,1.8180555555555555,0,0,Randomized,0.9665
0.1,2.125,0.0,0,0,Randomized,0.9665
0.1,2.125,1.8888888888888888,0,0,Randomized,0.9665
0.1,2.125,2.125,0,0,Randomized,0.9665
0.1,2.125,1.3333333333333333,0,0,Randomized,0.9665
0.1,2.125,1.4539473684210527,0,0,Randomized,0.9665
0.1,2.125,2.125,0,0,Randomized,0.9665
0.1,2.125,1.2142857142857142,0,0,Randomized,0.9665
0.1,2.125,1.59375,0,0,Randomized,0.9665
0.1,2.125,1.6616541353383458,0,0,Randomized,0.9665
0.1,2.125,1.4166666666666667,0,0,Randomized,0.9665
0.1,2.125,2.125,0,0,Randomized,0.9665
0.1,2.125,2.125,0,0,Randomized,0.9665
0.1,2.125,1.4875,0,0,Randomized,0.9665
0.1,2.125,1.80625,0,0,Randomized,0.9665
0.1,2.125,1.5347222222222223,0,0,Randomized,0.9665
0.1,2.125,2.125,0,0,Randomized,0.9665
0.1,2.125,2.125,0,0,Randomized,0.9665
0.1,2.125,0.85,0,0,Randomized,0.9665
0.1,2.125,2.125,0,0,Randomized,0.9665
0.1,2.125,1.3458333333333334,0,0,Randomized,0.9665
0.1,2.125,2.125,0,0,Randomized,0.9665
0.1,2.125,1.9125,0,0,Randomized,0.9665
0.1,2.125,1.9615384615384615,1,0,Randomized,0.9665
0.1,2.125,1.8888888888888888,0,0,Randomized,0.9665
0.1,2.125,1.1805555555555556,0,0,Randomized,0.9665
0.1,2.125,1.4711538461538463,0,0,Randomized,0.9665
0.1,2.125,1.4925595238095237,0,0,Randomized,0.9665
0.1,2.125,1.59375,0,0,Randomized,0.9665
0.1,2.125,1.8416666666666666,0,0,Randomized,0.9665
0.1,2.125,1.5853174603174602,0,0,Randomized,0.9665
0.1,2.125,1.59375,0,0,Randomized,0.9665
0.1,2.125,2.125,0,0,Randomized,0.9665
0.1,2.125,1.8416666666666666,0,0,Randomized,0.9665
0.1,2.125,1.5612244897959184,0,0,Randomized,0.9665
0.1,2.125,1.3076923076923077,0,0,Randomized,0.9665
0.1,2.125,1.375,1,0,Randomized,0.9665
0.1,2.125,1.9125,0,0,Randomized,0.9665
0.1,2.125,1.8888888888888888,0,0,Randomized,0.9665
0.1,2.125,2.125,0,0,Randomized,0.9665
0.1,2.125,1.25,0,0,Randomized,0.9665
0.1,2.125,1.7,0,0,Randomized,0.9665
0.1,2.125,1.59375,0,0,Randomized,0.9665
0.1,2.125,1.859375,0,0,Randomized,0.9665
0.1,2.125,2.125,0,0,Randomized,0.9665
0.1,2.125,2.125,0,0,Randomized,0.9665
0.1,2.125,1.0625,0,0,Randomized,0.9665
0.1,2.125,1.4166666666666667,0,0,Randomized,0.9665
0.1,2.125,1.275,0,0,Randomized,0.9665
0.1,2.125,2.125,0,0,Randomized,0.9665
0.1,2.125,0.0,0,0,Randomized,0.9665
0.1,2.125,2.125,0,0,Randomized,0.9665
0.1,2.125,2.125,0,0,Randomized,0.9665
0.1,2.125,2.125,0,0,Randomized,0.9665
0.1,2.125,1.3909090909090909,0,0,Randomized,0.9665
0.1,2.125,1.59375,0,0,Randomized,0.9665
0.1,2.125,2.125,0,0,Randomized,0.9665
0.1,2.125,1.59375,0,0,Randomized,0.9665
0.1,2.125,2.125,0,0,Randomized,0.9665
0.1,2.125,1.0625,0,0,Randomized,0.9665
0.1,2.125,1.7,0,0,Randomized,0.9665
0.1,2.125,1.6346153846153846,0,0,Randomized,0.9665
0.1,2.125,1.6527777777777777,0,0,Randomized,0.9665
0.1,2.125,1.275,0,0,Randomized,0.9665
0.1,2.125,1.4166666666666667,0,0,Randomized,0.9665
0.1,2.125,1.859375,0,0,Randomized,0.9665
0.1,2.125,1.7708333333333333,0,0,Randomized,0.9665
0.1,2.125,2.125,0,0,Randomized,0.9665
0.1,2.125,1.6527777777777777,0,0,Randomized,0.9665
0.1,2.125,1.2901785714285714,0,0,Randomized,0.9665
0.1,2.125,1.859375,0,0,Randomized,0.9665
0.1,2.125,0.0,0,0,Randomized,0.9665
0.1,2.125,1.328125,0,0,Randomized,0.9665
0.1,2.125,2.125,0,0,Randomized,0.9665
0.1,2.125,1.0625,0,0,Randomized,0.9665
0.1,2.125,1.3894230769230769,0,0,Randomized,0.9665
0.1,2.125,2.0807291666666665,0,0,Randomized,0.9665
0.1,2.125,1.4166666666666667,0,0,Randomized,0.9665
0.1,2.125,1.6550480769230769,0,0,Randomized,0.9665
0.1,2.125,1.0625,0,0,Randomized,0.9665
0.1,2.125,2.125,0,0,Randomized,0.9665
0.1,2.125,1.8214285714285714,0,0,Randomized,0.9665
0.1,2.125,2.125,0,0,Randomized,0.9665
0.1,2.125,1.1805555555555556,0,0,Randomized,0.9665
0.1,2.125,1.59375,0,0,Randomized,0.9665
0.1,2.125,1.5347222222222223,0,0,Randomized,0.9665
0.1,2.125,1.3154761904761905,0,0,Randomized,0.9665
0.1,2.125,2.125,0,0,Randomized,0.9665
0.1,2.125,1.230263157894737,0,0,Randomized,0.9665
0.1,2.125,1.59375,0,0,Randomized,0.9665
0.1,2.125,2.125,1,0,Randomized,0.9665
0.1,2.125,1.275,0,0,Randomized,0.9665
0.1,2.125,1.5528846153846154,0,0,Randomized,0.9665
0.1,2.125,1.4609375,0,0,Randomized,0.9665
0.1,2.125,1.5844298245614035,0,0,Randomized,0.9665
0.1,2.125,1.0625,0,0,Randomized,0.9665
0.1,2.125,1.4875,0,0,Randomized,0.9665
0.1,2.125,1.4711538461538463,0,0,Randomized,0.9665
0.1,2.125,2.125,0,0,Randomized,0.9665
0.1,2.125,2.125,0,0,Randomized,0.9665
0.1,2.125,1.3894230769230769,0,0,Randomized,0.9665
0.1,2.125,1.859375,0,0,Randomized,0.9665
0.1,2.125,0.425,0,0,Randomized,0.9665
0.1,2.125,2.125,0,0,Randomized,0.9665
0.1,2.125,0.7083333333333334,0,0,Randomized,0.9665
0.1,2.125,1.3522727272727273,0,0,Randomized,0.9665
0.1,2.125,1.5052083333333333,0,0,Randomized,0.9665
0.1,2.125,1.7455357142857142,0,1,Randomized,0.9665
0.1,2.125,2.125,0,0,Randomized,0.9665
0.1,2.125,1.6346153846153846,0,0,Randomized,0.9665
0.1,2.125,1.59375,0,0,Randomized,0.9665
0.1,2.125,1.328125,0,0,Randomized,0.9665
0.1,2.125,2.125,0,0,Randomized,0.9665
0.1,2.125,1.230263157894737,0,0,Randomized,0.9665
0.1,2.125,2.125,0,0,Randomized,0.9665
0.1,2.125,1.6346153846153846,0,0,Randomized,0.9665
0.1,2.125,2.125,0,0,Randomized,0.9665
0.1,2.125,2.125,0,0,Randomized,0.9665
0.1,2.125,0.0,0,0,Randomized,0.9665
0.1,2.125,2.125,0,0,Randomized,0.9665
0.1,2.125,2.125,0,0,Randomized,0.9665
0.1,2.125,1.1953125,0,0,Randomized,0.9665
0.1,2.125,1.3894230769230769,0,0,Randomized,0.9665
0.1,2.125,1.1805555555555556,0,0,Randomized,0.9665
0.1,2.125,1.3522727272727273,0,0,Randomized,0.9665
0.1,2.125,1.59375,0,0,Randomized,0.9665
0.1,2.125,1.2395833333333333,0,0,Randomized,0.9665
0.1,2.125,0.0,1,0,Randomized,0.9665
0.1,2.125,2.125,0,0,Randomized,0.9665
0.1,2.125,1.1333333333333333,0,0,Randomized,0.9665
0.1,2.125,1.6822916666666667,0,0,Randomized,0.9665
0.1,2.125,2.125,0,0,Randomized,0.9665
0.1,2.125,1.5454545454545454,0,0,Randomized,0.9665
0.1,2.125,1.59375,0,0,Randomized,0.9665
0.1,2.125,1.1929824561403508,0,0,Randomized,0.9665
0.1,2.125,1.7413194444444444,0,0,Randomized,0.9665
0.1,2.125,1.6630434782608696,0,0,Randomized,0.9665
0.1,2.125,1.615,0,1,Randomized,0.9665
0.1,2.125,0.0,0,0,Randomized,0.9665
0.1,2.125,2.125,0,0,Randomized,0.9665
0.1,2.125,2.125,0,0,Randomized,0.9665
0.1,2.125,1.625,0,0,Randomized,0.9665
0.1,2.125,2.125,0,0,Randomized,0.9665
0.1,2.125,1.4166666666666667,0,0,Randomized,0.9665
0.1,2.125,1.3522727272727273,0,0,Randomized,0.9665
0.1,2.125,1.6959134615384615,0,0,Randomized,0.9665
0.1,2.125,2.125,0,0,Randomized,0.9665
0.1,2.125,2.125,0,0,Randomized,0.9665
0.1,2.125,0.30357142857142855,0,0,Randomized,0.9665
0.1,2.125,2.125,0,0,Randomized,0.9665
0.1,2.125,2.125,0,0,Randomized,0.9665
0.1,2.125,1.275,0,0,Randomized,0.9665
0.1,2.125,1.9479166666666667,0,0,Randomized,0.9665
0.1,2.125,1.0625,0,0,Randomized,0.9665
0.1,2.125,1.8551587301587302,0,0,Randomized,0.9665
0.1,2.125,2.125,0,0,Randomized,0.9665
0.1,2.125,0.9107142857142857,0,0,Randomized,0.9665
0.1,2.125,1.859375,0,0,Randomized,0.9665
0.1,2.125,1.7,0,0,Randomized,0.9665
0.1,2.125,2.125,0,0,Randomized,0.9665
0.1,2.125,1.433531746031746,0,0,Randomized,0.9665
0.1,2.125,2.125,0,0,Randomized,0.9665
0.1,2.125,0.7083333333333334,0,0,Randomized,0.9665
0.1,2.125,1.6666666666666667,0,0,Randomized,0.9665
0.1,2.125,1.9125,0,0,Randomized,0.9665
0.1,2.125,1.2522321428571428,0,0,Randomized,0.9665
0.1,2.125,1.59375,0,0,Randomized,0.9665
0.1,2.125,1.4419642857142858,0,0,Randomized,0.9665
0.1,2.125,2.125,0,0,Randomized,0.9665
0.1,2.125,1.5891304347826087,0,0,Randomized,0.9665
0.1,2.125,2.125,0,0,Randomized,0.9665
0.1,2.125,1.625,0,0,Randomized,0.9665
0.1,2.125,0.7727272727272727,0,0,Randomized,0.9665
0.1,2.125,2.125,0,0,Randomized,0.9665
0.1,2.125,1.5454545454545454,0,0,Randomized,0.9665
0.1,2.125,0.53125,0,0,Randomized,0.9665
0.1,2.125,2.125,1,0,Randomized,0.9665
0.1,2.125,1.2142857142857142,0,0,Randomized,0.9665
0.1,2.125,2.125,0,0,Randomized,0.9665
0.1,2.125,2.125,0,0,Randomized,0.9665
0.1,2.125,2.125,0,0,Randomized,0.9665
0.1,2.125,2.125,0,0,Randomized,0.9665
0.1,2.125,2.100852272727273,0,0,Randomized,0.9665
0.1,2.125,2.125,0,0,Randomized,0.9665
0.1,2.125,1.4166666666666667,0,0,Randomized,0.9665
0.1,2.125,1.2934782608695652,0,0,Randomized,0.9665
0.1,2.125,2.125,0,0,Randomized,0.9665
0.1,2.125,1.3522727272727273,1,0,Randomized,0.9665
0.1,2.125,2.125,0,0,Randomized,0.9665
0.1,2.125,1.5178571428571428,0,0,Randomized,0.9665
0.1,2.125,1.7,0,0,Randomized,0.9665
0.1,2.125,1.8888888888888888,0,0,Randomized,0.9665
0.1,2.125,1.4875,0,0,Randomized,0.9665
0.1,2.125,1.328125,0,0,Randomized,0.9665
0.1,2.125,2.125,0,0,Randomized,0.9665
0.1,2.125,2.125,0,0,Randomized,0.9665
0.1,2.125,1.328125,0,0,Randomized,0.9665
0.1,2.125,0.30357142857142855,0,0,Randomized,0.9665
0.1,2.125,1.8214285714285714,0,0,Randomized,0.9665
0.1,2.125,0.5795454545454546,0,0,Randomized,0.9665
0.1,2.125,2.125,0,0,Randomized,0.9665
0.1,2.125,2.125,0,0,Randomized,0.9665
0.1,2.125,1.7815656565656566,0,0,Randomized,0.9665
0.1,2.125,0.9107142857142857,0,0,Randomized,0.9665
0.1,2.125,1.4166666666666667,0,0,Randomized,0.9665
0.1,2.125,1.6433333333333333,0,0,Randomized,0.9665
0.1,2.125,2.125,0,0,Randomized,0.9665
0.1,2.125,1.8888888888888888,0,0,Randomized,0.9665
0.1,2.125,1.4166666666666667,0,0,Randomized,0.9665
0.1,2.125,2.125,0,0,Randomized,0.9665
0.1,2.125,1.8214285714285714,0,0,Randomized,0.9665
0.1,2.125,1.9479166666666667,0,0,Randomized,0.9665
0.1,2.125,1.5528846153846154,0,0,Randomized,0.9665
0.1,2.125,2.125,0,0,Randomized,0.9665
0.1,2.125,1.4609375,0,0,Randomized,0.9665
0.1,2.125,1.5416666666666667,0,0,Randomized,0.9665
0.1,2.125,1.59375,0,0,Randomized,0.9665
0.1,2.125,2.125,0,0,Randomized,0.9665
0.1,2.125,2.125,0,0,Randomized,0.9665
0.1,2.125,1.0625,0,0,Randomized,0.9665
0.1,2.125,1.721794871794872,0,1,Randomized,0.9665
0.1,2.125,2.125,0,0,Randomized,0.9665
0.1,2.125,2.125,0,0,Randomized,0.9665
0.1,2.125,1.6624149659863945,1,0,Randomized,0.9665
0.1,2.125,2.125,0,0,Randomized,0.9665
0.1,2.125,1.5583333333333333,0,0,Randomized,0.9665
0.1,2.125,0.0,1,0,Randomized,0.9665
0.1,2.125,0.0,1,0,Randomized,0.9665
0.1,2.125,2.125,0,0,Randomized,0.9665
0.1,2.125,1.4488636363636365,0,0,Randomized,0.9665
0.1,2.125,1.3858695652173914,0,0,Randomized,0.9665
0.1,2.125,2.125,0,0,Randomized,0.9665
0.1,2.125,2.125,0,0,Randomized,0.9665
0.1,2.125,0.9807692307692307,0,0,Randomized,0.9665
0.1,2.125,1.615,0,0,Randomized,0.9665
0.1,2.125,2.125,0,0,Randomized,0.9665
0.1,2.125,1.59375,0,0,Randomized,0.9665
0.1,2.125,1.7386363636363635,0,0,Randomized,0.9665
0.1,2.125,1.9615384615384615,0,0,Randomized,0.9665
0.1,2.125,1.2142857142857142,0,0,Randomized,0.9665
0.1,2.125,1.8214285714285714,0,0,Randomized,0.9665
0.1,2.125,1.4166666666666667,0,0,Randomized,0.9665
0.1,2.125,1.5347222222222223,0,0,Randomized,0.9665
0.1,2.125,0.9107142857142857,0,0,Randomized,0.9665
0.1,2.125,1.4166666666666667,0,0,Randomized,0.9665
0.1,2.125,2.125,1,0,Randomized,0.9665
0.1,2.125,0.9659090909090909,0,0,Randomized,0.9665
0.1,2.125,1.4166666666666667,0,0,Randomized,0.9665
0.1,2.125,2.125,0,0,Randomized,0.9665
0.1,2.125,1.4166666666666667,0,0,Randomized,0.9665
0.1,2.125,1.9125,0,0,Randomized,0.9665
0.1,2.125,0.0,0,0,Randomized,0.9665
0.1,2.125,1.8674242424242424,0,0,Randomized,0.9665
0.1,2.125,1.5706521739130435,0,0,Randomized,0.9665
0.1,2.125,0.85,0,0,Randomized,0.9665
0.1,2.125,1.16875,0,0,Randomized,0.9665
0.1,2.125,1.0625,0,0,Randomized,0.9665
0.1,2.125,0.0,0,0,Randomized,0.9665
0.1,2.125,2.125,0,0,Randomized,0.9665
0.1,2.125,1.59375,0,0,Randomized,0.9665
0.1,2.125,2.125,0,0,Randomized,0.9665
0.1,2.125,2.125,0,0,Randomized,0.9665
0.1,2.125,2.125,0,0,Randomized,0.9665
0.1,2.125,2.125,0,0,Randomized,0.9665
0.1,2.125,0.0,0,0,Randomized,0.9665
0.1,2.125,0.265625,0,0,Randomized,0.9665
0.1,2.125,2.125,0,0,Randomized,0.9665
0.1,2.125,1.7708333333333333,0,0,Randomized,0.9665
0.1,2.125,1.4078125,0,0,Randomized,0.9665
0.1,2.125,1.2648809523809523,0,0,Randomized,0.9665
0.1,2.125,1.5178571428571428,0,0,Randomized,0.9665
0.1,2.125,0.4722222222222222,0,0,Randomized,0.9665
0.1,2.125,2.125,0,0,Randomized,0.9665
0.1,2.125,1.4875,0,0,Randomized,0.9665
0.1,2.125,2.125,0,0,Randomized,0.9665
0.1,2.125,2.125,0,0,Randomized,0.9665
0.1,2.125,1.0,0,0,Randomized,0.9665
0.1,2.125,1.4166666666666667,0,0,Randomized,0.9665
0.1,2.125,1.59375,1,0,Randomized,0.9665
0.1,2.125,1.4166666666666667,0,0,Randomized,0.9665
0.1,2.125,2.125,0,0,Randomized,0.9665
0.1,2.125,1.4166666666666667,0,0,Randomized,0.9665
0.1,2.125,1.9226190476190477,0,0,Randomized,0.9665
0.1,2.125,0.7727272727272727,0,0,Randomized,0.9665
0.1,2.125,2.125,0,0,Randomized,0.9665
0.1,2.125,1.7265625,0,0,Randomized,0.9665
0.1,2.125,2.125,0,0,Randomized,0.9665
0.1,2.125,1.5740740740740742,0,0,Randomized,0.9665
0.1,2.125,1.5178571428571428,0,0,Randomized,0.9665
0.1,2.125,2.125,0,0,Randomized,0.9665
0.1,2.125,1.3154761904761905,0,0,Randomized,0.9665
0.1,2.125,0.30357142857142855,0,0,Randomized,0.9665
0.1,2.125,1.375,0,0,Randomized,0.9665
0.1,2.125,1.8214285714285714,0,0,Randomized,0.9665
0.1,2.125,2.125,0,0,Randomized,0.9665
0.1,2.125,1.59375,0,0,Randomized,0.9665
0.1,2.125,1.598809523809524,0,0,Randomized,0.9665
0.1,2.125,1.59375,0,0,Randomized,0.9665
0.1,2.125,2.125,0,0,Randomized,0.9665
0.1,2.125,2.125,0,0,Randomized,0.9665
0.1,2.125,0.53125,0,0,Randomized,0.9665
0.1,2.125,1.5380952380952382,0,0,Randomized,0.9665
0.1,2.125,2.125,0,0,Randomized,0.9665
0.1,2.125,1.4609375,0,0,Randomized,0.9665
0.1,2.125,2.125,0,0,Randomized,0.9665
0.1,2.125,1.59375,1,0,Randomized,0.9665
0.1,2.125,1.0625,0,0,Randomized,0.9665
0.1,2.125,1.275,0,0,Randomized,0.9665
0.1,2.125,2.125,0,0,Randomized,0.9665
0.1,2.125,2.125,1,0,Randomized,0.9665
0.1,2.125,0.9659090909090909,0,0,Randomized,0.9665
0.1,2.125,1.0625,0,0,Randomized,0.9665
0.1,2.125,1.275,0,0,Randomized,0.9665
0.1,2.125,2.125,1,0,Randomized,0.9665
0.1,2.125,2.125,1,0,Randomized,0.9665
0.1,2.125,1.1805555555555556,0,0,Randomized,0.9665
0.1,2.125,2.125,0,0,Randomized,0.9665
0.1,2.125,1.7265625,0,1,Randomized,0.9665
0.1,2.125,1.5583333333333333,1,0,Randomized,0.9665
0.1,2.125,2.125,0,0,Randomized,0.9665
0.1,2.125,1.0625,0,0,Randomized,0.9665
0.1,2.125,1.785,0,0,Randomized,0.9665
0.1,2.125,2.125,0,0,Randomized,0.9665
0.1,2.125,2.125,1,0,Randomized,0.9665
0.1,2.125,1.328125,0,0,Randomized,0.9665
0.1,2.125,1.1805555555555556,0,0,Randomized,0.9665
0.1,2.125,0.7083333333333334,0,0,Randomized,0.9665
0.1,2.125,1.375,0,0,Randomized,0.9665
0.1,2.125,1.4875,0,0,Randomized,0.9665
0.1,2.125,2.125,0,0,Randomized,0.9665
0.1,2.125,0.7589285714285714,0,0,Randomized,0.9665
0.1,2.125,2.125,0,0,Randomized,0.9665
0.1,2.125,1.4102272727272727,0,0,Randomized,0.9665
0.1,2.125,2.125,0,0,Randomized,0.9665
0.1,2.125,1.9318181818181819,0,0,Randomized,0.9665
0.1,2.125,1.1333333333333333,0,0,Randomized,0.9665
0.1,2.125,2.125,0,0,Randomized,0.9665
0.1,2.125,2.125,0,0,Randomized,0.9665
0.1,2.125,1.0625,0,0,Randomized,0.9665
0.1,2.125,2.0898760330578514,0,1,Randomized,0.9665
0.1,2.125,0.0,0,0,Randomized,0.9665
0.1,2.125,1.6972402597402598,1,1,Randomized,0.9665
0.1,2.125,2.125,0,0,Randomized,0.9665
0.1,2.125,1.498397435897436,0,0,Randomized,0.9665
0.1,2.125,1.7,0,0,Randomized,0.9665
0.1,2.125,1.5454545454545454,0,0,Randomized,0.9665
0.1,2.125,1.8382936507936507,0,0,Randomized,0.9665
0.1,2.125,1.328125,0,0,Randomized,0.9665
0.1,2.125,2.125,0,0,Randomized,0.9665
0.1,2.125,2.125,1,0,Randomized,0.9665
0.1,2.125,1.59375,0,0,Randomized,0.9665
0.1,2.125,1.9125,0,0,Randomized,0.9665
0.1,2.125,1.8214285714285714,0,0,Randomized,0.9665
0.1,2.125,1.6921296296296295,1,0,Randomized,0.9665
0.1,2.125,1.5178571428571428,0,0,Randomized,0.9665
0.1,2.125,1.7708333333333333,0,0,Randomized,0.9665
0.1,2.125,1.3154761904761905,0,0,Randomized,0.9665
0.1,2.125,1.59375,0,0,Randomized,0.9665
0.1,2.125,2.125,0,0,Randomized,0.9665
0.1,2.125,2.125,0,0,Randomized,0.9665
0.1,2.125,1.0625,0,0,Randomized,0.9665
0.1,2.125,1.5657894736842106,0,0,Randomized,0.9665
0.1,2.125,2.125,0,0,Randomized,0.9665
0.1,2.125,1.0625,0,0,Randomized,0.9665
0.1,2.125,1.7118055555555556,1,0,Randomized,0.9665
0.1,2.125,1.4166666666666667,0,0,Randomized,0.9665
0.1,2.125,2.125,0,0,Randomized,0.9665
0.1,2.125,1.5347222222222223,0,0,Randomized,0.9665
0.1,2.125,1.8798076923076923,0,0,Randomized,0.9665
0.1,2.125,1.4875,0,0,Randomized,0.9665
0.1,2.125,1.5347222222222223,0,0,Randomized,0.9665
0.1,2.125,0.7083333333333334,0,0,Randomized,0.9665
0.1,2.125,1.4419642857142858,0,0,Randomized,0.9665
0.1,2.125,1.7708333333333333,0,0,Randomized,0.9665
0.1,2.125,0.9296875,0,0,Randomized,0.9665
0.1,2.125,1.7708333333333333,0,0,Randomized,0.9665
0.1,2.125,1.5657894736842106,0,0,Randomized,0.9665
0.1,2.125,1.59375,0,0,Randomized,0.9665
0.1,2.125,1.4539473684210527,0,0,Randomized,0.9665
0.1,2.125,2.125,0,0,Randomized,0.9665
0.1,2.125,2.125,0,0,Randomized,0.9665
0.1,2.125,1.0625,0,0,Randomized,0.9665
0.1,2.125,2.125,0,0,Randomized,0.9665
0.1,2.125,1.7855029585798816,1,1,Randomized,0.9665
0.1,2.125,1.1805555555555556,0,0,Randomized,0.9665
0.1,2.125,1.8888888888888888,0,0,Randomized,0.9665
0.1,2.125,2.0547520661157024,0,1,Randomized,0.9665
0.1,2.125,1.9125,0,0,Randomized,0.9665
0.1,2.125,2.125,0,0,Randomized,0.9665
0.1,2.125,1.8214285714285714,0,0,Randomized,0.9665
0.1,2.125,2.125,0,0,Randomized,0.9665
0.1,2.125,2.125,0,0,Randomized,0.9665
0.1,2.125,1.1929824561403508,0,0,Randomized,0.9665
0.1,2.125,1.2142857142857142,0,0,Randomized,0.9665
0.1,2.125,2.125,0,0,Randomized,0.9665
0.1,2.125,2.125,0,0,Randomized,0.9665
0.1,2.125,1.4166666666666667,0,0,Randomized,0.9665
0.1,2.125,1.8973214285714286,0,0,Randomized,0.9665
0.1,2.125,0.8854166666666666,0,0,Randomized,0.9665
0.1,2.125,1.5178571428571428,0,0,Randomized,0.9665
0.1,2.125,1.0625,0,0,Randomized,0.9665
0.1,2.125,1.3969907407407407,0,0,Randomized,0.9665
0.1,2.125,1.3660714285714286,0,0,Randomized,0.9665
0.1,2.125,1.8101851851851851,0,0,Randomized,0.9665
0.1,2.125,1.9833333333333334,0,0,Randomized,0.9665
0.1,2.125,2.125,0,0,Randomized,0.9665
0.1,2.125,1.5178571428571428,0,0,Randomized,0.9665
0.1,2.125,1.9479166666666667,1,0,Randomized,0.9665
0.1,2.125,1.1805555555555556,0,0,Randomized,0.9665
0.1,2.125,1.4166666666666667,0,0,Randomized,0.9665
0.1,2.125,1.6696428571428572,0,0,Randomized,0.9665
0.1,2.125,1.80625,0,0,Randomized,0.9665
0.1,2.125,2.125,0,0,Randomized,0.9665
0.1,2.125,2.125,0,0,Randomized,0.9665
0.1,2.125,1.1033653846153846,0,0,Randomized,0.9665
0.1,2.125,2.125,1,0,Randomized,0.9665
0.1,2.125,1.8391812865497077,0,0,Randomized,0.9665
0.1,2.125,1.59375,0,0,Randomized,0.9665
0.1,2.125,1.4560185185185186,0,0,Randomized,0.9665
0.1,2.125,0.0,0,0,Randomized,0.9665
0.1,2.125,0.6071428571428571,0,0,Randomized,0.9665
0.1,2.125,1.2901785714285714,0,0,Randomized,0.9665
0.1,2.125,1.5776515151515151,0,0,Randomized,0.9665
0.1,2.125,2.125,0,0,Randomized,0.9665
0.1,2.125,0.0,0,0,Randomized,0.9665
0.1,2.125,1.6822916666666667,0,0,Randomized,0.9665
0.1,2.125,2.125,0,0,Randomized,0.9665
0.1,2.125,1.3660714285714286,0,0,Randomized,0.9665
0.1,2.125,0.7083333333333334,0,0,Randomized,0.9665
0.1,2.125,1.5583333333333333,0,0,Randomized,0.9665
0.1,2.125,1.4166666666666667,0,0,Randomized,0.9665
0.1,2.125,1.59375,0,0,Randomized,0.9665
0.1,2.125,1.39453125,0,0,Randomized,0.9665
0.1,2.125,2.125,1,0,Randomized,0.9665
0.1,2.125,2.125,0,0,Randomized,0.9665
0.1,2.125,0.0,0,0,Randomized,0.9665
0.1,2.125,1.4166666666666667,0,0,Randomized,0.9665
0.1,2.125,1.5583333333333333,0,0,Randomized,0.9665
0.1,2.125,1.457142857142857,0,0,Randomized,0.9665
0.1,2.125,2.125,0,0,Randomized,0.9665
0.1,2.125,2.125,0,0,Randomized,0.9665
0.1,2.125,1.9615384615384615,0,0,Randomized,0.9665
0.1,2.125,1.2142857142857142,0,0,Randomized,0.9665
0.1,2.125,1.7708333333333333,0,0,Randomized,0.9665
0.1,2.125,2.125,0,0,Randomized,0.9665
0.1,2.125,1.875,0,0,Randomized,0.9665
0.1,2.125,2.125,0,0,Randomized,0.9665
0.1,2.125,1.5583333333333333,0,0,Randomized,0.9665
0.1,2.125,2.125,0,0,Randomized,0.9665
0.1,2.125,2.125,0,0,Randomized,0.9665
0.1,2.125,1.573051948051948,0,1,Randomized,0.9665
0.1,2.125,2.125,0,0,Randomized,0.9665
0.1,2.125,1.1805555555555556,0,0,Randomized,0.9665
0.1,2.125,1.8416666666666666,0,0,Randomized,0.9665
0.1,2.125,2.125,0,0,Randomized,0.9665
0.1,2.125,1.0625,0,0,Randomized,0.9665
0.1,2.125,1.59375,0,0,Randomized,0.9665
0.1,2.125,2.125,0,0,Randomized,0.9665
0.1,2.125,1.6346153846153846,0,0,Randomized,0.9665
0.1,2.125,1.3858695652173914,0,0,Randomized,0.9665
0.1,2.125,1.6403508771929824,0,0,Randomized,0.9665
0.1,2.125,1.859375,1,0,Randomized,0.9665
0.1,2.125,1.3522727272727273,0,0,Randomized,0.9665
0.1,2.125,1.5543981481481481,0,0,Randomized,0.9665
0.1,2.125,1.328125,0,0,Randomized,0.9665
0.1,2.125,1.615702479338843,0,1,Randomized,0.9665
0.1,2.125,1.3154761904761905,0,0,Randomized,0.9665
0.1,2.125,1.0625,0,0,Randomized,0.9665
0.1,2.125,1.0625,0,0,Randomized,0.9665
0.1,2.125,1.0625,0,0,Randomized,0.9665
0.1,2.125,1.3621794871794872,0,0,Randomized,0.9665
0.1,2.125,2.125,1,0,Randomized,0.9665
0.1,2.125,1.5178571428571428,0,0,Randomized,0.9665
0.1,2.125,1.328125,0,0,Randomized,0.9665
0.1,2.125,1.1805555555555556,0,0,Randomized,0.9665
0.1,2.125,1.0625,0,0,Randomized,0.9665
0.1,2.125,0.0,0,0,Randomized,0.9665
0.1,2.125,2.125,0,0,Randomized,0.9665
0.1,2.125,0.0,0,0,Randomized,0.9665
0.1,2.125,1.8888888888888888,0,0,Randomized,0.9665
0.1,2.125,2.125,0,0,Randomized,0.9665
0.1,2.125,1.4166666666666667,0,0,Randomized,0.9665
0.1,2.125,1.6527777777777777,0,0,Randomized,0.9665
0.1,2.125,2.125,1,0,Randomized,0.9665
0.1,2.125,1.8382936507936507,0,0,Randomized,0.9665
0.1,2.125,1.1953125,0,0,Randomized,0.9665
0.1,2.125,1.5025252525252526,0,0,Randomized,0.9665
0.1,2.125,2.125,0,0,Randomized,0.9665
0.1,2.125,1.7202380952380953,0,0,Randomized,0.9665
0.1,2.125,0.3541666666666667,0,0,Randomized,0.9665
0.1,2.125,0.0,0,0,Randomized,0.9665
0.1,2.125,2.125,0,0,Randomized,0.9665
0.1,2.125,2.125,0,0,Randomized,0.9665
0.1,2.125,1.8416666666666666,0,0,Randomized,0.9665
0.1,2.125,1.5178571428571428,0,0,Randomized,0.9665
0.1,2.125,2.125,0,0,Randomized,0.9665
0.1,2.125,1.5853174603174602,0,0,Randomized,0.9665
0.1,2.125,1.0625,0,0,Randomized,0.9665
0.1,2.125,1.9125,0,0,Randomized,0.9665
0.1,2.125,2.125,1,0,Randomized,0.9665
0.1,2.125,1.441304347826087,0,0,Randomized,0.9665
0.1,2.125,1.4953703703703705,0,0,Randomized,0.9665
0.1,2.125,1.2142857142857142,0,0,Randomized,0.9665
0.1,2.125,1.9125,0,0,Randomized,0.9665
0.1,2.125,1.375,0,0,Randomized,0.9665
0.1,2.125,0.0,0,0,Randomized,0.9665
0.1,2.125,1.7708333333333333,0,0,Randomized,0.9665
0.1,2.125,0.9107142857142857,0,0,Randomized,0.9665
0.1,2.125,2.125,1,0,Randomized,0.9665
0.1,2.125,1.8888888888888888,0,0,Randomized,0.9665
0.1,2.125,1.328125,0,0,Randomized,0.9665
0.1,2.125,1.4295454545454545,0,1,Randomized,0.9665
0.1,2.125,2.125,1,0,Randomized,0.9665
0.1,2.125,1.8416666666666666,0,0,Randomized,0.9665
0.1,2.125,2.125,0,0,Randomized,0.9665
0.1,2.125,1.9125,0,0,Randomized,0.9665
0.1,2.125,0.796875,0,0,Randomized,0.9665
0.1,2.125,1.1333333333333333,0,0,Randomized,0.9665
0.1,2.125,0.7589285714285714,0,0,Randomized,0.9665
0.1,2.125,1.5657894736842106,0,0,Randomized,0.9665
0.1,2.125,0.0,0,0,Randomized,0.9665
0.1,2.125,1.4166666666666667,0,0,Randomized,0.9665
0.1,2.125,1.7961309523809523,0,1,Randomized,0.9665
0.1,2.125,1.1590909090909092,0,0,Randomized,0.9665
0.1,2.125,1.9013157894736843,0,0,Randomized,0.9665
0.1,2.125,1.5,0,0,Randomized,0.9665
0.1,2.125,2.125,0,0,Randomized,0.9665
0.1,2.125,2.125,0,0,Randomized,0.9665
0.1,2.125,1.0625,0,0,Randomized,0.9665
0.1,2.125,1.859375,0,0,Randomized,0.9665
0.1,2.125,1.2142857142857142,0,0,Randomized,0.9665
0.1,2.125,1.5583333333333333,0,0,Randomized,0.9665
0.1,2.125,1.4166666666666667,0,0,Randomized,0.9665
0.1,2.125,1.859375,0,0,Randomized,0.9665
0.1,2.125,1.2395833333333333,0,0,Randomized,0.9665
0.1,2.125,0.3541666666666667,0,0,Randomized,0.9665
0.1,2.125,0.0,0,0,Randomized,0.9665
0.1,2.125,1.9125,0,0,Randomized,0.9665
0.1,2.125,1.6527777777777777,0,0,Randomized,0.9665
0.1,2.125,2.125,0,0,Randomized,0.9665
0.1,2.125,1.275,0,0,Randomized,0.9665
0.1,2.125,1.0625,0,0,Randomized,0.9665
0.1,2.125,2.125,0,0,Randomized,0.9665
0.1,2.125,1.59375,0,0,Randomized,0.9665
0.1,2.125,0.6538461538461539,0,0,Randomized,0.9665
0.1,2.125,2.125,1,0,Randomized,0.9665
0.1,2.125,2.125,0,0,Randomized,0.9665
0.1,2.125,2.125,0,0,Randomized,0.9665
0.1,2.125,1.0625,0,0,Randomized,0.9665
0.1,2.125,1.4419642857142858,0,0,Randomized,0.9665
0.1,2.125,2.125,0,0,Randomized,0.9665
0.1,2.125,1.3076923076923077,0,0,Randomized,0.9665
0.1,2.125,1.53,0,0,Randomized,0.9665
0.1,2.125,2.125,0,0,Randomized,0.9665
0.1,2.125,1.275,0,0,Randomized,0.9665
0.1,2.125,2.125,0,0,Randomized,0.9665
0.1,2.125,1.25,0,0,Randomized,0.9665
0.1,2.125,1.6346153846153846,0,1,Randomized,0.9665
0.1,2.125,2.125,0,0,Randomized,0.9665
0.1,2.125,2.125,0,0,Randomized,0.9665
0.1,2.125,1.7202380952380953,0,0,Randomized,0.9665
0.1,2.125,0.9444444444444444,0,0,Randomized,0.9665
0.1,2.125,1.9103535353535352,0,0,Randomized,0.9665
0.1,2.125,2.125,0,0,Randomized,0.9665
0.1,2.125,1.5178571428571428,0,0,Randomized,0.9665
0.1,2.125,2.125,0,0,Randomized,0.9665
0.1,2.125,2.125,0,0,Randomized,0.9665
0.1,2.125,2.125,0,0,Randomized,0.9665
0.1,2.125,1.7708333333333333,0,0,Randomized,0.9665
0.1,2.125,1.328125,0,0,Randomized,0.9665
0.1,2.125,1.8364197530864197,0,0,Randomized,0.9665
0.1,2.125,1.625,0,0,Randomized,0.9665
0.1,2.125,1.0625,0,0,Randomized,0.9665
0.1,2.125,2.125,0,0,Randomized,0.9665
0.1,2.125,1.859375,0,0,Randomized,0.9665
0.1,2.125,1.2142857142857142,0,0,Randomized,0.9665
0.1,2.125,1.4166666666666667,0,0,Randomized,0.9665
0.1,2.125,1.80625,0,0,Randomized,0.9665
0.1,2.125,2.125,1,0,Randomized,0.9665
0.1,2.125,2.125,0,0,Randomized,0.9665
0.1,2.125,1.4539473684210527,0,0,Randomized,0.9665
0.1,2.125,1.9318181818181819,0,0,Randomized,0.9665
0.1,2.125,1.7413194444444444,0,0,Randomized,0.9665
0.1,2.125,2.125,0,0,Randomized,0.9665
0.1,2.125,2.125,1,0,Randomized,0.9665
0.1,2.125,1.4166666666666667,0,0,Randomized,0.9665
0.1,2.125,2.125,0,0,Randomized,0.9665
0.1,2.125,2.125,0,0,Randomized,0.9665
0.1,2.125,1.561965811965812,0,0,Randomized,0.9665
0.1,2.125,1.7708333333333333,0,0,Randomized,0.9665
0.1,2.125,2.125,0,0,Randomized,0.9665
0.1,2.125,2.125,0,0,Randomized,0.9665
0.1,2.125,1.3076923076923077,0,0,Randomized,0.9665
0.1,2.125,1.275,0,0,Randomized,0.9665
0.1,2.125,0.6071428571428571,0,0,Randomized,0.9665
0.1,2.125,2.125,0,0,Randomized,0.9665
0.1,2.125,1.0625,0,0,Randomized,0.9665
0.1,2.125,1.6527777777777777,1,0,Randomized,0.9665
0.1,2.125,1.2556818181818181,0,0,Randomized,0.9665
0.1,2.125,1.6630434782608696,0,0,Randomized,0.9665
0.1,2.125,1.3858695652173914,0,0,Randomized,0.9665
0.1,2.125,2.125,0,0,Randomized,0.9665
0.1,2.125,0.425,0,0,Randomized,0.9665
0.1,2.125,2.0928030303030303,0,1,Randomized,0.9665
0.1,2.125,2.125,0,0,Randomized,0.9665
0.1,2.125,1.3222222222222222,0,0,Randomized,0.9665
0.1,2.125,1.7938311688311688,0,0,Randomized,0.9665
0.1,2.125,1.4166666666666667,0,0,Randomized,0.9665
0.1,2.125,1.59375,0,0,Randomized,0.9665
0.1,2.125,1.8888888888888888,0,0,Randomized,0.9665
0.1,2.125,0.3541666666666667,0,0,Randomized,0.9665
0.1,2.125,1.7386363636363635,0,0,Randomized,0.9665
0.1,2.125,1.7386363636363635,0,0,Randomized,0.9665
0.1,2.125,1.59375,0,0,Randomized,0.9665
0.1,2.125,0.0,1,0,Randomized,0.9665
0.1,2.125,2.125,0,0,Randomized,0.9665
0.1,2.125,1.6822916666666667,0,0,Randomized,0.9665
0.1,2.125,1.859375,0,0,Randomized,0.9665
0.1,2.125,1.7413194444444444,0,0,Randomized,0.9665
0.1,2.125,1.5178571428571428,0,0,Randomized,0.9665
0.1,2.125,1.2986111111111112,0,0,Randomized,0.9665
0.1,2.125,1.59375,0,0,Randomized,0.9665
0.1,2.125,2.125,0,0,Randomized,0.9665
0.1,2.125,2.125,0,0,Randomized,0.9665
0.1,2.125,1.8214285714285714,0,0,Randomized,0.9665
0.1,2.125,1.9479166666666667,0,0,Randomized,0.9665
0.1,2.125,1.859375,0,0,Randomized,0.9665
0.1,2.125,1.859375,0,0,Randomized,0.9665
0.1,2.125,0.7083333333333334,0,0,Randomized,0.9665
0.1,2.125,1.4609375,0,0,Randomized,0.9665
0.1,2.125,1.3576388888888888,0,0,Randomized,0.9665
0.1,2.125,1.9921875,0,0,Randomized,0.9665
0.1,2.125,2.125,1,0,Randomized,0.9665
0.1,2.125,1.2142857142857142,0,0,Randomized,0.9665
0.1,2.125,1.4078125,0,0,Randomized,0.9665
0.1,2.125,2.125,1,0,Randomized,0.9665
0.1,2.125,0.2361111111111111,0,0,Randomized,0.9665
0.1,2.125,1.9408333333333334,0,1,Randomized,0.9665
0.1,2.125,2.125,0,0,Randomized,0.9665
0.1,2.125,1.0625,0,0,Randomized,0.9665
0.1,2.125,0.0,0,0,Randomized,0.9665
0.1,2.125,1.7455357142857142,0,0,Randomized,0.9665
0.1,2.125,2.125,0,0,Randomized,0.9665
0.1,2.125,2.125,0,0,Randomized,0.9665
0.1,2.125,1.859375,0,0,Randomized,0.9665
0.1,2.125,2.125,0,0,Randomized,0.9665
0.1,2.125,1.7,0,0,Randomized,0.9665
0.1,2.125,1.7708333333333333,0,0,Randomized,0.9665
0.1,2.125,0.8854166666666666,0,0,Randomized,0.9665
0.1,2.125,1.7386363636363635,0,0,Randomized,0.9665
0.1,2.125,2.125,1,0,Randomized,0.9665
0.1,2.125,1.75,0,0,Randomized,0.9665
0.1,2.125,2.125,1,0,Randomized,0.9665
0.1,2.125,0.0,0,0,Randomized,0.9665
0.1,2.125,2.125,0,0,Randomized,0.9665
0.1,2.125,1.9479166666666667,0,0,Randomized,0.9665
0.1,2.125,1.7265625,0,0,Randomized,0.9665
0.1,2.125,2.125,0,0,Randomized,0.9665
0.1,2.125,2.125,0,0,Randomized,0.9665
0.1,2.125,1.4320652173913044,0,0,Randomized,0.9665
0.1,2.125,2.125,0,0,Randomized,0.9665
0.1,2.125,0.7083333333333334,0,0,Randomized,0.9665
0.1,2.125,2.125,0,0,Randomized,0.9665
0.1,2.125,1.59375,0,0,Randomized,0.9665
0.1,2.125,1.4609375,0,0,Randomized,0.9665
0.1,2.125,1.7601010101010102,0,0,Randomized,0.9665
0.1,2.125,1.328125,0,0,Randomized,0.9665
0.1,2.125,1.859375,0,0,Randomized,0.9665
0.1,2.125,2.125,0,0,Randomized,0.9665
0.1,2.125,1.5482142857142858,0,0,Randomized,0.9665
0.1,2.125,1.0625,0,0,Randomized,0.9665
0.1,2.125,1.7265625,0,0,Randomized,0.9665
0.1,2.125,0.265625,0,0,Randomized,0.9665
0.1,2.125,0.8854166666666666,0,0,Randomized,0.9665
0.1,2.125,1.0625,0,0,Randomized,0.9665
0.1,2.125,0.7083333333333334,0,0,Randomized,0.9665
0.1,2.125,1.7386363636363635,0,0,Randomized,0.9665
0.1,2.125,1.59375,0,0,Randomized,0.9665
0.1,2.125,1.0625,0,0,Randomized,0.9665
0.1,2.125,1.859375,0,0,Randomized,0.9665
0.1,2.125,2.125,0,0,Randomized,0.9665
0.1,2.125,1.4166666666666667,0,0,Randomized,0.9665
0.1,2.125,1.59375,0,1,Randomized,0.9665
0.1,2.125,1.1953125,0,0,Randomized,0.9665
0.1,2.125,1.9318181818181819,0,0,Randomized,0.9665
0.1,2.125,2.125,0,0,Randomized,0.9665
0.1,2.125,1.1805555555555556,0,0,Randomized,0.9665
0.1,2.125,1.2142857142857142,0,0,Randomized,0.9665
0.1,2.125,2.125,0,0,Randomized,0.9665
0.1,2.125,2.125,0,0,Randomized,0.9665
0.1,2.125,1.2142857142857142,0,0,Randomized,0.9665
0.1,2.125,1.2142857142857142,0,0,Randomized,0.9665
0.1,2.125,1.7,0,0,Randomized,0.9665
0.1,2.125,1.4782608695652173,0,0,Randomized,0.9665
0.1,2.125,1.1805555555555556,0,0,Randomized,0.9665
0.1,2.125,1.7708333333333333,0,0,Randomized,0.9665
0.1,2.125,1.1805555555555556,0,0,Randomized,0.9665
0.1,2.125,1.4925595238095237,0,0,Randomized,0.9665
0.1,2.125,0.30357142857142855,0,0,Randomized,0.9665
0.1,2.125,2.125,1,0,Randomized,0.9665
0.1,2.125,2.125,0,0,Randomized,0.9665
0.1,2.125,1.9732142857142858,0,0,Randomized,0.9665
0.1,2.125,1.7,0,0,Randomized,0.9665
0.1,2.125,1.0,0,0,Randomized,0.9665
0.1,2.125,2.125,1,0,Randomized,0.9665
0.1,2.125,1.4539473684210527,0,0,Randomized,0.9665
0.1,2.125,2.125,1,0,Randomized,0.9665
0.1,2.125,1.9833333333333334,0,0,Randomized,0.9665
0.1,2.125,1.0625,0,0,Randomized,0.9665
0.1,2.125,1.9125,0,0,Randomized,0.9665
0.1,2.125,1.8214285714285714,0,0,Randomized,0.9665
0.1,2.125,1.3308080808080809,0,0,Randomized,0.9665
0.1,2.125,0.0,0,0,Randomized,0.9665
0.1,2.125,1.59375,0,0,Randomized,0.9665
0.1,2.125,1.7,0,0,Randomized,0.9665
0.1,2.125,1.445,0,0,Randomized,0.9665
0.1,2.125,2.125,0,0,Randomized,0.9665
0.1,2.125,2.125,0,0,Randomized,0.9665
0.1,2.125,2.125,0,0,Randomized,0.9665
0.1,2.125,1.1805555555555556,0,0,Randomized,0.9665
0.1,2.125,1.5657894736842106,0,0,Randomized,0.9665
0.1,2.125,1.7980769230769231,0,0,Randomized,0.9665
0.1,2.125,1.6527777777777777,0,0,Randomized,0.9665
0.1,2.125,1.722537878787879,0,1,Randomized,0.9665
0.1,2.125,2.125,0,0,Randomized,0.9665
0.1,2.125,1.1442307692307692,0,0,Randomized,0.9665
0.1,2.125,2.125,0,0,Randomized,0.9665
0.1,2.125,1.5583333333333333,0,0,Randomized,0.9665
0.1,2.125,0.0,0,0,Randomized,0.9665
0.1,2.125,1.7472222222222222,0,1,Randomized,0.9665
0.1,2.125,1.0625,0,0,Randomized,0.9665
0.1,2.125,1.7,0,0,Randomized,0.9665
0.1,2.125,1.7386363636363635,0,0,Randomized,0.9665
0.1,2.125,1.3877551020408163,0,0,Randomized,0.9665
0.1,2.125,2.125,1,0,Randomized,0.9665
0.1,2.125,1.1805555555555556,0,0,Randomized,0.9665
0.1,2.125,1.9318181818181819,0,0,Randomized,0.9665
0.1,2.125,1.568452380952381,0,0,Randomized,0.9665
0.1,2.125,1.5,0,0,Randomized,0.9665
0.1,2.125,1.0625,0,0,Randomized,0.9665
0.1,2.125,1.9511363636363637,0,1,Randomized,0.9665
0.1,2.125,2.125,0,0,Randomized,0.9665
0.1,2.125,1.7141666666666666,0,1,Randomized,0.9665
0.1,2.125,1.722537878787879,0,1,Randomized,0.9665
0.1,2.125,2.125,0,0,Randomized,0.9665
0.1,2.125,1.5528846153846154,0,0,Randomized,0.9665
0.1,2.125,1.1953125,0,0,Randomized,0.9665
0.1,2.125,1.53,0,0,Randomized,0.9665
0.1,2.125,2.125,0,0,Randomized,0.9665
0.1,2.125,0.0,0,0,Randomized,0.9665
0.1,2.125,1.6652046783625731,0,0,Randomized,0.9665
0.1,2.125,2.125,0,0,Randomized,0.9665
0.1,2.125,1.4681818181818183,0,0,Randomized,0.9665
0.1,2.125,2.125,0,0,Randomized,0.9665
0.1,2.125,1.4166666666666667,0,0,Randomized,0.9665
0.1,2.125,2.125,0,0,Randomized,0.9665
0.1,2.125,2.125,0,0,Randomized,0.9665
0.1,2.125,1.4166666666666667,0,0,Randomized,0.9665
0.1,2.125,0.0,0,0,Randomized,0.9665
0.1,2.125,2.125,0,0,Randomized,0.9665
0.1,2.125,0.425,0,0,Randomized,0.9665
0.1,2.125,1.5178571428571428,0,0,Randomized,0.9665
0.1,2.125,2.125,1,0,Randomized,0.9665
0.1,2.125,1.328125,0,0,Randomized,0.9665
0.1,2.125,1.7554347826086956,0,0,Randomized,0.9665
0.1,2.125,0.0,0,0,Randomized,0.9665
0.1,2.125,1.3154761904761905,0,0,Randomized,0.9665
0.1,2.125,1.59375,0,0,Randomized,0.9665
0.1,2.125,1.859375,0,0,Randomized,0.9665
0.1,2.125,0.7727272727272727,0,0,Randomized,0.9665
0.1,2.125,1.7,0,0,Randomized,0.9665
0.1,2.125,2.125,0,0,Randomized,0.9665
0.1,2.125,1.3894230769230769,0,0,Randomized,0.9665
0.1,2.125,2.125,0,0,Randomized,0.9665
0.1,2.125,2.125,0,0,Randomized,0.9665
0.1,2.125,0.7083333333333334,0,0,Randomized,0.9665
0.1,2.125,0.9807692307692307,0,0,Randomized,0.9665
0.1,2.125,1.59375,0,0,Randomized,0.9665
0.1,2.125,0.9107142857142857,0,0,Randomized,0.9665
0.1,2.125,1.4166666666666667,0,0,Randomized,0.9665
0.1,2.125,0.85,0,0,Randomized,0.9665
0.1,2.125,2.125,0,0,Randomized,0.9665
0.1,2.125,1.7265625,1,0,Randomized,0.9665
0.1,2.125,2.125,0,0,Randomized,0.9665
0.1,2.125,2.125,0,0,Randomized,0.9665
0.1,2.125,1.328125,0,0,Randomized,0.9665
0.1,2.125,1.2934782608695652,0,0,Randomized,0.9665
0.1,2.125,1.5347222222222223,0,0,Randomized,0.9665
0.1,2.125,2.125,0,0,Randomized,0.9665
0.1,2.125,1.4166666666666667,0,0,Randomized,0.9665
0.1,2.125,1.7386363636363635,0,0,Randomized,0.9665
0.1,2.125,1.80625,0,0,Randomized,0.9665
0.1,2.125,1.4166666666666667,0,0,Randomized,0.9665
0.1,2.125,2.125,0,0,Randomized,0.9665
0.1,2.125,2.125,0,0,Randomized,0.9665
0.1,2.125,2.125,0,0,Randomized,0.9665
0.1,2.125,2.125,0,0,Randomized,0.9665
0.1,2.125,1.1805555555555556,0,0,Randomized,0.9665
0.1,2.125,2.125,0,0,Randomized,0.9665
0.1,2.125,2.125,0,0,Randomized,0.9665
0.1,2.125,2.125,0,0,Randomized,0.9665
0.1,2.125,2.125,0,0,Randomized,0.9665
0.1,2.125,1.9479166666666667,0,0,Randomized,0.9665
0.1,2.125,2.125,0,0,Randomized,0.9665
0.1,2.125,1.615,0,1,Randomized,0.9665
0.1,2.125,0.85,0,0,Randomized,0.9665
0.1,2.125,2.125,0,0,Randomized,0.9665
0.1,2.125,2.125,1,0,Randomized,0.9665
0.1,2.125,2.125,0,0,Randomized,0.9665
0.1,2.125,2.125,0,0,Randomized,0.9665
0.1,2.125,2.125,0,0,Randomized,0.9665
0.1,2.125,1.1805555555555556,0,0,Randomized,0.9665
0.1,2.125,1.3154761904761905,0,0,Randomized,0.9665
0.1,2.125,0.6375,0,0,Randomized,0.9665
0.1,2.125,1.59375,0,0,Randomized,0.9665
0.1,2.125,2.125,0,0,Randomized,0.9665
0.1,2.125,2.125,0,0,Randomized,0.9665
0.1,2.125,2.125,0,0,Randomized,0.9665
0.1,2.125,1.92578125,0,0,Randomized,0.9665
0.1,2.125,0.85,0,0,Randomized,0.9665
0.1,2.125,0.85,0,0,Randomized,0.9665
0.1,2.125,2.125,0,0,Randomized,0.9665
0.1,2.125,2.125,0,0,Randomized,0.9665
0.1,2.125,1.7708333333333333,0,0,Randomized,0.9665
0.1,2.125,2.125,0,0,Randomized,0.9665
0.1,2.125,2.125,0,0,Randomized,0.9665
0.1,2.125,1.5347222222222223,0,0,Randomized,0.9665
0.1,2.125,2.125,0,0,Randomized,0.9665
0.1,2.125,2.125,0,0,Randomized,0.9665
0.1,2.125,2.125,0,0,Randomized,0.9665
0.1,2.125,0.796875,0,0,Randomized,0.9665
0.1,2.125,0.9807692307692307,0,0,Randomized,0.9665
0.1,2.125,1.4166666666666667,0,0,Randomized,0.9665
0.1,2.125,1.619047619047619,0,0,Randomized,0.9665
0.1,2.125,2.125,0,0,Randomized,0.9665
0.1,2.125,2.125,0,0,Randomized,0.9665
0.1,2.125,2.125,0,0,Randomized,0.9665
0.1,2.125,1.8214285714285714,0,0,Randomized,0.9665
0.1,2.125,0.8854166666666666,0,0,Randomized,0.9665
0.1,2.125,1.5454545454545454,0,0,Randomized,0.9665
0.1,2.125,0.0,0,0,Randomized,0.9665
0.1,2.125,1.4539473684210527,0,0,Randomized,0.9665
0.1,2.125,1.4166666666666667,1,0,Randomized,0.9665
0.1,2.125,1.859375,0,0,Randomized,0.9665
0.1,2.125,1.5178571428571428,0,0,Randomized,0.9665
0.1,2.125,2.125,0,0,Randomized,0.9665
0.1,2.125,2.125,0,0,Randomized,0.9665
0.1,2.125,1.4166666666666667,0,0,Randomized,0.9665
0.1,2.125,1.6696428571428572,1,0,Randomized,0.9665
0.1,2.125,1.1590909090909092,0,0,Randomized,0.9665
0.1,2.125,1.1442307692307692,0,0,Randomized,0.9665
0.1,2.125,1.7980769230769231,0,0,Randomized,0.9665
0.1,2.125,1.859375,0,0,Randomized,0.9665
0.1,2.125,1.7708333333333333,0,0,Randomized,0.9665
0.1,2.125,0.425,0,0,Randomized,0.9665
0.1,2.125,2.125,0,0,Randomized,0.9665
0.1,2.125,0.0,0,0,Randomized,0.9665
0.1,2.125,1.361328125,0,0,Randomized,0.9665
0.1,2.125,1.5706521739130435,0,0,Randomized,0.9665
0.1,2.125,0.0,0,0,Randomized,0.9665
0.1,2.125,1.275,0,0,Randomized,0.9665
0.1,2.125,1.7435897435897436,0,0,Randomized,0.9665
0.1,2.125,1.4166666666666667,0,0,Randomized,0.9665
0.1,2.125,2.125,0,0,Randomized,0.9665
0.1,2.125,1.38125,0,0,Randomized,0.9665
0.1,2.125,2.125,0,0,Randomized,0.9665
0.1,2.125,1.1590909090909092,0,0,Randomized,0.9665
0.1,2.125,1.6836538461538462,0,1,Randomized,0.9665
0.1,2.125,1.9125,0,0,Randomized,0.9665
0.1,2.125,1.6527777777777777,0,0,Randomized,0.9665
0.1,2.125,2.125,0,0,Randomized,0.9665
0.1,2.125,1.3660714285714286,0,0,Randomized,0.9665
0.1,2.125,1.59375,0,0,Randomized,0.9665
0.1,2.125,1.4166666666666667,0,0,Randomized,0.9665
0.1,2.125,0.796875,0,0,Randomized,0.9665
0.1,2.125,1.7052469135802468,0,0,Randomized,0.9665
0.1,2.125,2.125,0,0,Randomized,0.9665
0.1,2.125,0.5795454545454546,0,0,Randomized,0.9665
0.1,2.125,2.125,0,0,Randomized,0.9665
0.1,2.125,2.125,0,0,Randomized,0.9665
0.1,2.125,2.125,1,0,Randomized,0.9665
0.1,2.125,1.5583333333333333,0,0,Randomized,0.9665
0.1,2.125,1.59375,0,0,Randomized,0.9665
0.1,2.125,2.125,0,0,Randomized,0.9665
0.1,2.125,1.9615384615384615,0,0,Randomized,0.9665
0.1,2.125,1.619047619047619,0,0,Randomized,0.9665
0.1,2.125,1.6527777777777777,0,0,Randomized,0.9665
0.1,2.125,2.125,0,0,Randomized,0.9665
0.1,2.125,1.5583333333333333,0,0,Randomized,0.9665
0.1,2.125,1.8214285714285714,0,0,Randomized,0.9665
0.1,2.125,1.9318181818181819,1,0,Randomized,0.9665
0.1,2.125,1.4875,0,0,Randomized,0.9665
0.1,2.125,1.4488636363636365,0,0,Randomized,0.9665
0.1,2.125,1.6527777777777777,1,0,Randomized,0.9665
0.1,2.125,1.7375,0,1,Randomized,0.9665
0.1,2.125,1.4166666666666667,0,0,Randomized,0.9665
0.1,2.125,1.4166666666666667,0,0,Randomized,0.9665
0.1,2.125,0.0,0,0,Randomized,0.9665
0.1,2.125,2.125,0,0,Randomized,0.9665
0.1,2.125,1.5178571428571428,0,0,Randomized,0.9665
0.1,2.125,1.481060606060606,0,0,Randomized,0.9665
0.1,2.125,2.125,0,0,Randomized,0.9665
0.1,2.125,1.1333333333333333,0,0,Randomized,0.9665
0.1,2.125,2.125,0,0,Randomized,0.9665
0.1,2.125,1.9615384615384615,0,0,Randomized,0.9665
0.1,2.125,2.125,0,0,Randomized,0.9665
0.1,2.125,1.0625,0,0,Randomized,0.9665
0.1,2.125,0.85,0,0,Randomized,0.9665
0.1,2.125,1.762962962962963,0,0,Randomized,0.9665
0.1,2.125,1.59375,1,0,Randomized,0.9665
0.1,2.125,1.8214285714285714,0,0,Randomized,0.9665
0.1,2.125,2.125,0,0,Randomized,0.9665
0.1,2.125,1.2986111111111112,0,0,Randomized,0.9665
0.1,2.125,1.4166666666666667,0,0,Randomized,0.9665
0.1,2.125,0.0,0,0,Randomized,0.9665
0.1,2.125,1.59375,0,0,Randomized,0.9665
0.1,2.125,1.9318181818181819,1,0,Randomized,0.9665
0.1,2.125,1.5583333333333333,0,1,Randomized,0.9665
0.1,2.125,1.9318181818181819,0,0,Randomized,0.9665
0.1,2.125,1.8101851851851851,0,0,Randomized,0.9665
0.1,2.125,1.5347222222222223,0,0,Randomized,0.9665
0.1,2.125,1.481060606060606,0,0,Randomized,0.9665
0.1,2.125,1.4166666666666667,0,0,Randomized,0.9665
0.1,2.125,1.9125,1,0,Randomized,0.9665
0.1,2.125,1.59375,0,0,Randomized,0.9665
0.1,2.125,2.125,0,0,Randomized,0.9665
0.1,2.125,2.125,0,0,Randomized,0.9665
0.1,2.125,1.2142857142857142,0,0,Randomized,0.9665
0.1,2.125,2.125,0,0,Randomized,0.9665
0.1,2.125,1.5819444444444444,0,0,Randomized,0.9665
0.1,2.125,1.8888888888888888,0,0,Randomized,0.9665
0.1,2.125,1.4166666666666667,0,0,Randomized,0.9665
0.1,2.125,1.59375,0,0,Randomized,0.9665
0.1,2.125,0.6071428571428571,0,0,Randomized,0.9665
0.1,2.125,1.2395833333333333,0,0,Randomized,0.9665
0.1,2.125,2.125,0,0,Randomized,0.9665
0.1,2.125,2.125,0,0,Randomized,0.9665
0.1,2.125,1.0625,0,0,Randomized,0.9665
0.1,2.125,2.125,0,0,Randomized,0.9665
0.1,2.125,1.1333333333333333,0,0,Randomized,0.9665
0.1,2.125,2.125,0,0,Randomized,0.9665
0.1,2.125,1.646875,0,0,Randomized,0.9665
0.1,2.125,2.125,0,0,Randomized,0.9665
0.1,2.125,2.125,0,0,Randomized,0.9665
0.1,2.125,2.125,0,0,Randomized,0.9665
0.1,2.125,2.125,0,0,Randomized,0.9665
0.1,2.125,0.0,0,0,Randomized,0.9665
0.1,2.125,1.59375,0,0,Randomized,0.9665
0.1,2.125,2.125,0,0,Randomized,0.9665
0.1,2.125,1.3894230769230769,0,0,Randomized,0.9665
0.1,2.125,1.275,0,0,Randomized,0.9665
0.1,2.125,1.76375,0,1,Randomized,0.9665
0.1,2.125,2.125,0,0,Randomized,0.9665
0.1,2.125,1.8888888888888888,0,0,Randomized,0.9665
0.1,2.125,1.9125,0,0,Randomized,0.9665
0.1,2.125,0.9107142857142857,0,0,Randomized,0.9665
0.1,2.125,2.125,0,0,Randomized,0.9665
0.1,2.125,1.6903409090909092,0,0,Randomized,0.9665
0.1,2.125,1.328125,0,0,Randomized,0.9665
0.1,2.125,2.125,0,0,Randomized,0.9665
0.1,2.125,1.5454545454545454,0,0,Randomized,0.9665
0.1,2.125,1.328125,0,0,Randomized,0.9665
0.1,2.125,2.125,0,0,Randomized,0.9665
0.1,2.125,1.0625,0,0,Randomized,0.9665
0.1,2.125,2.125,0,0,Randomized,0.9665
0.1,2.125,2.125,0,0,Randomized,0.9665
0.1,2.125,2.125,0,0,Randomized,0.9665
0.1,2.125,2.125,0,0,Randomized,0.9665
0.1,2.125,1.8214285714285714,0,0,Randomized,0.9665
0.1,2.125,1.803453947368421,1,0,Randomized,0.9665
0.1,2.125,1.875,0,0,Randomized,0.9665
0.1,2.125,1.859375,0,0,Randomized,0.9665
0.1,2.125,1.59375,0,0,Randomized,0.9665
0.1,2.125,1.38125,0,0,Randomized,0.9665
0.1,2.125,1.6527777777777777,0,0,Randomized,0.9665
0.1,2.125,2.125,0,0,Randomized,0.9665
0.1,2.125,0.0,0,0,Randomized,0.9665
0.1,2.125,2.125,0,0,Randomized,0.9665
0.1,2.125,2.125,0,0,Randomized,0.9665
0.1,2.125,2.125,0,0,Randomized,0.9665
0.1,2.125,2.0069444444444446,0,0,Randomized,0.9665
0.1,2.125,1.7,0,1,Randomized,0.9665
0.1,2.125,0.7083333333333334,0,0,Randomized,0.9665
0.1,2.125,1.5178571428571428,0,0,Randomized,0.9665
0.1,2.125,2.125,0,0,Randomized,0.9665
0.1,2.125,1.7708333333333333,0,0,Randomized,0.9665
0.1,2.125,2.125,0,0,Randomized,0.9665
0.1,2.125,2.125,0,0,Randomized,0.9665
0.1,2.125,2.125,0,0,Randomized,0.9665
0.1,2.125,1.6865079365079365,0,0,Randomized,0.9665
0.1,3.25,3.25,0,0,Randomized,0.976
0.1,3.25,2.1666666666666665,0,0,Randomized,0.976
0.1,3.25,3.25,0,0,Randomized,0.976
0.1,3.25,3.25,1,0,Randomized,0.976
0.1,3.25,3.25,0,0,Randomized,0.976
0.1,3.25,2.357142857142857,0,0,Randomized,0.976
0.1,3.25,2.659090909090909,0,0,Randomized,0.976
0.1,3.25,1.5294117647058822,0,0,Randomized,0.976
0.1,3.25,1.625,0,0,Randomized,0.976
0.1,3.25,2.640625,0,0,Randomized,0.976
0.1,3.25,3.25,0,0,Randomized,0.976
0.1,3.25,2.9575,0,1,Randomized,0.976
0.1,3.25,3.25,1,0,Randomized,0.976
0.1,3.25,2.984090909090909,0,1,Randomized,0.976
0.1,3.25,1.828125,0,0,Randomized,0.976
0.1,3.25,3.25,0,0,Randomized,0.976
0.1,3.25,2.3833333333333333,0,0,Randomized,0.976
0.1,3.25,2.9545454545454546,0,0,Randomized,0.976
0.1,3.25,2.925,1,0,Randomized,0.976
0.1,3.25,2.9545454545454546,0,0,Randomized,0.976
0.1,3.25,2.9791666666666665,0,0,Randomized,0.976
0.1,3.25,2.6,0,0,Randomized,0.976
0.1,3.25,3.25,0,1,Randomized,0.976
0.1,3.25,3.25,0,0,Randomized,0.976
0.1,3.25,3.25,0,0,Randomized,0.976
0.1,3.25,1.3,0,0,Randomized,0.976
0.1,3.25,3.25,0,0,Randomized,0.976
0.1,3.25,3.25,0,0,Randomized,0.976
0.1,3.25,2.659090909090909,0,0,Randomized,0.976
0.1,3.25,0.5416666666666666,0,0,Randomized,0.976
0.1,3.25,2.357142857142857,0,0,Randomized,0.976
0.1,3.25,3.25,1,0,Randomized,0.976
0.1,3.25,3.25,0,0,Randomized,0.976
0.1,3.25,3.25,0,0,Randomized,0.976
0.1,3.25,1.25,0,0,Randomized,0.976
0.1,3.25,2.1666666666666665,0,0,Randomized,0.976
0.1,3.25,3.25,1,0,Randomized,0.976
0.1,3.25,3.25,0,0,Randomized,0.976
0.1,3.25,3.25,0,0,Randomized,0.976
0.1,3.25,1.95,0,0,Randomized,0.976
0.1,3.25,1.7333333333333334,0,0,Randomized,0.976
0.1,3.25,3.25,1,0,Randomized,0.976
0.1,3.25,1.7105263157894737,0,0,Randomized,0.976
0.1,3.25,2.659090909090909,0,0,Randomized,0.976
0.1,3.25,3.25,0,0,Randomized,0.976
0.1,3.25,2.6,0,0,Randomized,0.976
0.1,3.25,2.4375,0,0,Randomized,0.976
0.1,3.25,1.7205882352941178,0,0,Randomized,0.976
0.1,3.25,1.7333333333333334,0,0,Randomized,0.976
0.1,3.25,3.25,0,0,Randomized,0.976
0.1,3.25,2.1666666666666665,0,0,Randomized,0.976
0.1,3.25,2.9545454545454546,0,0,Randomized,0.976
0.1,3.25,3.25,0,0,Randomized,0.976
0.1,3.25,2.03125,0,0,Randomized,0.976
0.1,3.25,2.4375,0,0,Randomized,0.976
0.1,3.25,1.3,0,0,Randomized,0.976
0.1,3.25,3.25,0,0,Randomized,0.976
0.1,3.25,3.25,0,0,Randomized,0.976
0.1,3.25,2.9545454545454546,1,0,Randomized,0.976
0.1,3.25,3.25,0,0,Randomized,0.976
0.1,3.25,2.9545454545454546,0,0,Randomized,0.976
0.1,3.25,2.9545454545454546,1,0,Randomized,0.976
0.1,3.25,3.25,0,0,Randomized,0.976
0.1,3.25,0.0,0,0,Randomized,0.976
0.1,3.25,3.25,0,0,Randomized,0.976
0.1,3.25,2.9545454545454546,0,0,Randomized,0.976
0.1,3.25,3.25,0,0,Randomized,0.976
0.1,3.25,1.911764705882353,1,0,Randomized,0.976
0.1,3.25,2.3214285714285716,0,0,Randomized,0.976
0.1,3.25,3.25,0,1,Randomized,0.976
0.1,3.25,2.888888888888889,1,0,Randomized,0.976
0.1,3.25,3.25,0,0,Randomized,0.976
0.1,3.25,3.25,1,0,Randomized,0.976
0.1,3.25,3.25,0,0,Randomized,0.976
0.1,3.25,2.5535714285714284,0,0,Randomized,0.976
0.1,3.25,2.84375,0,0,Randomized,0.976
0.1,3.25,2.925,0,0,Randomized,0.976
0.1,3.25,0.0,0,0,Randomized,0.976
0.1,3.25,2.4375,0,0,Randomized,0.976
0.1,3.25,3.25,0,0,Randomized,0.976
0.1,3.25,2.4375,0,0,Randomized,0.976
0.1,3.25,2.0892857142857144,0,0,Randomized,0.976
0.1,3.25,2.7857142857142856,0,0,Randomized,0.976
0.1,3.25,3.25,0,0,Randomized,0.976
0.1,3.25,2.925,0,0,Randomized,0.976
0.1,3.25,1.5166666666666666,0,0,Randomized,0.976
0.1,3.25,2.220833333333333,0,1,Randomized,0.976
0.1,3.25,3.25,0,0,Randomized,0.976
0.1,3.25,2.659090909090909,0,0,Randomized,0.976
0.1,3.25,1.75,0,0,Randomized,0.976
0.1,3.25,2.7857142857142856,1,0,Randomized,0.976
0.1,3.25,2.659090909090909,0,0,Randomized,0.976
0.1,3.25,3.169753086419753,0,0,Randomized,0.976
0.1,3.25,3.25,0,0,Randomized,0.976
0.1,3.25,3.25,0,0,Randomized,0.976
0.1,3.25,3.25,0,0,Randomized,0.976
0.1,3.25,1.625,0,0,Randomized,0.976
0.1,3.25,2.1666666666666665,0,0,Randomized,0.976
0.1,3.25,3.25,0,0,Randomized,0.976
0.1,3.25,2.7083333333333335,0,0,Randomized,0.976
0.1,3.25,3.25,0,0,Randomized,0.976
0.1,3.25,2.5535714285714284,0,0,Randomized,0.976
0.1,3.25,3.25,0,0,Randomized,0.976
0.1,3.25,3.25,0,0,Randomized,0.976
0.1,3.25,3.25,0,0,Randomized,0.976
0.1,3.25,2.2941176470588234,0,0,Randomized,0.976
0.1,3.25,2.9545454545454546,1,0,Randomized,0.976
0.1,3.25,1.4444444444444444,0,0,Randomized,0.976
0.1,3.25,3.25,0,0,Randomized,0.976
0.1,3.25,2.925,0,0,Randomized,0.976
0.1,3.25,2.1666666666666665,0,0,Randomized,0.976
0.1,3.25,3.25,0,0,Randomized,0.976
0.1,3.25,0.65,0,0,Randomized,0.976
0.1,3.25,3.25,1,0,Randomized,0.976
0.1,3.25,3.25,0,0,Randomized,0.976
0.1,3.25,1.7875,0,0,Randomized,0.976
0.1,3.25,3.25,0,0,Randomized,0.976
0.1,3.25,0.975,0,0,Randomized,0.976
0.1,3.25,3.046875,0,0,Randomized,0.976
0.1,3.25,0.0,0,0,Randomized,0.976
0.1,3.25,2.925,0,0,Randomized,0.976
0.1,3.25,2.7083333333333335,0,0,Randomized,0.976
0.1,3.25,3.25,1,0,Randomized,0.976
0.1,3.25,2.6,1,0,Randomized,0.976
0.1,3.25,3.25,1,0,Randomized,0.976
0.1,3.25,2.84375,0,0,Randomized,0.976
0.1,3.25,2.3472222222222223,0,0,Randomized,0.976
0.1,3.25,2.888888888888889,0,0,Randomized,0.976
0.1,3.25,1.3,0,0,Randomized,0.976
0.1,3.25,3.25,1,0,Randomized,0.976
0.1,3.25,2.984090909090909,0,1,Randomized,0.976
0.1,3.25,3.25,0,0,Randomized,0.976
0.1,3.25,2.6,0,0,Randomized,0.976
0.1,3.25,2.724747474747475,0,0,Randomized,0.976
0.1,3.25,3.25,1,1,Randomized,0.976
0.1,3.25,3.25,0,0,Randomized,0.976
0.1,3.25,3.25,0,0,Randomized,0.976
0.1,3.25,2.9791666666666665,0,0,Randomized,0.976
0.1,3.25,3.25,0,0,Randomized,0.976
0.1,3.25,3.25,0,0,Randomized,0.976
0.1,3.25,3.25,0,0,Randomized,0.976
0.1,3.25,2.7857142857142856,0,0,Randomized,0.976
0.1,3.25,3.25,0,0,Randomized,0.976
0.1,3.25,2.691919191919192,0,0,Randomized,0.976
0.1,3.25,3.25,0,0,Randomized,0.976
0.1,3.25,1.8571428571428572,0,0,Randomized,0.976
0.1,3.25,2.354591836734694,0,0,Randomized,0.976
0.1,3.25,3.25,0,0,Randomized,0.976
0.1,3.25,3.25,0,0,Randomized,0.976
0.1,3.25,2.1666666666666665,0,0,Randomized,0.976
0.1,3.25,2.84375,0,0,Randomized,0.976
0.1,3.25,3.25,0,0,Randomized,0.976
0.1,3.25,3.0694444444444446,0,0,Randomized,0.976
0.1,3.25,2.984090909090909,1,1,Randomized,0.976
0.1,3.25,3.25,1,0,Randomized,0.976
0.1,3.25,2.6,0,0,Randomized,0.976
0.1,3.25,3.25,0,0,Randomized,0.976
0.1,3.25,2.9545454545454546,0,0,Randomized,0.976
0.1,3.25,0.0,0,0,Randomized,0.976
0.1,3.25,3.25,0,0,Randomized,0.976
0.1,3.25,2.9791666666666665,0,0,Randomized,0.976
0.1,3.25,2.08,0,0,Randomized,0.976
0.1,3.25,2.9545454545454546,0,0,Randomized,0.976
0.1,3.25,2.3214285714285716,0,0,Randomized,0.976
0.1,3.25,1.7333333333333334,0,0,Randomized,0.976
0.1,3.25,1.5,0,0,Randomized,0.976
0.1,3.25,2.3636363636363638,0,0,Randomized,0.976
0.1,3.25,3.2007575757575757,1,1,Randomized,0.976
0.1,3.25,2.6,0,0,Randomized,0.976
0.1,3.25,2.119565217391304,0,0,Randomized,0.976
0.1,3.25,3.25,0,0,Randomized,0.976
0.1,3.25,3.0,0,0,Randomized,0.976
0.1,3.25,2.636111111111111,0,0,Randomized,0.976
0.1,3.25,3.0,0,0,Randomized,0.976
0.1,3.25,2.888888888888889,1,0,Randomized,0.976
0.1,3.25,2.9526143790849675,0,0,Randomized,0.976
0.1,3.25,0.5909090909090909,0,0,Randomized,0.976
0.1,3.25,3.25,1,0,Randomized,0.976
0.1,3.25,2.0892857142857144,0,0,Randomized,0.976
0.1,3.25,2.7444444444444445,1,0,Randomized,0.976
0.1,3.25,3.25,0,0,Randomized,0.976
0.1,3.25,3.25,1,0,Randomized,0.976
0.1,3.25,2.925,1,0,Randomized,0.976
0.1,3.25,2.03125,0,0,Randomized,0.976
0.1,3.25,3.25,0,0,Randomized,0.976
0.1,3.25,3.25,0,0,Randomized,0.976
0.1,3.25,3.25,0,0,Randomized,0.976
0.1,3.25,2.1029411764705883,0,0,Randomized,0.976
0.1,3.25,3.25,0,0,Randomized,0.976
0.1,3.25,2.630952380952381,0,0,Randomized,0.976
0.1,3.25,3.25,0,0,Randomized,0.976
0.1,3.25,2.260869565217391,0,0,Randomized,0.976
0.1,3.25,3.0082644628099175,0,1,Randomized,0.976
0.1,3.25,3.25,0,0,Randomized,0.976
0.1,3.25,3.25,0,0,Randomized,0.976
0.1,3.25,3.25,1,0,Randomized,0.976
0.1,3.25,3.25,1,0,Randomized,0.976
0.1,3.25,3.25,0,0,Randomized,0.976
0.1,3.25,3.25,1,0,Randomized,0.976
0.1,3.25,3.25,0,0,Randomized,0.976
0.1,3.25,2.462121212121212,0,0,Randomized,0.976
0.1,3.25,2.75,0,0,Randomized,0.976
0.1,3.25,2.5277777777777777,1,0,Randomized,0.976
0.1,3.25,2.5535714285714284,0,0,Randomized,0.976
0.1,3.25,3.25,0,0,Randomized,0.976
0.1,3.25,3.196280991735537,0,1,Randomized,0.976
0.1,3.25,2.396875,0,0,Randomized,0.976
0.1,3.25,3.25,1,0,Randomized,0.976
0.1,3.25,2.2941176470588234,0,0,Randomized,0.976
0.1,3.25,2.84375,0,0,Randomized,0.976
0.1,3.25,3.25,0,0,Randomized,0.976
0.1,3.25,3.25,1,0,Randomized,0.976
0.1,3.25,2.3833333333333333,0,0,Randomized,0.976
0.1,3.25,3.0082644628099175,0,1,Randomized,0.976
0.1,3.25,2.659090909090909,0,0,Randomized,0.976
0.1,3.25,3.25,0,1,Randomized,0.976
0.1,3.25,2.925,0,0,Randomized,0.976
0.1,3.25,3.25,0,0,Randomized,0.976
0.1,3.25,2.75,0,0,Randomized,0.976
0.1,3.25,3.25,0,1,Randomized,0.976
0.1,3.25,1.95,0,0,Randomized,0.976
0.1,3.25,1.911764705882353,0,0,Randomized,0.976
0.1,3.25,2.888888888888889,0,0,Randomized,0.976
0.1,3.25,2.9545454545454546,0,0,Randomized,0.976
0.1,3.25,3.25,1,0,Randomized,0.976
0.1,3.25,3.25,0,0,Randomized,0.976
0.1,3.25,3.25,0,0,Randomized,0.976
0.1,3.25,2.659090909090909,1,0,Randomized,0.976
0.1,3.25,2.9545454545454546,0,0,Randomized,0.976
0.1,3.25,3.25,0,0,Randomized,0.976
0.1,3.25,2.75,0,0,Randomized,0.976
0.1,3.25,2.373015873015873,0,0,Randomized,0.976
0.1,3.25,3.25,0,0,Randomized,0.976
0.1,3.25,3.25,0,0,Randomized,0.976
0.1,3.25,3.25,0,0,Randomized,0.976
0.1,3.25,2.3636363636363638,0,0,Randomized,0.976
0.1,3.25,2.925,1,0,Randomized,0.976
0.1,3.25,2.5277777777777777,0,0,Randomized,0.976
0.1,3.25,3.25,0,0,Randomized,0.976
0.1,3.25,3.25,1,0,Randomized,0.976
0.1,3.25,2.9791666666666665,0,0,Randomized,0.976
0.1,3.25,2.0681818181818183,0,0,Randomized,0.976
0.1,3.25,2.659090909090909,0,0,Randomized,0.976
0.1,3.25,2.47,0,0,Randomized,0.976
0.1,3.25,2.9545454545454546,0,0,Randomized,0.976
0.1,3.25,0.0,0,0,Randomized,0.976
0.1,3.25,3.25,0,0,Randomized,0.976
0.1,3.25,2.9791666666666665,0,0,Randomized,0.976
0.1,3.25,3.25,1,0,Randomized,0.976
0.1,3.25,3.25,0,0,Randomized,0.976
0.1,3.25,3.25,1,0,Randomized,0.976
0.1,3.25,3.25,0,0,Randomized,0.976
0.1,3.25,3.25,1,0,Randomized,0.976
0.1,3.25,3.25,0,0,Randomized,0.976
0.1,3.25,2.4375,0,0,Randomized,0.976
0.1,3.25,2.4713541666666665,0,0,Randomized,0.976
0.1,3.25,2.659090909090909,0,0,Randomized,0.976
0.1,3.25,3.190909090909091,0,1,Randomized,0.976
0.1,3.25,3.25,0,0,Randomized,0.976
0.1,3.25,3.25,0,0,Randomized,0.976
0.1,3.25,0.65,0,0,Randomized,0.976
0.1,3.25,2.75,0,0,Randomized,0.976
0.1,3.25,3.25,1,1,Randomized,0.976
0.1,3.25,3.25,0,0,Randomized,0.976
0.1,3.25,2.9545454545454546,0,0,Randomized,0.976
0.1,3.25,2.7857142857142856,0,0,Randomized,0.976
0.1,3.25,2.8321428571428573,0,0,Randomized,0.976
0.1,3.25,2.03125,0,0,Randomized,0.976
0.1,3.25,3.00625,0,1,Randomized,0.976
0.1,3.25,2.9545454545454546,0,0,Randomized,0.976
0.1,3.25,3.25,1,0,Randomized,0.976
0.1,3.25,0.0,0,0,Randomized,0.976
0.1,3.25,2.6,0,0,Randomized,0.976
0.1,3.25,2.7083333333333335,0,0,Randomized,0.976
0.1,3.25,1.625,0,0,Randomized,0.976
0.1,3.25,1.828125,0,0,Randomized,0.976
0.1,3.25,3.25,1,0,Randomized,0.976
0.1,3.25,3.25,1,0,Randomized,0.976
0.1,3.25,2.7857142857142856,1,0,Randomized,0.976
0.1,3.25,1.5,0,0,Randomized,0.976
0.1,3.25,3.25,1,0,Randomized,0.976
0.1,3.25,3.25,0,0,Randomized,0.976
0.1,3.25,3.25,1,0,Randomized,0.976
0.1,3.25,2.4375,0,0,Randomized,0.976
0.1,3.25,3.25,0,0,Randomized,0.976
0.1,3.25,3.25,1,0,Randomized,0.976
0.1,3.25,2.7857142857142856,0,0,Randomized,0.976
0.1,3.25,2.03125,0,0,Randomized,0.976
0.1,3.25,2.659090909090909,0,0,Randomized,0.976
0.1,3.25,2.949074074074074,0,0,Randomized,0.976
0.1,3.25,3.25,1,1,Randomized,0.976
0.1,3.25,2.5330882352941178,1,0,Randomized,0.976
0.1,3.25,2.888888888888889,0,0,Randomized,0.976
0.1,3.25,3.046875,0,0,Randomized,0.976
0.1,3.25,2.6,0,0,Randomized,0.976
0.1,3.25,2.4375,0,0,Randomized,0.976
0.1,3.25,3.25,0,1,Randomized,0.976
0.1,3.25,2.542517006802721,0,0,Randomized,0.976
0.1,3.25,2.9017857142857144,0,0,Randomized,0.976
0.1,3.25,3.25,0,0,Randomized,0.976
0.1,3.25,3.25,0,0,Randomized,0.976
0.1,3.25,3.25,1,0,Randomized,0.976
0.1,3.25,3.25,0,0,Randomized,0.976
0.1,3.25,3.25,0,0,Randomized,0.976
0.1,3.25,2.984090909090909,0,1,Randomized,0.976
0.1,3.25,1.8055555555555556,0,0,Randomized,0.976
0.1,3.25,2.659090909090909,0,0,Randomized,0.976
0.1,3.25,3.25,0,0,Randomized,0.976
0.1,3.25,2.7083333333333335,0,0,Randomized,0.976
0.1,3.25,1.5166666666666666,0,0,Randomized,0.976
0.1,3.25,3.25,0,0,Randomized,0.976
0.1,3.25,2.640625,1,0,Randomized,0.976
0.1,3.25,3.25,1,0,Randomized,0.976
0.1,3.25,2.7083333333333335,0,0,Randomized,0.976
0.1,3.25,3.25,0,0,Randomized,0.976
0.1,3.25,3.25,0,0,Randomized,0.976
0.1,3.25,3.25,0,0,Randomized,0.976
0.1,3.25,3.25,1,0,Randomized,0.976
0.1,3.25,1.911764705882353,0,0,Randomized,0.976
0.1,3.25,3.25,0,0,Randomized,0.976
0.1,3.25,3.25,0,0,Randomized,0.976
0.1,3.25,3.25,1,0,Randomized,0.976
0.1,3.25,3.25,0,0,Randomized,0.976
0.1,3.25,3.25,0,0,Randomized,0.976
0.1,3.25,2.888888888888889,0,0,Randomized,0.976
0.1,3.25,3.25,0,0,Randomized,0.976
0.1,3.25,3.25,0,0,Randomized,0.976
0.1,3.25,0.0,1,0,Randomized,0.976
0.1,3.25,2.7857142857142856,1,0,Randomized,0.976
0.1,3.25,2.011904761904762,0,0,Randomized,0.976
0.1,3.25,2.3636363636363638,0,0,Randomized,0.976
0.1,3.25,3.25,0,0,Randomized,0.976
0.1,3.25,3.25,0,0,Randomized,0.976
0.1,3.25,3.25,0,0,Randomized,0.976
0.1,3.25,3.25,0,0,Randomized,0.976
0.1,3.25,2.925,1,0,Randomized,0.976
0.1,3.25,3.25,0,0,Randomized,0.976
0.1,3.25,2.888888888888889,1,0,Randomized,0.976
0.1,3.25,2.5,0,0,Randomized,0.976
0.1,3.25,3.0,0,0,Randomized,0.976
0.1,3.25,2.3636363636363638,0,0,Randomized,0.976
0.1,3.25,3.25,0,0,Randomized,0.976
0.1,3.25,2.884375,0,0,Randomized,0.976
0.1,3.25,2.5793650793650795,0,0,Randomized,0.976
0.1,3.25,2.925,1,0,Randomized,0.976
0.1,3.25,3.25,0,0,Randomized,0.976
0.1,3.25,3.25,0,0,Randomized,0.976
0.1,3.25,1.625,0,0,Randomized,0.976
0.1,3.25,1.625,0,0,Randomized,0.976
0.1,3.25,3.25,1,1,Randomized,0.976
0.1,3.25,3.25,0,1,Randomized,0.976
0.1,3.25,2.984090909090909,0,1,Randomized,0.976
0.1,3.25,2.9791666666666665,0,0,Randomized,0.976
0.1,3.25,2.275,0,0,Randomized,0.976
0.1,3.25,3.25,0,0,Randomized,0.976
0.1,3.25,3.25,0,0,Randomized,0.976
0.1,3.25,2.244047619047619,1,0,Randomized,0.976
0.1,3.25,1.5294117647058822,0,0,Randomized,0.976
0.1,3.25,2.6975,0,1,Randomized,0.976
0.1,3.25,1.7727272727272727,0,0,Randomized,0.976
0.1,3.25,2.5,0,0,Randomized,0.976
0.1,3.25,2.6,0,0,Randomized,0.976
0.1,3.25,2.03125,0,0,Randomized,0.976
0.1,3.25,2.5535714285714284,1,0,Randomized,0.976
0.1,3.25,3.25,0,0,Randomized,0.976
0.1,3.25,1.4772727272727273,0,0,Randomized,0.976
0.1,3.25,3.25,0,0,Randomized,0.976
0.1,3.25,3.25,0,0,Randomized,0.976
0.1,3.25,2.84375,0,0,Randomized,0.976
0.1,3.25,2.659090909090909,0,0,Randomized,0.976
0.1,3.25,1.7453703703703705,0,0,Randomized,0.976
0.1,3.25,2.6051587301587302,0,0,Randomized,0.976
0.1,3.25,3.25,0,1,Randomized,0.976
0.1,3.25,3.25,1,0,Randomized,0.976
0.1,3.25,2.7857142857142856,0,0,Randomized,0.976
0.1,3.25,3.25,0,0,Randomized,0.976
0.1,3.25,0.0,0,0,Randomized,0.976
0.1,3.25,2.1666666666666665,0,0,Randomized,0.976
0.1,3.25,2.1051136363636362,0,0,Randomized,0.976
0.1,3.25,2.0892857142857144,0,0,Randomized,0.976
0.1,3.25,3.25,0,0,Randomized,0.976
0.1,3.25,2.7857142857142856,0,0,Randomized,0.976
0.1,3.25,3.25,0,0,Randomized,0.976
0.1,3.25,2.9545454545454546,0,0,Randomized,0.976
0.1,3.25,3.25,0,0,Randomized,0.976
0.1,3.25,2.4292929292929295,0,0,Randomized,0.976
0.1,3.25,3.25,0,0,Randomized,0.976
0.1,3.25,2.2569444444444446,0,0,Randomized,0.976
0.1,3.25,0.0,1,0,Randomized,0.976
0.1,3.25,2.03125,0,0,Randomized,0.976
0.1,3.25,2.9545454545454546,1,0,Randomized,0.976
0.1,3.25,0.0,0,0,Randomized,0.976
0.1,3.25,3.25,0,0,Randomized,0.976
0.1,3.25,3.25,0,0,Randomized,0.976
0.1,3.25,2.9791666666666665,1,1,Randomized,0.976
0.1,3.25,2.925,1,0,Randomized,0.976
0.1,3.25,3.25,0,0,Randomized,0.976
0.1,3.25,3.25,0,0,Randomized,0.976
0.1,3.25,3.25,0,0,Randomized,0.976
0.1,3.25,3.25,0,0,Randomized,0.976
0.1,3.25,2.1666666666666665,0,0,Randomized,0.976
0.1,3.25,3.25,0,0,Randomized,0.976
0.1,3.25,3.25,0,0,Randomized,0.976
0.1,3.25,3.25,0,0,Randomized,0.976
0.1,3.25,2.888888888888889,1,0,Randomized,0.976
0.1,3.25,0.0,0,0,Randomized,0.976
0.1,3.25,2.816666666666667,0,0,Randomized,0.976
0.1,3.25,2.9545454545454546,0,0,Randomized,0.976
0.1,3.25,2.636111111111111,0,0,Randomized,0.976
0.1,3.25,2.7083333333333335,0,0,Randomized,0.976
0.1,3.25,0.0,0,0,Randomized,0.976
0.1,3.25,3.25,0,0,Randomized,0.976
0.1,3.25,3.25,0,0,Randomized,0.976
0.1,3.25,2.0,0,0,Randomized,0.976
0.1,3.25,3.25,0,0,Randomized,0.976
0.1,3.25,2.816666666666667,0,0,Randomized,0.976
0.1,3.25,2.925,0,0,Randomized,0.976
0.1,3.25,2.7083333333333335,0,0,Randomized,0.976
0.1,3.25,3.25,0,0,Randomized,0.976
0.1,3.25,3.25,0,0,Randomized,0.976
0.1,3.25,2.7083333333333335,1,0,Randomized,0.976
0.1,3.25,3.25,1,0,Randomized,0.976
0.1,3.25,3.25,0,0,Randomized,0.976
0.1,3.25,2.7760416666666665,0,0,Randomized,0.976
0.1,3.25,3.0,0,0,Randomized,0.976
0.1,3.25,1.625,0,0,Randomized,0.976
0.1,3.25,3.25,0,0,Randomized,0.976
0.1,3.25,1.828125,0,0,Randomized,0.976
0.1,3.25,0.0,0,0,Randomized,0.976
0.1,3.25,2.7083333333333335,0,0,Randomized,0.976
0.1,3.25,2.7083333333333335,0,0,Randomized,0.976
0.1,3.25,3.25,0,0,Randomized,0.976
0.1,3.25,2.9791666666666665,0,0,Randomized,0.976
0.1,3.25,2.0,0,0,Randomized,0.976
0.1,3.25,2.1666666666666665,0,0,Randomized,0.976
0.1,3.25,3.25,1,1,Randomized,0.976
0.1,3.25,2.7083333333333335,0,0,Randomized,0.976
0.1,3.25,3.25,0,0,Randomized,0.976
0.1,3.25,3.25,0,0,Randomized,0.976
0.1,3.25,2.6666666666666665,0,0,Randomized,0.976
0.1,3.25,1.625,0,0,Randomized,0.976
0.1,3.25,2.1666666666666665,0,0,Randomized,0.976
0.1,3.25,3.25,0,0,Randomized,0.976
0.1,3.25,3.25,0,0,Randomized,0.976
0.1,3.25,1.95,0,0,Randomized,0.976
0.1,3.25,2.0526315789473686,0,0,Randomized,0.976
0.1,3.25,2.1666666666666665,0,0,Randomized,0.976
0.1,3.25,3.25,0,0,Randomized,0.976
0.1,3.25,2.75,0,0,Randomized,0.976
0.1,3.25,1.7875,0,0,Randomized,0.976
0.1,3.25,2.925,0,0,Randomized,0.976
0.1,3.25,1.7875,0,0,Randomized,0.976
0.1,3.25,2.5535714285714284,0,0,Randomized,0.976
0.1,3.25,2.856060606060606,1,1,Randomized,0.976
0.1,3.25,3.25,0,0,Randomized,0.976
0.1,3.25,2.7805555555555554,1,0,Randomized,0.976
0.1,3.25,2.672222222222222,0,0,Randomized,0.976
0.1,3.25,2.7083333333333335,0,0,Randomized,0.976
0.1,3.25,3.25,0,0,Randomized,0.976
0.1,3.25,3.25,0,0,Randomized,0.976
0.1,3.25,3.25,0,0,Randomized,0.976
0.1,3.25,2.925,0,0,Randomized,0.976
0.1,3.25,2.9545454545454546,0,0,Randomized,0.976
0.1,3.25,3.25,0,0,Randomized,0.976
0.1,3.25,3.25,0,0,Randomized,0.976
0.1,3.25,2.5277777777777777,0,0,Randomized,0.976
0.1,3.25,2.9545454545454546,0,0,Randomized,0.976
0.1,3.25,2.8287037037037037,0,0,Randomized,0.976
0.1,3.25,3.25,0,1,Randomized,0.976
0.1,3.25,2.888888888888889,0,0,Randomized,0.976
0.1,3.25,3.25,0,0,Randomized,0.976
0.1,3.25,3.25,0,0,Randomized,0.976
0.1,3.25,1.625,0,0,Randomized,0.976
0.1,3.25,1.7205882352941178,0,0,Randomized,0.976
0.1,3.25,2.929924242424242,0,1,Randomized,0.976
0.1,3.25,2.1357142857142857,0,0,Randomized,0.976
0.1,3.25,1.3928571428571428,0,0,Randomized,0.976
0.1,3.25,0.5909090909090909,0,0,Randomized,0.976
0.1,3.25,2.9545454545454546,1,0,Randomized,0.976
0.1,3.25,2.7083333333333335,0,0,Randomized,0.976
0.1,3.25,3.25,0,0,Randomized,0.976
0.1,3.25,2.6,1,0,Randomized,0.976
0.1,3.25,3.033333333333333,0,0,Randomized,0.976
0.1,3.25,2.888888888888889,0,0,Randomized,0.976
0.1,3.25,2.9791666666666665,0,0,Randomized,0.976
0.1,3.25,1.625,0,0,Randomized,0.976
0.1,3.25,3.25,0,0,Randomized,0.976
0.1,3.25,3.25,1,0,Randomized,0.976
0.1,3.25,2.5729166666666665,0,0,Randomized,0.976
0.1,3.25,2.0892857142857144,0,0,Randomized,0.976
0.1,3.25,3.25,0,0,Randomized,0.976
0.1,3.25,1.7105263157894737,0,0,Randomized,0.976
0.1,3.25,2.888888888888889,0,0,Randomized,0.976
0.1,3.25,3.25,0,0,Randomized,0.976
0.1,3.25,3.25,0,1,Randomized,0.976
0.1,3.25,3.25,1,0,Randomized,0.976
0.1,3.25,3.25,1,0,Randomized,0.976
0.1,3.25,2.287037037037037,0,0,Randomized,0.976
0.1,3.25,2.412878787878788,0,0,Randomized,0.976
0.1,3.25,2.75,0,0,Randomized,0.976
0.1,3.25,2.7083333333333335,0,0,Randomized,0.976
0.1,3.25,2.925,0,0,Randomized,0.976
0.1,3.25,2.6,0,0,Randomized,0.976
0.1,3.25,3.25,0,0,Randomized,0.976
0.1,3.25,0.5909090909090909,0,0,Randomized,0.976
0.1,3.25,3.25,1,0,Randomized,0.976
0.1,3.25,3.25,1,1,Randomized,0.976
0.1,3.25,2.925,0,0,Randomized,0.976
0.1,3.25,3.25,0,0,Randomized,0.976
0.1,3.25,3.0,1,0,Randomized,0.976
0.1,3.25,2.1666666666666665,0,0,Randomized,0.976
0.1,3.25,2.3214285714285716,0,0,Randomized,0.976
0.1,3.25,3.0,0,0,Randomized,0.976
0.1,3.25,3.25,0,0,Randomized,0.976
0.1,3.25,3.25,0,0,Randomized,0.976
0.1,3.25,2.25,0,0,Randomized,0.976
0.1,3.25,0.65,0,0,Randomized,0.976
0.1,3.25,3.25,1,0,Randomized,0.976
0.1,3.25,1.625,0,0,Randomized,0.976
0.1,3.25,2.925,0,0,Randomized,0.976
0.1,3.25,2.0462962962962963,0,0,Randomized,0.976
0.1,3.25,2.275,0,0,Randomized,0.976
0.1,3.25,2.9791666666666665,0,0,Randomized,0.976
0.1,3.25,3.25,0,0,Randomized,0.976
0.1,3.25,3.1515151515151514,0,1,Randomized,0.976
0.1,3.25,3.25,0,0,Randomized,0.976
0.1,3.25,2.888888888888889,0,0,Randomized,0.976
0.1,3.25,2.2463235294117645,0,0,Randomized,0.976
0.1,3.25,3.25,1,0,Randomized,0.976
0.1,3.25,3.25,0,0,Randomized,0.976
0.1,3.25,3.25,0,0,Randomized,0.976
0.1,3.25,2.9545454545454546,0,0,Randomized,0.976
0.1,3.25,1.911764705882353,0,0,Randomized,0.976
0.1,3.25,3.25,1,0,Randomized,0.976
0.1,3.25,1.3,0,0,Randomized,0.976
0.1,3.25,0.0,0,0,Randomized,0.976
0.1,3.25,3.25,0,0,Randomized,0.976
0.1,3.25,3.0671875,1,1,Randomized,0.976
0.1,3.25,3.25,1,0,Randomized,0.976
0.1,3.25,2.4744318181818183,0,0,Randomized,0.976
0.1,3.25,2.9791666666666665,1,0,Randomized,0.976
0.1,3.25,2.9791666666666665,0,0,Randomized,0.976
0.1,3.25,2.1666666666666665,0,0,Randomized,0.976
0.1,3.25,3.25,0,0,Randomized,0.976
0.1,3.25,3.25,1,0,Randomized,0.976
0.1,3.25,3.017857142857143,0,0,Randomized,0.976
0.1,3.25,3.25,0,0,Randomized,0.976
0.1,3.25,3.25,1,1,Randomized,0.976
0.1,3.25,2.888888888888889,0,0,Randomized,0.976
0.1,3.25,3.25,0,1,Randomized,0.976
0.1,3.25,2.7083333333333335,0,0,Randomized,0.976
0.1,3.25,0.3611111111111111,0,0,Randomized,0.976
0.1,3.25,3.25,1,0,Randomized,0.976
0.1,3.25,3.25,0,0,Randomized,0.976
0.1,3.25,1.7205882352941178,0,0,Randomized,0.976
0.1,3.25,2.5,0,0,Randomized,0.976
0.1,3.25,2.984090909090909,0,1,Randomized,0.976
0.1,3.25,3.25,0,0,Randomized,0.976
0.1,3.25,3.0,1,0,Randomized,0.976
0.1,3.25,3.0875,0,0,Randomized,0.976
0.1,3.25,2.7083333333333335,0,0,Randomized,0.976
0.1,3.25,3.0,0,0,Randomized,0.976
0.1,3.25,3.25,0,0,Randomized,0.976
0.1,3.25,0.0,0,0,Randomized,0.976
0.1,3.25,0.0,0,0,Randomized,0.976
0.1,3.25,3.25,0,0,Randomized,0.976
0.1,3.25,0.0,0,0,Randomized,0.976
0.1,3.25,2.7083333333333335,0,0,Randomized,0.976
0.1,3.25,3.25,0,0,Randomized,0.976
0.1,3.25,3.25,0,0,Randomized,0.976
0.1,3.25,1.625,0,0,Randomized,0.976
0.1,3.25,3.25,0,0,Randomized,0.976
0.1,3.25,3.25,0,0,Randomized,0.976
0.1,3.25,2.4375,0,0,Randomized,0.976
0.1,3.25,2.389705882352941,0,0,Randomized,0.976
0.1,3.25,3.25,1,0,Randomized,0.976
0.1,3.25,0.0,0,0,Randomized,0.976
0.1,3.25,2.25,0,0,Randomized,0.976
0.1,3.25,2.3833333333333333,0,0,Randomized,0.976
0.1,3.25,3.25,1,1,Randomized,0.976
0.1,3.25,2.4375,1,0,Randomized,0.976
0.1,3.25,3.25,0,0,Randomized,0.976
0.1,3.25,2.9791666666666665,1,0,Randomized,0.976
0.1,3.25,2.5277777777777777,0,0,Randomized,0.976
0.1,3.25,1.881578947368421,0,0,Randomized,0.976
0.1,3.25,0.0,0,0,Randomized,0.976
0.1,3.25,1.625,0,0,Randomized,0.976
0.1,3.25,2.9791666666666665,1,0,Randomized,0.976
0.1,3.25,2.665,0,1,Randomized,0.976
0.1,3.25,1.625,0,0,Randomized,0.976
0.1,3.25,3.25,0,0,Randomized,0.976
0.1,3.25,2.75,0,0,Randomized,0.976
0.1,3.25,2.84375,0,0,Randomized,0.976
0.1,3.25,2.1029411764705883,0,0,Randomized,0.976
0.1,3.25,3.25,0,0,Randomized,0.976
0.1,3.25,2.8676470588235294,0,0,Randomized,0.976
0.1,3.25,3.25,1,1,Randomized,0.976
0.1,3.25,3.25,1,0,Randomized,0.976
0.1,3.25,3.25,0,0,Randomized,0.976
0.1,3.25,2.5535714285714284,0,0,Randomized,0.976
0.1,3.25,3.25,0,0,Randomized,0.976
0.1,3.25,2.984090909090909,1,1,Randomized,0.976
0.1,3.25,3.25,1,0,Randomized,0.976
0.1,3.25,1.625,0,0,Randomized,0.976
0.1,3.25,2.9545454545454546,0,0,Randomized,0.976
0.1,3.25,3.25,0,0,Randomized,0.976
0.1,3.25,3.25,0,0,Randomized,0.976
0.1,3.25,3.25,0,0,Randomized,0.976
0.1,3.25,2.1029411764705883,0,0,Randomized,0.976
0.1,3.25,3.25,0,0,Randomized,0.976
0.1,3.25,3.25,1,0,Randomized,0.976
0.1,3.25,3.25,1,0,Randomized,0.976
0.1,3.25,2.925,0,0,Randomized,0.976
0.1,3.25,3.25,1,0,Randomized,0.976
0.1,3.25,3.25,0,0,Randomized,0.976
0.1,3.25,3.25,0,0,Randomized,0.976
0.1,3.25,2.5535714285714284,0,0,Randomized,0.976
0.1,3.25,2.9545454545454546,0,0,Randomized,0.976
0.1,3.25,2.4375,0,0,Randomized,0.976
0.1,3.25,3.25,1,0,Randomized,0.976
0.1,3.25,3.25,1,1,Randomized,0.976
0.1,3.25,3.25,1,0,Randomized,0.976
0.1,3.25,2.4375,0,0,Randomized,0.976
0.1,3.25,1.3928571428571428,0,0,Randomized,0.976
0.1,3.25,3.25,0,0,Randomized,0.976
0.1,3.25,2.925,0,0,Randomized,0.976
0.1,3.25,3.25,0,0,Randomized,0.976
0.1,3.25,3.25,0,0,Randomized,0.976
0.1,3.25,3.25,0,0,Randomized,0.976
0.1,3.25,3.25,0,0,Randomized,0.976
0.1,3.25,2.3636363636363638,0,0,Randomized,0.976
0.1,3.25,3.017857142857143,0,0,Randomized,0.976
0.1,3.25,2.7083333333333335,0,0,Randomized,0.976
0.1,3.25,3.25,0,0,Randomized,0.976
0.1,3.25,2.485294117647059,0,0,Randomized,0.976
0.1,3.25,2.3833333333333333,0,0,Randomized,0.976
0.1,3.25,3.25,0,0,Randomized,0.976
0.1,3.25,3.25,0,0,Randomized,0.976
0.1,3.25,2.5,0,0,Randomized,0.976
0.1,3.25,2.7329545454545454,0,0,Randomized,0.976
0.1,3.25,2.5535714285714284,1,0,Randomized,0.976
0.1,3.25,2.3291666666666666,0,0,Randomized,0.976
0.1,3.25,3.25,0,0,Randomized,0.976
0.1,3.25,3.25,0,0,Randomized,0.976
0.1,3.25,3.25,1,0,Randomized,0.976
0.1,3.25,2.888888888888889,0,0,Randomized,0.976
0.1,3.25,3.25,0,0,Randomized,0.976
0.1,3.25,2.1666666666666665,0,0,Randomized,0.976
0.1,3.25,1.1607142857142858,0,0,Randomized,0.976
0.1,3.25,2.7083333333333335,0,0,Randomized,0.976
0.1,3.25,2.9545454545454546,1,0,Randomized,0.976
0.1,3.25,3.25,0,0,Randomized,0.976
0.1,3.25,3.25,1,0,Randomized,0.976
0.1,3.25,1.69,0,0,Randomized,0.976
0.1,3.25,3.25,0,0,Randomized,0.976
0.1,3.25,2.724747474747475,0,0,Randomized,0.976
0.1,3.25,2.1666666666666665,0,0,Randomized,0.976
0.1,3.25,2.51875,0,0,Randomized,0.976
0.1,3.25,2.5390625,0,0,Randomized,0.976
0.1,3.25,2.7181818181818183,0,1,Randomized,0.976
0.1,3.25,3.25,0,0,Randomized,0.976
0.1,3.25,3.25,0,0,Randomized,0.976
0.1,3.25,1.0833333333333333,0,0,Randomized,0.976
0.1,3.25,3.25,0,0,Randomized,0.976
0.1,3.25,2.1,0,0,Randomized,0.976
0.1,3.25,3.25,1,0,Randomized,0.976
0.1,3.25,2.03125,0,0,Randomized,0.976
0.1,3.25,3.25,0,0,Randomized,0.976
0.1,3.25,1.0833333333333333,0,0,Randomized,0.976
0.1,3.25,1.21875,0,0,Randomized,0.976
0.1,3.25,2.925,0,0,Randomized,0.976
0.1,3.25,3.25,0,0,Randomized,0.976
0.1,3.25,2.9545454545454546,0,0,Randomized,0.976
0.1,3.25,3.0,0,0,Randomized,0.976
0.1,3.25,2.659090909090909,0,0,Randomized,0.976
0.1,3.25,3.25,0,0,Randomized,0.976
0.1,3.25,1.1818181818181819,0,0,Randomized,0.976
0.1,3.25,1.7727272727272727,0,0,Randomized,0.976
0.1,3.25,3.25,0,0,Randomized,0.976
0.1,3.25,2.7857142857142856,0,0,Randomized,0.976
0.1,3.25,3.25,0,0,Randomized,0.976
0.1,3.25,1.7875,0,0,Randomized,0.976
0.1,3.25,0.0,0,0,Randomized,0.976
0.1,3.25,2.3214285714285716,0,0,Randomized,0.976
0.1,3.25,2.925,0,0,Randomized,0.976
0.1,3.25,2.724747474747475,0,0,Randomized,0.976
0.1,3.25,3.25,0,0,Randomized,0.976
0.1,3.25,1.9204545454545454,0,0,Randomized,0.976
0.1,3.25,2.25,0,0,Randomized,0.976
0.1,3.25,2.1666666666666665,0,0,Randomized,0.976
0.1,3.25,3.25,0,0,Randomized,0.976
0.1,3.25,2.925,0,1,Randomized,0.976
0.1,3.25,2.6,1,0,Randomized,0.976
0.1,3.25,2.607142857142857,0,0,Randomized,0.976
0.1,3.25,2.7083333333333335,0,0,Randomized,0.976
0.1,3.25,3.25,0,0,Randomized,0.976
0.1,3.25,2.659090909090909,0,0,Randomized,0.976
0.1,3.25,2.4375,0,0,Randomized,0.976
0.1,3.25,2.816666666666667,0,1,Randomized,0.976
0.1,3.25,2.5535714285714284,0,0,Randomized,0.976
0.1,3.25,3.028409090909091,0,1,Randomized,0.976
0.1,3.25,2.8181818181818183,0,1,Randomized,0.976
0.1,3.25,2.9545454545454546,0,0,Randomized,0.976
0.1,3.25,3.25,0,0,Randomized,0.976
0.1,3.25,3.25,0,0,Randomized,0.976
0.1,3.25,3.25,1,0,Randomized,0.976
0.1,3.25,3.25,0,0,Randomized,0.976
0.1,3.25,2.7857142857142856,0,0,Randomized,0.976
0.1,3.25,3.25,0,0,Randomized,0.976
0.1,3.25,0.3611111111111111,0,0,Randomized,0.976
0.1,3.25,2.9791666666666665,0,0,Randomized,0.976
0.1,3.25,2.7083333333333335,0,0,Randomized,0.976
0.1,3.25,2.0,0,0,Randomized,0.976
0.1,3.25,3.25,0,0,Randomized,0.976
0.1,3.25,3.25,0,0,Randomized,0.976
0.1,3.25,3.25,0,0,Randomized,0.976
0.1,3.25,2.724747474747475,0,0,Randomized,0.976
0.1,3.25,3.046875,0,0,Randomized,0.976
0.1,3.25,2.51875,0,0,Randomized,0.976
0.1,3.25,3.25,0,0,Randomized,0.976
0.1,3.25,1.7875,0,0,Randomized,0.976
0.1,3.25,2.738425925925926,0,0,Randomized,0.976
0.1,3.25,2.1666666666666665,0,0,Randomized,0.976
0.1,3.25,2.497685185185185,0,0,Randomized,0.976
0.1,3.25,3.25,0,0,Randomized,0.976
0.1,3.25,3.25,0,0,Randomized,0.976
0.1,3.25,2.5,0,0,Randomized,0.976
0.1,3.25,2.84375,0,0,Randomized,0.976
0.1,3.25,3.25,1,1,Randomized,0.976
0.1,3.25,3.25,0,0,Randomized,0.976
0.1,3.25,2.676470588235294,0,0,Randomized,0.976
0.1,3.25,2.234375,0,0,Randomized,0.976
0.1,3.25,1.7105263157894737,0,0,Randomized,0.976
0.1,3.25,2.4005681818181817,0,0,Randomized,0.976
0.1,3.25,2.5,0,0,Randomized,0.976
0.1,3.25,3.25,1,0,Randomized,0.976
0.1,3.25,2.888888888888889,0,0,Randomized,0.976
0.1,3.25,3.25,0,0,Randomized,0.976
0.1,3.25,3.25,0,1,Randomized,0.976
0.1,3.25,3.25,1,0,Randomized,0.976
0.1,3.25,0.0,0,0,Randomized,0.976
0.1,3.25,2.3125,0,0,Randomized,0.976
0.1,3.25,2.7760416666666665,0,0,Randomized,0.976
0.1,3.25,3.25,0,0,Randomized,0.976
0.1,3.25,2.73,0,0,Randomized,0.976
0.1,3.25,3.25,0,0,Randomized,0.976
0.1,3.25,2.75,0,0,Randomized,0.976
0.1,3.25,2.7083333333333335,0,0,Randomized,0.976
0.1,3.25,3.25,0,0,Randomized,0.976
0.1,3.25,2.1666666666666665,0,0,Randomized,0.976
0.1,3.25,1.8958333333333333,0,0,Randomized,0.976
0.1,3.25,3.25,0,0,Randomized,0.976
0.1,3.25,3.25,0,0,Randomized,0.976
0.1,3.25,3.25,1,1,Randomized,0.976
0.1,3.25,3.25,1,1,Randomized,0.976
0.1,3.25,3.25,0,0,Randomized,0.976
0.1,3.25,2.1666666666666665,0,0,Randomized,0.976
0.1,3.25,3.25,0,0,Randomized,0.976
0.1,3.25,2.5,0,0,Randomized,0.976
0.1,3.25,2.6,0,0,Randomized,0.976
0.1,3.25,3.25,0,0,Randomized,0.976
0.1,3.25,2.984090909090909,0,1,Randomized,0.976
0.1,3.25,3.25,0,0,Randomized,0.976
0.1,3.25,2.6,0,0,Randomized,0.976
0.1,3.25,3.25,0,0,Randomized,0.976
0.1,3.25,3.25,0,1,Randomized,0.976
0.1,3.25,0.7222222222222222,1,0,Randomized,0.976
0.1,3.25,2.9791666666666665,0,0,Randomized,0.976
0.1,3.25,3.25,0,0,Randomized,0.976
0.1,3.25,2.5535714285714284,0,0,Randomized,0.976
0.1,3.25,3.25,0,0,Randomized,0.976
0.1,3.25,1.3,0,0,Randomized,0.976
0.1,3.25,2.925,0,0,Randomized,0.976
0.1,3.25,2.4375,0,0,Randomized,0.976
0.1,3.25,2.796969696969697,0,1,Randomized,0.976
0.1,3.25,3.25,0,0,Randomized,0.976
0.1,3.25,3.25,0,0,Randomized,0.976
0.1,3.25,3.25,1,0,Randomized,0.976
0.1,3.25,2.9545454545454546,0,0,Randomized,0.976
0.1,3.25,3.25,0,0,Randomized,0.976
0.1,3.25,3.25,0,0,Randomized,0.976
0.1,3.25,3.25,0,0,Randomized,0.976
0.1,3.25,2.659090909090909,0,0,Randomized,0.976
0.1,3.25,0.325,0,0,Randomized,0.976
0.1,3.25,0.5909090909090909,0,0,Randomized,0.976
0.1,3.25,3.25,0,0,Randomized,0.976
0.1,3.25,1.9861111111111112,0,0,Randomized,0.976
0.1,3.25,3.25,0,0,Randomized,0.976
0.1,3.25,2.7857142857142856,0,0,Randomized,0.976
0.1,3.25,3.25,0,0,Randomized,0.976
0.1,3.25,2.7857142857142856,0,0,Randomized,0.976
0.1,3.25,3.25,0,0,Randomized,0.976
0.1,3.25,3.25,1,0,Randomized,0.976
0.1,3.25,2.84375,0,0,Randomized,0.976
0.1,3.25,3.25,0,0,Randomized,0.976
0.1,3.25,2.5535714285714284,0,0,Randomized,0.976
0.1,3.25,2.3214285714285716,0,0,Randomized,0.976
0.1,3.25,2.925,0,0,Randomized,0.976
0.1,3.25,3.25,0,0,Randomized,0.976
0.1,3.25,2.9545454545454546,1,0,Randomized,0.976
0.1,3.25,2.4555555555555557,0,0,Randomized,0.976
0.1,3.25,3.2007575757575757,0,1,Randomized,0.976
0.1,3.25,1.0,0,0,Randomized,0.976
0.1,3.25,2.6,1,0,Randomized,0.976
0.1,3.25,2.9545454545454546,1,0,Randomized,0.976
0.1,3.25,3.25,0,0,Randomized,0.976
0.1,3.25,0.8125,0,0,Randomized,0.976
0.1,3.25,2.925,0,0,Randomized,0.976
0.1,3.25,2.665,0,0,Randomized,0.976
0.1,3.25,3.25,0,0,Randomized,0.976
0.1,3.25,2.8701298701298703,0,0,Randomized,0.976
0.1,3.25,2.6,0,0,Randomized,0.976
0.1,3.25,2.9545454545454546,0,0,Randomized,0.976
0.1,3.25,3.25,0,0,Randomized,0.976
0.1,3.25,2.7857142857142856,0,0,Randomized,0.976
0.1,3.25,3.25,0,0,Randomized,0.976
0.1,3.25,3.25,0,0,Randomized,0.976
0.1,3.25,2.9791666666666665,0,1,Randomized,0.976
0.1,3.25,3.25,0,0,Randomized,0.976
0.1,3.25,2.7857142857142856,0,0,Randomized,0.976
0.1,3.25,3.25,0,0,Randomized,0.976
0.1,3.25,3.25,0,0,Randomized,0.976
0.1,3.25,3.25,1,0,Randomized,0.976
0.1,3.25,3.25,1,0,Randomized,0.976
0.1,3.25,2.9791666666666665,1,0,Randomized,0.976
0.1,3.25,1.625,0,0,Randomized,0.976
0.1,3.25,2.7857142857142856,0,0,Randomized,0.976
0.1,3.25,3.25,0,1,Randomized,0.976
0.1,3.25,3.0,0,0,Randomized,0.976
0.1,3.25,3.25,1,0,Randomized,0.976
0.1,3.25,1.7205882352941178,0,0,Randomized,0.976
0.1,3.25,2.7083333333333335,0,0,Randomized,0.976
0.1,3.25,2.9611111111111112,0,0,Randomized,0.976
0.1,3.25,2.84375,1,0,Randomized,0.976
0.1,3.25,3.25,0,0,Randomized,0.976
0.1,3.25,2.5,0,0,Randomized,0.976
0.1,3.25,3.25,0,0,Randomized,0.976
0.1,3.25,2.4375,0,0,Randomized,0.976
0.1,3.25,2.9545454545454546,0,0,Randomized,0.976
0.1,3.25,3.25,0,0,Randomized,0.976
0.1,3.25,2.7083333333333335,0,0,Randomized,0.976
0.1,3.25,3.017857142857143,0,0,Randomized,0.976
0.1,3.25,3.25,0,0,Randomized,0.976
0.1,3.25,3.25,0,0,Randomized,0.976
0.1,3.25,3.00625,0,1,Randomized,0.976
0.1,3.25,1.7105263157894737,0,0,Randomized,0.976
0.1,3.25,3.25,0,0,Randomized,0.976
0.1,3.25,3.25,0,0,Randomized,0.976
0.1,3.25,2.7857142857142856,0,0,Randomized,0.976
0.1,3.25,3.25,1,0,Randomized,0.976
0.1,3.25,2.7477272727272726,0,1,Randomized,0.976
0.1,3.25,2.485294117647059,0,0,Randomized,0.976
0.1,3.25,2.659090909090909,0,0,Randomized,0.976
0.1,3.25,2.925,0,0,Randomized,0.976
0.1,3.25,2.1666666666666665,0,0,Randomized,0.976
0.1,3.25,2.9545454545454546,1,0,Randomized,0.976
0.1,3.25,2.925,1,0,Randomized,0.976
0.1,3.25,3.25,1,0,Randomized,0.976
0.1,3.25,3.25,0,0,Randomized,0.976
0.1,3.25,2.1666666666666665,0,0,Randomized,0.976
0.1,3.25,3.25,1,0,Randomized,0.976
0.1,3.25,3.25,1,0,Randomized,0.976
0.1,3.25,3.25,1,1,Randomized,0.976
0.1,3.25,2.4375,0,0,Randomized,0.976
0.1,3.25,2.611607142857143,1,0,Randomized,0.976
0.1,3.25,2.1666666666666665,0,0,Randomized,0.976
0.1,3.25,2.6,1,0,Randomized,0.976
0.1,3.25,3.25,0,0,Randomized,0.976
0.1,3.25,2.925,1,0,Randomized,0.976
0.1,3.25,3.25,0,0,Randomized,0.976
0.1,3.25,1.625,0,0,Randomized,0.976
0.1,3.25,3.25,0,0,Randomized,0.976
0.1,3.25,2.7083333333333335,0,0,Randomized,0.976
0.1,3.25,3.25,1,0,Randomized,0.976
0.1,3.25,3.25,1,0,Randomized,0.976
0.1,3.25,2.4375,0,0,Randomized,0.976
0.1,3.25,2.7083333333333335,0,0,Randomized,0.976
0.1,3.25,2.9791666666666665,1,0,Randomized,0.976
0.1,3.25,2.9722222222222223,0,0,Randomized,0.976
0.1,3.25,2.7857142857142856,0,0,Randomized,0.976
0.1,3.25,2.25,0,0,Randomized,0.976
0.1,3.25,3.25,0,0,Randomized,0.976
0.1,3.25,1.17,0,0,Randomized,0.976
0.1,3.25,2.9545454545454546,0,0,Randomized,0.976
0.1,3.25,0.0,0,0,Randomized,0.976
0.1,3.25,2.7083333333333335,0,0,Randomized,0.976
0.1,3.25,2.2941176470588234,0,0,Randomized,0.976
0.1,3.25,3.25,0,0,Randomized,0.976
0.1,3.25,3.25,1,0,Randomized,0.976
0.1,3.25,2.9545454545454546,0,0,Randomized,0.976
0.1,3.25,1.828125,0,0,Randomized,0.976
0.1,3.25,3.25,0,0,Randomized,0.976
0.1,3.25,3.25,0,0,Randomized,0.976
0.1,3.25,2.659090909090909,0,0,Randomized,0.976
0.1,3.25,2.7925925925925927,0,0,Randomized,0.976
0.1,3.25,3.25,1,0,Randomized,0.976
0.1,3.25,2.4375,0,0,Randomized,0.976
0.1,3.25,3.25,0,0,Randomized,0.976
0.1,3.25,2.75,0,0,Randomized,0.976
0.1,3.25,2.9545454545454546,1,0,Randomized,0.976
0.1,3.25,3.25,0,0,Randomized,0.976
0.1,3.25,3.0136363636363637,0,1,Randomized,0.976
0.1,3.25,0.8125,0,0,Randomized,0.976
0.1,3.25,3.25,0,0,Randomized,0.976
0.1,3.25,2.925,1,0,Randomized,0.976
0.1,3.25,2.3214285714285716,0,0,Randomized,0.976
0.1,3.25,2.925,0,0,Randomized,0.976
0.1,3.25,3.033333333333333,1,0,Randomized,0.976
0.1,3.25,1.5294117647058822,0,0,Randomized,0.976
0.1,3.25,2.4375,0,0,Randomized,0.976
0.1,3.25,3.25,0,0,Randomized,0.976
0.1,3.25,2.9290123456790123,1,0,Randomized,0.976
0.1,3.25,3.25,1,0,Randomized,0.976
0.1,3.25,3.25,0,0,Randomized,0.976
0.1,3.25,2.925,0,0,Randomized,0.976
0.1,3.25,2.9791666666666665,0,0,Randomized,0.976
0.1,3.25,3.25,0,0,Randomized,0.976
0.1,3.25,2.9545454545454546,0,0,Randomized,0.976
0.1,3.25,1.625,0,0,Randomized,0.976
0.1,3.25,3.25,0,0,Randomized,0.976
0.1,3.25,2.4375,0,0,Randomized,0.976
0.1,3.25,3.25,0,0,Randomized,0.976
0.1,3.25,3.25,0,0,Randomized,0.976
0.1,3.25,3.0,0,0,Randomized,0.976
0.1,3.25,0.0,0,0,Randomized,0.976
0.1,3.25,2.9545454545454546,0,0,Randomized,0.976
0.1,3.25,1.95,0,0,Randomized,0.976
0.1,3.25,1.95,0,0,Randomized,0.976
0.1,3.25,2.6,0,0,Randomized,0.976
0.1,3.25,2.9791666666666665,0,0,Randomized,0.976
0.1,3.25,1.95,0,0,Randomized,0.976
0.1,3.25,2.925,0,0,Randomized,0.976
0.1,3.25,3.25,0,0,Randomized,0.976
0.1,3.25,2.925,1,0,Randomized,0.976
0.1,3.25,2.3636363636363638,0,0,Randomized,0.976
0.1,3.25,2.7083333333333335,0,0,Randomized,0.976
0.1,3.25,3.25,0,0,Randomized,0.976
0.1,3.25,0.975,0,0,Randomized,0.976
0.1,3.25,3.25,0,0,Randomized,0.976
0.1,3.25,2.4375,0,0,Randomized,0.976
0.1,3.25,1.881578947368421,0,0,Randomized,0.976
0.1,3.25,0.0,0,0,Randomized,0.976
0.1,3.25,2.1666666666666665,0,0,Randomized,0.976
0.1,3.25,2.3125,0,0,Randomized,0.976
0.1,3.25,2.9545454545454546,0,0,Randomized,0.976
0.1,3.25,2.816666666666667,1,0,Randomized,0.976
0.1,3.25,2.3214285714285716,0,0,Randomized,0.976
0.1,3.25,2.925,0,0,Randomized,0.976
0.1,3.25,2.84375,0,0,Randomized,0.976
0.1,3.25,2.287037037037037,0,0,Randomized,0.976
0.1,3.25,2.9545454545454546,0,0,Randomized,0.976
0.1,3.25,3.25,0,0,Randomized,0.976
0.1,3.25,2.7857142857142856,0,0,Randomized,0.976
0.1,3.25,3.25,0,0,Randomized,0.976
0.1,3.25,2.03125,0,0,Randomized,0.976
0.1,3.25,2.7083333333333335,0,0,Randomized,0.976
0.1,3.25,2.672222222222222,0,0,Randomized,0.976
0.1,3.25,2.9611111111111112,0,0,Randomized,0.976
0.1,3.25,1.881578947368421,0,0,Randomized,0.976
0.1,3.25,3.25,0,0,Randomized,0.976
0.1,3.25,2.275,0,0,Randomized,0.976
0.1,3.25,2.1666666666666665,0,0,Randomized,0.976
0.1,3.25,3.25,0,0,Randomized,0.976
0.1,3.25,3.25,0,0,Randomized,0.976
0.1,3.25,3.25,0,0,Randomized,0.976
0.1,3.25,3.25,1,0,Randomized,0.976
0.1,3.25,3.25,1,0,Randomized,0.976
0.1,3.25,2.888888888888889,1,0,Randomized,0.976
0.1,3.25,1.0833333333333333,0,0,Randomized,0.976
0.1,3.25,3.25,1,0,Randomized,0.976
0.1,3.25,2.3636363636363638,0,0,Randomized,0.976
0.1,3.25,2.0892857142857144,0,0,Randomized,0.976
0.1,3.25,2.84375,0,0,Randomized,0.976
0.1,3.25,2.816666666666667,0,0,Randomized,0.976
0.1,3.25,2.4375,0,0,Randomized,0.976
0.1,3.25,3.25,1,0,Randomized,0.976
0.1,3.25,2.5606060606060606,0,0,Randomized,0.976
0.1,3.25,2.3214285714285716,0,0,Randomized,0.976
0.1,3.25,3.25,0,0,Randomized,0.976
0.1,3.25,2.5359848484848486,0,1,Randomized,0.976
0.1,3.25,3.25,0,0,Randomized,0.976
0.1,3.25,2.1666666666666665,0,0,Randomized,0.976
0.1,3.25,2.9545454545454546,0,0,Randomized,0.976
0.1,3.25,3.25,0,0,Randomized,0.976
0.1,3.25,3.213888888888889,0,0,Randomized,0.976
0.1,3.25,2.925,0,0,Randomized,0.976
0.1,3.25,1.828125,0,0,Randomized,0.976
0.1,3.25,1.625,0,0,Randomized,0.976
0.1,3.25,3.25,0,0,Randomized,0.976
0.1,3.25,3.25,0,0,Randomized,0.976
0.1,3.25,2.9545454545454546,0,0,Randomized,0.976
0.1,3.25,0.0,0,0,Randomized,0.976
0.1,3.25,3.25,1,0,Randomized,0.976
0.1,3.25,1.625,0,0,Randomized,0.976
0.1,3.25,2.888888888888889,0,0,Randomized,0.976
0.1,3.25,3.25,0,0,Randomized,0.976
0.1,3.25,2.34,0,0,Randomized,0.976
0.1,3.25,3.25,0,1,Randomized,0.976
0.1,3.25,2.84375,0,0,Randomized,0.976
0.1,3.25,2.925,0,0,Randomized,0.976
0.1,3.25,3.0,0,0,Randomized,0.976
0.1,3.25,3.25,0,0,Randomized,0.976
0.1,3.25,2.7625,1,1,Randomized,0.976
0.1,3.25,1.1607142857142858,0,0,Randomized,0.976
0.1,3.25,3.25,0,0,Randomized,0.976
0.1,3.25,3.25,0,0,Randomized,0.976
0.1,3.25,2.5277777777777777,0,0,Randomized,0.976
0.1,3.25,2.9545454545454546,0,0,Randomized,0.976
0.1,3.25,3.25,0,0,Randomized,0.976
0.1,3.25,2.2083333333333335,0,0,Randomized,0.976
0.1,3.25,3.25,0,0,Randomized,0.976
0.1,3.25,3.25,0,0,Randomized,0.976
0.1,3.25,3.25,0,0,Randomized,0.976
0.1,3.25,2.1125,1,0,Randomized,0.976
0.1,3.25,3.25,0,0,Randomized,0.976
0.1,3.25,3.25,1,0,Randomized,0.976
0.1,3.25,2.7857142857142856,0,0,Randomized,0.976
0.1,3.25,3.25,1,0,Randomized,0.976
0.1,3.25,2.1525974025974026,0,0,Randomized,0.976
0.1,3.25,1.9861111111111112,0,0,Randomized,0.976
0.1,3.25,2.925,0,0,Randomized,0.976
0.1,3.25,2.75,0,0,Randomized,0.976
0.1,3.25,3.25,1,0,Randomized,0.976
0.1,3.25,1.7205882352941178,0,0,Randomized,0.976
0.1,3.25,3.25,0,0,Randomized,0.976
0.1,3.25,3.25,1,0,Randomized,0.976
0.1,3.25,2.03125,0,0,Randomized,0.976
0.1,3.25,3.25,0,0,Randomized,0.976
0.1,3.25,2.1666666666666665,0,0,Randomized,0.976
0.1,3.25,2.7083333333333335,0,0,Randomized,0.976
0.1,3.25,2.659090909090909,1,0,Randomized,0.976
0.1,3.25,0.40625,0,0,Randomized,0.976
0.1,3.25,3.25,1,0,Randomized,0.976
0.1,3.25,2.7685185185185186,0,0,Randomized,0.976
0.1,3.25,0.4642857142857143,0,0,Randomized,0.976
0.1,3.25,3.25,0,0,Randomized,0.976
0.1,3.25,3.25,0,0,Randomized,0.976
0.1,3.25,2.9791666666666665,0,0,Randomized,0.976
0.1,3.25,2.6,0,0,Randomized,0.976
0.1,3.25,2.925,0,0,Randomized,0.976
0.1,3.25,1.5294117647058822,0,0,Randomized,0.976
0.1,3.25,2.888888888888889,0,0,Randomized,0.976
0.1,3.25,3.25,0,0,Randomized,0.976
0.1,3.25,3.25,1,1,Randomized,0.976
0.1,3.25,2.1666666666666665,0,0,Randomized,0.976
0.1,3.25,2.9545454545454546,0,0,Randomized,0.976
0.1,3.25,3.25,0,0,Randomized,0.976
0.1,3.25,3.25,0,0,Randomized,0.976
0.1,3.25,1.3,0,0,Randomized,0.976
0.1,3.25,3.25,0,0,Randomized,0.976
0.1,3.25,2.234375,0,0,Randomized,0.976
0.1,3.25,3.25,0,0,Randomized,0.976
0.1,3.25,2.9967532467532467,0,0,Randomized,0.976
0.1,3.25,3.25,0,0,Randomized,0.976
0.1,3.25,3.25,0,0,Randomized,0.976
0.1,3.25,3.017857142857143,0,0,Randomized,0.976
0.1,3.25,2.9545454545454546,1,0,Randomized,0.976
0.1,3.25,3.028409090909091,0,1,Randomized,0.976
0.1,3.25,3.25,0,0,Randomized,0.976
0.1,3.25,3.25,0,1,Randomized,0.976
0.1,3.25,3.25,1,0,Randomized,0.976
0.1,3.25,3.25,0,0,Randomized,0.976
0.1,3.25,3.25,0,0,Randomized,0.976
0.1,3.25,2.7477272727272726,0,1,Randomized,0.976
0.1,3.25,1.871212121212121,0,0,Randomized,0.976
0.1,3.25,2.3833333333333333,0,0,Randomized,0.976
0.1,3.25,2.6,0,0,Randomized,0.976
0.1,3.25,3.25,0,0,Randomized,0.976
0.1,3.25,1.8055555555555556,0,0,Randomized,0.976
0.1,3.25,1.3541666666666667,0,0,Randomized,0.976
0.1,3.25,2.5277777777777777,0,0,Randomized,0.976
0.1,3.25,2.25,0,0,Randomized,0.976
0.1,3.25,3.25,1,0,Randomized,0.976
0.1,3.25,0.0,0,0,Randomized,0.976
0.1,3.25,2.8676470588235294,0,0,Randomized,0.976
0.1,3.25,2.75,0,0,Randomized,0.976
0.1,3.25,3.25,0,0,Randomized,0.976
0.1,3.25,2.0892857142857144,0,0,Randomized,0.976
0.1,3.25,3.25,1,1,Randomized,0.976
0.1,3.25,2.7083333333333335,0,0,Randomized,0.976
0.1,3.25,2.3214285714285716,0,0,Randomized,0.976
0.1,3.25,0.8125,0,0,Randomized,0.976
0.1,3.25,2.925,0,0,Randomized,0.976
0.1,3.25,3.017857142857143,0,0,Randomized,0.976
0.1,3.25,3.25,0,0,Randomized,0.976
0.1,3.25,0.0,0,0,Randomized,0.976
0.1,3.25,2.738425925925926,0,0,Randomized,0.976
0.1,3.25,2.84375,0,0,Randomized,0.976
0.1,3.25,2.925,1,0,Randomized,0.976
0.1,3.25,2.7083333333333335,0,0,Randomized,0.976
0.1,3.25,0.0,0,0,Randomized,0.976
0.1,3.25,2.0,0,0,Randomized,0.976
0.1,3.25,3.25,0,0,Randomized,0.976
0.1,3.25,2.925,0,0,Randomized,0.976
0.1,3.25,3.25,0,0,Randomized,0.976
0.1,3.25,3.25,0,0,Randomized,0.976
0.1,3.25,3.25,0,0,Randomized,0.976
0.1,3.25,2.0526315789473686,0,0,Randomized,0.976
0.1,3.25,1.25,0,0,Randomized,0.976
0.1,3.25,1.3,0,0,Randomized,0.976
0.1,3.25,1.9861111111111112,0,0,Randomized,0.976
0.1,3.25,3.25,0,0,Randomized,0.976
0.1,3.25,2.4375,1,0,Randomized,0.976
0.1,3.25,1.625,0,0,Randomized,0.976
0.1,3.25,2.6,0,0,Randomized,0.976
0.1,3.25,2.5113636363636362,0,0,Randomized,0.976
0.1,3.25,2.888888888888889,0,0,Randomized,0.976
0.1,3.25,2.888888888888889,1,0,Randomized,0.976
0.1,3.25,0.0,0,0,Randomized,0.976
0.1,3.25,3.0,0,0,Randomized,0.976
0.1,3.25,3.25,0,0,Randomized,0.976
0.1,3.25,2.5793650793650795,0,0,Randomized,0.976
0.1,3.25,2.482638888888889,0,0,Randomized,0.976
0.1,3.25,3.25,1,0,Randomized,0.976
0.1,3.25,2.925,0,0,Randomized,0.976
0.1,3.25,3.25,1,0,Randomized,0.976
0.1,3.25,2.494949494949495,0,0,Randomized,0.976
0.1,3.25,3.25,0,0,Randomized,0.976
0.1,3.25,3.25,0,0,Randomized,0.976
0.1,3.25,3.25,0,0,Randomized,0.976
0.1,3.25,3.25,1,0,Randomized,0.976
0.1,3.25,2.9791666666666665,0,1,Randomized,0.976
0.1,3.25,2.7857142857142856,0,0,Randomized,0.976
0.1,3.25,3.25,0,0,Randomized,0.976
0.1,3.25,2.4375,0,0,Randomized,0.976
0.1,3.25,2.1666666666666665,0,0,Randomized,0.976
0.1,3.25,2.888888888888889,0,0,Randomized,0.976
0.1,3.25,0.0,0,0,Randomized,0.976
0.1,3.25,2.925,0,0,Randomized,0.976
0.1,3.25,2.234375,0,0,Randomized,0.976
0.1,3.25,3.25,0,0,Randomized,0.976
0.1,3.25,3.25,1,0,Randomized,0.976
0.1,3.25,2.1473214285714284,0,0,Randomized,0.976
0.1,3.25,2.1029411764705883,0,0,Randomized,0.976
0.1,3.25,3.25,0,0,Randomized,0.976
0.1,3.25,1.881578947368421,0,0,Randomized,0.976
0.1,3.25,2.6180555555555554,0,0,Randomized,0.976
0.1,3.25,2.125,0,0,Randomized,0.976
0.1,3.25,3.25,0,0,Randomized,0.976
0.1,3.25,2.575,0,1,Randomized,0.976
0.1,3.25,1.95,0,0,Randomized,0.976
0.1,3.25,3.25,0,0,Randomized,0.976
0.1,3.25,2.75,0,0,Randomized,0.976
0.1,3.25,2.9575,1,1,Randomized,0.976
0.1,3.25,3.25,0,1,Randomized,0.976
0.1,3.25,2.234375,0,0,Randomized,0.976
0.1,3.25,2.888888888888889,1,0,Randomized,0.976
0.1,3.25,3.25,0,0,Randomized,0.976
0.1,3.25,1.8055555555555556,0,0,Randomized,0.976
0.1,3.25,2.7857142857142856,0,0,Randomized,0.976
0.1,3.25,3.25,0,0,Randomized,0.976
0.1,3.25,3.25,1,1,Randomized,0.976
0.1,3.25,1.625,0,0,Randomized,0.976
0.1,3.25,1.21875,0,0,Randomized,0.976
0.1,3.25,1.95,0,0,Randomized,0.976
0.1,3.25,3.25,0,0,Randomized,0.976
0.1,3.25,3.25,1,1,Randomized,0.976
0.1,3.25,2.4916666666666667,0,0,Randomized,0.976
0.1,3.25,3.25,0,0,Randomized,0.976
0.1,3.25,3.25,0,0,Randomized,0.976
0.1,3.25,3.25,0,0,Randomized,0.976
0.1,3.25,2.9545454545454546,0,0,Randomized,0.976
0.1,3.25,3.25,0,0,Randomized,0.976
0.1,3.25,2.5277777777777777,0,0,Randomized,0.976
0.1,3.25,3.25,0,0,Randomized,0.976
0.1,3.25,3.25,0,0,Randomized,0.976
0.1,3.25,3.00625,0,1,Randomized,0.976
0.1,3.25,3.25,0,0,Randomized,0.976
0.1,3.25,2.5277777777777777,0,0,Randomized,0.976
0.1,3.25,2.95,1,1,Randomized,0.976
0.1,3.25,0.0,0,0,Randomized,0.976
0.1,3.25,2.9545454545454546,1,0,Randomized,0.976
0.1,3.25,3.25,0,0,Randomized,0.976
0.1,3.25,3.017857142857143,0,0,Randomized,0.976
0.1,3.25,2.9791666666666665,1,1,Randomized,0.976
0.1,3.25,3.25,1,0,Randomized,0.976
0.1,3.25,2.2569444444444446,0,0,Randomized,0.976
0.1,3.25,3.25,0,0,Randomized,0.976
0.1,3.25,3.25,1,0,Randomized,0.976
0.1,3.25,2.9545454545454546,0,0,Randomized,0.976
0.1,3.25,2.925,0,0,Randomized,0.976
0.1,3.25,2.9714285714285715,0,1,Randomized,0.976
0.1,3.25,2.9791666666666665,0,0,Randomized,0.976
0.1,3.25,3.25,0,0,Randomized,0.976
0.1,3.25,2.5535714285714284,0,0,Randomized,0.976
0.1,3.25,2.9545454545454546,0,0,Randomized,0.976
0.1,3.25,2.7625,1,1,Randomized,0.976
0.1,3.25,2.9545454545454546,0,0,Randomized,0.976
0.1,3.25,3.25,0,0,Randomized,0.976
0.1,3.25,3.25,0,0,Randomized,0.976
0.1,3.25,2.659090909090909,0,0,Randomized,0.976
0.1,3.25,2.9545454545454546,1,0,Randomized,0.976
0.1,3.25,2.84375,0,0,Randomized,0.976
0.1,3.25,3.25,1,0,Randomized,0.976
0.1,3.25,2.9611111111111112,0,0,Randomized,0.976
0.1,3.25,2.925,0,0,Randomized,0.976
0.1,3.25,2.7083333333333335,0,0,Randomized,0.976
0.1,3.25,3.25,0,1,Randomized,0.976
0.1,3.25,3.25,0,0,Randomized,0.976
0.1,3.25,2.8321428571428573,1,0,Randomized,0.976
0.1,3.25,2.634469696969697,0,1,Randomized,0.976
0.1,3.25,3.25,0,0,Randomized,0.976
0.1,3.25,2.7083333333333335,0,0,Randomized,0.976
0.1,3.25,0.0,0,0,Randomized,0.976
0.1,3.25,3.25,0,0,Randomized,0.976
0.1,3.25,2.7083333333333335,1,0,Randomized,0.976
0.1,3.25,2.9575,0,1,Randomized,0.976
0.1,3.25,2.9545454545454546,1,0,Randomized,0.976
0.1,3.25,3.25,0,0,Randomized,0.976
0.1,3.25,3.25,0,1,Randomized,0.976
0.1,3.25,3.25,0,0,Randomized,0.976
0.1,3.25,3.25,0,0,Randomized,0.976
0.1,3.25,2.75,0,0,Randomized,0.976
0.1,3.25,0.0,0,0,Randomized,0.976
0.1,3.25,3.25,0,0,Randomized,0.976
0.1,3.25,3.25,0,0,Randomized,0.976
0.1,3.25,3.25,1,0,Randomized,0.976
0.1,3.25,2.5,0,0,Randomized,0.976
0.1,3.25,2.3143939393939394,0,0,Randomized,0.976
0.1,3.25,2.888888888888889,0,0,Randomized,0.976
0.1,3.25,2.9791666666666665,0,0,Randomized,0.976
0.1,3.25,2.7857142857142856,0,0,Randomized,0.976
0.1,3.25,2.03125,0,0,Randomized,0.976
0.1,3.25,2.9545454545454546,0,0,Randomized,0.976
0.1,3.25,2.888888888888889,0,0,Randomized,0.976
0.1,3.25,3.25,1,0,Randomized,0.976
0.1,3.25,2.9017857142857144,0,0,Randomized,0.976
0.1,3.25,3.25,1,0,Randomized,0.976
0.1,3.25,3.033333333333333,0,0,Randomized,0.976
0.1,3.25,3.0875,0,0,Randomized,0.976
0.1,3.25,0.9285714285714286,0,0,Randomized,0.976
0.1,3.25,3.25,0,1,Randomized,0.976
0.1,3.25,3.25,1,0,Randomized,0.976
0.1,3.25,2.5458333333333334,0,1,Randomized,0.976
0.1,3.25,2.84375,0,0,Randomized,0.976
0.1,3.25,3.25,0,0,Randomized,0.976
0.1,3.25,2.4761904761904763,0,0,Randomized,0.976
0.1,3.25,0.0,0,0,Randomized,0.976
0.1,3.25,2.9791666666666665,1,1,Randomized,0.976
0.1,3.25,2.5,0,0,Randomized,0.976
0.1,3.25,3.25,1,0,Randomized,0.976
0.1,3.25,3.0,1,0,Randomized,0.976
0.1,3.25,3.25,0,0,Randomized,0.976
0.1,3.25,1.8055555555555556,0,0,Randomized,0.976
0.1,3.25,2.25,0,0,Randomized,0.976
0.1,3.25,3.25,0,0,Randomized,0.976
0.1,3.25,3.25,0,0,Randomized,0.976
0.1,3.25,2.84375,0,0,Randomized,0.976
0.1,3.25,3.25,0,0,Randomized,0.976
0.1,3.25,3.25,0,0,Randomized,0.976
0.1,3.25,3.25,0,0,Randomized,0.976
0.1,3.25,2.9545454545454546,0,0,Randomized,0.976
0.1,3.25,2.6875,0,0,Randomized,0.976
0.1,3.25,2.497685185185185,0,0,Randomized,0.976
0.1,3.25,2.1125,0,0,Randomized,0.976
0.1,3.25,3.25,1,0,Randomized,0.976
0.1,3.25,3.25,0,0,Randomized,0.976
0.1,3.25,2.7181818181818183,1,1,Randomized,0.976
0.1,3.25,3.25,0,0,Randomized,0.976
0.1,3.25,2.9545454545454546,0,0,Randomized,0.976
0.1,3.25,3.25,0,0,Randomized,0.976
0.1,3.25,1.9782608695652173,0,0,Randomized,0.976
0.1,3.25,3.25,0,0,Randomized,0.976
0.1,3.25,3.25,0,0,Randomized,0.976
0.1,3.25,0.0,0,0,Randomized,0.976
0.1,3.25,3.25,0,1,Randomized,0.976
0.1,3.25,0.0,0,0,Randomized,0.976
0.1,3.25,0.0,0,0,Randomized,0.976
0.1,3.25,2.9545454545454546,0,0,Randomized,0.976
0.1,3.25,3.25,0,0,Randomized,0.976
0.1,3.25,2.923076923076923,0,1,Randomized,0.976
0.1,3.25,2.8676470588235294,0,0,Randomized,0.976
0.1,3.25,1.7797619047619047,0,0,Randomized,0.976
0.1,3.25,3.25,0,0,Randomized,0.976
0.1,3.25,2.659090909090909,1,0,Randomized,0.976
0.1,3.25,1.7875,0,0,Randomized,0.976
0.1,3.25,1.980952380952381,0,0,Randomized,0.976
0.1,3.25,2.676470588235294,0,0,Randomized,0.976
0.1,3.25,3.25,1,0,Randomized,0.976
0.1,3.25,1.0833333333333333,0,0,Randomized,0.976
0.1,3.25,3.25,1,0,Randomized,0.976
0.1,3.25,3.25,1,0,Randomized,0.976
0.1,3.25,0.0,0,0,Randomized,0.976
0.1,3.25,1.5,0,0,Randomized,0.976
0.1,3.25,2.9575,0,1,Randomized,0.976
0.1,3.25,3.25,0,0,Randomized,0.976
0.1,3.25,1.9861111111111112,0,0,Randomized,0.976
0.1,3.25,2.9089506172839505,0,0,Randomized,0.976
0.1,3.25,3.25,0,0,Randomized,0.976
0.1,3.25,0.5909090909090909,0,0,Randomized,0.976
0.1,3.25,3.25,0,0,Randomized,0.976
0.1,3.25,2.659090909090909,0,0,Randomized,0.976
0.1,3.25,3.25,0,0,Randomized,0.976
0.1,3.25,3.25,0,0,Randomized,0.976
0.1,3.25,2.7857142857142856,0,0,Randomized,0.976
0.1,3.25,3.25,0,0,Randomized,0.976
0.1,3.25,3.25,0,0,Randomized,0.976
0.1,3.25,0.3611111111111111,0,0,Randomized,0.976
0.1,3.25,3.25,0,0,Randomized,0.976
0.1,3.25,2.659090909090909,0,0,Randomized,0.976
0.1,3.25,3.25,0,0,Randomized,0.976
0.1,3.25,3.25,1,0,Randomized,0.976
0.1,3.25,3.0,0,0,Randomized,0.976
0.1,3.25,3.25,0,0,Randomized,0.976
0.1,3.25,2.9791666666666665,0,0,Randomized,0.976
0.1,3.25,2.9791666666666665,1,0,Randomized,0.976
0.1,3.25,3.25,0,0,Randomized,0.976
0.1,3.25,3.25,1,1,Randomized,0.976
0.1,3.25,3.25,0,0,Randomized,0.976
0.1,3.25,3.25,0,0,Randomized,0.976
0.1,3.25,2.925,0,0,Randomized,0.976
0.1,3.25,2.925,0,0,Randomized,0.976
0.1,3.25,2.925,0,0,Randomized,0.976
0.1,3.25,1.3928571428571428,0,0,Randomized,0.976
0.1,3.25,3.0454545454545454,0,1,Randomized,0.976
0.1,3.25,2.7083333333333335,0,1,Randomized,0.976
0.1,3.25,3.25,0,0,Randomized,0.976
0.1,3.25,2.9791666666666665,0,1,Randomized,0.976
0.1,3.25,1.5166666666666666,0,0,Randomized,0.976
0.1,3.25,3.25,0,0,Randomized,0.976
0.1,3.25,2.659090909090909,1,0,Randomized,0.976
0.1,3.25,2.7857142857142856,1,0,Randomized,0.976
0.1,3.25,1.911764705882353,0,0,Randomized,0.976
0.1,3.25,3.25,0,0,Randomized,0.976
0.1,3.25,3.25,1,0,Randomized,0.976
0.1,3.25,2.84375,1,0,Randomized,0.976
0.1,3.25,2.260869565217391,0,0,Randomized,0.976
0.1,3.25,1.7205882352941178,0,0,Randomized,0.976
0.1,3.25,3.25,0,0,Randomized,0.976
0.1,3.25,3.25,1,0,Randomized,0.976
0.1,3.25,3.25,0,0,Randomized,0.976
0.1,3.25,3.046875,0,0,Randomized,0.976
0.1,3.25,3.25,0,0,Randomized,0.976
0.1,3.25,1.8571428571428572,0,0,Randomized,0.976
0.1,3.25,3.25,0,0,Randomized,0.976
0.1,3.25,2.3214285714285716,0,0,Randomized,0.976
0.1,3.25,3.25,0,0,Randomized,0.976
0.1,3.25,2.888888888888889,1,0,Randomized,0.976
0.1,3.25,1.7333333333333334,0,0,Randomized,0.976
0.1,3.25,2.888888888888889,0,0,Randomized,0.976
0.1,3.25,2.659090909090909,0,0,Randomized,0.976
0.1,3.25,2.888888888888889,0,0,Randomized,0.976
0.1,3.25,2.7083333333333335,0,0,Randomized,0.976
0.1,3.25,1.7875,0,0,Randomized,0.976
0.1,3.25,0.325,0,0,Randomized,0.976
0.1,3.25,2.5535714285714284,0,0,Randomized,0.976
0.1,3.25,2.9545454545454546,0,0,Randomized,0.976
0.1,3.25,1.95,0,0,Randomized,0.976
0.1,3.25,2.75,1,0,Randomized,0.976
0.1,3.25,0.0,0,0,Randomized,0.976
0.1,3.25,2.75,0,0,Randomized,0.976
0.1,3.25,2.7083333333333335,0,0,Randomized,0.976
0.1,3.25,1.3,0,0,Randomized,0.976
0.1,3.25,3.25,0,0,Randomized,0.976
0.1,3.25,3.25,0,1,Randomized,0.976
0.1,3.25,3.25,1,0,Randomized,0.976
0.1,3.25,0.5909090909090909,0,0,Randomized,0.976
0.1,3.25,3.25,0,0,Randomized,0.976
0.1,3.25,3.25,0,0,Randomized,0.976
0.1,3.25,3.25,0,0,Randomized,0.976
0.1,3.25,3.25,0,0,Randomized,0.976
0.1,3.25,2.3833333333333333,0,0,Randomized,0.976
0.1,3.25,3.25,0,0,Randomized,0.976
0.1,3.25,3.25,0,0,Randomized,0.976
0.1,3.25,2.3636363636363638,1,0,Randomized,0.976
0.1,3.25,1.0833333333333333,0,0,Randomized,0.976
0.1,3.25,3.046875,1,0,Randomized,0.976
0.1,3.25,3.25,0,0,Randomized,0.976
0.1,3.25,2.9545454545454546,0,0,Randomized,0.976
0.1,3.25,3.25,0,0,Randomized,0.976
0.1,3.25,3.25,0,0,Randomized,0.976
0.1,3.25,2.6,0,0,Randomized,0.976
0.1,3.25,3.25,0,1,Randomized,0.976
0.1,3.25,2.7083333333333335,1,0,Randomized,0.976
0.1,3.25,2.5277777777777777,0,0,Randomized,0.976
0.1,3.25,1.6581632653061225,0,0,Randomized,0.976
0.1,3.25,2.3833333333333333,0,0,Randomized,0.976
0.1,3.25,2.9545454545454546,0,0,Randomized,0.976
0.1,3.25,3.25,0,0,Randomized,0.976
0.1,3.25,2.7857142857142856,0,0,Randomized,0.976
0.1,3.25,3.25,0,0,Randomized,0.976
0.1,3.25,3.25,1,0,Randomized,0.976
0.1,3.25,3.25,0,0,Randomized,0.976
0.1,3.25,2.925,0,0,Randomized,0.976
0.1,3.25,3.25,0,0,Randomized,0.976
0.1,3.25,2.888888888888889,0,0,Randomized,0.976
0.1,3.25,2.1666666666666665,0,0,Randomized,0.976
0.1,3.25,2.4194444444444443,0,0,Randomized,0.976
0.1,3.25,3.25,0,0,Randomized,0.976
0.1,3.25,3.25,0,0,Randomized,0.976
0.1,3.25,2.75,0,0,Randomized,0.976
0.1,3.25,3.25,0,0,Randomized,0.976
0.1,3.25,2.7083333333333335,0,0,Randomized,0.976
0.1,3.25,2.9545454545454546,0,0,Randomized,0.976
0.1,3.25,2.925,0,0,Randomized,0.976
0.1,3.25,1.881578947368421,0,0,Randomized,0.976
0.1,3.25,3.25,0,0,Randomized,0.976
0.1,3.25,3.25,0,0,Randomized,0.976
0.1,3.25,3.25,0,0,Randomized,0.976
0.1,3.25,3.25,0,0,Randomized,0.976
0.1,3.25,3.25,0,0,Randomized,0.976
0.1,3.25,0.65,0,0,Randomized,0.976
0.1,3.25,2.84375,0,0,Randomized,0.976
0.1,3.25,2.84375,0,0,Randomized,0.976
0.1,3.25,3.25,0,0,Randomized,0.976
0.1,3.25,3.25,0,0,Randomized,0.976
0.1,3.25,3.25,0,0,Randomized,0.976
0.1,3.25,2.888888888888889,0,0,Randomized,0.976
0.1,3.25,3.25,0,0,Randomized,0.976
0.1,3.25,2.1666666666666665,0,0,Randomized,0.976
0.1,3.25,2.7857142857142856,0,0,Randomized,0.976
0.1,3.25,1.25,0,0,Randomized,0.976
0.1,3.25,3.25,0,0,Randomized,0.976
0.1,3.25,1.7105263157894737,0,0,Randomized,0.976
0.1,3.25,2.2941176470588234,0,0,Randomized,0.976
0.1,3.25,1.21875,0,0,Randomized,0.976
0.1,3.25,3.25,1,0,Randomized,0.976
0.1,3.25,3.25,0,0,Randomized,0.976
0.1,3.25,2.7083333333333335,0,0,Randomized,0.976
0.1,3.25,2.75,0,0,Randomized,0.976
0.1,3.25,3.25,0,0,Randomized,0.976
0.1,3.25,2.03125,0,0,Randomized,0.976
0.1,3.25,0.325,0,0,Randomized,0.976
0.1,3.25,3.1597222222222223,0,1,Randomized,0.976
0.1,3.25,3.25,0,0,Randomized,0.976
0.1,3.25,3.25,1,0,Randomized,0.976
0.1,3.25,3.25,0,0,Randomized,0.976
0.1,3.25,2.925,0,0,Randomized,0.976
0.1,3.25,2.4555555555555557,0,0,Randomized,0.976
0.1,3.25,2.611111111111111,0,0,Randomized,0.976
0.1,3.25,2.7625,0,0,Randomized,0.976
0.1,3.25,3.25,1,0,Randomized,0.976
0.1,3.25,2.640625,0,0,Randomized,0.976
0.1,3.25,2.9791666666666665,0,0,Randomized,0.976
0.1,3.25,3.25,1,0,Randomized,0.976
0.1,3.25,3.25,0,1,Randomized,0.976
0.1,3.25,2.265151515151515,0,0,Randomized,0.976
0.1,3.25,3.25,0,0,Randomized,0.976
0.1,3.25,2.9575,0,1,Randomized,0.976
0.1,3.25,3.25,1,0,Randomized,0.976
0.1,3.25,3.25,0,0,Randomized,0.976
0.1,3.25,3.25,0,0,Randomized,0.976
0.1,3.25,2.925,0,0,Randomized,0.976
0.1,3.25,1.1818181818181819,0,0,Randomized,0.976
0.1,3.25,2.925,0,0,Randomized,0.976
0.1,3.25,3.0694444444444446,1,0,Randomized,0.976
0.1,3.25,3.25,0,0,Randomized,0.976
0.1,3.25,1.7105263157894737,0,0,Randomized,0.976
0.1,3.25,3.25,0,0,Randomized,0.976
0.1,3.25,1.21875,0,0,Randomized,0.976
0.1,3.25,2.6481481481481484,0,0,Randomized,0.976
0.1,3.25,3.25,0,0,Randomized,0.976
0.1,3.25,2.925,0,0,Randomized,0.976
0.1,3.25,2.84375,0,0,Randomized,0.976
0.1,3.25,2.7772727272727273,0,1,Randomized,0.976
0.1,3.25,0.0,0,0,Randomized,0.976
0.1,3.25,0.4642857142857143,0,0,Randomized,0.976
0.1,3.25,3.25,1,1,Randomized,0.976
0.1,3.25,0.8863636363636364,0,0,Randomized,0.976
0.1,3.25,3.25,0,0,Randomized,0.976
0.1,3.25,3.25,0,0,Randomized,0.976
0.1,3.25,1.911764705882353,0,0,Randomized,0.976
0.1,3.25,2.659090909090909,0,0,Randomized,0.976
0.1,3.25,3.25,0,0,Randomized,0.976
0.1,3.25,2.4375,0,0,Randomized,0.976
0.1,3.25,2.757575757575758,0,1,Randomized,0.976
0.1,3.25,3.25,0,0,Randomized,0.976
0.1,3.25,1.0833333333333333,0,0,Randomized,0.976
0.1,3.25,3.25,0,0,Randomized,0.976
0.1,3.25,2.7857142857142856,0,0,Randomized,0.976
0.1,3.25,2.6,0,1,Randomized,0.976
0.1,3.25,3.25,0,0,Randomized,0.976
0.1,3.25,3.25,0,0,Randomized,0.976
0.1,3.25,1.8571428571428572,0,0,Randomized,0.976
0.1,3.25,3.25,0,0,Randomized,0.976
0.1,3.25,3.25,0,0,Randomized,0.976
0.1,3.25,3.25,0,0,Randomized,0.976
0.1,3.25,3.25,1,0,Randomized,0.976
0.1,3.25,0.8125,0,0,Randomized,0.976
0.1,3.25,3.1515151515151514,0,1,Randomized,0.976
0.1,3.25,2.9791666666666665,0,0,Randomized,0.976
0.1,3.25,2.659090909090909,1,0,Randomized,0.976
0.1,3.25,1.2037037037037037,0,0,Randomized,0.976
0.1,3.25,1.9696969696969697,0,0,Randomized,0.976
0.1,3.25,2.4375,0,0,Randomized,0.976
0.1,3.25,3.25,1,0,Randomized,0.976
0.1,3.25,3.25,1,0,Randomized,0.976
0.1,3.25,2.925,1,0,Randomized,0.976
0.1,3.25,2.8676470588235294,0,0,Randomized,0.976
0.1,3.25,2.7083333333333335,0,0,Randomized,0.976
0.1,3.25,2.1666666666666665,0,0,Randomized,0.976
0.1,3.25,2.816666666666667,0,0,Randomized,0.976
0.1,3.25,2.9545454545454546,0,0,Randomized,0.976
0.1,3.25,3.25,0,0,Randomized,0.976
0.1,3.25,3.25,0,0,Randomized,0.976
0.1,3.25,3.25,1,0,Randomized,0.976
0.1,3.25,2.5535714285714284,1,0,Randomized,0.976
0.1,3.25,3.25,0,0,Randomized,0.976
0.1,3.25,1.9204545454545454,0,0,Randomized,0.976
0.1,3.25,2.03125,0,0,Randomized,0.976
0.1,3.25,0.0,0,0,Randomized,0.976
0.1,3.25,3.25,0,0,Randomized,0.976
0.1,3.25,2.7181818181818183,0,1,Randomized,0.976
0.1,3.25,3.25,0,0,Randomized,0.976
0.1,3.25,3.25,0,0,Randomized,0.976
0.1,3.25,2.7083333333333335,0,0,Randomized,0.976
0.1,3.25,2.7083333333333335,0,0,Randomized,0.976
0.1,3.25,3.25,0,0,Randomized,0.976
0.1,3.25,2.659090909090909,0,0,Randomized,0.976
0.1,3.25,1.5,0,0,Randomized,0.976
0.1,3.25,2.9545454545454546,0,0,Randomized,0.976
0.1,3.25,3.25,1,0,Randomized,0.976
0.1,3.25,2.75,0,0,Randomized,0.976
0.1,3.25,2.4074074074074074,0,0,Randomized,0.976
0.1,3.25,1.9861111111111112,0,0,Randomized,0.976
0.1,3.25,2.5,0,0,Randomized,0.976
0.1,3.25,2.888888888888889,1,0,Randomized,0.976
0.1,3.25,2.3636363636363638,1,0,Randomized,0.976
0.1,3.25,3.25,0,0,Randomized,0.976
0.1,3.25,2.84375,0,0,Randomized,0.976
0.1,3.25,1.1607142857142858,0,0,Randomized,0.976
0.1,3.25,3.25,1,0,Randomized,0.976
0.1,3.25,3.25,0,0,Randomized,0.976
0.1,3.25,2.5535714285714284,0,0,Randomized,0.976
0.1,3.25,3.25,0,0,Randomized,0.976
0.1,3.25,2.9545454545454546,1,0,Randomized,0.976
0.1,3.25,2.7777777777777777,0,0,Randomized,0.976
0.1,3.25,2.6,0,0,Randomized,0.976
0.1,3.25,2.5785123966942147,0,1,Randomized,0.976
0.1,3.25,2.375,0,0,Randomized,0.976
0.1,3.25,3.25,0,1,Randomized,0.976
0.1,3.25,3.25,1,0,Randomized,0.976
0.1,3.25,3.25,0,0,Randomized,0.976
0.1,3.25,1.625,0,0,Randomized,0.976
0.1,3.25,2.520408163265306,0,0,Randomized,0.976
0.1,3.25,2.925,0,0,Randomized,0.976
0.1,3.25,2.4375,0,0,Randomized,0.976
0.1,3.25,1.8055555555555556,0,0,Randomized,0.976
0.1,3.25,2.8333333333333335,0,1,Randomized,0.976
0.1,3.25,2.25,0,0,Randomized,0.976
0.1,3.25,2.4375,0,0,Randomized,0.976
0.1,3.25,2.925,1,0,Randomized,0.976
0.1,3.25,3.25,1,0,Randomized,0.976
0.1,3.25,3.25,0,0,Randomized,0.976
0.1,3.25,1.95,0,0,Randomized,0.976
0.1,3.25,3.25,0,0,Randomized,0.976
0.1,3.25,2.925,0,0,Randomized,0.976
0.1,3.25,3.25,0,0,Randomized,0.976
0.1,3.25,3.25,0,0,Randomized,0.976
0.1,3.25,2.234375,0,0,Randomized,0.976
0.1,3.25,3.25,0,0,Randomized,0.976
0.1,3.25,2.25,0,0,Randomized,0.976
0.1,3.25,2.6191176470588236,0,1,Randomized,0.976
0.1,3.25,2.9791666666666665,1,0,Randomized,0.976
0.1,3.25,3.25,0,0,Randomized,0.976
0.1,3.25,2.1666666666666665,0,0,Randomized,0.976
0.1,3.25,3.25,0,0,Randomized,0.976
0.1,3.25,2.84375,0,0,Randomized,0.976
0.1,3.25,2.888888888888889,0,0,Randomized,0.976
0.1,3.25,3.25,1,0,Randomized,0.976
0.1,3.25,3.25,1,0,Randomized,0.976
0.1,3.25,2.7625,0,0,Randomized,0.976
0.1,3.25,2.5,1,0,Randomized,0.976
0.1,3.25,2.9166666666666665,0,1,Randomized,0.976
0.1,3.25,3.25,0,0,Randomized,0.976
0.1,3.25,3.25,0,0,Randomized,0.976
0.1,3.25,2.5277777777777777,0,0,Randomized,0.976
0.1,3.25,3.25,0,0,Randomized,0.976
0.1,3.25,2.84375,0,0,Randomized,0.976
0.1,3.25,2.7470238095238093,0,1,Randomized,0.976
0.1,3.25,2.84375,0,0,Randomized,0.976
0.1,3.25,3.25,0,1,Randomized,0.976
0.1,3.25,3.25,0,0,Randomized,0.976
0.1,3.25,2.640625,0,0,Randomized,0.976
0.1,3.25,3.25,0,0,Randomized,0.976
0.1,3.25,2.84375,0,0,Randomized,0.976
0.1,3.25,2.0,0,0,Randomized,0.976
0.1,3.25,2.84375,0,0,Randomized,0.976
0.1,3.25,2.9545454545454546,0,0,Randomized,0.976
0.1,3.25,2.7857142857142856,0,0,Randomized,0.976
0.1,3.25,3.1597222222222223,0,1,Randomized,0.976
0.1,3.25,2.884375,0,1,Randomized,0.976
0.1,3.25,2.9545454545454546,1,0,Randomized,0.976
0.1,3.25,3.25,1,0,Randomized,0.976
0.1,3.25,2.84375,0,0,Randomized,0.976
0.1,3.25,1.625,0,0,Randomized,0.976
0.1,3.25,2.7083333333333335,0,0,Randomized,0.976
0.1,3.25,0.0,0,0,Randomized,0.976
0.1,3.25,2.466517857142857,0,0,Randomized,0.976
0.1,3.25,3.25,0,0,Randomized,0.976
0.1,3.25,1.1607142857142858,0,0,Randomized,0.976
0.1,3.25,2.7685185185185186,0,0,Randomized,0.976
0.1,3.25,2.3472222222222223,0,0,Randomized,0.976
0.1,3.25,3.25,0,0,Randomized,0.976
0.1,3.25,0.8125,0,0,Randomized,0.976
0.1,3.25,3.25,0,0,Randomized,0.976
0.1,3.25,3.25,1,1,Randomized,0.976
0.1,3.25,2.75,1,0,Randomized,0.976
0.1,3.25,0.0,0,0,Randomized,0.976
0.1,3.25,1.625,0,0,Randomized,0.976
0.1,3.25,3.25,0,0,Randomized,0.976
0.1,3.25,1.9782608695652173,0,0,Randomized,0.976
0.1,3.25,3.25,0,0,Randomized,0.976
0.1,3.25,2.0,0,0,Randomized,0.976
0.1,3.25,2.6,0,0,Randomized,0.976
0.1,3.25,3.25,0,0,Randomized,0.976
0.1,3.25,2.3214285714285716,0,0,Randomized,0.976
0.1,3.25,2.9545454545454546,0,0,Randomized,0.976
0.1,3.25,1.95,0,0,Randomized,0.976
0.1,3.25,3.25,0,0,Randomized,0.976
0.1,3.25,1.7875,0,0,Randomized,0.976
0.1,3.25,3.25,1,0,Randomized,0.976
0.1,3.25,3.25,0,0,Randomized,0.976
0.1,3.25,1.7205882352941178,0,0,Randomized,0.976
0.1,3.25,3.25,1,0,Randomized,0.976
0.1,3.25,2.7083333333333335,0,0,Randomized,0.976
0.1,3.25,3.2007575757575757,0,1,Randomized,0.976
0.1,3.25,2.45,0,1,Randomized,0.976
0.1,3.25,2.1029411764705883,0,0,Randomized,0.976
0.1,3.25,2.9791666666666665,0,0,Randomized,0.976
0.1,3.25,1.625,0,0,Randomized,0.976
0.1,3.25,2.4292929292929295,0,0,Randomized,0.976
0.1,3.25,2.6,1,0,Randomized,0.976
0.1,3.25,0.5909090909090909,0,0,Randomized,0.976
0.1,3.25,3.25,0,0,Randomized,0.976
0.1,3.25,3.25,0,0,Randomized,0.976
0.1,3.25,2.659090909090909,0,0,Randomized,0.976
0.1,3.25,3.25,0,0,Randomized,0.976
0.1,3.25,2.659090909090909,0,0,Randomized,0.976
0.1,3.25,2.75,1,0,Randomized,0.976
0.1,3.25,2.925,0,0,Randomized,0.976
0.1,3.25,3.25,0,0,Randomized,0.976
0.1,3.25,2.888888888888889,0,0,Randomized,0.976
0.1,3.25,2.3833333333333333,1,0,Randomized,0.976
0.1,3.25,3.25,0,0,Randomized,0.976
0.1,3.25,3.25,0,0,Randomized,0.976
0.1,3.25,2.011904761904762,0,0,Randomized,0.976
0.1,3.25,0.0,0,0,Randomized,0.976
0.1,3.25,1.7875,0,0,Randomized,0.976
0.1,3.25,3.25,1,0,Randomized,0.976
0.1,3.25,2.9791666666666665,1,0,Randomized,0.976
0.1,3.25,2.03125,0,0,Randomized,0.976
0.1,3.25,3.25,1,1,Randomized,0.976
0.1,3.25,3.25,0,0,Randomized,0.976
0.1,3.25,3.25,0,0,Randomized,0.976
0.1,3.25,3.25,0,0,Randomized,0.976
0.1,3.25,3.25,1,0,Randomized,0.976
0.1,3.25,3.25,0,1,Randomized,0.976
0.1,3.25,2.5,0,0,Randomized,0.976
0.1,3.25,3.25,0,0,Randomized,0.976
0.1,3.25,2.625,0,0,Randomized,0.976
0.1,3.25,3.25,1,0,Randomized,0.976
0.1,3.25,2.5277777777777777,0,0,Randomized,0.976
0.1,3.25,2.627083333333333,0,0,Randomized,0.976
0.1,3.25,3.25,0,0,Randomized,0.976
0.1,3.25,2.9545454545454546,1,0,Randomized,0.976
0.1,3.25,3.25,0,0,Randomized,0.976
0.1,3.25,1.8571428571428572,0,0,Randomized,0.976
0.1,3.25,2.1666666666666665,0,0,Randomized,0.976
0.1,3.25,3.25,0,0,Randomized,0.976
0.1,3.25,2.84375,0,0,Randomized,0.976
0.1,3.25,0.40625,0,0,Randomized,0.976
0.1,3.25,3.0588235294117645,1,0,Randomized,0.976
0.1,3.25,3.25,0,0,Randomized,0.976
0.1,3.25,2.9545454545454546,1,0,Randomized,0.976
0.1,3.25,2.6481481481481484,0,0,Randomized,0.976
0.1,3.25,3.0082644628099175,1,1,Randomized,0.976
0.1,3.25,2.9545454545454546,0,0,Randomized,0.976
0.1,3.25,0.0,0,0,Randomized,0.976
0.1,3.25,2.4375,0,0,Randomized,0.976
0.1,3.25,2.659090909090909,0,0,Randomized,0.976
0.1,3.25,0.0,0,0,Randomized,0.976
0.1,3.25,3.25,0,0,Randomized,0.976
0.1,3.25,3.25,0,0,Randomized,0.976
0.1,3.25,2.205357142857143,0,0,Randomized,0.976
0.1,3.25,3.25,1,0,Randomized,0.976
0.1,3.25,2.9791666666666665,0,0,Randomized,0.976
0.1,3.25,3.25,0,0,Randomized,0.976
0.1,3.25,1.3,0,0,Randomized,0.976
0.1,3.25,3.25,1,0,Randomized,0.976
0.1,3.25,2.9791666666666665,0,0,Randomized,0.976
0.1,3.25,3.25,0,0,Randomized,0.976
0.1,3.25,3.25,0,0,Randomized,0.976
0.1,3.25,3.25,0,0,Randomized,0.976
0.1,3.25,3.25,1,0,Randomized,0.976
0.1,3.25,2.4005681818181817,0,0,Randomized,0.976
0.1,3.25,2.7083333333333335,0,0,Randomized,0.976
0.1,3.25,3.25,0,0,Randomized,0.976
0.1,3.25,3.25,0,0,Randomized,0.976
0.1,3.25,2.9404761904761907,0,1,Randomized,0.976
0.1,3.25,3.25,0,0,Randomized,0.976
0.1,3.25,3.0875,0,0,Randomized,0.976
0.1,3.25,3.25,1,0,Randomized,0.976
0.1,3.25,2.888888888888889,1,0,Randomized,0.976
0.1,3.25,2.9846938775510203,0,1,Randomized,0.976
0.1,3.25,2.925,0,0,Randomized,0.976
0.1,3.25,3.25,0,0,Randomized,0.976
0.1,3.25,2.21,0,0,Randomized,0.976
0.1,3.25,2.925,0,0,Randomized,0.976
0.1,3.25,2.7857142857142856,0,0,Randomized,0.976
0.1,3.25,3.25,0,1,Randomized,0.976
0.1,3.25,1.0,0,0,Randomized,0.976
0.1,3.25,3.25,0,0,Randomized,0.976
0.1,3.25,3.25,0,0,Randomized,0.976
0.1,3.25,3.017857142857143,0,0,Randomized,0.976
0.1,3.25,2.984090909090909,0,1,Randomized,0.976
0.1,3.25,2.3697916666666665,0,0,Randomized,0.976
0.1,3.25,2.84375,0,0,Randomized,0.976
0.1,3.25,2.7083333333333335,1,0,Randomized,0.976
0.1,3.25,3.25,0,0,Randomized,0.976
0.1,3.25,2.3472222222222223,0,0,Randomized,0.976
0.1,3.25,3.25,0,0,Randomized,0.976
0.1,3.25,2.925,0,0,Randomized,0.976
0.1,3.25,3.25,0,0,Randomized,0.976
0.1,3.25,2.0526315789473686,0,0,Randomized,0.976
0.1,3.25,3.25,0,0,Randomized,0.976
0.1,3.25,3.25,1,0,Randomized,0.976
0.1,3.25,3.25,0,0,Randomized,0.976
0.1,3.25,2.9545454545454546,1,0,Randomized,0.976
0.1,3.25,2.4375,1,0,Randomized,0.976
0.1,3.25,3.033333333333333,0,0,Randomized,0.976
0.1,3.25,3.25,1,0,Randomized,0.976
0.1,3.25,3.25,0,0,Randomized,0.976
0.1,3.25,1.7875,0,0,Randomized,0.976
0.1,3.25,2.0892857142857144,0,0,Randomized,0.976
0.1,3.25,2.75,0,0,Randomized,0.976
0.1,3.25,2.888888888888889,0,0,Randomized,0.976
0.1,3.25,2.7181818181818183,1,1,Randomized,0.976
0.1,3.25,3.25,0,0,Randomized,0.976
0.1,3.25,2.84375,1,0,Randomized,0.976
0.1,3.25,2.3214285714285716,0,0,Randomized,0.976
0.1,3.25,3.1818181818181817,0,1,Randomized,0.976
0.1,3.25,0.4642857142857143,0,0,Randomized,0.976
0.1,3.25,2.9545454545454546,1,0,Randomized,0.976
0.1,3.25,2.9545454545454546,0,0,Randomized,0.976
0.1,3.25,3.25,0,0,Randomized,0.976
0.1,3.25,3.0,0,0,Randomized,0.976
0.1,3.25,2.1666666666666665,0,0,Randomized,0.976
0.1,3.25,2.659090909090909,0,0,Randomized,0.976
0.1,3.25,1.911764705882353,0,0,Randomized,0.976
0.1,3.25,1.828125,0,0,Randomized,0.976
0.1,3.25,3.25,0,0,Randomized,0.976
0.1,3.25,2.888888888888889,0,0,Randomized,0.976
0.1,3.25,3.25,1,0,Randomized,0.976
0.1,3.25,2.659090909090909,0,0,Randomized,0.976
0.1,3.25,2.4761904761904763,0,0,Randomized,0.976
0.1,3.25,2.659090909090909,0,0,Randomized,0.976
0.1,3.25,2.925,0,0,Randomized,0.976
0.1,3.25,2.1666666666666665,0,0,Randomized,0.976
0.1,3.25,3.190909090909091,0,1,Randomized,0.976
0.1,3.25,2.8,0,1,Randomized,0.976
0.1,3.25,3.25,0,0,Randomized,0.976
0.1,3.25,3.25,0,0,Randomized,0.976
0.1,3.25,3.25,0,1,Randomized,0.976
0.1,3.25,1.421875,0,0,Randomized,0.976
0.1,3.25,2.5,0,0,Randomized,0.976
0.1,3.25,1.625,0,0,Randomized,0.976
0.1,3.25,2.5277777777777777,0,0,Randomized,0.976
0.1,3.25,2.659090909090909,1,0,Randomized,0.976
0.1,3.25,3.046875,0,0,Randomized,0.976
0.1,3.25,3.25,0,0,Randomized,0.976
0.1,3.25,2.9791666666666665,0,0,Randomized,0.976
0.1,3.25,3.0136363636363637,0,1,Randomized,0.976
0.1,3.25,2.8461538461538463,0,1,Randomized,0.976
0.1,3.25,2.3833333333333333,0,0,Randomized,0.976
0.1,3.25,2.5535714285714284,0,0,Randomized,0.976
0.1,3.25,3.25,0,0,Randomized,0.976
0.1,3.25,3.25,0,0,Randomized,0.976
0.1,3.25,2.4375,0,0,Randomized,0.976
0.1,3.25,2.9791666666666665,0,0,Randomized,0.976
0.1,3.25,2.676470588235294,0,0,Randomized,0.976
0.1,3.25,2.513333333333333,0,0,Randomized,0.976
0.1,3.25,3.25,1,0,Randomized,0.976
0.1,3.25,3.0,1,0,Randomized,0.976
0.1,3.25,3.25,0,0,Randomized,0.976
0.1,3.25,2.888888888888889,0,0,Randomized,0.976
0.1,3.25,2.7083333333333335,0,0,Randomized,0.976
0.1,3.25,2.9791666666666665,0,0,Randomized,0.976
0.1,3.25,1.4772727272727273,0,0,Randomized,0.976
0.1,3.25,2.9058823529411764,0,1,Randomized,0.976
0.1,3.25,1.4591836734693877,0,0,Randomized,0.976
0.1,3.25,2.1666666666666665,0,0,Randomized,0.976
0.1,3.25,3.25,1,0,Randomized,0.976
0.1,3.25,1.625,0,0,Randomized,0.976
0.1,3.25,2.9791666666666665,0,1,Randomized,0.976
0.1,3.25,1.1607142857142858,0,0,Randomized,0.976
0.1,3.25,3.2175,0,1,Randomized,0.976
0.1,3.25,2.9791666666666665,0,1,Randomized,0.976
0.1,3.25,2.7857142857142856,0,1,Randomized,0.976
0.1,3.25,3.25,0,1,Randomized,0.976
0.1,3.25,2.9545454545454546,0,0,Randomized,0.976
0.1,3.25,0.0,0,0,Randomized,0.976
0.1,3.25,2.7625,1,0,Randomized,0.976
0.1,3.25,2.9791666666666665,0,0,Randomized,0.976
0.1,3.25,3.25,0,0,Randomized,0.976
0.1,3.25,3.25,1,0,Randomized,0.976
0.1,3.25,2.275,0,0,Randomized,0.976
0.1,3.25,0.3611111111111111,0,0,Randomized,0.976
0.1,3.25,3.25,0,1,Randomized,0.976
0.1,3.25,2.7857142857142856,0,0,Randomized,0.976
0.1,3.25,2.630952380952381,0,0,Randomized,0.976
0.1,3.25,2.925,0,0,Randomized,0.976
0.1,3.25,3.25,1,0,Randomized,0.976
0.1,3.25,2.6,1,0,Randomized,0.976
0.1,3.25,3.25,0,0,Randomized,0.976
0.1,3.25,3.25,0,1,Randomized,0.976
0.1,3.25,2.738425925925926,1,0,Randomized,0.976
0.1,3.25,2.5277777777777777,0,0,Randomized,0.976
0.1,3.25,2.3833333333333333,0,1,Randomized,0.976
0.1,3.25,1.0833333333333333,0,0,Randomized,0.976
0.1,3.25,2.7083333333333335,0,0,Randomized,0.976
0.1,3.25,3.25,0,0,Randomized,0.976
0.1,3.25,2.84375,0,0,Randomized,0.976
0.1,3.25,2.4375,0,0,Randomized,0.976
0.1,3.25,3.25,0,0,Randomized,0.976
0.1,3.25,1.9861111111111112,1,0,Randomized,0.976
0.1,3.25,2.9791666666666665,0,1,Randomized,0.976
0.1,3.25,3.25,0,0,Randomized,0.976
0.1,3.25,3.25,0,0,Randomized,0.976
0.1,3.25,2.9545454545454546,0,0,Randomized,0.976
0.1,3.25,1.8055555555555556,0,0,Randomized,0.976
0.1,3.25,3.25,0,0,Randomized,0.976
0.1,3.25,3.25,1,0,Randomized,0.976
0.1,3.25,1.8055555555555556,0,0,Randomized,0.976
0.1,3.25,2.5277777777777777,0,0,Randomized,0.976
0.1,3.25,2.9791666666666665,0,0,Randomized,0.976
0.1,3.25,2.925,0,0,Randomized,0.976
0.1,3.25,3.25,0,0,Randomized,0.976
0.1,3.25,3.204861111111111,0,0,Randomized,0.976
0.1,3.25,2.9545454545454546,0,0,Randomized,0.976
0.1,3.25,3.0,0,0,Randomized,0.976
0.1,3.25,2.888888888888889,0,0,Randomized,0.976
0.1,3.25,3.25,0,0,Randomized,0.976
0.1,3.25,2.8321428571428573,0,0,Randomized,0.976
0.1,3.25,3.1597222222222223,0,0,Randomized,0.976
0.1,3.25,2.4375,0,0,Randomized,0.976
0.1,3.25,1.95,0,0,Randomized,0.976
0.1,3.25,2.6,0,0,Randomized,0.976
0.1,3.25,2.0353535353535355,0,0,Randomized,0.976
0.1,3.25,2.25,0,0,Randomized,0.976
0.1,3.25,3.25,0,0,Randomized,0.976
0.1,3.25,3.25,0,0,Randomized,0.976
0.1,3.25,2.7083333333333335,0,0,Randomized,0.976
0.1,3.25,2.9791666666666665,0,0,Randomized,0.976
0.1,3.25,3.25,0,0,Randomized,0.976
0.1,3.25,2.925,0,0,Randomized,0.976
0.1,3.25,2.9611111111111112,0,0,Randomized,0.976
0.1,3.25,3.25,0,0,Randomized,0.976
0.1,3.25,2.7895833333333333,0,1,Randomized,0.976
0.1,3.25,2.6,0,0,Randomized,0.976
0.1,3.25,2.5,0,0,Randomized,0.976
0.1,3.25,1.95,0,0,Randomized,0.976
0.1,3.25,2.2827380952380953,0,0,Randomized,0.976
0.1,3.25,3.25,0,0,Randomized,0.976
0.1,3.25,2.9545454545454546,0,0,Randomized,0.976
0.1,3.25,0.0,0,0,Randomized,0.976
0.1,3.25,2.888888888888889,0,0,Randomized,0.976
0.1,3.25,2.3833333333333333,1,0,Randomized,0.976
0.1,3.25,2.59375,0,0,Randomized,0.976
0.1,3.25,0.8863636363636364,0,0,Randomized,0.976
0.1,3.25,2.925,0,0,Randomized,0.976
0.1,3.25,3.0,0,0,Randomized,0.976
0.1,3.25,1.828125,0,0,Randomized,0.976
0.1,3.25,2.7181818181818183,1,1,Randomized,0.976
0.1,3.25,3.25,0,1,Randomized,0.976
0.1,3.25,2.9791666666666665,1,0,Randomized,0.976
0.1,3.25,2.925,0,0,Randomized,0.976
0.1,3.25,2.84375,0,0,Randomized,0.976
0.1,3.25,3.25,0,0,Randomized,0.976
0.1,3.25,2.7857142857142856,0,0,Randomized,0.976
0.1,3.25,2.9545454545454546,0,0,Randomized,0.976
0.1,3.25,2.25,0,0,Randomized,0.976
0.1,3.25,2.9791666666666665,0,0,Randomized,0.976
0.1,3.25,3.25,1,0,Randomized,0.976
0.1,3.25,3.25,0,0,Randomized,0.976
0.1,3.25,2.223684210526316,0,0,Randomized,0.976
0.1,3.25,2.7857142857142856,0,0,Randomized,0.976
0.1,3.25,2.925,0,0,Randomized,0.976
0.1,3.25,3.25,0,0,Randomized,0.976
0.1,3.25,2.75,0,0,Randomized,0.976
0.1,3.25,2.925,0,0,Randomized,0.976
0.1,3.25,3.25,0,0,Randomized,0.976
0.1,3.25,2.3214285714285716,0,0,Randomized,0.976
0.1,3.25,2.5,0,0,Randomized,0.976
0.1,3.25,3.25,1,0,Randomized,0.976
0.1,3.25,2.03125,0,0,Randomized,0.976
0.1,3.25,2.6,0,0,Randomized,0.976
0.1,3.25,2.3636363636363638,0,0,Randomized,0.976
0.1,3.25,3.25,0,0,Randomized,0.976
0.1,3.25,3.25,1,0,Randomized,0.976
0.1,3.25,2.4375,0,0,Randomized,0.976
0.1,3.25,2.9873737373737375,0,0,Randomized,0.976
0.1,3.25,1.7333333333333334,0,0,Randomized,0.976
0.1,3.25,1.9204545454545454,0,0,Randomized,0.976
0.1,3.25,2.925,0,0,Randomized,0.976
0.1,3.25,3.25,0,0,Randomized,0.976
0.1,3.25,2.1666666666666665,0,0,Randomized,0.976
0.1,3.25,0.40625,0,0,Randomized,0.976
0.1,3.25,2.888888888888889,0,0,Randomized,0.976
0.1,3.25,3.25,0,0,Randomized,0.976
0.1,3.25,2.9290123456790123,0,0,Randomized,0.976
0.1,3.25,2.925,0,0,Randomized,0.976
0.1,3.25,1.828125,0,0,Randomized,0.976
0.1,3.25,3.25,0,0,Randomized,0.976
0.1,3.25,3.25,0,0,Randomized,0.976
0.1,3.25,2.9545454545454546,0,0,Randomized,0.976
0.1,3.25,3.25,0,0,Randomized,0.976
0.1,3.25,2.9642857142857144,0,0,Randomized,0.976
0.1,3.25,3.25,0,0,Randomized,0.976
0.1,3.25,2.9791666666666665,1,0,Randomized,0.976
0.1,3.25,3.25,0,0,Randomized,0.976
0.1,3.25,2.75,0,0,Randomized,0.976
0.1,3.25,3.0789473684210527,1,0,Randomized,0.976
0.1,3.25,3.25,0,0,Randomized,0.976
0.1,3.25,2.9545454545454546,1,1,Randomized,0.976
0.1,3.25,3.25,0,0,Randomized,0.976
0.1,3.25,3.25,0,0,Randomized,0.976
0.1,3.25,2.7083333333333335,0,0,Randomized,0.976
0.1,3.25,2.925,0,0,Randomized,0.976
0.1,3.25,2.84375,0,0,Randomized,0.976
0.1,3.25,2.75,0,0,Randomized,0.976
0.1,3.25,3.25,0,0,Randomized,0.976
0.1,3.25,3.25,0,0,Randomized,0.976
0.1,3.25,3.25,0,0,Randomized,0.976
0.1,3.25,3.25,0,0,Randomized,0.976
0.1,3.25,3.25,0,0,Randomized,0.976
0.1,3.25,3.25,0,0,Randomized,0.976
0.1,3.25,2.1666666666666665,0,0,Randomized,0.976
0.1,3.25,2.5,0,0,Randomized,0.976
0.1,3.25,2.627083333333333,0,0,Randomized,0.976
0.1,3.25,2.888888888888889,1,0,Randomized,0.976
0.1,3.25,2.888888888888889,1,0,Randomized,0.976
0.1,3.25,3.25,0,0,Randomized,0.976
0.1,3.25,2.03125,0,0,Randomized,0.976
0.1,3.25,3.25,1,0,Randomized,0.976
0.1,3.25,3.25,1,0,Randomized,0.976
0.1,3.25,3.25,0,0,Randomized,0.976
0.1,3.25,2.03125,0,0,Randomized,0.976
0.1,3.25,2.9545454545454546,0,0,Randomized,0.976
0.1,3.25,3.25,0,0,Randomized,0.976
0.1,3.25,1.95,0,0,Randomized,0.976
0.1,3.25,3.25,1,0,Randomized,0.976
0.1,3.25,2.2569444444444446,0,0,Randomized,0.976
0.1,3.25,3.25,0,0,Randomized,0.976
0.1,3.25,2.7083333333333335,0,0,Randomized,0.976
0.1,3.25,2.4375,0,0,Randomized,0.976
0.1,3.25,2.7083333333333335,1,0,Randomized,0.976
0.1,3.25,1.1607142857142858,0,0,Randomized,0.976
0.1,3.25,3.25,1,0,Randomized,0.976
0.1,3.25,3.25,0,0,Randomized,0.976
0.1,3.25,3.25,0,0,Randomized,0.976
0.1,3.25,2.1666666666666665,0,0,Randomized,0.976
0.1,3.25,3.2204545454545452,0,1,Randomized,0.976
0.1,3.25,3.25,1,0,Randomized,0.976
0.1,3.25,1.8055555555555556,0,0,Randomized,0.976
0.1,3.25,2.7857142857142856,0,0,Randomized,0.976
0.1,3.25,3.25,0,0,Randomized,0.976
0.1,3.25,2.3214285714285716,0,0,Randomized,0.976
0.1,3.25,2.5277777777777777,0,0,Randomized,0.976
0.1,3.25,3.25,0,0,Randomized,0.976
0.1,3.25,2.9575,1,1,Randomized,0.976
0.1,3.25,2.84375,0,0,Randomized,0.976
0.1,3.25,2.3271604938271606,0,0,Randomized,0.976
0.1,3.25,3.125,0,1,Randomized,0.976
0.1,3.25,2.5277777777777777,0,0,Randomized,0.976
0.1,3.25,1.625,0,0,Randomized,0.976
0.1,3.25,2.011904761904762,0,0,Randomized,0.976
0.1,3.25,2.925,0,0,Randomized,0.976
0.1,3.25,2.9545454545454546,0,0,Randomized,0.976
0.1,3.25,3.25,0,0,Randomized,0.976
0.1,3.25,2.25,0,0,Randomized,0.976
0.1,3.25,2.9545454545454546,0,0,Randomized,0.976
0.1,3.25,1.8571428571428572,0,0,Randomized,0.976
0.1,3.25,2.1666666666666665,0,0,Randomized,0.976
0.1,3.25,2.7083333333333335,0,0,Randomized,0.976
0.1,3.25,2.659090909090909,0,0,Randomized,0.976
0.1,3.25,3.25,0,0,Randomized,0.976
0.1,3.25,3.25,0,0,Randomized,0.976
0.1,3.25,3.25,0,0,Randomized,0.976
0.1,3.25,1.8571428571428572,0,0,Randomized,0.976
0.1,3.25,3.25,0,0,Randomized,0.976
0.1,3.25,2.7625,0,0,Randomized,0.976
0.1,3.25,2.9791666666666665,0,0,Randomized,0.976
0.1,3.25,3.190909090909091,0,1,Randomized,0.976
0.1,3.25,3.25,0,0,Randomized,0.976
0.1,3.25,3.25,0,0,Randomized,0.976
0.1,3.25,0.325,0,0,Randomized,0.976
0.1,3.25,2.9545454545454546,0,0,Randomized,0.976
0.1,3.25,3.25,0,0,Randomized,0.976
0.1,3.25,2.84375,0,0,Randomized,0.976
0.1,3.25,1.625,0,0,Randomized,0.976
0.1,3.25,1.3240740740740742,0,0,Randomized,0.976
0.1,3.25,2.888888888888889,0,0,Randomized,0.976
0.1,3.25,2.3214285714285716,0,0,Randomized,0.976
0.1,3.25,2.1029411764705883,0,0,Randomized,0.976
0.1,3.25,2.7857142857142856,1,0,Randomized,0.976
0.1,3.25,2.3472222222222223,0,0,Randomized,0.976
0.1,3.25,2.7857142857142856,0,0,Randomized,0.976
0.1,3.25,3.2231404958677685,0,1,Randomized,0.976
0.1,3.25,3.25,0,1,Randomized,0.976
0.1,4.375,4.375,0,1,Randomized,0.9845
0.1,4.375,4.375,1,0,Randomized,0.9845
0.1,4.375,4.375,0,1,Randomized,0.9845
0.1,4.375,4.375,1,0,Randomized,0.9845
0.1,4.375,3.9375,0,0,Randomized,0.9845
0.1,4.375,4.375,1,1,Randomized,0.9845
0.1,4.375,4.375,1,0,Randomized,0.9845
0.1,4.375,4.375,0,0,Randomized,0.9845
0.1,4.375,4.375,0,0,Randomized,0.9845
0.1,4.375,3.5,0,0,Randomized,0.9845
0.1,4.375,4.375,1,1,Randomized,0.9845
0.1,4.375,4.375,1,1,Randomized,0.9845
0.1,4.375,4.375,1,0,Randomized,0.9845
0.1,4.375,4.375,0,0,Randomized,0.9845
0.1,4.375,3.977272727272727,0,0,Randomized,0.9845
0.1,4.375,4.375,1,0,Randomized,0.9845
0.1,4.375,4.375,1,0,Randomized,0.9845
0.1,4.375,3.6458333333333335,0,0,Randomized,0.9845
0.1,4.375,4.375,1,1,Randomized,0.9845
0.1,4.375,4.010416666666667,1,0,Randomized,0.9845
0.1,4.375,0.0,0,0,Randomized,0.9845
0.1,4.375,4.375,0,0,Randomized,0.9845
0.1,4.375,4.375,1,0,Randomized,0.9845
0.1,4.375,3.4375,0,0,Randomized,0.9845
0.1,4.375,4.375,1,0,Randomized,0.9845
0.1,4.375,3.888888888888889,0,0,Randomized,0.9845
0.1,4.375,2.9166666666666665,1,0,Randomized,0.9845
0.1,4.375,4.375,0,0,Randomized,0.9845
0.1,4.375,3.6458333333333335,0,0,Randomized,0.9845
0.1,4.375,4.375,0,1,Randomized,0.9845
0.1,4.375,4.375,1,1,Randomized,0.9845
0.1,4.375,4.375,1,0,Randomized,0.9845
0.1,4.375,4.375,1,1,Randomized,0.9845
0.1,4.375,4.375,0,0,Randomized,0.9845
0.1,4.375,3.4375,0,0,Randomized,0.9845
0.1,4.375,4.375,1,0,Randomized,0.9845
0.1,4.375,3.977272727272727,1,0,Randomized,0.9845
0.1,4.375,4.375,1,1,Randomized,0.9845
0.1,4.375,4.375,1,0,Randomized,0.9845
0.1,4.375,4.375,1,1,Randomized,0.9845
0.1,4.375,4.375,0,1,Randomized,0.9845
0.1,4.375,4.375,1,0,Randomized,0.9845
0.1,4.375,3.1597222222222223,0,0,Randomized,0.9845
0.1,4.375,4.375,1,0,Randomized,0.9845
0.1,4.375,3.1818181818181817,0,0,Randomized,0.9845
0.1,4.375,4.017045454545454,0,1,Randomized,0.9845
0.1,4.375,4.375,0,1,Randomized,0.9845
0.1,4.375,3.9375,1,0,Randomized,0.9845
0.1,4.375,4.375,1,1,Randomized,0.9845
0.1,4.375,4.375,1,1,Randomized,0.9845
0.1,4.375,4.375,1,1,Randomized,0.9845
0.1,4.375,3.888888888888889,0,0,Randomized,0.9845
0.1,4.375,3.977272727272727,0,0,Randomized,0.9845
0.1,4.375,4.375,1,1,Randomized,0.9845
0.1,4.375,3.5546875,0,0,Randomized,0.9845
0.1,4.375,4.375,1,0,Randomized,0.9845
0.1,4.375,4.375,1,1,Randomized,0.9845
0.1,4.375,3.977272727272727,1,0,Randomized,0.9845
0.1,4.375,4.375,0,0,Randomized,0.9845
0.1,4.375,4.375,0,0,Randomized,0.9845
0.1,4.375,4.375,0,0,Randomized,0.9845
0.1,4.375,4.375,1,0,Randomized,0.9845
0.1,4.375,4.375,1,0,Randomized,0.9845
0.1,4.375,3.6794871794871793,0,1,Randomized,0.9845
0.1,4.375,4.375,1,0,Randomized,0.9845
0.1,4.375,3.5795454545454546,0,0,Randomized,0.9845
0.1,4.375,4.375,1,0,Randomized,0.9845
0.1,4.375,4.375,0,0,Randomized,0.9845
0.1,4.375,4.375,1,0,Randomized,0.9845
0.1,4.375,4.375,1,0,Randomized,0.9845
0.1,4.375,4.010416666666667,0,0,Randomized,0.9845
0.1,4.375,0.546875,0,0,Randomized,0.9845
0.1,4.375,4.375,0,0,Randomized,0.9845
0.1,4.375,4.375,1,1,Randomized,0.9845
0.1,4.375,3.888888888888889,0,0,Randomized,0.9845
0.1,4.375,3.6458333333333335,0,0,Randomized,0.9845
0.1,4.375,3.6458333333333335,0,0,Randomized,0.9845
0.1,4.375,4.375,0,0,Randomized,0.9845
0.1,4.375,4.131944444444445,0,1,Randomized,0.9845
0.1,4.375,4.375,1,0,Randomized,0.9845
0.1,4.375,4.375,0,0,Randomized,0.9845
0.1,4.375,4.375,1,1,Randomized,0.9845
0.1,4.375,3.3653846153846154,0,0,Randomized,0.9845
0.1,4.375,4.375,1,1,Randomized,0.9845
0.1,4.375,4.375,0,0,Randomized,0.9845
0.1,4.375,4.375,1,1,Randomized,0.9845
0.1,4.375,3.977272727272727,0,0,Randomized,0.9845
0.1,4.375,4.375,1,1,Randomized,0.9845
0.1,4.375,3.828125,0,0,Randomized,0.9845
0.1,4.375,3.828125,1,0,Randomized,0.9845
0.1,4.375,3.888888888888889,0,0,Randomized,0.9845
0.1,4.375,0.875,0,0,Randomized,0.9845
0.1,4.375,3.9375,0,0,Randomized,0.9845
0.1,4.375,4.375,0,0,Randomized,0.9845
0.1,4.375,4.375,1,1,Randomized,0.9845
0.1,4.375,4.375,1,0,Randomized,0.9845
0.1,4.375,4.375,0,0,Randomized,0.9845
0.1,4.375,4.375,1,1,Randomized,0.9845
0.1,4.375,4.375,0,0,Randomized,0.9845
0.1,4.375,4.010416666666667,1,0,Randomized,0.9845
0.1,4.375,4.375,1,0,Randomized,0.9845
0.1,4.375,0.0,0,0,Randomized,0.9845
0.1,4.375,3.9375,0,0,Randomized,0.9845
0.1,4.375,4.375,1,1,Randomized,0.9845
0.1,4.375,3.977272727272727,1,0,Randomized,0.9845
0.1,4.375,4.375,0,1,Randomized,0.9845
0.1,4.375,4.375,1,1,Randomized,0.9845
0.1,4.375,3.9375,1,0,Randomized,0.9845
0.1,4.375,4.375,1,1,Randomized,0.9845
0.1,4.375,4.375,1,1,Randomized,0.9845
0.1,4.375,4.375,1,1,Randomized,0.9845
0.1,4.375,4.375,0,0,Randomized,0.9845
0.1,4.375,4.375,1,1,Randomized,0.9845
0.1,4.375,4.375,0,0,Randomized,0.9845
0.1,4.375,4.375,1,0,Randomized,0.9845
0.1,4.375,3.977272727272727,1,0,Randomized,0.9845
0.1,4.375,4.375,0,1,Randomized,0.9845
0.1,4.375,4.375,1,1,Randomized,0.9845
0.1,4.375,4.375,1,0,Randomized,0.9845
0.1,4.375,4.375,0,0,Randomized,0.9845
0.1,4.375,4.375,0,1,Randomized,0.9845
0.1,4.375,4.010416666666667,0,0,Randomized,0.9845
0.1,4.375,4.375,1,0,Randomized,0.9845
0.1,4.375,4.010416666666667,0,0,Randomized,0.9845
0.1,4.375,3.701923076923077,0,0,Randomized,0.9845
0.1,4.375,4.375,0,0,Randomized,0.9845
0.1,4.375,4.010416666666667,0,0,Randomized,0.9845
0.1,4.375,4.375,0,0,Randomized,0.9845
0.1,4.375,4.375,1,1,Randomized,0.9845
0.1,4.375,4.375,1,0,Randomized,0.9845
0.1,4.375,0.4375,0,0,Randomized,0.9845
0.1,4.375,3.6458333333333335,0,0,Randomized,0.9845
0.1,4.375,3.977272727272727,0,0,Randomized,0.9845
0.1,4.375,2.3026315789473686,0,0,Randomized,0.9845
0.1,4.375,4.375,1,1,Randomized,0.9845
0.1,4.375,3.125,0,0,Randomized,0.9845
0.1,4.375,4.375,1,0,Randomized,0.9845
0.1,4.375,3.977272727272727,0,0,Randomized,0.9845
0.1,4.375,3.977272727272727,0,0,Randomized,0.9845
0.1,4.375,4.375,1,1,Randomized,0.9845
0.1,4.375,4.375,1,0,Randomized,0.9845
0.1,4.375,4.375,1,1,Randomized,0.9845
0.1,4.375,3.548611111111111,0,0,Randomized,0.9845
0.1,4.375,2.3026315789473686,0,0,Randomized,0.9845
0.1,4.375,4.375,1,0,Randomized,0.9845
0.1,4.375,4.375,1,0,Randomized,0.9845
0.1,4.375,3.046875,0,0,Randomized,0.9845
0.1,4.375,4.017045454545454,0,1,Randomized,0.9845
0.1,4.375,4.375,1,0,Randomized,0.9845
0.1,4.375,4.375,1,0,Randomized,0.9845
0.1,4.375,4.375,1,0,Randomized,0.9845
0.1,4.375,3.977272727272727,0,0,Randomized,0.9845
0.1,4.375,4.375,0,0,Randomized,0.9845
0.1,4.375,4.375,0,1,Randomized,0.9845
0.1,4.375,3.977272727272727,1,0,Randomized,0.9845
0.1,4.375,4.375,1,0,Randomized,0.9845
0.1,4.375,4.375,0,1,Randomized,0.9845
0.1,4.375,4.375,1,1,Randomized,0.9845
0.1,4.375,4.375,0,0,Randomized,0.9845
0.1,4.375,3.3653846153846154,0,0,Randomized,0.9845
0.1,4.375,4.375,0,0,Randomized,0.9845
0.1,4.375,3.28125,0,0,Randomized,0.9845
0.1,4.375,3.5,0,0,Randomized,0.9845
0.1,4.375,4.375,1,0,Randomized,0.9845
0.1,4.375,3.977272727272727,0,0,Randomized,0.9845
0.1,4.375,4.375,0,0,Randomized,0.9845
0.1,4.375,4.375,0,0,Randomized,0.9845
0.1,4.375,4.375,1,0,Randomized,0.9845
0.1,4.375,3.28125,1,0,Randomized,0.9845
0.1,4.375,4.375,1,1,Randomized,0.9845
0.1,4.375,3.977272727272727,1,0,Randomized,0.9845
0.1,4.375,3.977272727272727,1,0,Randomized,0.9845
0.1,4.375,4.375,0,0,Randomized,0.9845
0.1,4.375,4.375,1,0,Randomized,0.9845
0.1,4.375,4.375,1,1,Randomized,0.9845
0.1,4.375,4.375,0,0,Randomized,0.9845
0.1,4.375,3.9375,0,0,Randomized,0.9845
0.1,4.375,3.6458333333333335,0,0,Randomized,0.9845
0.1,4.375,4.375,0,1,Randomized,0.9845
0.1,4.375,4.375,1,1,Randomized,0.9845
0.1,4.375,4.375,1,0,Randomized,0.9845
0.1,4.375,4.038461538461538,0,0,Randomized,0.9845
0.1,4.375,4.375,0,0,Randomized,0.9845
0.1,4.375,4.375,1,0,Randomized,0.9845
0.1,4.375,2.3026315789473686,0,0,Randomized,0.9845
0.1,4.375,4.375,1,0,Randomized,0.9845
0.1,4.375,2.8125,0,0,Randomized,0.9845
0.1,4.375,3.5,0,0,Randomized,0.9845
0.1,4.375,2.9166666666666665,1,0,Randomized,0.9845
0.1,4.375,4.375,1,0,Randomized,0.9845
0.1,4.375,4.375,1,1,Randomized,0.9845
0.1,4.375,4.375,1,0,Randomized,0.9845
0.1,4.375,4.375,0,0,Randomized,0.9845
0.1,4.375,3.977272727272727,0,0,Randomized,0.9845
0.1,4.375,0.0,0,0,Randomized,0.9845
0.1,4.375,4.375,1,0,Randomized,0.9845
0.1,4.375,4.017045454545454,0,1,Randomized,0.9845
0.1,4.375,2.784090909090909,0,0,Randomized,0.9845
0.1,4.375,3.5875,1,1,Randomized,0.9845
0.1,4.375,4.375,1,0,Randomized,0.9845
0.1,4.375,4.375,0,0,Randomized,0.9845
0.1,4.375,4.010416666666667,0,0,Randomized,0.9845
0.1,4.375,4.375,0,0,Randomized,0.9845
0.1,4.375,4.375,1,1,Randomized,0.9845
0.1,4.375,4.375,1,0,Randomized,0.9845
0.1,4.375,3.977272727272727,0,0,Randomized,0.9845
0.1,4.375,4.375,0,0,Randomized,0.9845
0.1,4.375,4.375,1,0,Randomized,0.9845
0.1,4.375,4.375,1,0,Randomized,0.9845
0.1,4.375,4.375,1,1,Randomized,0.9845
0.1,4.375,4.375,0,0,Randomized,0.9845
0.1,4.375,4.375,1,0,Randomized,0.9845
0.1,4.375,4.375,1,0,Randomized,0.9845
0.1,4.375,4.375,0,0,Randomized,0.9845
0.1,4.375,3.977272727272727,0,0,Randomized,0.9845
0.1,4.375,4.375,0,0,Randomized,0.9845
0.1,4.375,4.049586776859504,0,1,Randomized,0.9845
0.1,4.375,4.010416666666667,0,0,Randomized,0.9845
0.1,4.375,3.977272727272727,1,0,Randomized,0.9845
0.1,4.375,3.63125,0,1,Randomized,0.9845
0.1,4.375,3.977272727272727,0,0,Randomized,0.9845
0.1,4.375,4.375,1,1,Randomized,0.9845
0.1,4.375,3.977272727272727,1,0,Randomized,0.9845
0.1,4.375,4.375,1,0,Randomized,0.9845
0.1,4.375,4.375,1,1,Randomized,0.9845
0.1,4.375,4.375,1,1,Randomized,0.9845
0.1,4.375,3.9375,0,0,Randomized,0.9845
0.1,4.375,3.9375,1,0,Randomized,0.9845
0.1,4.375,3.977272727272727,1,0,Randomized,0.9845
0.1,4.375,4.375,0,0,Randomized,0.9845
0.1,4.375,3.977272727272727,1,0,Randomized,0.9845
0.1,4.375,2.673611111111111,0,0,Randomized,0.9845
0.1,4.375,4.375,1,1,Randomized,0.9845
0.1,4.375,4.010416666666667,0,0,Randomized,0.9845
0.1,4.375,4.375,0,0,Randomized,0.9845
0.1,4.375,4.375,0,1,Randomized,0.9845
0.1,4.375,2.1875,0,0,Randomized,0.9845
0.1,4.375,0.7954545454545454,0,0,Randomized,0.9845
0.1,4.375,4.375,1,0,Randomized,0.9845
0.1,4.375,1.4583333333333333,0,0,Randomized,0.9845
0.1,4.375,4.375,0,1,Randomized,0.9845
0.1,4.375,4.375,1,0,Randomized,0.9845
0.1,4.375,4.375,1,0,Randomized,0.9845
0.1,4.375,4.375,0,0,Randomized,0.9845
0.1,4.375,3.977272727272727,0,0,Randomized,0.9845
0.1,4.375,4.375,0,0,Randomized,0.9845
0.1,4.375,4.375,0,0,Randomized,0.9845
0.1,4.375,4.375,1,0,Randomized,0.9845
0.1,4.375,4.375,1,1,Randomized,0.9845
0.1,4.375,4.375,1,0,Randomized,0.9845
0.1,4.375,4.375,1,1,Randomized,0.9845
0.1,4.375,4.375,0,1,Randomized,0.9845
0.1,4.375,4.375,1,0,Randomized,0.9845
0.1,4.375,3.3653846153846154,0,0,Randomized,0.9845
0.1,4.375,4.375,1,1,Randomized,0.9845
0.1,4.375,3.977272727272727,0,0,Randomized,0.9845
0.1,4.375,2.5328947368421053,0,0,Randomized,0.9845
0.1,4.375,2.4305555555555554,0,0,Randomized,0.9845
0.1,4.375,4.375,1,0,Randomized,0.9845
0.1,4.375,3.6458333333333335,0,0,Randomized,0.9845
0.1,4.375,3.701923076923077,0,0,Randomized,0.9845
0.1,4.375,4.375,0,0,Randomized,0.9845
0.1,4.375,3.977272727272727,1,0,Randomized,0.9845
0.1,4.375,4.375,1,0,Randomized,0.9845
0.1,4.375,4.375,1,0,Randomized,0.9845
0.1,4.375,4.083333333333333,0,0,Randomized,0.9845
0.1,4.375,4.375,1,1,Randomized,0.9845
0.1,4.375,4.375,0,0,Randomized,0.9845
0.1,4.375,4.375,0,0,Randomized,0.9845
0.1,4.375,4.375,1,1,Randomized,0.9845
0.1,4.375,4.375,0,0,Randomized,0.9845
0.1,4.375,4.375,1,0,Randomized,0.9845
0.1,4.375,4.375,1,0,Randomized,0.9845
0.1,4.375,2.4305555555555554,0,0,Randomized,0.9845
0.1,4.375,3.977272727272727,1,0,Randomized,0.9845
0.1,4.375,3.977272727272727,1,0,Randomized,0.9845
0.1,4.375,4.375,0,0,Randomized,0.9845
0.1,4.375,4.375,0,1,Randomized,0.9845
0.1,4.375,4.375,0,0,Randomized,0.9845
0.1,4.375,3.977272727272727,0,0,Randomized,0.9845
0.1,4.375,0.0,0,0,Randomized,0.9845
0.1,4.375,4.375,1,0,Randomized,0.9845
0.1,4.375,3.2702020202020203,0,0,Randomized,0.9845
0.1,4.375,3.977272727272727,0,0,Randomized,0.9845
0.1,4.375,3.5795454545454546,0,0,Randomized,0.9845
0.1,4.375,4.375,1,0,Randomized,0.9845
0.1,4.375,3.977272727272727,1,0,Randomized,0.9845
0.1,4.375,3.9375,1,0,Randomized,0.9845
0.1,4.375,4.375,0,0,Randomized,0.9845
0.1,4.375,4.375,1,0,Randomized,0.9845
0.1,4.375,4.375,1,1,Randomized,0.9845
0.1,4.375,4.375,1,0,Randomized,0.9845
0.1,4.375,4.375,0,0,Randomized,0.9845
0.1,4.375,4.375,1,0,Randomized,0.9845
0.1,4.375,2.9166666666666665,0,0,Randomized,0.9845
0.1,4.375,4.375,1,1,Randomized,0.9845
0.1,4.375,4.375,1,0,Randomized,0.9845
0.1,4.375,4.375,0,1,Randomized,0.9845
0.1,4.375,3.977272727272727,1,0,Randomized,0.9845
0.1,4.375,4.375,1,1,Randomized,0.9845
0.1,4.375,4.375,1,0,Randomized,0.9845
0.1,4.375,4.375,1,0,Randomized,0.9845
0.1,4.375,3.321759259259259,0,0,Randomized,0.9845
0.1,4.375,4.375,0,1,Randomized,0.9845
0.1,4.375,4.049586776859504,0,1,Randomized,0.9845
0.1,4.375,4.010416666666667,0,0,Randomized,0.9845
0.1,4.375,3.977272727272727,0,0,Randomized,0.9845
0.1,4.375,4.375,0,0,Randomized,0.9845
0.1,4.375,4.375,0,0,Randomized,0.9845
0.1,4.375,4.375,0,1,Randomized,0.9845
0.1,4.375,4.375,1,0,Randomized,0.9845
0.1,4.375,4.375,1,1,Randomized,0.9845
0.1,4.375,4.010416666666667,1,0,Randomized,0.9845
0.1,4.375,4.375,0,0,Randomized,0.9845
0.1,4.375,3.4401709401709404,0,0,Randomized,0.9845
0.1,4.375,4.375,1,1,Randomized,0.9845
0.1,4.375,4.375,1,0,Randomized,0.9845
0.1,4.375,4.375,1,1,Randomized,0.9845
0.1,4.375,3.3806818181818183,0,0,Randomized,0.9845
0.1,4.375,3.977272727272727,1,0,Randomized,0.9845
0.1,4.375,3.2169117647058822,0,0,Randomized,0.9845
0.1,4.375,3.5795454545454546,0,0,Randomized,0.9845
0.1,4.375,3.977272727272727,1,0,Randomized,0.9845
0.1,4.375,0.4861111111111111,0,0,Randomized,0.9845
0.1,4.375,2.9166666666666665,0,0,Randomized,0.9845
0.1,4.375,3.888888888888889,0,0,Randomized,0.9845
0.1,4.375,0.0,0,0,Randomized,0.9845
0.1,4.375,4.375,1,1,Randomized,0.9845
0.1,4.375,4.375,1,1,Randomized,0.9845
0.1,4.375,4.375,1,0,Randomized,0.9845
0.1,4.375,4.375,1,1,Randomized,0.9845
0.1,4.375,4.375,1,0,Randomized,0.9845
0.1,4.375,4.010416666666667,0,0,Randomized,0.9845
0.1,4.375,4.375,1,1,Randomized,0.9845
0.1,4.375,4.375,0,0,Randomized,0.9845
0.1,4.375,4.375,1,1,Randomized,0.9845
0.1,4.375,2.1875,0,0,Randomized,0.9845
0.1,4.375,4.375,1,0,Randomized,0.9845
0.1,4.375,4.375,0,0,Randomized,0.9845
0.1,4.375,4.375,0,0,Randomized,0.9845
0.1,4.375,4.15625,0,0,Randomized,0.9845
0.1,4.375,3.977272727272727,1,0,Randomized,0.9845
0.1,4.375,3.7916666666666665,0,1,Randomized,0.9845
0.1,4.375,4.017045454545454,1,1,Randomized,0.9845
0.1,4.375,4.375,1,0,Randomized,0.9845
0.1,4.375,4.375,1,0,Randomized,0.9845
0.1,4.375,4.375,0,0,Randomized,0.9845
0.1,4.375,3.7325174825174825,0,1,Randomized,0.9845
0.1,4.375,3.977272727272727,0,0,Randomized,0.9845
0.1,4.375,4.375,1,0,Randomized,0.9845
0.1,4.375,4.375,1,1,Randomized,0.9845
0.1,4.375,4.375,0,1,Randomized,0.9845
0.1,4.375,4.375,1,0,Randomized,0.9845
0.1,4.375,4.375,1,0,Randomized,0.9845
0.1,4.375,4.375,1,0,Randomized,0.9845
0.1,4.375,3.888888888888889,0,0,Randomized,0.9845
0.1,4.375,3.4375,0,0,Randomized,0.9845
0.1,4.375,4.375,1,1,Randomized,0.9845
0.1,4.375,4.375,0,1,Randomized,0.9845
0.1,4.375,4.338842975206612,1,1,Randomized,0.9845
0.1,4.375,4.375,0,0,Randomized,0.9845
0.1,4.375,4.010416666666667,1,0,Randomized,0.9845
0.1,4.375,3.548611111111111,1,0,Randomized,0.9845
0.1,4.375,4.375,0,0,Randomized,0.9845
0.1,4.375,4.375,1,0,Randomized,0.9845
0.1,4.375,4.375,0,0,Randomized,0.9845
0.1,4.375,3.977272727272727,0,0,Randomized,0.9845
0.1,4.375,3.75,1,0,Randomized,0.9845
0.1,4.375,4.375,0,0,Randomized,0.9845
0.1,4.375,4.375,1,0,Randomized,0.9845
0.1,4.375,3.5795454545454546,0,0,Randomized,0.9845
0.1,4.375,4.375,1,0,Randomized,0.9845
0.1,4.375,4.375,0,0,Randomized,0.9845
0.1,4.375,0.7954545454545454,0,0,Randomized,0.9845
0.1,4.375,4.375,0,0,Randomized,0.9845
0.1,4.375,4.375,0,0,Randomized,0.9845
0.1,4.375,3.977272727272727,0,0,Randomized,0.9845
0.1,4.375,4.010416666666667,0,0,Randomized,0.9845
0.1,4.375,2.9166666666666665,0,0,Randomized,0.9845
0.1,4.375,2.1875,0,0,Randomized,0.9845
0.1,4.375,4.375,0,0,Randomized,0.9845
0.1,4.375,4.375,1,0,Randomized,0.9845
0.1,4.375,4.375,1,0,Randomized,0.9845
0.1,4.375,4.375,0,0,Randomized,0.9845
0.1,4.375,3.977272727272727,0,0,Randomized,0.9845
0.1,4.375,4.375,0,0,Randomized,0.9845
0.1,4.375,4.375,0,1,Randomized,0.9845
0.1,4.375,4.375,0,0,Randomized,0.9845
0.1,4.375,4.375,1,0,Randomized,0.9845
0.1,4.375,3.9375,1,0,Randomized,0.9845
0.1,4.375,3.6458333333333335,0,0,Randomized,0.9845
0.1,4.375,3.6458333333333335,0,0,Randomized,0.9845
0.1,4.375,2.3026315789473686,0,0,Randomized,0.9845
0.1,4.375,4.375,1,0,Randomized,0.9845
0.1,4.375,4.375,0,1,Randomized,0.9845
0.1,4.375,4.375,0,0,Randomized,0.9845
0.1,4.375,3.888888888888889,1,0,Randomized,0.9845
0.1,4.375,4.375,1,1,Randomized,0.9845
0.1,4.375,4.375,0,0,Randomized,0.9845
0.1,4.375,4.375,0,1,Randomized,0.9845
0.1,4.375,3.4027777777777777,0,0,Randomized,0.9845
0.1,4.375,3.9375,0,0,Randomized,0.9845
0.1,4.375,3.977272727272727,0,0,Randomized,0.9845
0.1,4.375,4.375,0,0,Randomized,0.9845
0.1,4.375,3.75,0,0,Randomized,0.9845
0.1,4.375,4.375,1,0,Randomized,0.9845
0.1,4.375,4.375,1,0,Randomized,0.9845
0.1,4.375,4.375,1,0,Randomized,0.9845
0.1,4.375,3.977272727272727,1,0,Randomized,0.9845
0.1,4.375,4.375,0,1,Randomized,0.9845
0.1,4.375,4.375,1,0,Randomized,0.9845
0.1,4.375,4.375,1,0,Randomized,0.9845
0.1,4.375,4.375,1,1,Randomized,0.9845
0.1,4.375,3.977272727272727,0,0,Randomized,0.9845
0.1,4.375,4.375,0,0,Randomized,0.9845
0.1,4.375,4.375,1,1,Randomized,0.9845
0.1,4.375,3.6458333333333335,0,0,Randomized,0.9845
0.1,4.375,4.375,1,0,Randomized,0.9845
0.1,4.375,4.375,1,1,Randomized,0.9845
0.1,4.375,4.375,0,1,Randomized,0.9845
0.1,4.375,3.6458333333333335,0,0,Randomized,0.9845
0.1,4.375,4.375,0,1,Randomized,0.9845
0.1,4.375,3.6029411764705883,0,0,Randomized,0.9845
0.1,4.375,3.977272727272727,0,0,Randomized,0.9845
0.1,4.375,4.375,0,0,Randomized,0.9845
0.1,4.375,4.375,1,0,Randomized,0.9845
0.1,4.375,0.0,0,0,Randomized,0.9845
0.1,4.375,4.375,1,1,Randomized,0.9845
0.1,4.375,2.573529411764706,0,0,Randomized,0.9845
0.1,4.375,4.375,0,1,Randomized,0.9845
0.1,4.375,4.375,0,1,Randomized,0.9845
0.1,4.375,3.977272727272727,1,0,Randomized,0.9845
0.1,4.375,3.9375,0,0,Randomized,0.9845
0.1,4.375,4.375,1,1,Randomized,0.9845
0.1,4.375,4.375,1,1,Randomized,0.9845
0.1,4.375,4.375,1,0,Randomized,0.9845
0.1,4.375,4.375,0,1,Randomized,0.9845
0.1,4.375,3.5875,1,1,Randomized,0.9845
0.1,4.375,4.375,1,0,Randomized,0.9845
0.1,4.375,3.977272727272727,0,0,Randomized,0.9845
0.1,4.375,4.375,0,0,Randomized,0.9845
0.1,4.375,4.375,1,1,Randomized,0.9845
0.1,4.375,4.375,0,1,Randomized,0.9845
0.1,4.375,3.9375,0,0,Randomized,0.9845
0.1,4.375,4.375,1,0,Randomized,0.9845
0.1,4.375,4.375,1,1,Randomized,0.9845
0.1,4.375,3.977272727272727,1,0,Randomized,0.9845
0.1,4.375,2.40625,0,0,Randomized,0.9845
0.1,4.375,3.9375,0,0,Randomized,0.9845
0.1,4.375,4.375,0,0,Randomized,0.9845
0.1,4.375,3.977272727272727,0,0,Randomized,0.9845
0.1,4.375,4.375,1,0,Randomized,0.9845
0.1,4.375,4.375,1,1,Randomized,0.9845
0.1,4.375,4.375,1,0,Randomized,0.9845
0.1,4.375,4.375,0,0,Randomized,0.9845
0.1,4.375,4.375,0,0,Randomized,0.9845
0.1,4.375,3.9375,0,0,Randomized,0.9845
0.1,4.375,4.375,1,0,Randomized,0.9845
0.1,4.375,4.375,1,1,Randomized,0.9845
0.1,4.375,4.375,0,1,Randomized,0.9845
0.1,4.375,4.375,0,1,Randomized,0.9845
0.1,4.375,3.9375,1,0,Randomized,0.9845
0.1,4.375,2.734375,0,0,Randomized,0.9845
0.1,4.375,3.9375,0,0,Randomized,0.9845
0.1,4.375,4.375,0,0,Randomized,0.9845
0.1,4.375,3.977272727272727,1,0,Randomized,0.9845
0.1,4.375,3.701923076923077,1,0,Randomized,0.9845
0.1,4.375,3.977272727272727,1,0,Randomized,0.9845
0.1,4.375,3.977272727272727,1,0,Randomized,0.9845
0.1,4.375,4.375,1,1,Randomized,0.9845
0.1,4.375,4.375,1,0,Randomized,0.9845
0.1,4.375,4.375,0,0,Randomized,0.9845
0.1,4.375,3.977272727272727,0,0,Randomized,0.9845
0.1,4.375,4.375,1,1,Randomized,0.9845
0.1,4.375,4.375,0,0,Randomized,0.9845
0.1,4.375,4.375,1,1,Randomized,0.9845
0.1,4.375,4.375,0,0,Randomized,0.9845
0.1,4.375,4.375,0,0,Randomized,0.9845
0.1,4.375,4.375,1,0,Randomized,0.9845
0.1,4.375,4.375,1,0,Randomized,0.9845
0.1,4.375,4.375,1,1,Randomized,0.9845
0.1,4.375,4.375,0,1,Randomized,0.9845
0.1,4.375,3.6458333333333335,1,0,Randomized,0.9845
0.1,4.375,4.375,0,0,Randomized,0.9845
0.1,4.375,4.375,1,1,Randomized,0.9845
0.1,4.375,4.375,1,0,Randomized,0.9845
0.1,4.375,4.375,1,0,Randomized,0.9845
0.1,4.375,4.375,1,1,Randomized,0.9845
0.1,4.375,2.5,0,0,Randomized,0.9845
0.1,4.375,4.375,1,1,Randomized,0.9845
0.1,4.375,4.375,0,1,Randomized,0.9845
0.1,4.375,4.375,0,0,Randomized,0.9845
0.1,4.375,4.236111111111111,0,0,Randomized,0.9845
0.1,4.375,0.0,0,0,Randomized,0.9845
0.1,4.375,3.9375,0,0,Randomized,0.9845
0.1,4.375,3.888888888888889,0,0,Randomized,0.9845
0.1,4.375,4.375,0,0,Randomized,0.9845
0.1,4.375,4.375,1,1,Randomized,0.9845
0.1,4.375,4.038461538461538,0,0,Randomized,0.9845
0.1,4.375,4.375,0,0,Randomized,0.9845
0.1,4.375,4.375,1,0,Randomized,0.9845
0.1,4.375,4.375,1,1,Randomized,0.9845
0.1,4.375,3.3653846153846154,0,0,Randomized,0.9845
0.1,4.375,4.375,1,0,Randomized,0.9845
0.1,4.375,4.375,1,1,Randomized,0.9845
0.1,4.375,0.0,1,0,Randomized,0.9845
0.1,4.375,3.977272727272727,0,0,Randomized,0.9845
0.1,4.375,3.6458333333333335,1,0,Randomized,0.9845
0.1,4.375,4.375,1,0,Randomized,0.9845
0.1,4.375,3.3653846153846154,0,0,Randomized,0.9845
0.1,4.375,2.1875,0,0,Randomized,0.9845
0.1,4.375,3.977272727272727,1,0,Randomized,0.9845
0.1,4.375,4.375,1,1,Randomized,0.9845
0.1,4.375,4.375,0,1,Randomized,0.9845
0.1,4.375,4.375,1,1,Randomized,0.9845
0.1,4.375,2.9166666666666665,1,0,Randomized,0.9845
0.1,4.375,4.375,0,0,Randomized,0.9845
0.1,4.375,4.375,1,0,Randomized,0.9845
0.1,4.375,3.98125,0,1,Randomized,0.9845
0.1,4.375,4.375,1,1,Randomized,0.9845
0.1,4.375,4.375,1,0,Randomized,0.9845
0.1,4.375,4.375,1,1,Randomized,0.9845
0.1,4.375,2.9166666666666665,0,0,Randomized,0.9845
0.1,4.375,4.375,0,0,Randomized,0.9845
0.1,4.375,3.6458333333333335,0,0,Randomized,0.9845
0.1,4.375,4.375,1,0,Randomized,0.9845
0.1,4.375,4.375,1,1,Randomized,0.9845
0.1,4.375,4.375,0,0,Randomized,0.9845
0.1,4.375,4.375,1,1,Randomized,0.9845
0.1,4.375,3.977272727272727,1,0,Randomized,0.9845
0.1,4.375,3.125,0,0,Randomized,0.9845
0.1,4.375,4.375,1,0,Randomized,0.9845
0.1,4.375,4.375,0,1,Randomized,0.9845
0.1,4.375,3.977272727272727,0,0,Randomized,0.9845
0.1,4.375,4.375,1,0,Randomized,0.9845
0.1,4.375,4.375,1,0,Randomized,0.9845
0.1,4.375,4.375,0,0,Randomized,0.9845
0.1,4.375,4.375,1,1,Randomized,0.9845
0.1,4.375,4.375,1,1,Randomized,0.9845
0.1,4.375,4.375,0,0,Randomized,0.9845
0.1,4.375,4.375,0,1,Randomized,0.9845
0.1,4.375,4.375,0,0,Randomized,0.9845
0.1,4.375,3.0989583333333335,0,0,Randomized,0.9845
0.1,4.375,3.9375,0,0,Randomized,0.9845
0.1,4.375,4.010416666666667,1,0,Randomized,0.9845
0.1,4.375,3.9375,0,0,Randomized,0.9845
0.1,4.375,4.375,1,0,Randomized,0.9845
0.1,4.375,4.375,0,0,Randomized,0.9845
0.1,4.375,4.375,0,0,Randomized,0.9845
0.1,4.375,4.375,0,0,Randomized,0.9845
0.1,4.375,4.375,0,0,Randomized,0.9845
0.1,4.375,3.4027777777777777,0,0,Randomized,0.9845
0.1,4.375,4.375,1,1,Randomized,0.9845
0.1,4.375,4.375,0,0,Randomized,0.9845
0.1,4.375,4.375,1,1,Randomized,0.9845
0.1,4.375,4.375,1,0,Randomized,0.9845
0.1,4.375,3.3653846153846154,0,0,Randomized,0.9845
0.1,4.375,3.6458333333333335,0,0,Randomized,0.9845
0.1,4.375,4.375,1,0,Randomized,0.9845
0.1,4.375,4.375,1,0,Randomized,0.9845
0.1,4.375,3.9375,1,0,Randomized,0.9845
0.1,4.375,4.375,1,1,Randomized,0.9845
0.1,4.375,4.017045454545454,1,1,Randomized,0.9845
0.1,4.375,4.375,1,1,Randomized,0.9845
0.1,4.375,4.375,0,0,Randomized,0.9845
0.1,4.375,2.734375,0,0,Randomized,0.9845
0.1,4.375,4.375,1,0,Randomized,0.9845
0.1,4.375,3.977272727272727,0,0,Randomized,0.9845
0.1,4.375,4.375,0,1,Randomized,0.9845
0.1,4.375,4.375,1,0,Randomized,0.9845
0.1,4.375,0.0,0,0,Randomized,0.9845
0.1,4.375,4.375,1,0,Randomized,0.9845
0.1,4.375,4.375,0,1,Randomized,0.9845
0.1,4.375,4.375,0,0,Randomized,0.9845
0.1,4.375,4.375,1,0,Randomized,0.9845
0.1,4.375,4.375,1,0,Randomized,0.9845
0.1,4.375,4.375,0,0,Randomized,0.9845
0.1,4.375,4.375,0,0,Randomized,0.9845
0.1,4.375,4.375,1,1,Randomized,0.9845
0.1,4.375,4.375,1,1,Randomized,0.9845
0.1,4.375,4.375,1,0,Randomized,0.9845
0.1,4.375,0.0,0,0,Randomized,0.9845
0.1,4.375,3.977272727272727,0,0,Randomized,0.9845
0.1,4.375,4.375,1,0,Randomized,0.9845
0.1,4.375,4.375,0,0,Randomized,0.9845
0.1,4.375,3.9375,0,0,Randomized,0.9845
0.1,4.375,4.375,1,1,Randomized,0.9845
0.1,4.375,0.0,0,0,Randomized,0.9845
0.1,4.375,4.375,1,0,Randomized,0.9845
0.1,4.375,4.375,0,1,Randomized,0.9845
0.1,4.375,4.375,1,0,Randomized,0.9845
0.1,4.375,4.017045454545454,1,1,Randomized,0.9845
0.1,4.375,4.375,1,1,Randomized,0.9845
0.1,4.375,3.977272727272727,1,0,Randomized,0.9845
0.1,4.375,4.375,1,1,Randomized,0.9845
0.1,4.375,3.5,0,0,Randomized,0.9845
0.1,4.375,2.1875,0,0,Randomized,0.9845
0.1,4.375,3.2083333333333335,0,0,Randomized,0.9845
0.1,4.375,4.010416666666667,0,0,Randomized,0.9845
0.1,4.375,3.9375,0,0,Randomized,0.9845
0.1,4.375,4.375,0,0,Randomized,0.9845
0.1,4.375,3.977272727272727,1,0,Randomized,0.9845
0.1,4.375,4.375,1,1,Randomized,0.9845
0.1,4.375,4.375,0,0,Randomized,0.9845
0.1,4.375,4.375,1,0,Randomized,0.9845
0.1,4.375,4.375,1,0,Randomized,0.9845
0.1,4.375,4.375,1,1,Randomized,0.9845
0.1,4.375,4.021464646464646,0,0,Randomized,0.9845
0.1,4.375,4.375,1,0,Randomized,0.9845
0.1,4.375,4.375,0,0,Randomized,0.9845
0.1,4.375,4.375,0,1,Randomized,0.9845
0.1,4.375,3.6458333333333335,0,0,Randomized,0.9845
0.1,4.375,3.9375,0,0,Randomized,0.9845
0.1,4.375,4.375,1,1,Randomized,0.9845
0.1,4.375,4.375,1,0,Randomized,0.9845
0.1,4.375,4.375,1,1,Randomized,0.9845
0.1,4.375,4.375,1,1,Randomized,0.9845
0.1,4.375,4.375,1,0,Randomized,0.9845
0.1,4.375,4.375,1,0,Randomized,0.9845
0.1,4.375,4.375,1,1,Randomized,0.9845
0.1,4.375,4.375,1,0,Randomized,0.9845
0.1,4.375,4.375,1,0,Randomized,0.9845
0.1,4.375,3.977272727272727,0,0,Randomized,0.9845
0.1,4.375,3.3653846153846154,0,0,Randomized,0.9845
0.1,4.375,3.3653846153846154,0,0,Randomized,0.9845
0.1,4.375,4.375,1,0,Randomized,0.9845
0.1,4.375,4.010416666666667,1,0,Randomized,0.9845
0.1,4.375,3.6458333333333335,1,0,Randomized,0.9845
0.1,4.375,3.977272727272727,1,0,Randomized,0.9845
0.1,4.375,4.375,1,0,Randomized,0.9845
0.1,4.375,4.375,1,0,Randomized,0.9845
0.1,4.375,4.375,1,0,Randomized,0.9845
0.1,4.375,4.375,1,1,Randomized,0.9845
0.1,4.375,3.675,0,1,Randomized,0.9845
0.1,4.375,4.375,1,1,Randomized,0.9845
0.1,4.375,2.625,0,0,Randomized,0.9845
0.1,4.375,4.375,1,1,Randomized,0.9845
0.1,4.375,3.977272727272727,1,0,Randomized,0.9845
0.1,4.375,4.375,1,1,Randomized,0.9845
0.1,4.375,4.375,0,1,Randomized,0.9845
0.1,4.375,4.375,0,0,Randomized,0.9845
0.1,4.375,4.242424242424242,0,1,Randomized,0.9845
0.1,4.375,3.828125,0,0,Randomized,0.9845
0.1,4.375,4.375,0,0,Randomized,0.9845
0.1,4.375,4.375,1,1,Randomized,0.9845
0.1,4.375,4.375,1,1,Randomized,0.9845
0.1,4.375,3.3143939393939394,1,0,Randomized,0.9845
0.1,4.375,4.375,0,0,Randomized,0.9845
0.1,4.375,4.375,1,0,Randomized,0.9845
0.1,4.375,4.375,1,0,Randomized,0.9845
0.1,4.375,4.375,1,0,Randomized,0.9845
0.1,4.375,4.375,1,1,Randomized,0.9845
0.1,4.375,4.010416666666667,0,1,Randomized,0.9845
0.1,4.375,3.4375,0,0,Randomized,0.9845
0.1,4.375,4.375,1,1,Randomized,0.9845
0.1,4.375,4.375,1,1,Randomized,0.9845
0.1,4.375,4.375,0,0,Randomized,0.9845
0.1,4.375,3.977272727272727,1,0,Randomized,0.9845
0.1,4.375,3.9375,1,0,Randomized,0.9845
0.1,4.375,3.3653846153846154,1,0,Randomized,0.9845
0.1,4.375,3.9375,0,0,Randomized,0.9845
0.1,4.375,4.375,0,1,Randomized,0.9845
0.1,4.375,4.375,1,1,Randomized,0.9845
0.1,4.375,4.375,1,0,Randomized,0.9845
0.1,4.375,4.375,1,1,Randomized,0.9845
0.1,4.375,3.28125,0,0,Randomized,0.9845
0.1,4.375,0.546875,0,0,Randomized,0.9845
0.1,4.375,4.375,0,0,Randomized,0.9845
0.1,4.375,4.375,1,0,Randomized,0.9845
0.1,4.375,0.0,0,0,Randomized,0.9845
0.1,4.375,4.375,1,0,Randomized,0.9845
0.1,4.375,4.375,1,0,Randomized,0.9845
0.1,4.375,4.375,0,1,Randomized,0.9845
0.1,4.375,3.977272727272727,0,0,Randomized,0.9845
0.1,4.375,2.573529411764706,0,0,Randomized,0.9845
0.1,4.375,3.6458333333333335,0,0,Randomized,0.9845
0.1,4.375,4.375,0,0,Randomized,0.9845
0.1,4.375,3.223684210526316,0,0,Randomized,0.9845
0.1,4.375,3.9375,0,0,Randomized,0.9845
0.1,4.375,3.977272727272727,1,0,Randomized,0.9845
0.1,4.375,4.375,1,0,Randomized,0.9845
0.1,4.375,4.375,1,1,Randomized,0.9845
0.1,4.375,4.375,0,0,Randomized,0.9845
0.1,4.375,4.375,1,0,Randomized,0.9845
0.1,4.375,2.784090909090909,0,0,Randomized,0.9845
0.1,4.375,0.0,0,0,Randomized,0.9845
0.1,4.375,4.375,1,1,Randomized,0.9845
0.1,4.375,3.75,0,0,Randomized,0.9845
0.1,4.375,4.375,1,1,Randomized,0.9845
0.1,4.375,4.375,0,0,Randomized,0.9845
0.1,4.375,4.375,0,0,Randomized,0.9845
0.1,4.375,3.9375,0,0,Randomized,0.9845
0.1,4.375,4.375,1,1,Randomized,0.9845
0.1,4.375,4.375,1,0,Randomized,0.9845
0.1,4.375,3.977272727272727,1,0,Randomized,0.9845
0.1,4.375,4.375,1,0,Randomized,0.9845
0.1,4.375,4.021464646464646,0,0,Randomized,0.9845
0.1,4.375,3.6458333333333335,0,0,Randomized,0.9845
0.1,4.375,4.010416666666667,1,0,Randomized,0.9845
0.1,4.375,4.375,0,0,Randomized,0.9845
0.1,4.375,3.7393162393162394,1,0,Randomized,0.9845
0.1,4.375,2.3026315789473686,0,0,Randomized,0.9845
0.1,4.375,4.308712121212121,0,1,Randomized,0.9845
0.1,4.375,0.0,0,0,Randomized,0.9845
0.1,4.375,4.375,1,1,Randomized,0.9845
0.1,4.375,4.375,1,0,Randomized,0.9845
0.1,4.375,4.375,1,0,Randomized,0.9845
0.1,4.375,3.828125,0,0,Randomized,0.9845
0.1,4.375,4.375,1,0,Randomized,0.9845
0.1,4.375,4.375,1,0,Randomized,0.9845
0.1,4.375,3.977272727272727,0,0,Randomized,0.9845
0.1,4.375,4.375,1,0,Randomized,0.9845
0.1,4.375,3.977272727272727,1,0,Randomized,0.9845
0.1,4.375,4.375,0,0,Randomized,0.9845
0.1,4.375,4.375,0,0,Randomized,0.9845
0.1,4.375,3.3653846153846154,0,0,Randomized,0.9845
0.1,4.375,4.375,1,1,Randomized,0.9845
0.1,4.375,3.0625,0,0,Randomized,0.9845
0.1,4.375,3.6458333333333335,0,0,Randomized,0.9845
0.1,4.375,3.9375,1,0,Randomized,0.9845
0.1,4.375,3.0078125,0,0,Randomized,0.9845
0.1,4.375,4.375,1,1,Randomized,0.9845
0.1,4.375,3.977272727272727,1,0,Randomized,0.9845
0.1,4.375,4.375,1,1,Randomized,0.9845
0.1,4.375,4.375,0,1,Randomized,0.9845
0.1,4.375,4.375,0,0,Randomized,0.9845
0.1,4.375,3.977272727272727,1,0,Randomized,0.9845
0.1,4.375,4.375,0,0,Randomized,0.9845
0.1,4.375,3.9375,1,0,Randomized,0.9845
0.1,4.375,4.375,1,0,Randomized,0.9845
0.1,4.375,0.0,0,0,Randomized,0.9845
0.1,4.375,4.375,1,0,Randomized,0.9845
0.1,4.375,4.375,1,0,Randomized,0.9845
0.1,4.375,4.375,0,0,Randomized,0.9845
0.1,4.375,4.375,1,0,Randomized,0.9845
0.1,4.375,4.375,1,0,Randomized,0.9845
0.1,4.375,4.083333333333333,0,0,Randomized,0.9845
0.1,4.375,4.375,1,0,Randomized,0.9845
0.1,4.375,4.375,0,0,Randomized,0.9845
0.1,4.375,4.375,1,0,Randomized,0.9845
0.1,4.375,4.375,0,0,Randomized,0.9845
0.1,4.375,3.9375,1,0,Randomized,0.9845
0.1,4.375,3.6458333333333335,1,0,Randomized,0.9845
0.1,4.375,3.1818181818181817,0,0,Randomized,0.9845
0.1,4.375,3.7268518518518516,1,0,Randomized,0.9845
0.1,4.375,4.375,1,1,Randomized,0.9845
0.1,4.375,3.6458333333333335,0,0,Randomized,0.9845
0.1,4.375,4.065656565656566,1,0,Randomized,0.9845
0.1,4.375,4.375,1,1,Randomized,0.9845
0.1,4.375,3.28125,0,0,Randomized,0.9845
0.1,4.375,2.734375,0,0,Randomized,0.9845
0.1,4.375,4.375,0,1,Randomized,0.9845
0.1,4.375,4.375,1,0,Randomized,0.9845
0.1,4.375,4.375,1,1,Randomized,0.9845
0.1,4.375,4.375,0,1,Randomized,0.9845
0.1,4.375,4.375,1,1,Randomized,0.9845
0.1,4.375,4.375,1,1,Randomized,0.9845
0.1,4.375,4.375,0,1,Randomized,0.9845
0.1,4.375,3.3653846153846154,0,0,Randomized,0.9845
0.1,4.375,3.977272727272727,0,0,Randomized,0.9845
0.1,4.375,3.125,0,0,Randomized,0.9845
0.1,4.375,4.375,0,0,Randomized,0.9845
0.1,4.375,4.375,0,1,Randomized,0.9845
0.1,4.375,3.977272727272727,1,0,Randomized,0.9845
0.1,4.375,4.375,0,0,Randomized,0.9845
0.1,4.375,4.375,0,0,Randomized,0.9845
0.1,4.375,4.375,1,1,Randomized,0.9845
0.1,4.375,4.375,1,0,Randomized,0.9845
0.1,4.375,4.375,1,0,Randomized,0.9845
0.1,4.375,3.98125,1,1,Randomized,0.9845
0.1,4.375,4.375,0,0,Randomized,0.9845
0.1,4.375,3.977272727272727,0,0,Randomized,0.9845
0.1,4.375,3.888888888888889,1,0,Randomized,0.9845
0.1,4.375,4.375,1,0,Randomized,0.9845
0.1,4.375,4.375,0,0,Randomized,0.9845
0.1,4.375,4.375,1,1,Randomized,0.9845
0.1,4.375,4.375,0,0,Randomized,0.9845
0.1,4.375,4.375,0,0,Randomized,0.9845
0.1,4.375,4.375,0,0,Randomized,0.9845
0.1,4.375,4.375,1,0,Randomized,0.9845
0.1,4.375,2.625,0,0,Randomized,0.9845
0.1,4.375,3.9375,0,0,Randomized,0.9845
0.1,4.375,4.375,0,0,Randomized,0.9845
0.1,4.375,4.375,1,0,Randomized,0.9845
0.1,4.375,4.375,0,0,Randomized,0.9845
0.1,4.375,4.375,0,0,Randomized,0.9845
0.1,4.375,3.9921875,0,0,Randomized,0.9845
0.1,4.375,4.375,1,0,Randomized,0.9845
0.1,4.375,2.40625,0,0,Randomized,0.9845
0.1,4.375,3.6458333333333335,0,0,Randomized,0.9845
0.1,4.375,3.5875,0,1,Randomized,0.9845
0.1,4.375,4.010416666666667,0,1,Randomized,0.9845
0.1,4.375,4.375,1,0,Randomized,0.9845
0.1,4.375,0.4861111111111111,0,0,Randomized,0.9845
0.1,4.375,4.375,1,1,Randomized,0.9845
0.1,4.375,4.375,0,0,Randomized,0.9845
0.1,4.375,0.0,0,0,Randomized,0.9845
0.1,4.375,4.375,0,0,Randomized,0.9845
0.1,4.375,3.977272727272727,0,0,Randomized,0.9845
0.1,4.375,4.375,0,0,Randomized,0.9845
0.1,4.375,3.977272727272727,0,0,Randomized,0.9845
0.1,4.375,4.375,0,0,Randomized,0.9845
0.1,4.375,3.977272727272727,1,0,Randomized,0.9845
0.1,4.375,2.3026315789473686,0,0,Randomized,0.9845
0.1,4.375,4.017045454545454,0,1,Randomized,0.9845
0.1,4.375,3.9375,1,0,Randomized,0.9845
0.1,4.375,4.375,1,0,Randomized,0.9845
0.1,4.375,4.375,1,0,Randomized,0.9845
0.1,4.375,4.375,0,0,Randomized,0.9845
0.1,4.375,3.977272727272727,1,0,Randomized,0.9845
0.1,4.375,4.375,0,0,Randomized,0.9845
0.1,4.375,3.6458333333333335,0,0,Randomized,0.9845
0.1,4.375,4.375,1,1,Randomized,0.9845
0.1,4.375,3.701923076923077,0,0,Randomized,0.9845
0.1,4.375,3.977272727272727,1,0,Randomized,0.9845
0.1,4.375,4.375,1,0,Randomized,0.9845
0.1,4.375,4.375,0,1,Randomized,0.9845
0.1,4.375,4.375,0,1,Randomized,0.9845
0.1,4.375,3.701923076923077,0,0,Randomized,0.9845
0.1,4.375,4.375,0,0,Randomized,0.9845
0.1,4.375,4.375,1,0,Randomized,0.9845
0.1,4.375,3.9375,0,0,Randomized,0.9845
0.1,4.375,4.375,1,1,Randomized,0.9845
0.1,4.375,4.3352272727272725,0,1,Randomized,0.9845
0.1,4.375,3.977272727272727,1,0,Randomized,0.9845
0.1,4.375,4.375,1,0,Randomized,0.9845
0.1,4.375,4.375,1,1,Randomized,0.9845
0.1,4.375,4.375,1,0,Randomized,0.9845
0.1,4.375,3.977272727272727,1,0,Randomized,0.9845
0.1,4.375,4.375,1,0,Randomized,0.9845
0.1,4.375,2.734375,0,0,Randomized,0.9845
0.1,4.375,3.7916666666666665,0,0,Randomized,0.9845
0.1,4.375,3.6458333333333335,0,0,Randomized,0.9845
0.1,4.375,4.375,0,0,Randomized,0.9845
0.1,4.375,4.375,1,0,Randomized,0.9845
0.1,4.375,4.375,1,1,Randomized,0.9845
0.1,4.375,4.375,1,1,Randomized,0.9845
0.1,4.375,4.375,1,0,Randomized,0.9845
0.1,4.375,4.375,1,0,Randomized,0.9845
0.1,4.375,1.9140625,0,0,Randomized,0.9845
0.1,4.375,3.75,0,0,Randomized,0.9845
0.1,4.375,4.375,1,1,Randomized,0.9845
0.1,4.375,4.375,1,1,Randomized,0.9845
0.1,4.375,3.977272727272727,0,0,Randomized,0.9845
0.1,4.375,3.5795454545454546,1,0,Randomized,0.9845
0.1,4.375,4.375,1,0,Randomized,0.9845
0.1,4.375,4.375,0,1,Randomized,0.9845
0.1,4.375,4.375,1,0,Randomized,0.9845
0.1,4.375,4.375,1,0,Randomized,0.9845
0.1,4.375,4.375,1,1,Randomized,0.9845
0.1,4.375,4.375,0,0,Randomized,0.9845
0.1,4.375,4.375,0,1,Randomized,0.9845
0.1,4.375,4.375,0,0,Randomized,0.9845
0.1,4.375,4.375,1,0,Randomized,0.9845
0.1,4.375,3.6458333333333335,1,0,Randomized,0.9845
0.1,4.375,4.375,1,1,Randomized,0.9845
0.1,4.375,3.6458333333333335,1,0,Randomized,0.9845
0.1,4.375,4.375,1,1,Randomized,0.9845
0.1,4.375,4.375,1,1,Randomized,0.9845
0.1,4.375,4.12890625,0,1,Randomized,0.9845
0.1,4.375,4.375,0,0,Randomized,0.9845
0.1,4.375,4.375,1,1,Randomized,0.9845
0.1,4.375,4.375,0,0,Randomized,0.9845
0.1,4.375,2.9166666666666665,0,0,Randomized,0.9845
0.1,4.375,4.375,1,0,Randomized,0.9845
0.1,4.375,4.010416666666667,0,0,Randomized,0.9845
0.1,4.375,4.375,1,1,Randomized,0.9845
0.1,4.375,4.375,1,0,Randomized,0.9845
0.1,4.375,4.375,1,0,Randomized,0.9845
0.1,4.375,4.375,1,1,Randomized,0.9845
0.1,4.375,4.375,1,1,Randomized,0.9845
0.1,4.375,4.375,1,1,Randomized,0.9845
0.1,4.375,4.375,1,0,Randomized,0.9845
0.1,4.375,4.375,1,1,Randomized,0.9845
0.1,4.375,3.5,0,0,Randomized,0.9845
0.1,4.375,4.375,1,1,Randomized,0.9845
0.1,4.375,1.1931818181818181,0,0,Randomized,0.9845
0.1,4.375,4.017045454545454,1,1,Randomized,0.9845
0.1,4.375,4.375,0,0,Randomized,0.9845
0.1,4.375,3.977272727272727,0,0,Randomized,0.9845
0.1,4.375,3.3455882352941178,0,0,Randomized,0.9845
0.1,4.375,3.888888888888889,1,0,Randomized,0.9845
0.1,4.375,4.375,1,0,Randomized,0.9845
0.1,4.375,4.375,1,1,Randomized,0.9845
0.1,4.375,4.375,1,0,Randomized,0.9845
0.1,4.375,4.375,0,1,Randomized,0.9845
0.1,4.375,3.6458333333333335,0,0,Randomized,0.9845
0.1,4.375,4.375,0,0,Randomized,0.9845
0.1,4.375,4.375,0,0,Randomized,0.9845
0.1,4.375,3.977272727272727,0,0,Randomized,0.9845
0.1,4.375,4.375,1,0,Randomized,0.9845
0.1,4.375,4.375,1,0,Randomized,0.9845
0.1,4.375,4.375,0,0,Randomized,0.9845
0.1,4.375,3.9375,0,0,Randomized,0.9845
0.1,4.375,4.375,1,1,Randomized,0.9845
0.1,4.375,3.6458333333333335,0,0,Randomized,0.9845
0.1,4.375,4.375,1,0,Randomized,0.9845
0.1,4.375,3.701923076923077,0,0,Randomized,0.9845
0.1,4.375,4.242424242424242,0,1,Randomized,0.9845
0.1,4.375,4.375,1,0,Randomized,0.9845
0.1,4.375,3.3806818181818183,0,1,Randomized,0.9845
0.1,4.375,2.9166666666666665,0,0,Randomized,0.9845
0.1,4.375,4.375,0,0,Randomized,0.9845
0.1,4.375,3.828125,1,0,Randomized,0.9845
0.1,4.375,3.977272727272727,1,0,Randomized,0.9845
0.1,4.375,4.375,1,0,Randomized,0.9845
0.1,4.375,4.375,0,0,Randomized,0.9845
0.1,4.375,4.375,1,0,Randomized,0.9845
0.1,4.375,3.977272727272727,0,0,Randomized,0.9845
0.1,4.375,4.375,1,1,Randomized,0.9845
0.1,4.375,3.977272727272727,0,0,Randomized,0.9845
0.1,4.375,4.375,0,0,Randomized,0.9845
0.1,4.375,3.6458333333333335,0,0,Randomized,0.9845
0.1,4.375,3.888888888888889,1,0,Randomized,0.9845
0.1,4.375,4.375,1,1,Randomized,0.9845
0.1,4.375,3.977272727272727,1,0,Randomized,0.9845
0.1,4.375,4.375,0,0,Randomized,0.9845
0.1,4.375,0.0,0,0,Randomized,0.9845
0.1,4.375,4.375,0,1,Randomized,0.9845
0.1,4.375,3.977272727272727,0,0,Randomized,0.9845
0.1,4.375,3.977272727272727,0,0,Randomized,0.9845
0.1,4.375,3.977272727272727,1,0,Randomized,0.9845
0.1,4.375,3.977272727272727,0,1,Randomized,0.9845
0.1,4.375,4.375,1,1,Randomized,0.9845
0.1,4.375,4.375,0,1,Randomized,0.9845
0.1,4.375,0.0,0,0,Randomized,0.9845
0.1,4.375,3.9375,1,0,Randomized,0.9845
0.1,4.375,4.375,1,0,Randomized,0.9845
0.1,4.375,4.375,1,1,Randomized,0.9845
0.1,4.375,4.375,0,1,Randomized,0.9845
0.1,4.375,3.6029411764705883,0,0,Randomized,0.9845
0.1,4.375,0.875,0,0,Randomized,0.9845
0.1,4.375,3.5875,1,1,Randomized,0.9845
0.1,4.375,2.8532608695652173,0,0,Randomized,0.9845
0.1,4.375,4.375,0,0,Randomized,0.9845
0.1,4.375,4.375,1,1,Randomized,0.9845
0.1,4.375,4.375,1,0,Randomized,0.9845
0.1,4.375,4.375,1,1,Randomized,0.9845
0.1,4.375,4.375,0,0,Randomized,0.9845
0.1,4.375,4.375,1,0,Randomized,0.9845
0.1,4.375,4.375,0,0,Randomized,0.9845
0.1,4.375,3.860294117647059,0,0,Randomized,0.9845
0.1,4.375,3.5,0,0,Randomized,0.9845
0.1,4.375,3.4027777777777777,0,0,Randomized,0.9845
0.1,4.375,4.375,1,0,Randomized,0.9845
0.1,4.375,4.375,0,0,Randomized,0.9845
0.1,4.375,4.375,1,0,Randomized,0.9845
0.1,4.375,4.038461538461538,1,0,Randomized,0.9845
0.1,4.375,4.010416666666667,0,0,Randomized,0.9845
0.1,4.375,3.6458333333333335,0,0,Randomized,0.9845
0.1,4.375,3.3333333333333335,0,0,Randomized,0.9845
0.1,4.375,4.375,1,1,Randomized,0.9845
0.1,4.375,4.375,1,0,Randomized,0.9845
0.1,4.375,4.375,0,0,Randomized,0.9845
0.1,4.375,4.375,1,0,Randomized,0.9845
0.1,4.375,4.375,1,1,Randomized,0.9845
0.1,4.375,3.977272727272727,1,0,Randomized,0.9845
0.1,4.375,4.375,1,0,Randomized,0.9845
0.1,4.375,4.375,1,0,Randomized,0.9845
0.1,4.375,3.125,0,0,Randomized,0.9845
0.1,4.375,3.977272727272727,0,0,Randomized,0.9845
0.1,4.375,4.375,1,0,Randomized,0.9845
0.1,4.375,0.0,0,0,Randomized,0.9845
0.1,4.375,4.375,0,0,Randomized,0.9845
0.1,4.375,3.977272727272727,1,0,Randomized,0.9845
0.1,4.375,4.375,1,0,Randomized,0.9845
0.1,4.375,4.1015625,0,0,Randomized,0.9845
0.1,4.375,3.977272727272727,1,0,Randomized,0.9845
0.1,4.375,3.6458333333333335,0,0,Randomized,0.9845
0.1,4.375,4.375,0,0,Randomized,0.9845
0.1,4.375,4.375,1,0,Randomized,0.9845
0.1,4.375,4.375,0,1,Randomized,0.9845
0.1,4.375,4.375,1,0,Randomized,0.9845
0.1,4.375,4.375,1,0,Randomized,0.9845
0.1,4.375,2.9166666666666665,0,0,Randomized,0.9845
0.1,4.375,4.375,1,0,Randomized,0.9845
0.1,4.375,4.375,1,0,Randomized,0.9845
0.1,4.375,4.375,1,0,Randomized,0.9845
0.1,4.375,3.5,0,0,Randomized,0.9845
0.1,4.375,4.375,0,1,Randomized,0.9845
0.1,4.375,4.375,1,1,Randomized,0.9845
0.1,4.375,4.375,1,0,Randomized,0.9845
0.1,4.375,4.375,1,1,Randomized,0.9845
0.1,4.375,4.375,0,0,Randomized,0.9845
0.1,4.375,4.375,1,0,Randomized,0.9845
0.1,4.375,3.977272727272727,1,0,Randomized,0.9845
0.1,4.375,3.977272727272727,0,0,Randomized,0.9845
0.1,4.375,4.375,1,1,Randomized,0.9845
0.1,4.375,3.6458333333333335,0,0,Randomized,0.9845
0.1,4.375,4.375,1,0,Randomized,0.9845
0.1,4.375,4.375,0,1,Randomized,0.9845
0.1,4.375,4.375,1,0,Randomized,0.9845
0.1,4.375,3.3653846153846154,0,0,Randomized,0.9845
0.1,4.375,4.375,1,0,Randomized,0.9845
0.1,4.375,4.375,0,1,Randomized,0.9845
0.1,4.375,4.375,1,0,Randomized,0.9845
0.1,4.375,3.977272727272727,1,0,Randomized,0.9845
0.1,4.375,3.9375,1,0,Randomized,0.9845
0.1,4.375,4.0625,0,0,Randomized,0.9845
0.1,4.375,3.977272727272727,1,0,Randomized,0.9845
0.1,4.375,4.375,0,0,Randomized,0.9845
0.1,4.375,4.375,1,0,Randomized,0.9845
0.1,4.375,4.375,1,1,Randomized,0.9845
0.1,4.375,4.375,1,0,Randomized,0.9845
0.1,4.375,4.375,0,0,Randomized,0.9845
0.1,4.375,3.828125,0,0,Randomized,0.9845
0.1,4.375,4.375,0,0,Randomized,0.9845
0.1,4.375,4.375,1,0,Randomized,0.9845
0.1,4.375,4.375,1,1,Randomized,0.9845
0.1,4.375,4.375,1,0,Randomized,0.9845
0.1,4.375,4.375,0,1,Randomized,0.9845
0.1,4.375,2.1875,0,0,Randomized,0.9845
0.1,4.375,3.977272727272727,1,0,Randomized,0.9845
0.1,4.375,4.375,1,1,Randomized,0.9845
0.1,4.375,4.375,1,1,Randomized,0.9845
0.1,4.375,4.375,1,1,Randomized,0.9845
0.1,4.375,4.375,1,0,Randomized,0.9845
0.1,4.375,4.375,1,0,Randomized,0.9845
0.1,4.375,4.375,1,0,Randomized,0.9845
0.1,4.375,4.375,0,0,Randomized,0.9845
0.1,4.375,3.9375,0,0,Randomized,0.9845
0.1,4.375,3.8828125,0,1,Randomized,0.9845
0.1,4.375,4.375,0,0,Randomized,0.9845
0.1,4.375,4.375,0,0,Randomized,0.9845
0.1,4.375,4.375,1,0,Randomized,0.9845
0.1,4.375,4.338842975206612,1,1,Randomized,0.9845
0.1,4.375,4.375,1,0,Randomized,0.9845
0.1,4.375,4.375,0,0,Randomized,0.9845
0.1,4.375,3.977272727272727,0,0,Randomized,0.9845
0.1,4.375,3.977272727272727,0,0,Randomized,0.9845
0.1,4.375,4.375,1,1,Randomized,0.9845
0.1,4.375,3.2083333333333335,0,0,Randomized,0.9845
0.1,4.375,3.977272727272727,0,0,Randomized,0.9845
0.1,4.375,3.6458333333333335,0,0,Randomized,0.9845
0.1,4.375,4.338842975206612,1,1,Randomized,0.9845
0.1,4.375,4.375,0,1,Randomized,0.9845
0.1,4.375,4.375,1,0,Randomized,0.9845
0.1,4.375,4.375,1,1,Randomized,0.9845
0.1,4.375,3.9375,1,0,Randomized,0.9845
0.1,4.375,4.375,1,1,Randomized,0.9845
0.1,4.375,4.375,1,0,Randomized,0.9845
0.1,4.375,4.375,1,0,Randomized,0.9845
0.1,4.375,4.375,0,0,Randomized,0.9845
0.1,4.375,4.375,0,0,Randomized,0.9845
0.1,4.375,4.117647058823529,0,0,Randomized,0.9845
0.1,4.375,4.375,1,1,Randomized,0.9845
0.1,4.375,4.375,0,1,Randomized,0.9845
0.1,4.375,4.375,1,0,Randomized,0.9845
0.1,4.375,3.28125,0,0,Randomized,0.9845
0.1,4.375,4.375,0,0,Randomized,0.9845
0.1,4.375,2.9166666666666665,1,0,Randomized,0.9845
0.1,4.375,3.5795454545454546,0,0,Randomized,0.9845
0.1,4.375,4.375,0,1,Randomized,0.9845
0.1,4.375,4.375,0,0,Randomized,0.9845
0.1,4.375,3.977272727272727,0,0,Randomized,0.9845
0.1,4.375,4.375,0,0,Randomized,0.9845
0.1,4.375,3.3653846153846154,0,0,Randomized,0.9845
0.1,4.375,3.9375,1,0,Randomized,0.9845
0.1,4.375,4.375,1,0,Randomized,0.9845
0.1,4.375,4.375,0,0,Randomized,0.9845
0.1,4.375,3.6458333333333335,1,0,Randomized,0.9845
0.1,4.375,4.375,1,1,Randomized,0.9845
0.1,4.375,4.375,1,1,Randomized,0.9845
0.1,4.375,3.5875,1,1,Randomized,0.9845
0.1,4.375,3.977272727272727,0,0,Randomized,0.9845
0.1,4.375,4.375,1,1,Randomized,0.9845
0.1,4.375,4.375,0,0,Randomized,0.9845
0.1,4.375,4.0048076923076925,1,1,Randomized,0.9845
0.1,4.375,4.375,0,0,Randomized,0.9845
0.1,4.375,3.977272727272727,0,0,Randomized,0.9845
0.1,4.375,3.3653846153846154,0,0,Randomized,0.9845
0.1,4.375,3.5795454545454546,1,0,Randomized,0.9845
0.1,4.375,4.375,1,0,Randomized,0.9845
0.1,4.375,4.375,1,0,Randomized,0.9845
0.1,4.375,4.375,1,1,Randomized,0.9845
0.1,4.375,3.828125,0,0,Randomized,0.9845
0.1,4.375,3.5795454545454546,0,0,Randomized,0.9845
0.1,4.375,4.375,1,1,Randomized,0.9845
0.1,4.375,3.6458333333333335,0,0,Randomized,0.9845
0.1,4.375,2.573529411764706,0,0,Randomized,0.9845
0.1,4.375,3.7916666666666665,0,1,Randomized,0.9845
0.1,4.375,2.4305555555555554,0,0,Randomized,0.9845
0.1,4.375,4.375,1,0,Randomized,0.9845
0.1,4.375,4.375,1,1,Randomized,0.9845
0.1,4.375,3.977272727272727,1,0,Randomized,0.9845
0.1,4.375,4.375,1,1,Randomized,0.9845
0.1,4.375,4.375,0,1,Randomized,0.9845
0.1,4.375,4.038461538461538,0,0,Randomized,0.9845
0.1,4.375,4.375,1,1,Randomized,0.9845
0.1,4.375,3.3143939393939394,0,0,Randomized,0.9845
0.1,4.375,3.125,0,0,Randomized,0.9845
0.1,4.375,3.977272727272727,1,0,Randomized,0.9845
0.1,4.375,3.8854895104895104,0,1,Randomized,0.9845
0.1,4.375,4.375,1,0,Randomized,0.9845
0.1,4.375,4.375,1,0,Randomized,0.9845
0.1,4.375,4.375,1,0,Randomized,0.9845
0.1,4.375,4.375,0,1,Randomized,0.9845
0.1,4.375,4.375,0,0,Randomized,0.9845
0.1,4.375,4.375,1,1,Randomized,0.9845
0.1,4.375,4.375,0,0,Randomized,0.9845
0.1,4.375,4.375,0,0,Randomized,0.9845
0.1,4.375,4.375,0,1,Randomized,0.9845
0.1,4.375,4.375,0,0,Randomized,0.9845
0.1,4.375,4.375,1,0,Randomized,0.9845
0.1,4.375,4.375,1,0,Randomized,0.9845
0.1,4.375,0.0,0,0,Randomized,0.9845
0.1,4.375,4.375,0,0,Randomized,0.9845
0.1,4.375,2.784090909090909,0,0,Randomized,0.9845
0.1,4.375,4.375,1,1,Randomized,0.9845
0.1,4.375,4.375,1,0,Randomized,0.9845
0.1,4.375,3.5,0,0,Randomized,0.9845
0.1,4.375,3.828125,1,0,Randomized,0.9845
0.1,4.375,3.977272727272727,1,0,Randomized,0.9845
0.1,4.375,4.375,0,1,Randomized,0.9845
0.1,4.375,4.375,1,0,Randomized,0.9845
0.1,4.375,4.375,0,0,Randomized,0.9845
0.1,4.375,3.3653846153846154,0,0,Randomized,0.9845
0.1,4.375,4.375,1,1,Randomized,0.9845
0.1,4.375,4.375,0,1,Randomized,0.9845
0.1,4.375,4.375,0,1,Randomized,0.9845
0.1,4.375,4.275568181818182,0,1,Randomized,0.9845
0.1,4.375,3.977272727272727,1,0,Randomized,0.9845
0.1,4.375,4.375,0,0,Randomized,0.9845
0.1,4.375,3.977272727272727,0,0,Randomized,0.9845
0.1,4.375,4.375,0,0,Randomized,0.9845
0.1,4.375,2.4609375,0,0,Randomized,0.9845
0.1,4.375,4.375,1,1,Randomized,0.9845
0.1,4.375,2.1875,0,0,Randomized,0.9845
0.1,4.375,4.375,1,0,Randomized,0.9845
0.1,4.375,4.375,0,1,Randomized,0.9845
0.1,4.375,4.375,0,1,Randomized,0.9845
0.1,4.375,4.375,1,0,Randomized,0.9845
0.1,4.375,0.0,0,0,Randomized,0.9845
0.1,4.375,4.375,1,1,Randomized,0.9845
0.1,4.375,4.375,0,0,Randomized,0.9845
0.1,4.375,4.375,0,0,Randomized,0.9845
0.1,4.375,4.010416666666667,0,0,Randomized,0.9845
0.1,4.375,4.375,0,0,Randomized,0.9845
0.1,4.375,4.375,1,0,Randomized,0.9845
0.1,4.375,4.375,1,1,Randomized,0.9845
0.1,4.375,4.375,1,0,Randomized,0.9845
0.1,4.375,4.375,0,1,Randomized,0.9845
0.1,4.375,4.375,1,0,Randomized,0.9845
0.1,4.375,3.977272727272727,1,0,Randomized,0.9845
0.1,4.375,4.375,0,1,Randomized,0.9845
0.1,4.375,4.375,1,0,Randomized,0.9845
0.1,4.375,3.977272727272727,1,0,Randomized,0.9845
0.1,4.375,4.375,1,0,Randomized,0.9845
0.1,4.375,4.010416666666667,0,0,Randomized,0.9845
0.1,4.375,4.375,1,1,Randomized,0.9845
0.1,4.375,3.977272727272727,1,0,Randomized,0.9845
0.1,4.375,3.6458333333333335,0,0,Randomized,0.9845
0.1,4.375,2.9166666666666665,0,0,Randomized,0.9845
0.1,4.375,3.977272727272727,1,0,Randomized,0.9845
0.1,4.375,3.9375,0,0,Randomized,0.9845
0.1,4.375,4.375,0,0,Randomized,0.9845
0.1,4.375,4.375,0,0,Randomized,0.9845
0.1,4.375,4.375,0,0,Randomized,0.9845
0.1,4.375,4.375,0,0,Randomized,0.9845
0.1,4.375,3.9375,0,0,Randomized,0.9845
0.1,4.375,4.375,0,0,Randomized,0.9845
0.1,4.375,4.375,1,1,Randomized,0.9845
0.1,4.375,4.375,1,0,Randomized,0.9845
0.1,4.375,3.977272727272727,1,0,Randomized,0.9845
0.1,4.375,4.375,0,0,Randomized,0.9845
0.1,4.375,3.4375,0,0,Randomized,0.9845
0.1,4.375,3.9375,0,0,Randomized,0.9845
0.1,4.375,3.977272727272727,1,0,Randomized,0.9845
0.1,4.375,2.9166666666666665,0,0,Randomized,0.9845
0.1,4.375,4.375,1,1,Randomized,0.9845
0.1,4.375,4.375,1,0,Randomized,0.9845
0.1,4.375,2.3026315789473686,0,0,Randomized,0.9845
0.1,4.375,4.375,0,0,Randomized,0.9845
0.1,4.375,4.375,0,0,Randomized,0.9845
0.1,4.375,4.375,1,0,Randomized,0.9845
0.1,4.375,4.375,1,1,Randomized,0.9845
0.1,4.375,4.375,0,0,Randomized,0.9845
0.1,4.375,4.375,1,0,Randomized,0.9845
0.1,4.375,4.375,1,1,Randomized,0.9845
0.1,4.375,4.375,1,0,Randomized,0.9845
0.1,4.375,4.375,1,1,Randomized,0.9845
0.1,4.375,2.8532608695652173,0,0,Randomized,0.9845
0.1,4.375,4.017045454545454,0,1,Randomized,0.9845
0.1,4.375,3.203125,0,0,Randomized,0.9845
0.1,4.375,4.375,1,0,Randomized,0.9845
0.1,4.375,4.375,0,1,Randomized,0.9845
0.1,4.375,4.375,0,1,Randomized,0.9845
0.1,4.375,4.375,0,0,Randomized,0.9845
0.1,4.375,4.375,0,0,Randomized,0.9845
0.1,4.375,3.977272727272727,0,0,Randomized,0.9845
0.1,4.375,4.375,1,0,Randomized,0.9845
0.1,4.375,3.977272727272727,0,0,Randomized,0.9845
0.1,4.375,3.9375,1,0,Randomized,0.9845
0.1,4.375,4.375,0,0,Randomized,0.9845
0.1,4.375,4.375,1,0,Randomized,0.9845
0.1,4.375,4.375,1,1,Randomized,0.9845
0.1,4.375,4.375,1,0,Randomized,0.9845
0.1,4.375,4.375,1,0,Randomized,0.9845
0.1,4.375,3.6458333333333335,0,0,Randomized,0.9845
0.1,4.375,4.375,1,0,Randomized,0.9845
0.1,4.375,4.375,0,0,Randomized,0.9845
0.1,4.375,4.375,1,1,Randomized,0.9845
0.1,4.375,3.977272727272727,0,0,Randomized,0.9845
0.1,4.375,4.375,0,0,Randomized,0.9845
0.1,4.375,4.375,1,0,Randomized,0.9845
0.1,4.375,4.017045454545454,0,1,Randomized,0.9845
0.1,4.375,4.049586776859504,0,1,Randomized,0.9845
0.1,4.375,3.2083333333333335,0,0,Randomized,0.9845
0.1,4.375,4.375,0,0,Randomized,0.9845
0.1,4.375,4.049586776859504,0,1,Randomized,0.9845
0.1,4.375,4.375,1,1,Randomized,0.9845
0.1,4.375,4.375,0,0,Randomized,0.9845
0.1,4.375,4.375,0,0,Randomized,0.9845
0.1,4.375,2.573529411764706,0,0,Randomized,0.9845
0.1,4.375,4.375,0,0,Randomized,0.9845
0.1,4.375,4.375,0,0,Randomized,0.9845
0.1,4.375,4.375,0,0,Randomized,0.9845
0.1,4.375,4.375,1,1,Randomized,0.9845
0.1,4.375,4.375,0,1,Randomized,0.9845
0.1,4.375,4.375,1,1,Randomized,0.9845
0.1,4.375,4.375,0,0,Randomized,0.9845
0.1,4.375,4.375,1,1,Randomized,0.9845
0.1,4.375,4.375,1,1,Randomized,0.9845
0.1,4.375,2.0416666666666665,0,0,Randomized,0.9845
0.1,4.375,3.977272727272727,0,0,Randomized,0.9845
0.1,4.375,4.375,1,0,Randomized,0.9845
0.1,4.375,4.375,1,1,Randomized,0.9845
0.1,4.375,4.375,1,0,Randomized,0.9845
0.1,4.375,3.828125,0,0,Randomized,0.9845
0.1,4.375,4.375,1,0,Randomized,0.9845
0.1,4.375,4.375,1,0,Randomized,0.9845
0.1,4.375,4.375,0,0,Randomized,0.9845
0.1,4.375,3.977272727272727,1,0,Randomized,0.9845
0.1,4.375,4.375,1,0,Randomized,0.9845
0.1,4.375,4.375,0,0,Randomized,0.9845
0.1,4.375,3.977272727272727,0,0,Randomized,0.9845
0.1,4.375,3.977272727272727,0,0,Randomized,0.9845
0.1,4.375,3.15,0,0,Randomized,0.9845
0.1,4.375,4.375,1,0,Randomized,0.9845
0.1,4.375,3.977272727272727,0,0,Randomized,0.9845
0.1,4.375,4.375,1,1,Randomized,0.9845
0.1,4.375,3.977272727272727,0,0,Randomized,0.9845
0.1,4.375,4.375,1,0,Randomized,0.9845
0.1,4.375,4.375,1,1,Randomized,0.9845
0.1,4.375,4.375,0,0,Randomized,0.9845
0.1,4.375,4.375,0,0,Randomized,0.9845
0.1,4.375,4.010416666666667,0,0,Randomized,0.9845
0.1,4.375,4.375,1,1,Randomized,0.9845
0.1,4.375,4.375,1,1,Randomized,0.9845
0.1,4.375,4.010416666666667,0,0,Randomized,0.9845
0.1,4.375,4.375,0,0,Randomized,0.9845
0.1,4.375,4.375,1,0,Randomized,0.9845
0.1,4.375,3.977272727272727,1,0,Randomized,0.9845
0.1,4.375,4.375,0,0,Randomized,0.9845
0.1,4.375,3.977272727272727,1,0,Randomized,0.9845
0.1,4.375,4.375,0,0,Randomized,0.9845
0.1,4.375,4.010416666666667,1,0,Randomized,0.9845
0.1,4.375,4.375,0,0,Randomized,0.9845
0.1,4.375,3.9375,0,0,Randomized,0.9845
0.1,4.375,4.375,0,0,Randomized,0.9845
0.1,4.375,2.1875,0,0,Randomized,0.9845
0.1,4.375,3.75,0,0,Randomized,0.9845
0.1,4.375,3.977272727272727,0,0,Randomized,0.9845
0.1,4.375,4.375,1,1,Randomized,0.9845
0.1,4.375,3.6863425925925926,1,0,Randomized,0.9845
0.1,4.375,4.375,1,1,Randomized,0.9845
0.1,4.375,4.375,1,0,Randomized,0.9845
0.1,4.375,4.375,1,0,Randomized,0.9845
0.1,4.375,4.375,0,0,Randomized,0.9845
0.1,4.375,4.375,1,0,Randomized,0.9845
0.1,4.375,4.375,1,1,Randomized,0.9845
0.1,4.375,3.977272727272727,0,0,Randomized,0.9845
0.1,4.375,4.375,1,1,Randomized,0.9845
0.1,4.375,4.375,0,0,Randomized,0.9845
0.1,4.375,4.375,0,0,Randomized,0.9845
0.1,4.375,4.375,1,0,Randomized,0.9845
0.1,4.375,4.375,1,0,Randomized,0.9845
0.1,4.375,4.375,0,0,Randomized,0.9845
0.1,4.375,4.375,0,1,Randomized,0.9845
0.1,4.375,3.6458333333333335,0,0,Randomized,0.9845
0.1,4.375,4.010416666666667,0,0,Randomized,0.9845
0.1,4.375,4.375,1,0,Randomized,0.9845
0.1,4.375,4.375,0,0,Randomized,0.9845
0.1,4.375,4.375,0,0,Randomized,0.9845
0.1,4.375,0.4375,0,0,Randomized,0.9845
0.1,4.375,4.375,1,1,Randomized,0.9845
0.1,4.375,4.375,1,1,Randomized,0.9845
0.1,4.375,4.375,0,1,Randomized,0.9845
0.1,4.375,4.375,1,0,Randomized,0.9845
0.1,4.375,4.375,0,0,Randomized,0.9845
0.1,4.375,4.375,1,0,Randomized,0.9845
0.1,4.375,4.375,0,0,Randomized,0.9845
0.1,4.375,4.010416666666667,0,0,Randomized,0.9845
0.1,4.375,3.3653846153846154,1,0,Randomized,0.9845
0.1,4.375,4.375,0,1,Randomized,0.9845
0.1,4.375,4.375,1,0,Randomized,0.9845
0.1,4.375,4.375,1,1,Randomized,0.9845
0.1,4.375,4.375,1,1,Randomized,0.9845
0.1,4.375,4.375,1,1,Randomized,0.9845
0.1,4.375,4.375,0,1,Randomized,0.9845
0.1,4.375,4.375,1,1,Randomized,0.9845
0.1,4.375,4.375,1,0,Randomized,0.9845
0.1,4.375,4.375,1,0,Randomized,0.9845
0.1,4.375,4.375,1,1,Randomized,0.9845
0.1,4.375,3.977272727272727,1,0,Randomized,0.9845
0.1,4.375,4.017045454545454,0,1,Randomized,0.9845
0.1,4.375,4.375,0,1,Randomized,0.9845
0.1,4.375,4.375,1,1,Randomized,0.9845
0.1,4.375,2.40625,0,0,Randomized,0.9845
0.1,4.375,4.375,0,0,Randomized,0.9845
0.1,4.375,3.4375,0,0,Randomized,0.9845
0.1,4.375,4.375,0,1,Randomized,0.9845
0.1,4.375,3.888888888888889,0,0,Randomized,0.9845
0.1,4.375,4.375,1,0,Randomized,0.9845
0.1,4.375,4.375,0,0,Randomized,0.9845
0.1,4.375,4.375,1,0,Randomized,0.9845
0.1,4.375,1.5625,0,0,Randomized,0.9845
0.1,4.375,4.375,1,1,Randomized,0.9845
0.1,4.375,4.010416666666667,0,0,Randomized,0.9845
0.1,4.375,3.701923076923077,0,0,Randomized,0.9845
0.1,4.375,4.375,1,0,Randomized,0.9845
0.1,4.375,4.375,1,1,Randomized,0.9845
0.1,4.375,4.375,1,0,Randomized,0.9845
0.1,4.375,3.9375,0,0,Randomized,0.9845
0.1,4.375,4.017045454545454,1,1,Randomized,0.9845
0.1,4.375,4.375,0,0,Randomized,0.9845
0.1,4.375,4.375,1,0,Randomized,0.9845
0.1,4.375,3.977272727272727,0,0,Randomized,0.9845
0.1,4.375,3.3035714285714284,0,0,Randomized,0.9845
0.1,4.375,4.375,1,0,Randomized,0.9845
0.1,4.375,3.977272727272727,1,0,Randomized,0.9845
0.1,4.375,4.010416666666667,0,0,Randomized,0.9845
0.1,4.375,4.375,1,1,Randomized,0.9845
0.1,4.375,3.977272727272727,0,0,Randomized,0.9845
0.1,4.375,4.375,1,0,Randomized,0.9845
0.1,4.375,4.010416666666667,0,0,Randomized,0.9845
0.1,4.375,4.010416666666667,0,0,Randomized,0.9845
0.1,4.375,3.888888888888889,1,0,Randomized,0.9845
0.1,4.375,3.977272727272727,1,0,Randomized,0.9845
0.1,4.375,4.375,1,0,Randomized,0.9845
0.1,4.375,4.375,0,0,Randomized,0.9845
0.1,4.375,4.375,0,0,Randomized,0.9845
0.1,4.375,4.375,0,0,Randomized,0.9845
0.1,4.375,4.017045454545454,0,1,Randomized,0.9845
0.1,4.375,4.375,0,0,Randomized,0.9845
0.1,4.375,3.701923076923077,0,0,Randomized,0.9845
0.1,4.375,4.375,0,0,Randomized,0.9845
0.1,4.375,4.375,1,1,Randomized,0.9845
0.1,4.375,2.573529411764706,0,0,Randomized,0.9845
0.1,4.375,3.0078125,0,0,Randomized,0.9845
0.1,4.375,4.375,0,0,Randomized,0.9845
0.1,4.375,4.375,1,0,Randomized,0.9845
0.1,4.375,4.375,1,0,Randomized,0.9845
0.1,4.375,3.75,1,0,Randomized,0.9845
0.1,4.375,4.375,1,1,Randomized,0.9845
0.1,4.375,4.375,0,0,Randomized,0.9845
0.1,4.375,4.375,0,0,Randomized,0.9845
0.1,4.375,4.375,0,0,Randomized,0.9845
0.1,4.375,4.375,1,1,Randomized,0.9845
0.1,4.375,4.375,1,0,Randomized,0.9845
0.1,4.375,4.375,1,1,Randomized,0.9845
0.1,4.375,4.375,1,0,Randomized,0.9845
0.1,4.375,3.576388888888889,0,0,Randomized,0.9845
0.1,4.375,4.375,1,0,Randomized,0.9845
0.1,4.375,4.0010683760683765,1,0,Randomized,0.9845
0.1,4.375,3.977272727272727,0,0,Randomized,0.9845
0.1,4.375,4.375,0,1,Randomized,0.9845
0.1,4.375,4.375,0,0,Randomized,0.9845
0.1,4.375,3.6458333333333335,1,0,Randomized,0.9845
0.1,4.375,3.6458333333333335,0,0,Randomized,0.9845
0.1,4.375,4.325284090909091,0,0,Randomized,0.9845
0.1,4.375,4.375,0,1,Randomized,0.9845
0.1,4.375,4.375,0,1,Randomized,0.9845
0.1,4.375,0.0,0,0,Randomized,0.9845
0.1,4.375,3.6458333333333335,0,0,Randomized,0.9845
0.1,4.375,4.375,1,0,Randomized,0.9845
0.1,4.375,4.010416666666667,1,0,Randomized,0.9845
0.1,4.375,4.375,1,0,Randomized,0.9845
0.1,4.375,4.375,1,0,Randomized,0.9845
0.1,4.375,4.375,1,0,Randomized,0.9845
0.1,4.375,4.375,1,1,Randomized,0.9845
0.1,4.375,4.375,1,0,Randomized,0.9845
0.1,4.375,3.9375,0,0,Randomized,0.9845
0.1,4.375,4.3203125,0,0,Randomized,0.9845
0.1,4.375,4.375,0,0,Randomized,0.9845
0.1,4.375,4.375,1,1,Randomized,0.9845
0.1,4.375,4.375,0,0,Randomized,0.9845
0.1,4.375,4.375,1,1,Randomized,0.9845
0.1,4.375,4.375,1,1,Randomized,0.9845
0.1,4.375,4.375,0,0,Randomized,0.9845
0.1,4.375,0.875,0,0,Randomized,0.9845
0.1,4.375,3.888888888888889,0,0,Randomized,0.9845
0.1,4.375,3.828125,1,0,Randomized,0.9845
0.1,4.375,3.6458333333333335,0,0,Randomized,0.9845
0.1,4.375,4.375,1,1,Randomized,0.9845
0.1,4.375,4.375,1,1,Randomized,0.9845
0.1,4.375,4.017045454545454,1,1,Randomized,0.9845
0.1,4.375,4.375,1,0,Randomized,0.9845
0.1,4.375,4.375,1,0,Randomized,0.9845
0.1,4.375,4.375,1,1,Randomized,0.9845
0.1,4.375,4.375,1,0,Randomized,0.9845
0.1,4.375,4.375,1,0,Randomized,0.9845
0.1,4.375,3.977272727272727,1,0,Randomized,0.9845
0.1,4.375,3.6458333333333335,0,0,Randomized,0.9845
0.1,4.375,4.010416666666667,0,1,Randomized,0.9845
0.1,4.375,4.375,1,0,Randomized,0.9845
0.1,4.375,3.9375,1,0,Randomized,0.9845
0.1,4.375,4.375,1,0,Randomized,0.9845
0.1,4.375,3.8125,0,0,Randomized,0.9845
0.1,4.375,3.977272727272727,0,0,Randomized,0.9845
0.1,4.375,4.010416666666667,0,0,Randomized,0.9845
0.1,4.375,4.375,0,0,Randomized,0.9845
0.1,4.375,4.375,1,0,Randomized,0.9845
0.1,4.375,4.375,1,1,Randomized,0.9845
0.1,4.375,4.038461538461538,1,0,Randomized,0.9845
0.1,4.375,3.977272727272727,1,0,Randomized,0.9845
0.1,4.375,4.375,1,1,Randomized,0.9845
0.1,4.375,4.375,0,0,Randomized,0.9845
0.1,4.375,4.375,1,1,Randomized,0.9845
0.1,4.375,3.977272727272727,0,0,Randomized,0.9845
0.1,4.375,4.375,0,0,Randomized,0.9845
0.1,4.375,4.375,1,0,Randomized,0.9845
0.1,4.375,0.0,0,0,Randomized,0.9845
0.1,4.375,4.375,1,0,Randomized,0.9845
0.1,4.375,4.375,0,0,Randomized,0.9845
0.1,4.375,3.6458333333333335,0,0,Randomized,0.9845
0.1,4.375,4.375,0,0,Randomized,0.9845
0.1,4.375,3.6458333333333335,0,0,Randomized,0.9845
0.1,4.375,4.375,1,0,Randomized,0.9845
0.1,4.375,4.375,1,0,Randomized,0.9845
0.1,4.375,4.375,0,0,Randomized,0.9845
0.1,4.375,3.6458333333333335,0,0,Randomized,0.9845
0.1,4.375,4.375,0,1,Randomized,0.9845
0.1,4.375,4.375,1,0,Randomized,0.9845
0.1,4.375,4.375,0,0,Randomized,0.9845
0.1,4.375,4.375,1,1,Randomized,0.9845
0.1,4.375,4.010416666666667,1,0,Randomized,0.9845
0.1,4.375,4.375,0,0,Randomized,0.9845
0.1,4.375,3.9921875,0,1,Randomized,0.9845
0.1,4.375,3.977272727272727,0,0,Randomized,0.9845
0.1,4.375,4.375,1,1,Randomized,0.9845
0.1,4.375,4.375,1,1,Randomized,0.9845
0.1,4.375,3.977272727272727,0,0,Randomized,0.9845
0.1,4.375,4.375,0,0,Randomized,0.9845
0.1,4.375,4.375,1,1,Randomized,0.9845
0.1,4.375,4.375,1,1,Randomized,0.9845
0.1,4.375,4.375,1,1,Randomized,0.9845
0.1,4.375,4.375,0,0,Randomized,0.9845
0.1,4.375,3.977272727272727,0,0,Randomized,0.9845
0.1,4.375,3.9375,0,0,Randomized,0.9845
0.1,4.375,4.375,1,1,Randomized,0.9845
0.1,4.375,4.375,1,1,Randomized,0.9845
0.1,4.375,3.977272727272727,0,0,Randomized,0.9845
0.1,4.375,3.5795454545454546,0,0,Randomized,0.9845
0.1,4.375,3.977272727272727,1,0,Randomized,0.9845
0.1,4.375,4.375,0,0,Randomized,0.9845
0.1,4.375,4.375,1,0,Randomized,0.9845
0.1,4.375,4.375,1,0,Randomized,0.9845
0.1,4.375,4.375,0,1,Randomized,0.9845
0.1,4.375,4.375,0,1,Randomized,0.9845
0.1,4.375,4.375,0,1,Randomized,0.9845
0.1,4.375,4.038461538461538,1,0,Randomized,0.9845
0.1,4.375,3.7393162393162394,0,0,Randomized,0.9845
0.1,4.375,3.6458333333333335,1,0,Randomized,0.9845
0.1,4.375,4.375,1,0,Randomized,0.9845
0.1,4.375,2.40625,0,0,Randomized,0.9845
0.1,4.375,4.375,1,0,Randomized,0.9845
0.1,4.375,4.375,0,1,Randomized,0.9845
0.1,4.375,3.5875,0,1,Randomized,0.9845
0.1,4.375,4.375,0,1,Randomized,0.9845
0.1,4.375,4.375,1,0,Randomized,0.9845
0.1,4.375,4.375,1,0,Randomized,0.9845
0.1,4.375,3.9375,0,0,Randomized,0.9845
0.1,4.375,4.375,1,1,Randomized,0.9845
0.1,4.375,4.375,0,0,Randomized,0.9845
0.1,4.375,3.6458333333333335,0,0,Randomized,0.9845
0.1,4.375,4.375,1,0,Randomized,0.9845
0.1,4.375,4.375,1,0,Randomized,0.9845
0.1,4.375,4.375,1,1,Randomized,0.9845
0.1,4.375,4.375,1,0,Randomized,0.9845
0.1,4.375,4.375,1,0,Randomized,0.9845
0.1,4.375,4.375,1,1,Randomized,0.9845
0.1,4.375,4.375,0,1,Randomized,0.9845
0.1,4.375,4.375,0,0,Randomized,0.9845
0.1,4.375,4.375,1,0,Randomized,0.9845
0.1,4.375,4.375,0,0,Randomized,0.9845
0.1,4.375,4.375,1,0,Randomized,0.9845
0.1,4.375,2.5520833333333335,0,0,Randomized,0.9845
0.1,4.375,4.375,1,1,Randomized,0.9845
0.1,4.375,4.375,1,1,Randomized,0.9845
0.1,4.375,3.6458333333333335,1,0,Randomized,0.9845
0.1,4.375,4.021464646464646,0,0,Randomized,0.9845
0.1,4.375,3.977272727272727,0,0,Randomized,0.9845
0.1,4.375,4.375,0,0,Randomized,0.9845
0.1,4.375,3.7916666666666665,0,0,Randomized,0.9845
0.1,4.375,4.375,1,0,Randomized,0.9845
0.1,4.375,3.6601307189542482,0,0,Randomized,0.9845
0.1,4.375,4.375,1,1,Randomized,0.9845
0.1,4.375,4.375,0,1,Randomized,0.9845
0.1,4.375,3.8194444444444446,0,0,Randomized,0.9845
0.1,4.375,4.375,0,1,Randomized,0.9845
0.1,4.375,4.375,0,0,Randomized,0.9845
0.1,4.375,4.375,0,0,Randomized,0.9845
0.1,4.375,3.977272727272727,0,0,Randomized,0.9845
0.1,4.375,4.375,1,0,Randomized,0.9845
0.1,4.375,4.375,1,0,Randomized,0.9845
0.1,4.375,3.7268518518518516,1,0,Randomized,0.9845
0.1,4.375,4.375,0,0,Randomized,0.9845
0.1,4.375,3.6458333333333335,1,0,Randomized,0.9845
0.1,4.375,3.977272727272727,0,0,Randomized,0.9845
0.1,4.375,4.375,1,1,Randomized,0.9845
0.1,4.375,3.977272727272727,0,0,Randomized,0.9845
0.1,4.375,4.375,1,0,Randomized,0.9845
0.1,4.375,3.888888888888889,0,0,Randomized,0.9845
0.1,4.375,4.375,1,1,Randomized,0.9845
0.1,4.375,4.375,1,1,Randomized,0.9845
0.1,4.375,2.4305555555555554,0,0,Randomized,0.9845
0.1,4.375,4.375,1,0,Randomized,0.9845
0.1,4.375,4.375,1,0,Randomized,0.9845
0.1,4.375,4.375,0,0,Randomized,0.9845
0.1,4.375,3.98125,1,1,Randomized,0.9845
0.1,4.375,4.375,0,1,Randomized,0.9845
0.1,4.375,4.375,0,1,Randomized,0.9845
0.1,4.375,3.977272727272727,0,0,Randomized,0.9845
0.1,4.375,4.375,0,1,Randomized,0.9845
0.1,4.375,4.375,1,0,Randomized,0.9845
0.1,4.375,3.977272727272727,0,0,Randomized,0.9845
0.1,4.375,3.977272727272727,1,0,Randomized,0.9845
0.1,4.375,3.3653846153846154,0,0,Randomized,0.9845
0.1,4.375,4.375,1,0,Randomized,0.9845
0.1,4.375,4.375,1,0,Randomized,0.9845
0.1,4.375,3.9375,0,0,Randomized,0.9845
0.1,4.375,4.375,1,0,Randomized,0.9845
0.1,4.375,4.375,0,0,Randomized,0.9845
0.1,4.375,4.375,1,1,Randomized,0.9845
0.1,4.375,4.375,0,0,Randomized,0.9845
0.1,4.375,4.375,1,1,Randomized,0.9845
0.1,4.375,0.0,0,0,Randomized,0.9845
0.1,4.375,4.375,1,1,Randomized,0.9845
0.1,4.375,2.3026315789473686,0,0,Randomized,0.9845
0.1,4.375,4.375,0,0,Randomized,0.9845
0.1,4.375,4.375,1,1,Randomized,0.9845
0.1,4.375,3.977272727272727,1,0,Randomized,0.9845
0.1,4.375,3.701923076923077,0,0,Randomized,0.9845
0.1,4.375,4.375,1,1,Randomized,0.9845
0.1,4.375,3.977272727272727,1,0,Randomized,0.9845
0.1,4.375,4.375,0,0,Randomized,0.9845
0.1,4.375,3.6458333333333335,0,0,Randomized,0.9845
0.1,4.375,4.375,0,0,Randomized,0.9845
0.1,4.375,4.375,0,0,Randomized,0.9845
0.1,4.375,4.375,1,1,Randomized,0.9845
0.1,4.375,4.375,0,0,Randomized,0.9845
0.1,4.375,4.375,1,0,Randomized,0.9845
0.1,4.375,4.375,1,1,Randomized,0.9845
0.1,4.375,3.7916666666666665,0,0,Randomized,0.9845
0.1,4.375,4.375,1,1,Randomized,0.9845
0.1,4.375,4.375,0,1,Randomized,0.9845
0.1,4.375,4.375,1,0,Randomized,0.9845
0.1,4.375,3.7268518518518516,0,0,Randomized,0.9845
0.1,4.375,4.375,0,0,Randomized,0.9845
0.1,4.375,3.667929292929293,0,0,Randomized,0.9845
0.1,4.375,3.977272727272727,1,0,Randomized,0.9845
0.1,4.375,4.375,0,1,Randomized,0.9845
0.1,4.375,4.375,1,1,Randomized,0.9845
0.1,4.375,3.977272727272727,1,0,Randomized,0.9845
0.1,4.375,4.375,0,0,Randomized,0.9845
0.1,4.375,4.017045454545454,0,1,Randomized,0.9845
0.1,4.375,4.375,1,0,Randomized,0.9845
0.1,4.375,4.283216783216783,0,1,Randomized,0.9845
0.1,4.375,4.375,1,0,Randomized,0.9845
0.1,4.375,4.375,1,0,Randomized,0.9845
0.1,4.375,3.5795454545454546,0,0,Randomized,0.9845
0.1,4.375,4.375,1,0,Randomized,0.9845
0.1,4.375,3.6458333333333335,0,0,Randomized,0.9845
0.1,4.375,3.9375,1,0,Randomized,0.9845
0.1,4.375,3.9375,0,0,Randomized,0.9845
0.1,4.375,4.038461538461538,0,0,Randomized,0.9845
0.1,4.375,4.375,1,1,Randomized,0.9845
0.1,4.375,4.375,1,0,Randomized,0.9845
0.1,4.375,3.6458333333333335,0,0,Randomized,0.9845
0.1,4.375,4.375,0,0,Randomized,0.9845
0.1,4.375,4.375,1,0,Randomized,0.9845
0.1,4.375,4.375,1,1,Randomized,0.9845
0.1,4.375,4.375,1,1,Randomized,0.9845
0.1,4.375,3.6458333333333335,0,0,Randomized,0.9845
0.1,4.375,4.375,0,1,Randomized,0.9845
0.1,4.375,4.375,1,0,Randomized,0.9845
0.1,4.375,3.125,0,0,Randomized,0.9845
0.1,4.375,4.375,0,0,Randomized,0.9845
0.1,4.375,4.375,1,0,Randomized,0.9845
0.1,4.375,3.6458333333333335,1,0,Randomized,0.9845
0.1,4.375,4.017045454545454,1,1,Randomized,0.9845
0.1,4.375,4.375,0,0,Randomized,0.9845
0.1,4.375,4.375,0,0,Randomized,0.9845
0.1,4.375,4.375,0,0,Randomized,0.9845
0.1,4.375,4.375,1,1,Randomized,0.9845
0.1,4.375,4.375,1,0,Randomized,0.9845
0.1,4.375,4.375,0,1,Randomized,0.9845
0.1,4.375,2.734375,0,0,Randomized,0.9845
0.1,4.375,3.6458333333333335,0,0,Randomized,0.9845
0.1,4.375,4.375,0,0,Randomized,0.9845
0.1,4.375,4.375,1,1,Randomized,0.9845
0.1,4.375,3.5795454545454546,0,0,Randomized,0.9845
0.1,4.375,2.673611111111111,0,0,Randomized,0.9845
0.1,4.375,4.375,1,1,Randomized,0.9845
0.1,4.375,4.375,0,0,Randomized,0.9845
0.1,4.375,1.875,0,0,Randomized,0.9845
0.1,4.375,4.375,1,1,Randomized,0.9845
0.1,4.375,4.375,0,0,Randomized,0.9845
0.1,4.375,3.977272727272727,1,0,Randomized,0.9845
0.1,4.375,4.375,1,1,Randomized,0.9845
0.1,4.375,4.375,0,1,Randomized,0.9845
0.1,4.375,4.375,1,0,Randomized,0.9845
0.1,4.375,4.375,1,1,Randomized,0.9845
0.1,4.375,3.977272727272727,1,0,Randomized,0.9845
0.1,4.375,3.6458333333333335,0,0,Randomized,0.9845
0.1,4.375,4.3352272727272725,0,1,Randomized,0.9845
0.1,4.375,4.375,1,1,Randomized,0.9845
0.1,4.375,4.375,1,0,Randomized,0.9845
0.1,4.375,4.375,1,0,Randomized,0.9845
0.1,4.375,4.375,1,1,Randomized,0.9845
0.1,4.375,3.977272727272727,1,0,Randomized,0.9845
0.1,4.375,4.375,0,0,Randomized,0.9845
0.1,4.375,4.375,0,0,Randomized,0.9845
0.1,4.375,4.375,1,1,Randomized,0.9845
0.1,4.375,3.4375,0,0,Randomized,0.9845
0.1,4.375,4.117647058823529,0,0,Randomized,0.9845
0.1,4.375,4.375,1,0,Randomized,0.9845
0.1,4.375,4.375,1,0,Randomized,0.9845
0.1,4.375,4.375,0,0,Randomized,0.9845
0.1,4.375,2.3026315789473686,0,0,Randomized,0.9845
0.1,4.375,4.375,1,0,Randomized,0.9845
0.1,4.375,3.888888888888889,1,0,Randomized,0.9845
0.1,4.375,3.977272727272727,0,0,Randomized,0.9845
0.1,4.375,3.9375,1,0,Randomized,0.9845
0.1,4.375,4.375,1,1,Randomized,0.9845
0.1,4.375,4.375,1,1,Randomized,0.9845
0.1,4.375,4.375,0,0,Randomized,0.9845
0.1,4.375,4.375,1,1,Randomized,0.9845
0.1,4.375,4.375,1,0,Randomized,0.9845
0.1,4.375,4.375,1,0,Randomized,0.9845
0.1,4.375,4.375,1,0,Randomized,0.9845
0.1,4.375,3.6458333333333335,0,0,Randomized,0.9845
0.1,4.375,3.977272727272727,0,0,Randomized,0.9845
0.1,4.375,3.4375,0,0,Randomized,0.9845
0.1,4.375,4.375,1,0,Randomized,0.9845
0.1,4.375,4.375,1,0,Randomized,0.9845
0.1,4.375,4.375,1,1,Randomized,0.9845
0.1,4.375,4.375,0,1,Randomized,0.9845
0.1,4.375,4.375,1,1,Randomized,0.9845
0.1,4.375,4.375,1,0,Randomized,0.9845
0.1,4.375,4.375,1,1,Randomized,0.9845
0.1,4.375,3.5795454545454546,0,0,Randomized,0.9845
0.1,4.375,3.701923076923077,0,0,Randomized,0.9845
0.1,4.375,3.977272727272727,1,0,Randomized,0.9845
0.1,4.375,4.375,0,0,Randomized,0.9845
0.1,4.375,4.375,0,1,Randomized,0.9845
0.1,4.375,4.375,0,0,Randomized,0.9845
0.1,4.375,4.375,1,0,Randomized,0.9845
0.1,4.375,4.375,1,0,Randomized,0.9845
0.1,4.375,4.375,0,1,Randomized,0.9845
0.1,4.375,3.2083333333333335,0,0,Randomized,0.9845
0.1,4.375,4.375,0,0,Randomized,0.9845
0.1,4.375,4.375,1,0,Randomized,0.9845
0.1,4.375,4.375,0,1,Randomized,0.9845
0.1,4.375,4.375,1,1,Randomized,0.9845
0.1,4.375,4.375,0,1,Randomized,0.9845
0.1,4.375,4.375,0,0,Randomized,0.9845
0.1,4.375,4.375,1,0,Randomized,0.9845
0.1,4.375,3.860294117647059,0,0,Randomized,0.9845
0.1,4.375,0.0,0,0,Randomized,0.9845
0.1,4.375,4.375,1,0,Randomized,0.9845
0.1,4.375,4.375,1,1,Randomized,0.9845
0.1,4.375,4.375,1,1,Randomized,0.9845
0.1,4.375,0.0,0,0,Randomized,0.9845
0.1,4.375,4.375,0,1,Randomized,0.9845
0.1,4.375,4.375,0,0,Randomized,0.9845
0.1,4.375,4.375,0,0,Randomized,0.9845
0.1,4.375,4.375,1,1,Randomized,0.9845
0.1,4.375,3.977272727272727,1,0,Randomized,0.9845
0.1,4.375,3.977272727272727,0,0,Randomized,0.9845
0.1,4.375,3.6458333333333335,0,0,Randomized,0.9845
0.1,4.375,2.40625,0,0,Randomized,0.9845
0.1,4.375,4.375,0,1,Randomized,0.9845
0.1,4.375,4.375,1,0,Randomized,0.9845
0.1,4.375,4.375,1,0,Randomized,0.9845
0.1,4.375,3.6458333333333335,1,0,Randomized,0.9845
0.1,4.375,4.375,0,0,Randomized,0.9845
0.1,4.375,4.375,1,0,Randomized,0.9845
0.1,4.375,4.375,0,0,Randomized,0.9845
0.1,4.375,3.977272727272727,1,0,Randomized,0.9845
0.1,4.375,3.6458333333333335,0,0,Randomized,0.9845
0.1,4.375,1.4583333333333333,0,0,Randomized,0.9845
0.1,4.375,4.375,0,0,Randomized,0.9845
0.1,4.375,4.375,1,0,Randomized,0.9845
0.1,4.375,4.375,1,0,Randomized,0.9845
0.1,4.375,3.28125,0,0,Randomized,0.9845
0.1,4.375,4.375,0,0,Randomized,0.9845
0.1,4.375,4.375,1,1,Randomized,0.9845
0.1,4.375,3.5,1,0,Randomized,0.9845
0.1,4.375,4.375,1,0,Randomized,0.9845
0.1,4.375,4.375,1,0,Randomized,0.9845
0.1,4.375,4.375,0,1,Randomized,0.9845
0.1,4.375,4.375,0,0,Randomized,0.9845
0.1,4.375,0.4375,0,0,Randomized,0.9845
0.1,4.375,4.375,1,1,Randomized,0.9845
0.1,4.375,4.375,0,0,Randomized,0.9845
0.1,4.375,3.977272727272727,1,0,Randomized,0.9845
0.1,4.375,4.375,1,0,Randomized,0.9845
0.1,4.375,4.375,1,1,Randomized,0.9845
0.1,4.375,4.375,0,0,Randomized,0.9845
0.1,4.375,4.375,1,0,Randomized,0.9845
0.1,4.375,4.375,0,1,Randomized,0.9845
0.1,4.375,4.375,1,1,Randomized,0.9845
0.1,4.375,3.977272727272727,1,0,Randomized,0.9845
0.1,4.375,4.375,0,0,Randomized,0.9845
0.1,4.375,4.375,0,0,Randomized,0.9845
0.1,4.375,2.625,0,0,Randomized,0.9845
0.1,4.375,4.375,0,0,Randomized,0.9845
0.1,4.375,3.977272727272727,1,0,Randomized,0.9845
0.1,4.375,3.9375,1,0,Randomized,0.9845
0.1,4.375,3.888888888888889,1,0,Randomized,0.9845
0.1,4.375,4.375,0,0,Randomized,0.9845
0.1,4.375,3.28125,0,0,Randomized,0.9845
0.1,4.375,4.375,0,1,Randomized,0.9845
0.1,4.375,4.375,1,0,Randomized,0.9845
0.1,4.375,4.0625,0,0,Randomized,0.9845
0.1,4.375,3.4375,0,0,Randomized,0.9845
0.1,4.375,4.375,1,1,Randomized,0.9845
0.1,4.375,3.3653846153846154,0,0,Randomized,0.9845
0.1,4.375,4.375,1,0,Randomized,0.9845
0.1,4.375,4.375,1,0,Randomized,0.9845
0.1,4.375,4.049586776859504,0,1,Randomized,0.9845
0.1,4.375,3.977272727272727,0,0,Randomized,0.9845
0.1,4.375,4.375,1,1,Randomized,0.9845
0.1,4.375,4.375,1,0,Randomized,0.9845
0.1,4.375,4.375,1,1,Randomized,0.9845
0.1,4.375,4.375,0,0,Randomized,0.9845
0.1,4.375,4.375,0,0,Randomized,0.9845
0.1,4.375,4.375,1,0,Randomized,0.9845
0.1,4.375,3.977272727272727,1,0,Randomized,0.9845
0.1,4.375,4.375,1,1,Randomized,0.9845
0.1,4.375,3.3653846153846154,0,0,Randomized,0.9845
0.1,4.375,4.375,1,0,Randomized,0.9845
0.1,4.375,3.828125,0,0,Randomized,0.9845
0.1,4.375,4.375,1,0,Randomized,0.9845
0.1,4.375,4.375,1,1,Randomized,0.9845
0.1,4.375,4.375,0,1,Randomized,0.9845
0.1,4.375,4.375,1,1,Randomized,0.9845
0.1,4.375,3.977272727272727,1,0,Randomized,0.9845
0.1,4.375,4.375,1,1,Randomized,0.9845
0.1,4.375,4.375,1,1,Randomized,0.9845
0.1,4.375,4.375,0,1,Randomized,0.9845
0.1,4.375,4.375,0,0,Randomized,0.9845
0.1,4.375,3.5795454545454546,0,0,Randomized,0.9845
0.1,4.375,4.375,0,1,Randomized,0.9845
0.1,4.375,4.375,1,0,Randomized,0.9845
0.1,4.375,4.375,1,1,Randomized,0.9845
0.1,4.375,4.375,1,1,Randomized,0.9845
0.1,4.375,4.375,0,0,Randomized,0.9845
0.1,4.375,4.375,1,1,Randomized,0.9845
0.1,4.375,4.375,1,0,Randomized,0.9845
0.1,4.375,3.9375,1,0,Randomized,0.9845
0.1,4.375,4.375,0,0,Randomized,0.9845
0.1,4.375,4.375,0,0,Randomized,0.9845
0.1,4.375,4.038461538461538,0,0,Randomized,0.9845
0.1,4.375,4.375,1,0,Randomized,0.9845
0.1,4.375,4.375,1,0,Randomized,0.9845
0.1,4.375,4.375,0,0,Randomized,0.9845
0.1,4.375,2.9166666666666665,0,0,Randomized,0.9845
0.1,4.375,4.038461538461538,1,0,Randomized,0.9845
0.1,4.375,4.375,0,0,Randomized,0.9845
0.1,4.375,4.375,1,1,Randomized,0.9845
0.1,4.375,3.977272727272727,0,0,Randomized,0.9845
0.1,4.375,4.010416666666667,1,0,Randomized,0.9845
0.1,4.375,4.375,1,0,Randomized,0.9845
0.1,4.375,3.7369791666666665,0,0,Randomized,0.9845
0.1,4.375,4.375,1,0,Randomized,0.9845
0.1,4.375,4.375,0,0,Randomized,0.9845
0.1,4.375,3.977272727272727,0,0,Randomized,0.9845
0.1,4.375,4.375,0,0,Randomized,0.9845
0.1,4.375,4.375,1,0,Randomized,0.9845
0.1,4.375,3.9375,0,0,Randomized,0.9845
0.1,4.375,4.375,1,0,Randomized,0.9845
0.1,4.375,4.375,0,1,Randomized,0.9845
0.1,4.375,4.375,0,0,Randomized,0.9845
0.1,4.375,3.828125,1,0,Randomized,0.9845
0.1,4.375,4.375,1,0,Randomized,0.9845
0.1,4.375,3.888888888888889,0,0,Randomized,0.9845
0.1,4.375,4.375,1,1,Randomized,0.9845
0.1,4.375,4.375,1,0,Randomized,0.9845
0.1,4.375,4.375,1,0,Randomized,0.9845
0.1,4.375,4.308712121212121,0,1,Randomized,0.9845
0.1,4.375,4.375,0,0,Randomized,0.9845
0.1,4.375,4.375,1,0,Randomized,0.9845
0.1,4.375,3.977272727272727,1,0,Randomized,0.9845
0.1,4.375,4.375,1,0,Randomized,0.9845
0.1,4.375,4.375,1,1,Randomized,0.9845
0.1,4.375,4.0625,1,0,Randomized,0.9845
0.1,4.375,3.977272727272727,0,0,Randomized,0.9845
0.1,4.375,3.977272727272727,0,0,Randomized,0.9845
0.1,4.375,2.0588235294117645,0,0,Randomized,0.9845
0.1,4.375,4.375,0,0,Randomized,0.9845
0.1,4.375,3.977272727272727,1,0,Randomized,0.9845
0.1,4.375,3.888888888888889,0,0,Randomized,0.9845
0.1,4.375,3.9375,0,0,Randomized,0.9845
0.1,4.375,3.977272727272727,0,0,Randomized,0.9845
0.1,4.375,4.038461538461538,0,0,Randomized,0.9845
0.1,4.375,4.375,0,0,Randomized,0.9845
0.1,4.375,4.375,0,1,Randomized,0.9845
0.1,4.375,3.9375,0,0,Randomized,0.9845
0.1,4.375,4.375,0,1,Randomized,0.9845
0.1,4.375,4.283216783216783,0,1,Randomized,0.9845
0.1,4.375,3.3653846153846154,0,0,Randomized,0.9845
0.1,4.375,3.977272727272727,1,0,Randomized,0.9845
0.1,4.375,4.375,1,0,Randomized,0.9845
0.1,4.375,4.375,1,0,Randomized,0.9845
0.1,4.375,4.375,1,1,Randomized,0.9845
0.1,4.375,4.010416666666667,0,0,Randomized,0.9845
0.1,4.375,4.375,1,0,Randomized,0.9845
0.1,4.375,4.0625,0,0,Randomized,0.9845
0.1,4.375,4.375,1,0,Randomized,0.9845
0.1,4.375,3.977272727272727,0,0,Randomized,0.9845
0.1,4.375,4.375,1,1,Randomized,0.9845
0.1,4.375,3.888888888888889,1,0,Randomized,0.9845
0.1,4.375,4.375,0,1,Randomized,0.9845
0.1,4.375,4.375,1,1,Randomized,0.9845
0.1,4.375,4.375,1,0,Randomized,0.9845
0.1,4.375,4.010416666666667,1,0,Randomized,0.9845
0.1,4.375,4.375,1,1,Randomized,0.9845
0.1,4.375,3.828125,0,0,Randomized,0.9845
0.1,4.375,0.0,0,0,Randomized,0.9845
0.1,4.375,4.375,1,0,Randomized,0.9845
0.1,4.375,3.977272727272727,0,0,Randomized,0.9845
0.1,4.375,4.375,1,1,Randomized,0.9845
0.1,4.375,4.375,0,0,Randomized,0.9845
0.1,4.375,3.888888888888889,1,0,Randomized,0.9845
0.1,4.375,4.375,1,0,Randomized,0.9845
0.1,4.375,4.375,1,0,Randomized,0.9845
0.1,4.375,4.375,0,0,Randomized,0.9845
0.1,4.375,4.375,1,0,Randomized,0.9845
0.1,4.375,0.0,0,0,Randomized,0.9845
0.1,4.375,4.375,1,0,Randomized,0.9845
0.1,4.375,4.017045454545454,1,1,Randomized,0.9845
0.1,4.375,4.375,1,1,Randomized,0.9845
0.1,4.375,3.9375,0,0,Randomized,0.9845
0.1,4.375,0.0,0,0,Randomized,0.9845
0.1,4.375,4.375,0,1,Randomized,0.9845
0.1,4.375,4.375,0,0,Randomized,0.9845
0.1,4.375,4.375,0,0,Randomized,0.9845
0.1,4.375,4.076704545454546,0,1,Randomized,0.9845
0.1,4.375,4.375,1,0,Randomized,0.9845
0.1,4.375,4.375,1,0,Randomized,0.9845
0.1,4.375,4.375,1,1,Randomized,0.9845
0.1,4.375,4.375,1,1,Randomized,0.9845
0.1,4.375,4.375,1,1,Randomized,0.9845
0.1,4.375,3.977272727272727,1,0,Randomized,0.9845
0.1,4.375,4.010416666666667,0,0,Randomized,0.9845
0.1,4.375,4.375,1,1,Randomized,0.9845
0.1,4.375,4.375,1,1,Randomized,0.9845
0.1,4.375,4.375,1,1,Randomized,0.9845
0.1,4.375,3.9375,0,0,Randomized,0.9845
0.1,4.375,3.977272727272727,1,0,Randomized,0.9845
0.1,4.375,3.6458333333333335,0,0,Randomized,0.9845
0.1,4.375,3.6458333333333335,0,0,Randomized,0.9845
0.1,4.375,4.375,0,0,Randomized,0.9845
0.1,4.375,4.375,1,0,Randomized,0.9845
0.1,4.375,4.375,0,0,Randomized,0.9845
0.1,4.375,4.375,1,1,Randomized,0.9845
0.1,4.375,4.375,1,1,Randomized,0.9845
0.1,4.375,4.375,1,0,Randomized,0.9845
0.1,4.375,3.9375,0,0,Randomized,0.9845
0.1,4.375,4.375,0,1,Randomized,0.9845
0.1,4.375,4.375,0,1,Randomized,0.9845
0.1,4.375,3.701923076923077,0,0,Randomized,0.9845
0.1,4.375,4.375,0,0,Randomized,0.9845
0.1,4.375,4.375,0,0,Randomized,0.9845
0.1,4.375,4.375,0,0,Randomized,0.9845
0.1,4.375,4.375,1,1,Randomized,0.9845
0.1,4.375,3.28125,0,0,Randomized,0.9845
0.1,4.375,4.076704545454546,1,1,Randomized,0.9845
0.1,4.375,4.375,1,0,Randomized,0.9845
0.1,4.375,4.375,1,0,Randomized,0.9845
0.1,4.375,3.28125,0,0,Randomized,0.9845
0.1,4.375,4.375,1,0,Randomized,0.9845
0.1,4.375,4.375,0,1,Randomized,0.9845
0.1,4.375,4.375,1,0,Randomized,0.9845
0.1,4.375,4.375,0,1,Randomized,0.9845
0.1,4.375,4.0048076923076925,1,1,Randomized,0.9845
0.1,4.375,3.977272727272727,1,0,Randomized,0.9845
0.1,4.375,4.308712121212121,1,1,Randomized,0.9845
0.1,4.375,4.375,1,1,Randomized,0.9845
0.1,4.375,3.5,1,0,Randomized,0.9845
0.1,4.375,4.375,0,0,Randomized,0.9845
0.1,4.375,4.375,1,1,Randomized,0.9845
0.1,4.375,4.375,1,0,Randomized,0.9845
0.1,4.375,4.375,1,0,Randomized,0.9845
0.1,4.375,4.375,0,0,Randomized,0.9845
0.1,4.375,4.375,0,0,Randomized,0.9845
0.1,4.375,3.9375,1,0,Randomized,0.9845
0.1,4.375,4.375,1,0,Randomized,0.9845
0.1,4.375,4.375,1,1,Randomized,0.9845
0.1,4.375,4.375,0,0,Randomized,0.9845
0.1,4.375,3.9375,1,0,Randomized,0.9845
0.1,4.375,2.3026315789473686,0,0,Randomized,0.9845
0.1,4.375,1.6826923076923077,0,0,Randomized,0.9845
0.1,4.375,4.375,1,1,Randomized,0.9845
0.1,4.375,4.375,0,0,Randomized,0.9845
0.1,4.375,4.375,1,1,Randomized,0.9845
0.1,4.375,4.375,0,1,Randomized,0.9845
0.1,4.375,4.375,0,0,Randomized,0.9845
0.1,4.375,4.375,0,0,Randomized,0.9845
0.1,4.375,4.375,0,0,Randomized,0.9845
0.1,4.375,4.375,0,0,Randomized,0.9845
0.1,4.375,4.375,1,1,Randomized,0.9845
0.1,4.375,4.375,0,0,Randomized,0.9845
0.1,4.375,4.375,1,1,Randomized,0.9845
0.1,4.375,4.375,1,0,Randomized,0.9845
0.1,4.375,4.375,1,0,Randomized,0.9845
0.1,4.375,4.375,0,1,Randomized,0.9845
0.1,4.375,4.375,1,0,Randomized,0.9845
0.1,4.375,3.977272727272727,0,0,Randomized,0.9845
0.1,4.375,4.375,1,0,Randomized,0.9845
0.1,4.375,3.977272727272727,0,0,Randomized,0.9845
0.1,4.375,4.375,1,1,Randomized,0.9845
0.1,4.375,4.375,0,0,Randomized,0.9845
0.1,4.375,3.9375,1,0,Randomized,0.9845
0.1,4.375,4.375,0,0,Randomized,0.9845
0.1,4.375,4.375,1,1,Randomized,0.9845
0.1,4.375,4.375,1,1,Randomized,0.9845
0.1,4.375,4.375,1,1,Randomized,0.9845
0.1,4.375,4.375,0,0,Randomized,0.9845
0.1,4.375,4.375,1,1,Randomized,0.9845
0.1,4.375,4.375,1,1,Randomized,0.9845
0.1,4.375,4.375,0,0,Randomized,0.9845
0.1,4.375,4.375,1,0,Randomized,0.9845
0.1,4.375,0.4375,0,0,Randomized,0.9845
0.1,4.375,4.375,1,1,Randomized,0.9845
0.1,4.375,4.375,1,1,Randomized,0.9845
0.1,4.375,3.977272727272727,1,0,Randomized,0.9845
0.1,4.375,4.375,1,1,Randomized,0.9845
0.1,4.375,4.375,1,1,Randomized,0.9845
0.1,4.375,0.0,0,0,Randomized,0.9845
0.1,4.375,4.375,1,1,Randomized,0.9845
0.1,4.375,4.375,0,1,Randomized,0.9845
0.1,4.375,4.375,1,1,Randomized,0.9845
0.1,4.375,4.010416666666667,0,0,Randomized,0.9845
0.1,4.375,4.375,0,1,Randomized,0.9845
0.1,4.375,0.0,0,0,Randomized,0.9845
0.1,4.375,4.083333333333333,0,0,Randomized,0.9845
0.1,4.375,4.375,0,1,Randomized,0.9845
0.1,4.375,4.375,1,0,Randomized,0.9845
0.1,4.375,3.6458333333333335,0,0,Randomized,0.9845
0.1,4.375,3.3653846153846154,0,0,Randomized,0.9845
0.1,4.375,4.010416666666667,0,0,Randomized,0.9845
0.1,4.375,3.3653846153846154,0,0,Randomized,0.9845
0.1,4.375,4.375,0,0,Randomized,0.9845
0.1,4.375,4.375,1,0,Randomized,0.9845
0.1,4.375,4.375,0,0,Randomized,0.9845
0.1,4.375,4.375,0,1,Randomized,0.9845
0.1,4.375,4.375,1,1,Randomized,0.9845
0.1,4.375,4.0625,0,0,Randomized,0.9845
0.1,4.375,3.977272727272727,0,0,Randomized,0.9845
0.1,4.375,2.9166666666666665,0,0,Randomized,0.9845
0.1,4.375,4.375,1,0,Randomized,0.9845
0.1,4.375,4.375,1,1,Randomized,0.9845
0.1,4.375,4.375,1,0,Randomized,0.9845
0.1,4.375,4.375,1,0,Randomized,0.9845
0.1,4.375,4.375,1,1,Randomized,0.9845
0.1,4.375,4.375,1,0,Randomized,0.9845
0.1,4.375,4.375,0,1,Randomized,0.9845
0.1,4.375,3.977272727272727,0,0,Randomized,0.9845
0.1,4.375,4.375,0,0,Randomized,0.9845
0.1,4.375,3.977272727272727,1,0,Randomized,0.9845
0.1,4.375,4.375,1,0,Randomized,0.9845
0.1,4.375,4.017045454545454,0,1,Randomized,0.9845
0.1,4.375,4.375,0,0,Randomized,0.9845
0.1,4.375,4.375,0,1,Randomized,0.9845
0.1,4.375,4.375,0,1,Randomized,0.9845
0.1,4.375,4.375,1,0,Randomized,0.9845
0.1,4.375,3.977272727272727,1,0,Randomized,0.9845
0.1,4.375,4.375,0,1,Randomized,0.9845
0.1,4.375,2.4609375,0,0,Randomized,0.9845
0.1,4.375,4.375,1,1,Randomized,0.9845
0.1,4.375,4.375,1,0,Randomized,0.9845
0.1,4.375,3.977272727272727,1,0,Randomized,0.9845
0.1,4.375,4.375,1,0,Randomized,0.9845
0.1,4.375,4.375,1,0,Randomized,0.9845
0.1,4.375,3.6458333333333335,0,0,Randomized,0.9845
0.1,4.375,4.375,1,0,Randomized,0.9845
0.1,4.375,4.375,1,1,Randomized,0.9845
0.1,4.375,3.9375,0,0,Randomized,0.9845
0.1,4.375,4.375,1,0,Randomized,0.9845
0.1,4.375,4.375,1,0,Randomized,0.9845
0.1,4.375,3.888888888888889,0,0,Randomized,0.9845
0.1,4.375,4.375,1,0,Randomized,0.9845
0.1,4.375,4.375,1,1,Randomized,0.9845
0.1,4.375,4.375,1,1,Randomized,0.9845
0.1,4.375,4.375,0,0,Randomized,0.9845
0.1,4.375,4.375,1,1,Randomized,0.9845
0.1,5.5,3.8823529411764706,0,0,Randomized,0.993
0.1,5.5,5.5,1,1,Randomized,0.993
0.1,5.5,5.5,1,1,Randomized,0.993
0.1,5.5,5.5,1,1,Randomized,0.993
0.1,5.5,5.5,1,0,Randomized,0.993
0.1,5.5,5.5,0,1,Randomized,0.993
0.1,5.5,5.5,1,1,Randomized,0.993
0.1,5.5,5.5,0,1,Randomized,0.993
0.1,5.5,5.5,1,1,Randomized,0.993
0.1,5.5,5.5,1,1,Randomized,0.993
0.1,5.5,5.0,1,0,Randomized,0.993
0.1,5.5,5.5,1,1,Randomized,0.993
0.1,5.5,5.5,0,0,Randomized,0.993
0.1,5.5,5.5,1,1,Randomized,0.993
0.1,5.5,5.0,0,0,Randomized,0.993
0.1,5.5,4.8125,1,0,Randomized,0.993
0.1,5.5,5.5,1,1,Randomized,0.993
0.1,5.5,5.5,1,1,Randomized,0.993
0.1,5.5,5.5,1,1,Randomized,0.993
0.1,5.5,5.0,0,0,Randomized,0.993
0.1,5.5,5.5,1,1,Randomized,0.993
0.1,5.5,5.0,0,0,Randomized,0.993
0.1,5.5,5.5,1,1,Randomized,0.993
0.1,5.5,5.5,1,1,Randomized,0.993
0.1,5.5,5.0,0,0,Randomized,0.993
0.1,5.5,5.5,1,0,Randomized,0.993
0.1,5.5,5.5,1,0,Randomized,0.993
0.1,5.5,5.5,1,0,Randomized,0.993
0.1,5.5,5.5,0,0,Randomized,0.993
0.1,5.5,5.5,1,1,Randomized,0.993
0.1,5.5,5.0,1,0,Randomized,0.993
0.1,5.5,0.0,0,0,Randomized,0.993
0.1,5.5,5.5,1,0,Randomized,0.993
0.1,5.5,5.5,1,1,Randomized,0.993
0.1,5.5,5.5,1,1,Randomized,0.993
0.1,5.5,5.5,0,1,Randomized,0.993
0.1,5.5,5.5,1,0,Randomized,0.993
0.1,5.5,5.5,1,1,Randomized,0.993
0.1,5.5,5.5,0,1,Randomized,0.993
0.1,5.5,5.5,1,1,Randomized,0.993
0.1,5.5,5.5,1,1,Randomized,0.993
0.1,5.5,5.5,1,1,Randomized,0.993
0.1,5.5,5.5,1,1,Randomized,0.993
0.1,5.5,4.95,1,0,Randomized,0.993
0.1,5.5,5.5,1,1,Randomized,0.993
0.1,5.5,2.7777777777777777,0,0,Randomized,0.993
0.1,5.5,5.5,1,0,Randomized,0.993
0.1,5.5,5.5,0,0,Randomized,0.993
0.1,5.5,5.5,1,1,Randomized,0.993
0.1,5.5,5.5,0,0,Randomized,0.993
0.1,5.5,5.5,1,1,Randomized,0.993
0.1,5.5,5.5,1,0,Randomized,0.993
0.1,5.5,5.5,1,1,Randomized,0.993
0.1,5.5,5.5,1,0,Randomized,0.993
0.1,5.5,4.51,1,1,Randomized,0.993
0.1,5.5,5.5,1,1,Randomized,0.993
0.1,5.5,5.5,1,1,Randomized,0.993
0.1,5.5,5.5,1,1,Randomized,0.993
0.1,5.5,5.5,1,0,Randomized,0.993
0.1,5.5,5.0,1,0,Randomized,0.993
0.1,5.5,5.5,1,1,Randomized,0.993
0.1,5.5,5.5,1,1,Randomized,0.993
0.1,5.5,5.5,1,1,Randomized,0.993
0.1,5.5,5.5,1,1,Randomized,0.993
0.1,5.5,5.5,1,1,Randomized,0.993
0.1,5.5,5.5,1,1,Randomized,0.993
0.1,5.5,5.5,1,1,Randomized,0.993
0.1,5.5,5.5,1,0,Randomized,0.993
0.1,5.5,5.5,1,1,Randomized,0.993
0.1,5.5,5.5,1,1,Randomized,0.993
0.1,5.5,5.5,1,1,Randomized,0.993
0.1,5.5,5.5,1,0,Randomized,0.993
0.1,5.5,5.5,1,1,Randomized,0.993
0.1,5.5,5.5,1,1,Randomized,0.993
0.1,5.5,5.5,1,1,Randomized,0.993
0.1,5.5,5.5,1,1,Randomized,0.993
0.1,5.5,5.5,0,1,Randomized,0.993
0.1,5.5,5.5,1,0,Randomized,0.993
0.1,5.5,5.5,1,0,Randomized,0.993
0.1,5.5,5.5,1,0,Randomized,0.993
0.1,5.5,5.5,1,0,Randomized,0.993
0.1,5.5,5.5,1,1,Randomized,0.993
0.1,5.5,5.5,1,1,Randomized,0.993
0.1,5.5,5.5,1,1,Randomized,0.993
0.1,5.5,5.5,1,1,Randomized,0.993
0.1,5.5,5.5,0,0,Randomized,0.993
0.1,5.5,5.5,1,1,Randomized,0.993
0.1,5.5,5.5,1,1,Randomized,0.993
0.1,5.5,5.5,1,0,Randomized,0.993
0.1,5.5,5.5,1,1,Randomized,0.993
0.1,5.5,5.0,1,0,Randomized,0.993
0.1,5.5,5.5,1,1,Randomized,0.993
0.1,5.5,5.5,1,1,Randomized,0.993
0.1,5.5,5.5,1,0,Randomized,0.993
0.1,5.5,5.5,1,0,Randomized,0.993
0.1,5.5,5.5,1,1,Randomized,0.993
0.1,5.5,5.5,1,1,Randomized,0.993
0.1,5.5,5.5,1,0,Randomized,0.993
0.1,5.5,5.5,1,1,Randomized,0.993
0.1,5.5,5.5,1,1,Randomized,0.993
0.1,5.5,5.5,1,1,Randomized,0.993
0.1,5.5,5.5,1,1,Randomized,0.993
0.1,5.5,5.5,1,1,Randomized,0.993
0.1,5.5,5.5,0,0,Randomized,0.993
0.1,5.5,5.5,1,0,Randomized,0.993
0.1,5.5,5.5,1,1,Randomized,0.993
0.1,5.5,5.5,1,1,Randomized,0.993
0.1,5.5,5.5,1,1,Randomized,0.993
0.1,5.5,5.5,1,0,Randomized,0.993
0.1,5.5,5.5,0,1,Randomized,0.993
0.1,5.5,5.5,0,0,Randomized,0.993
0.1,5.5,5.5,1,1,Randomized,0.993
0.1,5.5,5.0,0,0,Randomized,0.993
0.1,5.5,5.5,1,1,Randomized,0.993
0.1,5.5,5.5,1,1,Randomized,0.993
0.1,5.5,5.5,1,1,Randomized,0.993
0.1,5.5,5.5,1,0,Randomized,0.993
0.1,5.5,3.8076923076923075,0,0,Randomized,0.993
0.1,5.5,5.5,1,1,Randomized,0.993
0.1,5.5,5.5,1,1,Randomized,0.993
0.1,5.5,5.5,1,1,Randomized,0.993
0.1,5.5,5.5,1,1,Randomized,0.993
0.1,5.5,5.5,1,1,Randomized,0.993
0.1,5.5,5.5,1,1,Randomized,0.993
0.1,5.5,5.5,1,1,Randomized,0.993
0.1,5.5,5.5,1,1,Randomized,0.993
0.1,5.5,5.5,1,1,Randomized,0.993
0.1,5.5,5.5,1,1,Randomized,0.993
0.1,5.5,5.5,1,0,Randomized,0.993
0.1,5.5,5.0,1,0,Randomized,0.993
0.1,5.5,5.5,1,1,Randomized,0.993
0.1,5.5,5.5,1,0,Randomized,0.993
0.1,5.5,5.5,1,0,Randomized,0.993
0.1,5.5,5.5,1,0,Randomized,0.993
0.1,5.5,4.583333333333333,0,0,Randomized,0.993
0.1,5.5,5.5,0,1,Randomized,0.993
0.1,5.5,5.5,1,1,Randomized,0.993
0.1,5.5,5.05,0,1,Randomized,0.993
0.1,5.5,5.5,1,1,Randomized,0.993
0.1,5.5,5.5,1,0,Randomized,0.993
0.1,5.5,5.5,0,1,Randomized,0.993
0.1,5.5,5.5,1,0,Randomized,0.993
0.1,5.5,5.5,1,1,Randomized,0.993
0.1,5.5,5.5,1,0,Randomized,0.993
0.1,5.5,5.5,1,1,Randomized,0.993
0.1,5.5,5.5,1,1,Randomized,0.993
0.1,5.5,5.5,1,1,Randomized,0.993
0.1,5.5,5.5,1,1,Randomized,0.993
0.1,5.5,5.5,1,0,Randomized,0.993
0.1,5.5,5.5,1,0,Randomized,0.993
0.1,5.5,5.5,1,0,Randomized,0.993
0.1,5.5,5.5,1,0,Randomized,0.993
0.1,5.5,5.5,1,0,Randomized,0.993
0.1,5.5,5.5,1,0,Randomized,0.993
0.1,5.5,5.5,1,1,Randomized,0.993
0.1,5.5,5.5,1,1,Randomized,0.993
0.1,5.5,5.5,1,1,Randomized,0.993
0.1,5.5,5.5,0,0,Randomized,0.993
0.1,5.5,5.5,1,0,Randomized,0.993
0.1,5.5,4.95,0,0,Randomized,0.993
0.1,5.5,5.5,1,1,Randomized,0.993
0.1,5.5,5.5,1,1,Randomized,0.993
0.1,5.5,5.0,0,0,Randomized,0.993
0.1,5.5,3.8076923076923075,0,0,Randomized,0.993
0.1,5.5,5.5,1,0,Randomized,0.993
0.1,5.5,5.5,1,1,Randomized,0.993
0.1,5.5,0.0,0,0,Randomized,0.993
0.1,5.5,5.0,1,0,Randomized,0.993
0.1,5.5,5.5,1,1,Randomized,0.993
0.1,5.5,5.5,1,1,Randomized,0.993
0.1,5.5,5.5,1,0,Randomized,0.993
0.1,5.5,5.5,1,1,Randomized,0.993
0.1,5.5,5.5,1,0,Randomized,0.993
0.1,5.5,5.5,0,0,Randomized,0.993
0.1,5.5,5.5,1,1,Randomized,0.993
0.1,5.5,5.5,1,0,Randomized,0.993
0.1,5.5,5.5,1,0,Randomized,0.993
0.1,5.5,5.5,1,1,Randomized,0.993
0.1,5.5,5.5,1,1,Randomized,0.993
0.1,5.5,5.5,1,1,Randomized,0.993
0.1,5.5,5.5,1,1,Randomized,0.993
0.1,5.5,5.5,1,1,Randomized,0.993
0.1,5.5,5.5,1,1,Randomized,0.993
0.1,5.5,5.5,0,0,Randomized,0.993
0.1,5.5,5.5,1,1,Randomized,0.993
0.1,5.5,5.5,1,1,Randomized,0.993
0.1,5.5,5.5,1,1,Randomized,0.993
0.1,5.5,5.5,0,1,Randomized,0.993
0.1,5.5,5.5,1,1,Randomized,0.993
0.1,5.5,5.5,1,1,Randomized,0.993
0.1,5.5,5.5,1,1,Randomized,0.993
0.1,5.5,5.5,1,1,Randomized,0.993
0.1,5.5,5.5,1,1,Randomized,0.993
0.1,5.5,5.5,1,1,Randomized,0.993
0.1,5.5,5.5,1,1,Randomized,0.993
0.1,5.5,5.5,1,0,Randomized,0.993
0.1,5.5,5.0,1,0,Randomized,0.993
0.1,5.5,5.5,1,1,Randomized,0.993
0.1,5.5,5.5,1,0,Randomized,0.993
0.1,5.5,5.5,1,0,Randomized,0.993
0.1,5.5,5.5,1,1,Randomized,0.993
0.1,5.5,5.5,1,1,Randomized,0.993
0.1,5.5,3.6666666666666665,0,0,Randomized,0.993
0.1,5.5,5.5,1,1,Randomized,0.993
0.1,5.5,5.5,1,1,Randomized,0.993
0.1,5.5,5.5,1,1,Randomized,0.993
0.1,5.5,5.5,1,0,Randomized,0.993
0.1,5.5,5.5,1,1,Randomized,0.993
0.1,5.5,5.5,1,0,Randomized,0.993
0.1,5.5,5.5,1,1,Randomized,0.993
0.1,5.5,5.5,1,1,Randomized,0.993
0.1,5.5,5.5,0,0,Randomized,0.993
0.1,5.5,5.5,1,1,Randomized,0.993
0.1,5.5,5.5,1,1,Randomized,0.993
0.1,5.5,5.5,1,0,Randomized,0.993
0.1,5.5,5.5,1,1,Randomized,0.993
0.1,5.5,5.5,1,1,Randomized,0.993
0.1,5.5,5.5,1,0,Randomized,0.993
0.1,5.5,5.5,1,0,Randomized,0.993
0.1,5.5,5.5,1,0,Randomized,0.993
0.1,5.5,5.5,1,1,Randomized,0.993
0.1,5.5,5.5,0,0,Randomized,0.993
0.1,5.5,5.5,0,0,Randomized,0.993
0.1,5.5,4.583333333333333,0,0,Randomized,0.993
0.1,5.5,5.5,1,0,Randomized,0.993
0.1,5.5,5.5,1,0,Randomized,0.993
0.1,5.5,5.5,0,0,Randomized,0.993
0.1,5.5,4.583333333333333,1,0,Randomized,0.993
0.1,5.5,4.95,0,0,Randomized,0.993
0.1,5.5,5.5,1,1,Randomized,0.993
0.1,5.5,5.5,1,1,Randomized,0.993
0.1,5.5,5.041666666666667,0,0,Randomized,0.993
0.1,5.5,5.5,1,1,Randomized,0.993
0.1,5.5,5.5,1,1,Randomized,0.993
0.1,5.5,5.5,1,1,Randomized,0.993
0.1,5.5,5.5,1,1,Randomized,0.993
0.1,5.5,5.5,1,1,Randomized,0.993
0.1,5.5,5.5,1,1,Randomized,0.993
0.1,5.5,5.0,1,0,Randomized,0.993
0.1,5.5,5.5,0,1,Randomized,0.993
0.1,5.5,5.5,1,1,Randomized,0.993
0.1,5.5,5.5,1,0,Randomized,0.993
0.1,5.5,5.5,1,1,Randomized,0.993
0.1,5.5,5.5,1,1,Randomized,0.993
0.1,5.5,5.5,1,1,Randomized,0.993
0.1,5.5,5.5,1,1,Randomized,0.993
0.1,5.5,5.5,1,1,Randomized,0.993
0.1,5.5,5.5,1,1,Randomized,0.993
0.1,5.5,3.8076923076923075,0,0,Randomized,0.993
0.1,5.5,5.5,1,0,Randomized,0.993
0.1,5.5,5.5,1,1,Randomized,0.993
0.1,5.5,5.5,1,1,Randomized,0.993
0.1,5.5,5.5,1,1,Randomized,0.993
0.1,5.5,5.5,0,1,Randomized,0.993
0.1,5.5,5.0,1,0,Randomized,0.993
0.1,5.5,5.5,1,0,Randomized,0.993
0.1,5.5,5.5,1,1,Randomized,0.993
0.1,5.5,5.5,1,1,Randomized,0.993
0.1,5.5,5.5,1,1,Randomized,0.993
0.1,5.5,5.5,0,0,Randomized,0.993
0.1,5.5,5.5,1,0,Randomized,0.993
0.1,5.5,5.5,1,1,Randomized,0.993
0.1,5.5,5.5,1,1,Randomized,0.993
0.1,5.5,5.5,1,1,Randomized,0.993
0.1,5.5,5.5,1,1,Randomized,0.993
0.1,5.5,5.5,1,1,Randomized,0.993
0.1,5.5,5.5,1,1,Randomized,0.993
0.1,5.5,5.5,1,0,Randomized,0.993
0.1,5.5,5.5,1,1,Randomized,0.993
0.1,5.5,5.5,0,1,Randomized,0.993
0.1,5.5,5.5,1,0,Randomized,0.993
0.1,5.5,5.5,1,1,Randomized,0.993
0.1,5.5,5.5,1,1,Randomized,0.993
0.1,5.5,5.0,1,0,Randomized,0.993
0.1,5.5,5.0,0,0,Randomized,0.993
0.1,5.5,5.5,1,1,Randomized,0.993
0.1,5.5,5.5,1,1,Randomized,0.993
0.1,5.5,5.5,1,1,Randomized,0.993
0.1,5.5,5.5,1,0,Randomized,0.993
0.1,5.5,5.5,0,1,Randomized,0.993
0.1,5.5,5.5,1,0,Randomized,0.993
0.1,5.5,5.5,1,1,Randomized,0.993
0.1,5.5,5.5,0,1,Randomized,0.993
0.1,5.5,5.5,1,0,Randomized,0.993
0.1,5.5,5.5,1,1,Randomized,0.993
0.1,5.5,5.5,1,0,Randomized,0.993
0.1,5.5,5.5,1,1,Randomized,0.993
0.1,5.5,5.5,1,1,Randomized,0.993
0.1,5.5,5.5,1,1,Randomized,0.993
0.1,5.5,5.5,1,1,Randomized,0.993
0.1,5.5,5.5,0,0,Randomized,0.993
0.1,5.5,5.5,1,0,Randomized,0.993
0.1,5.5,0.0,0,0,Randomized,0.993
0.1,5.5,5.5,1,0,Randomized,0.993
0.1,5.5,5.5,1,1,Randomized,0.993
0.1,5.5,5.5,1,1,Randomized,0.993
0.1,5.5,4.230769230769231,0,0,Randomized,0.993
0.1,5.5,5.5,1,1,Randomized,0.993
0.1,5.5,5.0,1,0,Randomized,0.993
0.1,5.5,5.5,1,1,Randomized,0.993
0.1,5.5,5.5,0,1,Randomized,0.993
0.1,5.5,5.5,1,0,Randomized,0.993
0.1,5.5,4.653846153846154,0,0,Randomized,0.993
0.1,5.5,5.5,1,0,Randomized,0.993
0.1,5.5,5.5,1,0,Randomized,0.993
0.1,5.5,5.5,0,1,Randomized,0.993
0.1,5.5,5.5,0,1,Randomized,0.993
0.1,5.5,5.5,1,1,Randomized,0.993
0.1,5.5,5.5,1,0,Randomized,0.993
0.1,5.5,5.5,1,1,Randomized,0.993
0.1,5.5,5.5,1,1,Randomized,0.993
0.1,5.5,5.5,1,0,Randomized,0.993
0.1,5.5,5.5,1,0,Randomized,0.993
0.1,5.5,5.5,1,1,Randomized,0.993
0.1,5.5,5.5,1,0,Randomized,0.993
0.1,5.5,5.5,1,0,Randomized,0.993
0.1,5.5,5.5,1,1,Randomized,0.993
0.1,5.5,5.5,1,1,Randomized,0.993
0.1,5.5,5.5,1,1,Randomized,0.993
0.1,5.5,5.5,0,0,Randomized,0.993
0.1,5.5,5.5,1,0,Randomized,0.993
0.1,5.5,5.5,1,1,Randomized,0.993
0.1,5.5,5.5,1,1,Randomized,0.993
0.1,5.5,5.5,1,1,Randomized,0.993
0.1,5.5,5.5,0,1,Randomized,0.993
0.1,5.5,4.95,1,0,Randomized,0.993
0.1,5.5,5.0,0,0,Randomized,0.993
0.1,5.5,5.5,1,1,Randomized,0.993
0.1,5.5,5.5,0,0,Randomized,0.993
0.1,5.5,5.5,1,0,Randomized,0.993
0.1,5.5,5.5,0,0,Randomized,0.993
0.1,5.5,5.5,1,0,Randomized,0.993
0.1,5.5,5.5,1,1,Randomized,0.993
0.1,5.5,5.5,1,0,Randomized,0.993
0.1,5.5,5.5,0,1,Randomized,0.993
0.1,5.5,5.5,1,0,Randomized,0.993
0.1,5.5,5.5,1,1,Randomized,0.993
0.1,5.5,5.5,1,1,Randomized,0.993
0.1,5.5,5.5,0,0,Randomized,0.993
0.1,5.5,5.5,1,1,Randomized,0.993
0.1,5.5,5.5,1,1,Randomized,0.993
0.1,5.5,4.95,0,0,Randomized,0.993
0.1,5.5,5.5,1,1,Randomized,0.993
0.1,5.5,5.5,1,1,Randomized,0.993
0.1,5.5,5.5,1,0,Randomized,0.993
0.1,5.5,5.5,1,0,Randomized,0.993
0.1,5.5,5.5,1,0,Randomized,0.993
0.1,5.5,5.454545454545454,1,1,Randomized,0.993
0.1,5.5,5.5,1,0,Randomized,0.993
0.1,5.5,5.5,1,1,Randomized,0.993
0.1,5.5,5.5,1,0,Randomized,0.993
0.1,5.5,5.5,1,1,Randomized,0.993
0.1,5.5,5.5,1,1,Randomized,0.993
0.1,5.5,5.5,1,1,Randomized,0.993
0.1,5.5,5.5,1,1,Randomized,0.993
0.1,5.5,5.0,1,0,Randomized,0.993
0.1,5.5,5.5,1,1,Randomized,0.993
0.1,5.5,5.5,1,1,Randomized,0.993
0.1,5.5,5.5,1,1,Randomized,0.993
0.1,5.5,5.5,1,1,Randomized,0.993
0.1,5.5,5.5,1,1,Randomized,0.993
0.1,5.5,5.5,1,1,Randomized,0.993
0.1,5.5,5.5,1,0,Randomized,0.993
0.1,5.5,4.583333333333333,0,0,Randomized,0.993
0.1,5.5,5.5,0,1,Randomized,0.993
0.1,5.5,5.0,1,0,Randomized,0.993
0.1,5.5,5.5,1,0,Randomized,0.993
0.1,5.5,5.5,1,1,Randomized,0.993
0.1,5.5,5.5,1,0,Randomized,0.993
0.1,5.5,5.5,1,0,Randomized,0.993
0.1,5.5,5.5,1,0,Randomized,0.993
0.1,5.5,5.5,1,0,Randomized,0.993
0.1,5.5,5.5,1,0,Randomized,0.993
0.1,5.5,5.5,1,1,Randomized,0.993
0.1,5.5,4.95,0,0,Randomized,0.993
0.1,5.5,5.5,1,0,Randomized,0.993
0.1,5.5,3.235294117647059,0,0,Randomized,0.993
0.1,5.5,5.5,1,1,Randomized,0.993
0.1,5.5,5.5,1,1,Randomized,0.993
0.1,5.5,5.5,0,0,Randomized,0.993
0.1,5.5,5.5,1,0,Randomized,0.993
0.1,5.5,5.5,1,0,Randomized,0.993
0.1,5.5,5.5,1,1,Randomized,0.993
0.1,5.5,5.5,0,0,Randomized,0.993
0.1,5.5,5.5,1,1,Randomized,0.993
0.1,5.5,5.5,1,1,Randomized,0.993
0.1,5.5,5.5,1,0,Randomized,0.993
0.1,5.5,5.5,1,1,Randomized,0.993
0.1,5.5,3.6666666666666665,0,0,Randomized,0.993
0.1,5.5,4.95,1,0,Randomized,0.993
0.1,5.5,5.5,1,1,Randomized,0.993
0.1,5.5,5.5,1,1,Randomized,0.993
0.1,5.5,5.5,1,0,Randomized,0.993
0.1,5.5,5.5,0,0,Randomized,0.993
0.1,5.5,5.5,1,1,Randomized,0.993
0.1,5.5,5.5,1,1,Randomized,0.993
0.1,5.5,5.5,1,1,Randomized,0.993
0.1,5.5,5.5,1,1,Randomized,0.993
0.1,5.5,5.5,1,1,Randomized,0.993
0.1,5.5,5.5,1,1,Randomized,0.993
0.1,5.5,5.5,1,1,Randomized,0.993
0.1,5.5,5.5,1,0,Randomized,0.993
0.1,5.5,5.5,1,1,Randomized,0.993
0.1,5.5,5.5,0,0,Randomized,0.993
0.1,5.5,5.5,1,1,Randomized,0.993
0.1,5.5,5.5,1,0,Randomized,0.993
0.1,5.5,5.5,1,0,Randomized,0.993
0.1,5.5,5.041666666666667,0,0,Randomized,0.993
0.1,5.5,5.5,1,1,Randomized,0.993
0.1,5.5,5.5,1,1,Randomized,0.993
0.1,5.5,5.5,1,0,Randomized,0.993
0.1,5.5,5.5,1,0,Randomized,0.993
0.1,5.5,5.5,1,1,Randomized,0.993
0.1,5.5,5.5,1,0,Randomized,0.993
0.1,5.5,5.5,1,1,Randomized,0.993
0.1,5.5,2.75,0,0,Randomized,0.993
0.1,5.5,5.0,1,0,Randomized,0.993
0.1,5.5,5.5,1,1,Randomized,0.993
0.1,5.5,5.5,1,1,Randomized,0.993
0.1,5.5,4.583333333333333,0,0,Randomized,0.993
0.1,5.5,5.5,1,1,Randomized,0.993
0.1,5.5,5.5,1,1,Randomized,0.993
0.1,5.5,5.5,1,0,Randomized,0.993
0.1,5.5,5.5,1,1,Randomized,0.993
0.1,5.5,5.5,1,1,Randomized,0.993
0.1,5.5,5.5,1,1,Randomized,0.993
0.1,5.5,5.5,1,1,Randomized,0.993
0.1,5.5,5.5,1,1,Randomized,0.993
0.1,5.5,5.5,1,1,Randomized,0.993
0.1,5.5,5.5,1,1,Randomized,0.993
0.1,5.5,5.5,0,0,Randomized,0.993
0.1,5.5,5.5,1,0,Randomized,0.993
0.1,5.5,5.0,0,0,Randomized,0.993
0.1,5.5,5.5,1,1,Randomized,0.993
0.1,5.5,5.5,1,1,Randomized,0.993
0.1,5.5,5.5,1,1,Randomized,0.993
0.1,5.5,5.5,1,1,Randomized,0.993
0.1,5.5,5.5,1,1,Randomized,0.993
0.1,5.5,5.5,1,1,Randomized,0.993
0.1,5.5,5.5,1,1,Randomized,0.993
0.1,5.5,5.5,0,0,Randomized,0.993
0.1,5.5,5.5,0,0,Randomized,0.993
0.1,5.5,5.5,1,0,Randomized,0.993
0.1,5.5,5.5,1,1,Randomized,0.993
0.1,5.5,4.583333333333333,1,0,Randomized,0.993
0.1,5.5,5.5,1,1,Randomized,0.993
0.1,5.5,5.5,1,0,Randomized,0.993
0.1,5.5,5.5,1,0,Randomized,0.993
0.1,5.5,5.5,1,1,Randomized,0.993
0.1,5.5,3.09375,0,0,Randomized,0.993
0.1,5.5,5.5,1,1,Randomized,0.993
0.1,5.5,4.5,0,0,Randomized,0.993
0.1,5.5,5.5,1,1,Randomized,0.993
0.1,5.5,4.583333333333333,0,0,Randomized,0.993
0.1,5.5,5.5,1,0,Randomized,0.993
0.1,5.5,5.0,1,0,Randomized,0.993
0.1,5.5,5.5,1,1,Randomized,0.993
0.1,5.5,5.5,1,0,Randomized,0.993
0.1,5.5,5.5,1,1,Randomized,0.993
0.1,5.5,5.5,1,1,Randomized,0.993
0.1,5.5,5.0,0,0,Randomized,0.993
0.1,5.5,5.5,1,1,Randomized,0.993
0.1,5.5,5.5,1,0,Randomized,0.993
0.1,5.5,5.5,1,1,Randomized,0.993
0.1,5.5,5.5,1,1,Randomized,0.993
0.1,5.5,5.5,1,0,Randomized,0.993
0.1,5.5,5.5,1,0,Randomized,0.993
0.1,5.5,5.5,0,1,Randomized,0.993
0.1,5.5,5.5,1,1,Randomized,0.993
0.1,5.5,5.5,1,1,Randomized,0.993
0.1,5.5,5.5,1,0,Randomized,0.993
0.1,5.5,5.5,1,1,Randomized,0.993
0.1,5.5,5.5,1,0,Randomized,0.993
0.1,5.5,5.5,1,0,Randomized,0.993
0.1,5.5,5.5,1,1,Randomized,0.993
0.1,5.5,5.5,1,1,Randomized,0.993
0.1,5.5,5.5,1,1,Randomized,0.993
0.1,5.5,5.5,1,0,Randomized,0.993
0.1,5.5,5.5,1,1,Randomized,0.993
0.1,5.5,5.5,1,1,Randomized,0.993
0.1,5.5,0.0,0,0,Randomized,0.993
0.1,5.5,5.5,1,1,Randomized,0.993
0.1,5.5,5.5,1,1,Randomized,0.993
0.1,5.5,5.5,1,1,Randomized,0.993
0.1,5.5,5.5,1,1,Randomized,0.993
0.1,5.5,5.5,1,0,Randomized,0.993
0.1,5.5,5.5,1,1,Randomized,0.993
0.1,5.5,5.5,1,0,Randomized,0.993
0.1,5.5,5.5,0,0,Randomized,0.993
0.1,5.5,5.5,1,1,Randomized,0.993
0.1,5.5,5.5,1,0,Randomized,0.993
0.1,5.5,5.5,1,1,Randomized,0.993
0.1,5.5,0.0,0,0,Randomized,0.993
0.1,5.5,5.5,1,1,Randomized,0.993
0.1,5.5,5.5,1,0,Randomized,0.993
0.1,5.5,5.5,1,1,Randomized,0.993
0.1,5.5,5.5,1,1,Randomized,0.993
0.1,5.5,5.5,1,1,Randomized,0.993
0.1,5.5,5.5,1,0,Randomized,0.993
0.1,5.5,5.0,1,0,Randomized,0.993
0.1,5.5,5.5,1,0,Randomized,0.993
0.1,5.5,5.0,1,0,Randomized,0.993
0.1,5.5,5.5,1,0,Randomized,0.993
0.1,5.5,5.5,1,1,Randomized,0.993
0.1,5.5,5.5,1,0,Randomized,0.993
0.1,5.5,5.5,1,0,Randomized,0.993
0.1,5.5,5.5,1,1,Randomized,0.993
0.1,5.5,5.5,1,1,Randomized,0.993
0.1,5.5,5.5,1,0,Randomized,0.993
0.1,5.5,5.5,1,1,Randomized,0.993
0.1,5.5,5.5,1,0,Randomized,0.993
0.1,5.5,5.5,1,1,Randomized,0.993
0.1,5.5,5.5,1,1,Randomized,0.993
0.1,5.5,5.5,1,1,Randomized,0.993
0.1,5.5,5.5,1,1,Randomized,0.993
0.1,5.5,5.5,1,1,Randomized,0.993
0.1,5.5,5.5,0,1,Randomized,0.993
0.1,5.5,5.5,0,0,Randomized,0.993
0.1,5.5,5.0,1,0,Randomized,0.993
0.1,5.5,5.5,1,0,Randomized,0.993
0.1,5.5,5.5,1,1,Randomized,0.993
0.1,5.5,5.5,1,1,Randomized,0.993
0.1,5.5,5.0,0,0,Randomized,0.993
0.1,5.5,5.5,1,0,Randomized,0.993
0.1,5.5,5.5,1,1,Randomized,0.993
0.1,5.5,5.5,1,0,Randomized,0.993
0.1,5.5,5.5,0,0,Randomized,0.993
0.1,5.5,5.5,1,1,Randomized,0.993
0.1,5.5,4.230769230769231,0,0,Randomized,0.993
0.1,5.5,5.5,1,1,Randomized,0.993
0.1,5.5,5.5,1,1,Randomized,0.993
0.1,5.5,5.0,1,0,Randomized,0.993
0.1,5.5,5.5,1,1,Randomized,0.993
0.1,5.5,5.5,1,1,Randomized,0.993
0.1,5.5,5.5,1,1,Randomized,0.993
0.1,5.5,5.5,1,1,Randomized,0.993
0.1,5.5,5.5,1,1,Randomized,0.993
0.1,5.5,5.0,0,0,Randomized,0.993
0.1,5.5,5.5,1,0,Randomized,0.993
0.1,5.5,5.0,0,0,Randomized,0.993
0.1,5.5,5.5,1,1,Randomized,0.993
0.1,5.5,0.0,0,0,Randomized,0.993
0.1,5.5,5.5,0,0,Randomized,0.993
0.1,5.5,5.5,0,1,Randomized,0.993
0.1,5.5,5.5,1,0,Randomized,0.993
0.1,5.5,5.5,1,0,Randomized,0.993
0.1,5.5,5.5,1,1,Randomized,0.993
0.1,5.5,5.5,1,1,Randomized,0.993
0.1,5.5,5.5,1,1,Randomized,0.993
0.1,5.5,5.5,1,1,Randomized,0.993
0.1,5.5,5.0,1,0,Randomized,0.993
0.1,5.5,5.5,0,0,Randomized,0.993
0.1,5.5,5.5,1,1,Randomized,0.993
0.1,5.5,5.5,1,0,Randomized,0.993
0.1,5.5,2.8947368421052633,0,0,Randomized,0.993
0.1,5.5,5.5,1,1,Randomized,0.993
0.1,5.5,5.5,1,1,Randomized,0.993
0.1,5.5,5.5,0,1,Randomized,0.993
0.1,5.5,5.5,1,1,Randomized,0.993
0.1,5.5,5.5,1,1,Randomized,0.993
0.1,5.5,5.5,1,1,Randomized,0.993
0.1,5.5,0.0,0,0,Randomized,0.993
0.1,5.5,5.5,1,1,Randomized,0.993
0.1,5.5,5.5,1,1,Randomized,0.993
0.1,5.5,5.0,1,0,Randomized,0.993
0.1,5.5,5.5,1,1,Randomized,0.993
0.1,5.5,5.5,1,1,Randomized,0.993
0.1,5.5,5.5,0,0,Randomized,0.993
0.1,5.5,5.5,1,0,Randomized,0.993
0.1,5.5,5.5,1,1,Randomized,0.993
0.1,5.5,5.5,1,1,Randomized,0.993
0.1,5.5,5.5,1,1,Randomized,0.993
0.1,5.5,5.5,1,1,Randomized,0.993
0.1,5.5,5.5,1,1,Randomized,0.993
0.1,5.5,5.5,1,0,Randomized,0.993
0.1,5.5,5.5,0,0,Randomized,0.993
0.1,5.5,5.5,1,0,Randomized,0.993
0.1,5.5,5.5,1,1,Randomized,0.993
0.1,5.5,5.041666666666667,0,0,Randomized,0.993
0.1,5.5,5.5,1,0,Randomized,0.993
0.1,5.5,5.5,1,1,Randomized,0.993
0.1,5.5,5.5,1,1,Randomized,0.993
0.1,5.5,5.5,1,1,Randomized,0.993
0.1,5.5,5.5,1,1,Randomized,0.993
0.1,5.5,5.0,1,0,Randomized,0.993
0.1,5.5,5.5,1,1,Randomized,0.993
0.1,5.5,5.5,1,1,Randomized,0.993
0.1,5.5,5.5,1,0,Randomized,0.993
0.1,5.5,5.5,0,0,Randomized,0.993
0.1,5.5,5.5,1,0,Randomized,0.993
0.1,5.5,5.5,1,1,Randomized,0.993
0.1,5.5,5.5,1,1,Randomized,0.993
0.1,5.5,5.5,1,1,Randomized,0.993
0.1,5.5,5.5,1,1,Randomized,0.993
0.1,5.5,5.0,0,0,Randomized,0.993
0.1,5.5,5.5,1,1,Randomized,0.993
0.1,5.5,4.95,0,0,Randomized,0.993
0.1,5.5,1.1,0,0,Randomized,0.993
0.1,5.5,5.5,1,0,Randomized,0.993
0.1,5.5,5.0,0,0,Randomized,0.993
0.1,5.5,1.0,0,0,Randomized,0.993
0.1,5.5,5.5,1,0,Randomized,0.993
0.1,5.5,5.5,1,1,Randomized,0.993
0.1,5.5,5.5,1,0,Randomized,0.993
0.1,5.5,5.5,1,1,Randomized,0.993
0.1,5.5,5.5,1,1,Randomized,0.993
0.1,5.5,5.5,1,1,Randomized,0.993
0.1,5.5,5.5,1,0,Randomized,0.993
0.1,5.5,5.5,0,0,Randomized,0.993
0.1,5.5,5.5,1,1,Randomized,0.993
0.1,5.5,5.5,1,1,Randomized,0.993
0.1,5.5,5.5,1,1,Randomized,0.993
0.1,5.5,5.5,1,1,Randomized,0.993
0.1,5.5,5.5,1,0,Randomized,0.993
0.1,5.5,5.5,0,1,Randomized,0.993
0.1,5.5,5.5,1,0,Randomized,0.993
0.1,5.5,5.5,1,0,Randomized,0.993
0.1,5.5,5.0,1,0,Randomized,0.993
0.1,5.5,4.888888888888889,0,0,Randomized,0.993
0.1,5.5,5.5,1,1,Randomized,0.993
0.1,5.5,5.5,1,1,Randomized,0.993
0.1,5.5,5.5,1,1,Randomized,0.993
0.1,5.5,5.5,1,1,Randomized,0.993
0.1,5.5,5.5,1,1,Randomized,0.993
0.1,5.5,5.5,1,0,Randomized,0.993
0.1,5.5,5.5,1,1,Randomized,0.993
0.1,5.5,5.0,0,0,Randomized,0.993
0.1,5.5,5.5,1,0,Randomized,0.993
0.1,5.5,5.5,0,0,Randomized,0.993
0.1,5.5,3.5357142857142856,0,0,Randomized,0.993
0.1,5.5,5.5,1,1,Randomized,0.993
0.1,5.5,5.5,1,0,Randomized,0.993
0.1,5.5,5.5,1,1,Randomized,0.993
0.1,5.5,5.5,1,1,Randomized,0.993
0.1,5.5,5.0,1,0,Randomized,0.993
0.1,5.5,5.5,0,0,Randomized,0.993
0.1,5.5,5.5,1,1,Randomized,0.993
0.1,5.5,4.888888888888889,0,0,Randomized,0.993
0.1,5.5,5.5,1,1,Randomized,0.993
0.1,5.5,5.5,1,0,Randomized,0.993
0.1,5.5,5.5,1,1,Randomized,0.993
0.1,5.5,5.5,1,1,Randomized,0.993
0.1,5.5,5.5,1,0,Randomized,0.993
0.1,5.5,5.5,1,0,Randomized,0.993
0.1,5.5,5.5,1,1,Randomized,0.993
0.1,5.5,5.5,1,1,Randomized,0.993
0.1,5.5,5.5,1,0,Randomized,0.993
0.1,5.5,5.5,1,1,Randomized,0.993
0.1,5.5,5.5,1,1,Randomized,0.993
0.1,5.5,5.5,1,1,Randomized,0.993
0.1,5.5,5.5,1,1,Randomized,0.993
0.1,5.5,5.5,1,0,Randomized,0.993
0.1,5.5,4.95,0,0,Randomized,0.993
0.1,5.5,5.5,1,1,Randomized,0.993
0.1,5.5,5.5,1,1,Randomized,0.993
0.1,5.5,5.5,1,1,Randomized,0.993
0.1,5.5,5.5,1,1,Randomized,0.993
0.1,5.5,5.5,1,1,Randomized,0.993
0.1,5.5,5.5,1,1,Randomized,0.993
0.1,5.5,5.5,1,1,Randomized,0.993
0.1,5.5,5.5,1,1,Randomized,0.993
0.1,5.5,5.0,0,0,Randomized,0.993
0.1,5.5,5.5,1,1,Randomized,0.993
0.1,5.5,5.5,1,1,Randomized,0.993
0.1,5.5,5.5,1,1,Randomized,0.993
0.1,5.5,5.5,1,1,Randomized,0.993
0.1,5.5,5.5,1,1,Randomized,0.993
0.1,5.5,5.5,0,0,Randomized,0.993
0.1,5.5,5.5,1,0,Randomized,0.993
0.1,5.5,5.5,1,1,Randomized,0.993
0.1,5.5,5.5,1,1,Randomized,0.993
0.1,5.5,5.5,1,1,Randomized,0.993
0.1,5.5,5.5,1,1,Randomized,0.993
0.1,5.5,5.0,1,0,Randomized,0.993
0.1,5.5,5.5,1,1,Randomized,0.993
0.1,5.5,5.5,1,0,Randomized,0.993
0.1,5.5,5.5,0,1,Randomized,0.993
0.1,5.5,5.5,1,0,Randomized,0.993
0.1,5.5,5.5,1,1,Randomized,0.993
0.1,5.5,5.5,1,1,Randomized,0.993
0.1,5.5,4.888888888888889,0,0,Randomized,0.993
0.1,5.5,5.5,1,1,Randomized,0.993
0.1,5.5,5.5,1,1,Randomized,0.993
0.1,5.5,5.5,1,0,Randomized,0.993
0.1,5.5,5.5,1,1,Randomized,0.993
0.1,5.5,5.5,1,0,Randomized,0.993
0.1,5.5,5.5,1,0,Randomized,0.993
0.1,5.5,5.5,1,1,Randomized,0.993
0.1,5.5,4.583333333333333,0,0,Randomized,0.993
0.1,5.5,5.5,1,0,Randomized,0.993
0.1,5.5,5.5,1,1,Randomized,0.993
0.1,5.5,5.5,1,1,Randomized,0.993
0.1,5.5,5.0,0,0,Randomized,0.993
0.1,5.5,5.5,1,1,Randomized,0.993
0.1,5.5,5.5,0,0,Randomized,0.993
0.1,5.5,5.5,0,1,Randomized,0.993
0.1,5.5,5.5,1,1,Randomized,0.993
0.1,5.5,5.5,0,0,Randomized,0.993
0.1,5.5,5.5,0,1,Randomized,0.993
0.1,5.5,5.5,1,1,Randomized,0.993
0.1,5.5,5.5,1,0,Randomized,0.993
0.1,5.5,5.5,1,1,Randomized,0.993
0.1,5.5,5.5,0,1,Randomized,0.993
0.1,5.5,5.5,1,1,Randomized,0.993
0.1,5.5,5.5,1,1,Randomized,0.993
0.1,5.5,5.5,1,0,Randomized,0.993
0.1,5.5,5.5,1,1,Randomized,0.993
0.1,5.5,5.5,1,1,Randomized,0.993
0.1,5.5,5.5,1,0,Randomized,0.993
0.1,5.5,5.5,1,1,Randomized,0.993
0.1,5.5,5.0,0,0,Randomized,0.993
0.1,5.5,5.5,1,1,Randomized,0.993
0.1,5.5,5.5,1,0,Randomized,0.993
0.1,5.5,5.5,1,0,Randomized,0.993
0.1,5.5,5.5,1,0,Randomized,0.993
0.1,5.5,5.5,1,1,Randomized,0.993
0.1,5.5,5.5,0,0,Randomized,0.993
0.1,5.5,5.5,0,1,Randomized,0.993
0.1,5.5,5.5,1,0,Randomized,0.993
0.1,5.5,5.5,0,0,Randomized,0.993
0.1,5.5,5.5,1,1,Randomized,0.993
0.1,5.5,4.95,1,0,Randomized,0.993
0.1,5.5,5.5,1,0,Randomized,0.993
0.1,5.5,5.5,1,0,Randomized,0.993
0.1,5.5,5.5,1,0,Randomized,0.993
0.1,5.5,5.5,1,1,Randomized,0.993
0.1,5.5,5.5,1,1,Randomized,0.993
0.1,5.5,5.5,1,1,Randomized,0.993
0.1,5.5,5.5,0,1,Randomized,0.993
0.1,5.5,5.5,1,1,Randomized,0.993
0.1,5.5,5.5,1,1,Randomized,0.993
0.1,5.5,5.5,1,1,Randomized,0.993
0.1,5.5,5.5,0,0,Randomized,0.993
0.1,5.5,5.5,1,0,Randomized,0.993
0.1,5.5,5.5,1,0,Randomized,0.993
0.1,5.5,5.5,1,1,Randomized,0.993
0.1,5.5,5.5,1,1,Randomized,0.993
0.1,5.5,5.5,1,0,Randomized,0.993
0.1,5.5,5.5,1,0,Randomized,0.993
0.1,5.5,5.5,1,1,Randomized,0.993
0.1,5.5,5.5,1,1,Randomized,0.993
0.1,5.5,5.5,1,1,Randomized,0.993
0.1,5.5,5.5,1,1,Randomized,0.993
0.1,5.5,5.5,1,1,Randomized,0.993
0.1,5.5,5.5,1,0,Randomized,0.993
0.1,5.5,5.5,1,1,Randomized,0.993
0.1,5.5,5.5,1,1,Randomized,0.993
0.1,5.5,5.5,1,1,Randomized,0.993
0.1,5.5,5.5,1,1,Randomized,0.993
0.1,5.5,5.5,1,0,Randomized,0.993
0.1,5.5,4.230769230769231,0,0,Randomized,0.993
0.1,5.5,5.5,0,1,Randomized,0.993
0.1,5.5,5.5,1,1,Randomized,0.993
0.1,5.5,5.5,1,0,Randomized,0.993
0.1,5.5,5.5,1,1,Randomized,0.993
0.1,5.5,5.5,1,1,Randomized,0.993
0.1,5.5,5.5,1,1,Randomized,0.993
0.1,5.5,5.5,1,0,Randomized,0.993
0.1,5.5,5.5,1,1,Randomized,0.993
0.1,5.5,5.5,1,0,Randomized,0.993
0.1,5.5,5.5,1,0,Randomized,0.993
0.1,5.5,5.5,0,1,Randomized,0.993
0.1,5.5,5.5,1,0,Randomized,0.993
0.1,5.5,5.0,0,0,Randomized,0.993
0.1,5.5,5.0,0,0,Randomized,0.993
0.1,5.5,5.5,1,1,Randomized,0.993
0.1,5.5,5.5,0,0,Randomized,0.993
0.1,5.5,5.5,1,1,Randomized,0.993
0.1,5.5,5.5,1,0,Randomized,0.993
0.1,5.5,5.5,1,0,Randomized,0.993
0.1,5.5,4.653846153846154,0,0,Randomized,0.993
0.1,5.5,5.5,1,1,Randomized,0.993
0.1,5.5,5.5,1,0,Randomized,0.993
0.1,5.5,5.5,1,1,Randomized,0.993
0.1,5.5,3.6666666666666665,0,0,Randomized,0.993
0.1,5.5,4.033333333333333,0,0,Randomized,0.993
0.1,5.5,5.5,1,0,Randomized,0.993
0.1,5.5,5.0,1,0,Randomized,0.993
0.1,5.5,5.5,1,0,Randomized,0.993
0.1,5.5,5.5,1,0,Randomized,0.993
0.1,5.5,5.5,1,1,Randomized,0.993
0.1,5.5,5.5,1,1,Randomized,0.993
0.1,5.5,5.5,1,1,Randomized,0.993
0.1,5.5,5.5,0,0,Randomized,0.993
0.1,5.5,5.5,0,1,Randomized,0.993
0.1,5.5,5.5,1,0,Randomized,0.993
0.1,5.5,5.5,0,1,Randomized,0.993
0.1,5.5,5.5,1,1,Randomized,0.993
0.1,5.5,5.5,0,0,Randomized,0.993
0.1,5.5,5.5,1,1,Randomized,0.993
0.1,5.5,5.5,1,0,Randomized,0.993
0.1,5.5,5.0,1,0,Randomized,0.993
0.1,5.5,5.5,1,1,Randomized,0.993
0.1,5.5,5.5,1,1,Randomized,0.993
0.1,5.5,5.5,1,1,Randomized,0.993
0.1,5.5,5.5,1,1,Randomized,0.993
0.1,5.5,5.5,1,0,Randomized,0.993
0.1,5.5,5.0,1,0,Randomized,0.993
0.1,5.5,5.5,1,0,Randomized,0.993
0.1,5.5,5.5,1,1,Randomized,0.993
0.1,5.5,5.5,1,1,Randomized,0.993
0.1,5.5,4.583333333333333,1,0,Randomized,0.993
0.1,5.5,5.5,1,0,Randomized,0.993
0.1,5.5,5.5,1,0,Randomized,0.993
0.1,5.5,2.9615384615384617,0,0,Randomized,0.993
0.1,5.5,5.5,1,1,Randomized,0.993
0.1,5.5,0.0,0,0,Randomized,0.993
0.1,5.5,5.5,1,1,Randomized,0.993
0.1,5.5,5.0,0,0,Randomized,0.993
0.1,5.5,5.5,1,0,Randomized,0.993
0.1,5.5,5.5,1,1,Randomized,0.993
0.1,5.5,5.5,1,0,Randomized,0.993
0.1,5.5,4.583333333333333,0,0,Randomized,0.993
0.1,5.5,5.5,1,1,Randomized,0.993
0.1,5.5,5.5,0,0,Randomized,0.993
0.1,5.5,5.5,1,0,Randomized,0.993
0.1,5.5,5.5,1,1,Randomized,0.993
0.1,5.5,5.5,1,1,Randomized,0.993
0.1,5.5,5.0,1,0,Randomized,0.993
0.1,5.5,5.5,1,1,Randomized,0.993
0.1,5.5,5.5,0,0,Randomized,0.993
0.1,5.5,5.5,1,1,Randomized,0.993
0.1,5.5,5.5,1,0,Randomized,0.993
0.1,5.5,5.5,1,1,Randomized,0.993
0.1,5.5,5.5,1,0,Randomized,0.993
0.1,5.5,5.5,0,0,Randomized,0.993
0.1,5.5,5.5,0,1,Randomized,0.993
0.1,5.5,5.5,1,1,Randomized,0.993
0.1,5.5,5.5,1,1,Randomized,0.993
0.1,5.5,5.5,1,1,Randomized,0.993
0.1,5.5,5.5,1,1,Randomized,0.993
0.1,5.5,5.5,1,0,Randomized,0.993
0.1,5.5,5.5,1,1,Randomized,0.993
0.1,5.5,5.5,0,0,Randomized,0.993
0.1,5.5,5.5,1,1,Randomized,0.993
0.1,5.5,5.5,0,0,Randomized,0.993
0.1,5.5,5.5,1,1,Randomized,0.993
0.1,5.5,5.5,1,1,Randomized,0.993
0.1,5.5,5.0,0,0,Randomized,0.993
0.1,5.5,5.5,1,0,Randomized,0.993
0.1,5.5,5.5,1,1,Randomized,0.993
0.1,5.5,5.5,1,1,Randomized,0.993
0.1,5.5,0.0,0,0,Randomized,0.993
0.1,5.5,5.5,1,1,Randomized,0.993
0.1,5.5,5.5,1,1,Randomized,0.993
0.1,5.5,5.5,1,0,Randomized,0.993
0.1,5.5,5.5,1,1,Randomized,0.993
0.1,5.5,5.0,1,0,Randomized,0.993
0.1,5.5,5.5,0,0,Randomized,0.993
0.1,5.5,5.5,1,1,Randomized,0.993
0.1,5.5,5.5,1,1,Randomized,0.993
0.1,5.5,5.5,1,1,Randomized,0.993
0.1,5.5,5.5,1,1,Randomized,0.993
0.1,5.5,5.5,1,1,Randomized,0.993
0.1,5.5,5.5,1,1,Randomized,0.993
0.1,5.5,5.5,0,1,Randomized,0.993
0.1,5.5,5.5,1,1,Randomized,0.993
0.1,5.5,5.5,1,1,Randomized,0.993
0.1,5.5,5.5,1,1,Randomized,0.993
0.1,5.5,5.5,1,1,Randomized,0.993
0.1,5.5,5.5,1,1,Randomized,0.993
0.1,5.5,5.5,1,1,Randomized,0.993
0.1,5.5,5.5,1,1,Randomized,0.993
0.1,5.5,5.5,1,0,Randomized,0.993
0.1,5.5,5.0,0,0,Randomized,0.993
0.1,5.5,5.5,1,0,Randomized,0.993
0.1,5.5,5.5,0,0,Randomized,0.993
0.1,5.5,5.0,0,0,Randomized,0.993
0.1,5.5,2.8947368421052633,0,0,Randomized,0.993
0.1,5.5,5.5,1,1,Randomized,0.993
0.1,5.5,5.5,1,1,Randomized,0.993
0.1,5.5,5.5,0,1,Randomized,0.993
0.1,5.5,5.5,1,0,Randomized,0.993
0.1,5.5,5.5,1,1,Randomized,0.993
0.1,5.5,5.5,1,0,Randomized,0.993
0.1,5.5,5.5,1,1,Randomized,0.993
0.1,5.5,5.5,1,1,Randomized,0.993
0.1,5.5,5.5,1,1,Randomized,0.993
0.1,5.5,5.5,1,1,Randomized,0.993
0.1,5.5,5.5,1,1,Randomized,0.993
0.1,5.5,5.5,0,0,Randomized,0.993
0.1,5.5,5.5,1,1,Randomized,0.993
0.1,5.5,5.5,1,1,Randomized,0.993
0.1,5.5,5.5,1,1,Randomized,0.993
0.1,5.5,5.5,1,1,Randomized,0.993
0.1,5.5,5.5,0,1,Randomized,0.993
0.1,5.5,5.5,0,1,Randomized,0.993
0.1,5.5,5.5,1,0,Randomized,0.993
0.1,5.5,5.5,1,1,Randomized,0.993
0.1,5.5,5.5,1,0,Randomized,0.993
0.1,5.5,5.05,0,1,Randomized,0.993
0.1,5.5,5.5,0,0,Randomized,0.993
0.1,5.5,5.5,0,0,Randomized,0.993
0.1,5.5,5.5,1,0,Randomized,0.993
0.1,5.5,5.5,1,1,Randomized,0.993
0.1,5.5,5.5,0,0,Randomized,0.993
0.1,5.5,5.5,1,1,Randomized,0.993
0.1,5.5,5.0,1,0,Randomized,0.993
0.1,5.5,5.5,1,1,Randomized,0.993
0.1,5.5,5.5,1,1,Randomized,0.993
0.1,5.5,5.5,1,1,Randomized,0.993
0.1,5.5,5.5,1,1,Randomized,0.993
0.1,5.5,5.5,1,0,Randomized,0.993
0.1,5.5,5.5,1,1,Randomized,0.993
0.1,5.5,5.5,1,0,Randomized,0.993
0.1,5.5,5.5,1,1,Randomized,0.993
0.1,5.5,5.5,1,0,Randomized,0.993
0.1,5.5,5.0,1,0,Randomized,0.993
0.1,5.5,5.5,1,1,Randomized,0.993
0.1,5.5,5.5,1,0,Randomized,0.993
0.1,5.5,5.5,1,0,Randomized,0.993
0.1,5.5,5.5,1,1,Randomized,0.993
0.1,5.5,5.0,0,0,Randomized,0.993
0.1,5.5,5.5,1,1,Randomized,0.993
0.1,5.5,5.5,1,1,Randomized,0.993
0.1,5.5,5.5,0,0,Randomized,0.993
0.1,5.5,5.5,1,0,Randomized,0.993
0.1,5.5,5.5,0,0,Randomized,0.993
0.1,5.5,5.5,1,1,Randomized,0.993
0.1,5.5,5.5,0,1,Randomized,0.993
0.1,5.5,5.0,1,0,Randomized,0.993
0.1,5.5,5.5,1,0,Randomized,0.993
0.1,5.5,5.5,1,1,Randomized,0.993
0.1,5.5,5.0,1,0,Randomized,0.993
0.1,5.5,5.5,1,0,Randomized,0.993
0.1,5.5,5.5,1,0,Randomized,0.993
0.1,5.5,5.0,1,0,Randomized,0.993
0.1,5.5,5.5,1,1,Randomized,0.993
0.1,5.5,5.0,0,0,Randomized,0.993
0.1,5.5,5.5,0,0,Randomized,0.993
0.1,5.5,5.0,1,0,Randomized,0.993
0.1,5.5,5.5,1,1,Randomized,0.993
0.1,5.5,5.5,1,1,Randomized,0.993
0.1,5.5,4.95,1,0,Randomized,0.993
0.1,5.5,5.5,1,1,Randomized,0.993
0.1,5.5,5.5,1,1,Randomized,0.993
0.1,5.5,5.5,1,0,Randomized,0.993
0.1,5.5,5.5,1,0,Randomized,0.993
0.1,5.5,5.5,1,0,Randomized,0.993
0.1,5.5,5.5,1,1,Randomized,0.993
0.1,5.5,4.583333333333333,0,0,Randomized,0.993
0.1,5.5,5.5,0,1,Randomized,0.993
0.1,5.5,5.5,1,1,Randomized,0.993
0.1,5.5,5.5,1,1,Randomized,0.993
0.1,5.5,5.5,1,1,Randomized,0.993
0.1,5.5,4.4,0,0,Randomized,0.993
0.1,5.5,5.0,0,0,Randomized,0.993
0.1,5.5,5.5,1,1,Randomized,0.993
0.1,5.5,5.5,1,0,Randomized,0.993
0.1,5.5,5.5,1,0,Randomized,0.993
0.1,5.5,5.5,1,0,Randomized,0.993
0.1,5.5,5.5,1,1,Randomized,0.993
0.1,5.5,5.5,1,1,Randomized,0.993
0.1,5.5,5.5,1,0,Randomized,0.993
0.1,5.5,5.5,1,0,Randomized,0.993
0.1,5.5,5.5,1,1,Randomized,0.993
0.1,5.5,5.5,1,1,Randomized,0.993
0.1,5.5,5.5,1,1,Randomized,0.993
0.1,5.5,5.5,0,0,Randomized,0.993
0.1,5.5,5.5,1,1,Randomized,0.993
0.1,5.5,5.5,1,1,Randomized,0.993
0.1,5.5,4.583333333333333,1,0,Randomized,0.993
0.1,5.5,5.5,1,1,Randomized,0.993
0.1,5.5,5.0,1,0,Randomized,0.993
0.1,5.5,5.5,1,0,Randomized,0.993
0.1,5.5,5.5,1,0,Randomized,0.993
0.1,5.5,5.5,1,1,Randomized,0.993
0.1,5.5,5.5,1,1,Randomized,0.993
0.1,5.5,5.5,1,1,Randomized,0.993
0.1,5.5,5.5,1,1,Randomized,0.993
0.1,5.5,5.5,1,1,Randomized,0.993
0.1,5.5,5.5,1,1,Randomized,0.993
0.1,5.5,5.5,1,1,Randomized,0.993
0.1,5.5,5.5,0,1,Randomized,0.993
0.1,5.5,5.5,1,0,Randomized,0.993
0.1,5.5,5.5,1,1,Randomized,0.993
0.1,5.5,5.5,1,1,Randomized,0.993
0.1,5.5,5.0,1,0,Randomized,0.993
0.1,5.5,5.5,1,1,Randomized,0.993
0.1,5.5,4.583333333333333,0,0,Randomized,0.993
0.1,5.5,5.5,1,1,Randomized,0.993
0.1,5.5,5.5,1,0,Randomized,0.993
0.1,5.5,5.5,1,1,Randomized,0.993
0.1,5.5,5.5,1,1,Randomized,0.993
0.1,5.5,5.5,1,1,Randomized,0.993
0.1,5.5,5.5,1,1,Randomized,0.993
0.1,5.5,5.5,1,0,Randomized,0.993
0.1,5.5,4.583333333333333,0,0,Randomized,0.993
0.1,5.5,5.5,1,1,Randomized,0.993
0.1,5.5,5.0,0,0,Randomized,0.993
0.1,5.5,5.5,1,1,Randomized,0.993
0.1,5.5,5.5,1,0,Randomized,0.993
0.1,5.5,5.5,1,1,Randomized,0.993
0.1,5.5,4.95,1,0,Randomized,0.993
0.1,5.5,5.5,1,0,Randomized,0.993
0.1,5.5,5.5,1,1,Randomized,0.993
0.1,5.5,5.5,1,1,Randomized,0.993
0.1,5.5,5.5,1,0,Randomized,0.993
0.1,5.5,5.5,1,0,Randomized,0.993
0.1,5.5,5.041666666666667,0,0,Randomized,0.993
0.1,5.5,5.5,1,1,Randomized,0.993
0.1,5.5,5.5,1,0,Randomized,0.993
0.1,5.5,5.5,1,1,Randomized,0.993
0.1,5.5,5.5,1,1,Randomized,0.993
0.1,5.5,5.5,1,1,Randomized,0.993
0.1,5.5,5.5,1,0,Randomized,0.993
0.1,5.5,5.5,1,1,Randomized,0.993
0.1,5.5,5.5,1,0,Randomized,0.993
0.1,5.5,5.5,1,0,Randomized,0.993
0.1,5.5,5.5,1,1,Randomized,0.993
0.1,5.5,1.0,0,0,Randomized,0.993
0.1,5.5,5.5,1,1,Randomized,0.993
0.1,5.5,5.0,1,0,Randomized,0.993
0.1,5.5,5.5,1,1,Randomized,0.993
0.1,5.5,5.5,1,0,Randomized,0.993
0.1,5.5,5.5,1,1,Randomized,0.993
0.1,5.5,5.0,0,0,Randomized,0.993
0.1,5.5,4.5,1,0,Randomized,0.993
0.1,5.5,5.5,1,0,Randomized,0.993
0.1,5.5,5.5,1,0,Randomized,0.993
0.1,5.5,5.5,1,1,Randomized,0.993
0.1,5.5,5.5,1,1,Randomized,0.993
0.1,5.5,5.5,1,0,Randomized,0.993
0.1,5.5,5.5,1,1,Randomized,0.993
0.1,5.5,4.95,1,0,Randomized,0.993
0.1,5.5,5.5,1,1,Randomized,0.993
0.1,5.5,5.5,1,1,Randomized,0.993
0.1,5.5,5.5,1,1,Randomized,0.993
0.1,5.5,5.5,1,1,Randomized,0.993
0.1,5.5,5.5,1,0,Randomized,0.993
0.1,5.5,5.5,1,0,Randomized,0.993
0.1,5.5,5.0,0,0,Randomized,0.993
0.1,5.5,5.0,1,0,Randomized,0.993
0.1,5.5,5.5,1,1,Randomized,0.993
0.1,5.5,5.5,1,1,Randomized,0.993
0.1,5.5,5.5,1,1,Randomized,0.993
0.1,5.5,5.5,1,0,Randomized,0.993
0.1,5.5,5.5,1,0,Randomized,0.993
0.1,5.5,2.8947368421052633,0,0,Randomized,0.993
0.1,5.5,5.5,1,1,Randomized,0.993
0.1,5.5,5.0,0,0,Randomized,0.993
0.1,5.5,5.5,1,0,Randomized,0.993
0.1,5.5,4.277777777777778,0,0,Randomized,0.993
0.1,5.5,5.5,0,1,Randomized,0.993
0.1,5.5,4.583333333333333,0,0,Randomized,0.993
0.1,5.5,5.5,1,0,Randomized,0.993
0.1,5.5,5.5,1,1,Randomized,0.993
0.1,5.5,5.5,1,1,Randomized,0.993
0.1,5.5,5.5,0,1,Randomized,0.993
0.1,5.5,5.0,0,0,Randomized,0.993
0.1,5.5,5.5,1,1,Randomized,0.993
0.1,5.5,5.5,1,1,Randomized,0.993
0.1,5.5,5.5,1,0,Randomized,0.993
0.1,5.5,5.5,1,0,Randomized,0.993
0.1,5.5,5.5,0,1,Randomized,0.993
0.1,5.5,3.235294117647059,0,0,Randomized,0.993
0.1,5.5,5.0,1,0,Randomized,0.993
0.1,5.5,5.5,1,1,Randomized,0.993
0.1,5.5,5.5,1,1,Randomized,0.993
0.1,5.5,5.5,1,1,Randomized,0.993
0.1,5.5,5.5,1,1,Randomized,0.993
0.1,5.5,5.5,1,0,Randomized,0.993
0.1,5.5,5.0,1,0,Randomized,0.993
0.1,5.5,5.0,0,0,Randomized,0.993
0.1,5.5,5.5,0,0,Randomized,0.993
0.1,5.5,5.5,1,0,Randomized,0.993
0.1,5.5,5.5,1,0,Randomized,0.993
0.1,5.5,5.5,1,0,Randomized,0.993
0.1,5.5,5.5,1,0,Randomized,0.993
0.1,5.5,5.5,1,1,Randomized,0.993
0.1,5.5,5.5,1,0,Randomized,0.993
0.1,5.5,5.5,1,1,Randomized,0.993
0.1,5.5,5.5,1,1,Randomized,0.993
0.1,5.5,5.041666666666667,0,1,Randomized,0.993
0.1,5.5,5.5,0,0,Randomized,0.993
0.1,5.5,5.5,1,1,Randomized,0.993
0.1,5.5,5.5,1,1,Randomized,0.993
0.1,5.5,5.5,1,1,Randomized,0.993
0.1,5.5,5.5,1,1,Randomized,0.993
0.1,5.5,5.5,1,1,Randomized,0.993
0.1,5.5,4.583333333333333,0,0,Randomized,0.993
0.1,5.5,5.5,1,0,Randomized,0.993
0.1,5.5,5.0,0,0,Randomized,0.993
0.1,5.5,5.5,1,0,Randomized,0.993
0.1,5.5,3.8076923076923075,0,0,Randomized,0.993
0.1,5.5,5.0,1,0,Randomized,0.993
0.1,5.5,5.5,1,1,Randomized,0.993
0.1,5.5,5.5,1,1,Randomized,0.993
0.1,5.5,5.5,1,1,Randomized,0.993
0.1,5.5,5.5,1,1,Randomized,0.993
0.1,5.5,5.5,1,0,Randomized,0.993
0.1,5.5,5.5,1,0,Randomized,0.993
0.1,5.5,5.5,1,1,Randomized,0.993
0.1,5.5,4.583333333333333,1,0,Randomized,0.993
0.1,5.5,5.5,1,1,Randomized,0.993
0.1,5.5,5.5,1,1,Randomized,0.993
0.1,5.5,5.5,1,1,Randomized,0.993
0.1,5.5,5.5,1,1,Randomized,0.993
0.1,5.5,5.5,1,1,Randomized,0.993
0.1,5.5,5.5,1,1,Randomized,0.993
0.1,5.5,5.454545454545454,1,1,Randomized,0.993
0.1,5.5,5.5,1,0,Randomized,0.993
0.1,5.5,5.5,1,1,Randomized,0.993
0.1,5.5,5.0,1,0,Randomized,0.993
0.1,5.5,5.5,1,1,Randomized,0.993
0.1,5.5,5.5,1,1,Randomized,0.993
0.1,5.5,5.5,1,1,Randomized,0.993
0.1,5.5,5.5,1,1,Randomized,0.993
0.1,5.5,5.5,1,1,Randomized,0.993
0.1,5.5,5.5,1,1,Randomized,0.993
0.1,5.5,5.5,1,1,Randomized,0.993
0.1,5.5,5.5,1,1,Randomized,0.993
0.1,5.5,5.5,1,1,Randomized,0.993
0.1,5.5,5.5,1,1,Randomized,0.993
0.1,5.5,5.5,1,1,Randomized,0.993
0.1,5.5,5.5,1,1,Randomized,0.993
0.1,5.5,5.5,1,1,Randomized,0.993
0.1,5.5,5.0,1,0,Randomized,0.993
0.1,5.5,5.5,1,1,Randomized,0.993
0.1,5.5,5.5,1,0,Randomized,0.993
0.1,5.5,5.5,1,1,Randomized,0.993
0.1,5.5,5.5,1,1,Randomized,0.993
0.1,5.5,5.5,0,1,Randomized,0.993
0.1,5.5,5.5,1,0,Randomized,0.993
0.1,5.5,5.0,0,0,Randomized,0.993
0.1,5.5,5.5,1,1,Randomized,0.993
0.1,5.5,5.5,1,1,Randomized,0.993
0.1,5.5,5.5,1,1,Randomized,0.993
0.1,5.5,5.5,1,0,Randomized,0.993
0.1,5.5,5.5,1,0,Randomized,0.993
0.1,5.5,5.5,1,1,Randomized,0.993
0.1,5.5,5.5,1,1,Randomized,0.993
0.1,5.5,5.0,0,0,Randomized,0.993
0.1,5.5,5.5,1,1,Randomized,0.993
0.1,5.5,3.9285714285714284,0,0,Randomized,0.993
0.1,5.5,5.5,1,1,Randomized,0.993
0.1,5.5,5.5,1,1,Randomized,0.993
0.1,5.5,5.5,1,0,Randomized,0.993
0.1,5.5,5.5,1,1,Randomized,0.993
0.1,5.5,5.5,1,0,Randomized,0.993
0.1,5.5,5.0,1,0,Randomized,0.993
0.1,5.5,5.5,1,1,Randomized,0.993
0.1,5.5,5.5,1,1,Randomized,0.993
0.1,5.5,5.5,1,0,Randomized,0.993
0.1,5.5,5.5,1,1,Randomized,0.993
0.1,5.5,5.5,1,1,Randomized,0.993
0.1,5.5,5.0,1,0,Randomized,0.993
0.1,5.5,5.5,1,1,Randomized,0.993
0.1,5.5,5.5,1,1,Randomized,0.993
0.1,5.5,5.5,1,0,Randomized,0.993
0.1,5.5,5.5,1,1,Randomized,0.993
0.1,5.5,5.0,1,0,Randomized,0.993
0.1,5.5,5.5,1,1,Randomized,0.993
0.1,5.5,5.5,1,0,Randomized,0.993
0.1,5.5,4.766666666666667,0,1,Randomized,0.993
0.1,5.5,5.5,1,1,Randomized,0.993
0.1,5.5,5.5,1,1,Randomized,0.993
0.1,5.5,5.0,1,0,Randomized,0.993
0.1,5.5,5.5,1,1,Randomized,0.993
0.1,5.5,5.5,1,1,Randomized,0.993
0.1,5.5,5.5,1,1,Randomized,0.993
0.1,5.5,5.5,1,1,Randomized,0.993
0.1,5.5,5.5,1,0,Randomized,0.993
0.1,5.5,5.0,1,0,Randomized,0.993
0.1,5.5,5.0,1,0,Randomized,0.993
0.1,5.5,5.5,1,1,Randomized,0.993
0.1,5.5,5.5,1,1,Randomized,0.993
0.1,5.5,5.5,1,0,Randomized,0.993
0.1,5.5,5.5,1,0,Randomized,0.993
0.1,5.5,5.5,1,1,Randomized,0.993
0.1,5.5,5.5,1,1,Randomized,0.993
0.1,5.5,5.5,1,0,Randomized,0.993
0.1,5.5,5.5,1,1,Randomized,0.993
0.1,5.5,5.5,0,0,Randomized,0.993
0.1,5.5,5.5,1,1,Randomized,0.993
0.1,5.5,5.5,1,1,Randomized,0.993
0.1,5.5,5.5,1,0,Randomized,0.993
0.1,5.5,5.5,1,1,Randomized,0.993
0.1,5.5,5.5,1,1,Randomized,0.993
0.1,5.5,5.5,1,1,Randomized,0.993
0.1,5.5,5.5,1,1,Randomized,0.993
0.1,5.5,5.5,1,1,Randomized,0.993
0.1,5.5,5.5,1,1,Randomized,0.993
0.1,5.5,5.5,1,1,Randomized,0.993
0.1,5.5,5.5,1,0,Randomized,0.993
0.1,5.5,5.5,1,1,Randomized,0.993
0.1,5.5,5.5,1,1,Randomized,0.993
0.1,5.5,5.5,1,1,Randomized,0.993
0.1,5.5,5.5,1,1,Randomized,0.993
0.1,5.5,5.5,1,1,Randomized,0.993
0.1,5.5,5.0,1,0,Randomized,0.993
0.1,5.5,5.5,1,1,Randomized,0.993
0.1,5.5,5.5,1,0,Randomized,0.993
0.1,5.5,5.0,1,0,Randomized,0.993
0.1,5.5,5.5,1,1,Randomized,0.993
0.1,5.5,5.5,1,1,Randomized,0.993
0.1,5.5,5.5,1,0,Randomized,0.993
0.1,5.5,5.5,1,0,Randomized,0.993
0.1,5.5,5.5,1,1,Randomized,0.993
0.1,5.5,5.5,1,1,Randomized,0.993
0.1,5.5,5.5,0,1,Randomized,0.993
0.1,5.5,5.5,1,1,Randomized,0.993
0.1,5.5,5.5,1,1,Randomized,0.993
0.1,5.5,5.5,1,0,Randomized,0.993
0.1,5.5,5.5,1,1,Randomized,0.993
0.1,5.5,5.5,1,1,Randomized,0.993
0.1,5.5,5.5,1,1,Randomized,0.993
0.1,5.5,5.5,1,0,Randomized,0.993
0.1,5.5,5.5,1,1,Randomized,0.993
0.1,5.5,5.5,1,0,Randomized,0.993
0.1,5.5,5.5,1,1,Randomized,0.993
0.1,5.5,5.5,1,1,Randomized,0.993
0.1,5.5,5.5,1,1,Randomized,0.993
0.1,5.5,5.5,1,1,Randomized,0.993
0.1,5.5,5.5,1,0,Randomized,0.993
0.1,5.5,5.5,1,1,Randomized,0.993
0.1,5.5,5.5,1,1,Randomized,0.993
0.1,5.5,5.5,0,1,Randomized,0.993
0.1,5.5,5.5,1,1,Randomized,0.993
0.1,5.5,5.5,1,1,Randomized,0.993
0.1,5.5,5.5,1,1,Randomized,0.993
0.1,5.5,5.5,1,1,Randomized,0.993
0.1,5.5,5.0,1,0,Randomized,0.993
0.1,5.5,5.5,1,1,Randomized,0.993
0.1,5.5,5.5,1,1,Randomized,0.993
0.1,5.5,4.95,1,0,Randomized,0.993
0.1,5.5,5.5,1,0,Randomized,0.993
0.1,5.5,5.5,1,1,Randomized,0.993
0.1,5.5,5.5,1,1,Randomized,0.993
0.1,5.5,5.5,1,1,Randomized,0.993
0.1,5.5,5.0,0,0,Randomized,0.993
0.1,5.5,5.5,1,1,Randomized,0.993
0.1,5.5,5.0,0,0,Randomized,0.993
0.1,5.5,5.5,0,1,Randomized,0.993
0.1,5.5,5.5,1,1,Randomized,0.993
0.1,5.5,5.5,1,1,Randomized,0.993
0.1,5.5,5.0,1,0,Randomized,0.993
0.1,5.5,5.5,1,1,Randomized,0.993
0.1,5.5,5.5,0,1,Randomized,0.993
0.1,5.5,5.5,1,1,Randomized,0.993
0.1,5.5,5.0,1,0,Randomized,0.993
0.1,5.5,5.5,1,1,Randomized,0.993
0.1,5.5,5.5,1,0,Randomized,0.993
0.1,5.5,5.5,1,1,Randomized,0.993
0.1,5.5,5.5,1,0,Randomized,0.993
0.1,5.5,5.5,1,1,Randomized,0.993
0.1,5.5,5.5,0,1,Randomized,0.993
0.1,5.5,5.5,1,0,Randomized,0.993
0.1,5.5,5.0,1,0,Randomized,0.993
0.1,5.5,5.5,1,1,Randomized,0.993
0.1,5.5,5.5,0,0,Randomized,0.993
0.1,5.5,5.0,1,0,Randomized,0.993
0.1,5.5,5.5,1,0,Randomized,0.993
0.1,5.5,5.5,1,0,Randomized,0.993
0.1,5.5,5.5,1,0,Randomized,0.993
0.1,5.5,5.0,1,0,Randomized,0.993
0.1,5.5,5.5,1,1,Randomized,0.993
0.1,5.5,5.5,0,0,Randomized,0.993
0.1,5.5,5.5,1,1,Randomized,0.993
0.1,5.5,5.5,1,0,Randomized,0.993
0.1,5.5,5.5,1,1,Randomized,0.993
0.1,5.5,5.5,0,0,Randomized,0.993
0.1,5.5,5.0,1,0,Randomized,0.993
0.1,5.5,5.5,0,0,Randomized,0.993
0.1,5.5,5.5,0,1,Randomized,0.993
0.1,5.5,5.5,1,1,Randomized,0.993
0.1,5.5,5.5,1,1,Randomized,0.993
0.1,5.5,4.230769230769231,0,0,Randomized,0.993
0.1,5.5,5.090909090909091,0,1,Randomized,0.993
0.1,5.5,5.5,1,1,Randomized,0.993
0.1,5.5,5.5,1,1,Randomized,0.993
0.1,5.5,5.0,1,0,Randomized,0.993
0.1,5.5,5.5,1,0,Randomized,0.993
0.1,5.5,4.583333333333333,1,0,Randomized,0.993
0.1,5.5,5.5,1,0,Randomized,0.993
0.1,5.5,5.5,1,0,Randomized,0.993
0.1,5.5,5.5,1,0,Randomized,0.993
0.1,5.5,5.5,1,1,Randomized,0.993
0.1,5.5,5.5,1,1,Randomized,0.993
0.1,5.5,5.0,1,0,Randomized,0.993
0.1,5.5,5.0,1,0,Randomized,0.993
0.1,5.5,5.5,1,1,Randomized,0.993
0.1,5.5,5.5,1,0,Randomized,0.993
0.1,5.5,5.05,1,1,Randomized,0.993
0.1,5.5,5.5,1,1,Randomized,0.993
0.1,5.5,5.5,1,1,Randomized,0.993
0.1,5.5,5.0,1,0,Randomized,0.993
0.1,5.5,5.5,1,1,Randomized,0.993
0.1,5.5,5.5,1,1,Randomized,0.993
0.1,5.5,5.5,1,1,Randomized,0.993
0.1,5.5,5.5,1,1,Randomized,0.993
0.1,5.5,5.0,1,0,Randomized,0.993
0.1,5.5,5.5,1,0,Randomized,0.993
0.1,5.5,5.5,1,1,Randomized,0.993
0.1,5.5,5.5,1,1,Randomized,0.993
0.1,5.5,4.583333333333333,1,0,Randomized,0.993
0.1,5.5,5.5,1,0,Randomized,0.993
0.1,5.5,5.5,0,0,Randomized,0.993
0.1,5.5,5.5,1,1,Randomized,0.993
0.1,5.5,5.5,0,1,Randomized,0.993
0.1,5.5,4.888888888888889,0,0,Randomized,0.993
0.1,5.5,5.5,1,1,Randomized,0.993
0.1,5.5,5.5,1,0,Randomized,0.993
0.1,5.5,5.5,1,0,Randomized,0.993
0.1,5.5,5.5,0,1,Randomized,0.993
0.1,5.5,0.0,0,0,Randomized,0.993
0.1,5.5,5.5,1,1,Randomized,0.993
0.1,5.5,5.5,1,1,Randomized,0.993
0.1,5.5,5.5,1,1,Randomized,0.993
0.1,5.5,5.5,1,1,Randomized,0.993
0.1,5.5,5.5,1,1,Randomized,0.993
0.1,5.5,5.5,1,1,Randomized,0.993
0.1,5.5,5.5,0,1,Randomized,0.993
0.1,5.5,5.5,1,0,Randomized,0.993
0.1,5.5,5.5,1,1,Randomized,0.993
0.1,5.5,5.5,1,1,Randomized,0.993
0.1,5.5,5.0,1,0,Randomized,0.993
0.1,5.5,5.5,1,1,Randomized,0.993
0.1,5.5,5.0,0,0,Randomized,0.993
0.1,5.5,5.5,1,1,Randomized,0.993
0.1,5.5,5.5,1,1,Randomized,0.993
0.1,5.5,5.5,0,1,Randomized,0.993
0.1,5.5,5.5,1,0,Randomized,0.993
0.1,5.5,5.5,1,0,Randomized,0.993
0.1,5.5,5.0,1,0,Randomized,0.993
0.1,5.5,5.5,1,1,Randomized,0.993
0.1,5.5,5.5,1,0,Randomized,0.993
0.1,5.5,5.5,1,1,Randomized,0.993
0.1,5.5,5.5,0,0,Randomized,0.993
0.1,5.5,5.5,1,1,Randomized,0.993
0.1,5.5,5.5,1,1,Randomized,0.993
0.1,5.5,5.5,1,1,Randomized,0.993
0.1,5.5,5.5,0,0,Randomized,0.993
0.1,5.5,5.5,1,1,Randomized,0.993
0.1,5.5,5.5,1,0,Randomized,0.993
0.1,5.5,5.5,1,1,Randomized,0.993
0.1,5.5,5.0,1,0,Randomized,0.993
0.1,5.5,5.5,1,1,Randomized,0.993
0.1,5.5,5.0,0,0,Randomized,0.993
0.1,5.5,5.5,1,1,Randomized,0.993
0.1,5.5,5.0,1,0,Randomized,0.993
0.1,5.5,5.5,1,1,Randomized,0.993
0.1,5.5,5.5,1,0,Randomized,0.993
0.1,5.5,5.0,0,0,Randomized,0.993
0.1,5.5,5.5,1,0,Randomized,0.993
0.1,5.5,5.5,1,1,Randomized,0.993
0.1,5.5,5.5,1,1,Randomized,0.993
0.1,5.5,5.5,1,1,Randomized,0.993
0.1,5.5,5.5,1,0,Randomized,0.993
0.1,5.5,5.0,0,0,Randomized,0.993
0.1,5.5,5.5,1,1,Randomized,0.993
0.1,5.5,5.5,1,1,Randomized,0.993
0.1,5.5,5.416666666666667,0,1,Randomized,0.993
0.1,5.5,5.5,1,1,Randomized,0.993
0.1,5.5,5.5,1,1,Randomized,0.993
0.1,5.5,5.0,0,0,Randomized,0.993
0.1,5.5,5.5,1,1,Randomized,0.993
0.1,5.5,5.5,1,1,Randomized,0.993
0.1,5.5,5.5,1,1,Randomized,0.993
0.1,5.5,5.5,1,1,Randomized,0.993
0.1,5.5,5.5,0,0,Randomized,0.993
0.1,5.5,5.5,0,1,Randomized,0.993
0.1,5.5,5.5,1,1,Randomized,0.993
0.1,5.5,4.583333333333333,0,0,Randomized,0.993
0.1,5.5,5.5,1,1,Randomized,0.993
0.1,5.5,5.5,1,1,Randomized,0.993
0.1,5.5,5.5,1,1,Randomized,0.993
0.1,5.5,5.5,1,0,Randomized,0.993
0.1,5.5,5.0,1,0,Randomized,0.993
0.1,5.5,4.653846153846154,0,0,Randomized,0.993
0.1,5.5,5.5,1,1,Randomized,0.993
0.1,5.5,5.5,1,0,Randomized,0.993
0.1,5.5,5.5,1,1,Randomized,0.993
0.1,5.5,5.5,1,0,Randomized,0.993
0.1,5.5,5.5,1,1,Randomized,0.993
0.1,5.5,5.5,1,1,Randomized,0.993
0.1,5.5,5.5,1,1,Randomized,0.993
0.1,5.5,5.5,1,1,Randomized,0.993
0.1,5.5,5.5,0,0,Randomized,0.993
0.1,5.5,5.5,1,1,Randomized,0.993
0.1,5.5,5.5,1,0,Randomized,0.993
0.1,5.5,5.5,1,1,Randomized,0.993
0.1,5.5,5.0,1,0,Randomized,0.993
0.1,5.5,2.911764705882353,0,0,Randomized,0.993
0.1,5.5,5.5,1,0,Randomized,0.993
0.1,5.5,5.5,1,1,Randomized,0.993
0.1,5.5,5.5,1,1,Randomized,0.993
0.1,5.5,5.5,1,1,Randomized,0.993
0.1,5.5,5.5,1,1,Randomized,0.993
0.1,5.5,5.5,1,0,Randomized,0.993
0.1,5.5,5.5,1,0,Randomized,0.993
0.1,5.5,5.0,0,0,Randomized,0.993
0.1,5.5,5.0,1,0,Randomized,0.993
0.1,5.5,5.5,1,0,Randomized,0.993
0.1,5.5,5.5,1,1,Randomized,0.993
0.1,5.5,5.5,0,1,Randomized,0.993
0.1,5.5,4.51,0,1,Randomized,0.993
0.1,5.5,5.0,0,0,Randomized,0.993
0.1,5.5,5.0,0,0,Randomized,0.993
0.1,5.5,2.75,0,0,Randomized,0.993
0.1,5.5,5.5,1,1,Randomized,0.993
0.1,5.5,4.230769230769231,0,0,Randomized,0.993
0.1,5.5,5.5,1,0,Randomized,0.993
0.1,5.5,5.5,0,0,Randomized,0.993
0.1,5.5,5.5,1,1,Randomized,0.993
0.1,5.5,5.5,1,1,Randomized,0.993
0.1,5.5,5.5,1,1,Randomized,0.993
0.1,5.5,5.5,0,1,Randomized,0.993
0.1,5.5,5.454545454545454,0,1,Randomized,0.993
0.1,5.5,5.5,1,1,Randomized,0.993
0.1,5.5,5.5,1,1,Randomized,0.993
0.1,5.5,5.5,1,1,Randomized,0.993
0.1,5.5,5.5,0,1,Randomized,0.993
0.1,5.5,5.5,1,1,Randomized,0.993
0.1,5.5,5.5,1,1,Randomized,0.993
0.1,5.5,5.5,1,1,Randomized,0.993
0.1,5.5,5.5,1,1,Randomized,0.993
0.1,5.5,5.5,1,1,Randomized,0.993
0.1,5.5,5.5,1,1,Randomized,0.993
0.1,5.5,5.5,1,1,Randomized,0.993
0.1,5.5,5.5,1,1,Randomized,0.993
0.1,5.5,5.5,1,1,Randomized,0.993
0.1,5.5,5.5,1,0,Randomized,0.993
0.1,5.5,5.5,1,1,Randomized,0.993
0.1,5.5,5.5,1,1,Randomized,0.993
0.1,5.5,0.0,0,0,Randomized,0.993
0.1,5.5,5.5,1,1,Randomized,0.993
0.1,5.5,5.5,1,1,Randomized,0.993
0.1,5.5,5.5,0,1,Randomized,0.993
0.1,5.5,5.5,1,1,Randomized,0.993
0.1,5.5,5.5,1,0,Randomized,0.993
0.1,5.5,5.5,1,0,Randomized,0.993
0.1,5.5,5.5,1,1,Randomized,0.993
0.1,5.5,5.0,1,0,Randomized,0.993
0.1,5.5,5.5,1,0,Randomized,0.993
0.1,5.5,5.5,1,0,Randomized,0.993
0.1,5.5,5.5,1,0,Randomized,0.993
0.1,5.5,5.5,1,0,Randomized,0.993
0.1,5.5,5.5,1,0,Randomized,0.993
0.1,5.5,5.5,1,0,Randomized,0.993
0.1,5.5,5.5,1,1,Randomized,0.993
0.1,5.5,5.5,1,0,Randomized,0.993
0.1,5.5,5.5,1,0,Randomized,0.993
0.1,5.5,5.5,1,1,Randomized,0.993
0.1,5.5,5.5,1,0,Randomized,0.993
0.1,5.5,5.5,1,1,Randomized,0.993
0.1,5.5,5.5,1,0,Randomized,0.993
0.1,5.5,5.5,1,0,Randomized,0.993
0.1,5.5,5.5,1,0,Randomized,0.993
0.1,5.5,5.5,1,1,Randomized,0.993
0.1,5.5,5.5,1,1,Randomized,0.993
0.1,5.5,5.5,1,1,Randomized,0.993
0.1,5.5,5.5,1,1,Randomized,0.993
0.1,5.5,5.5,1,1,Randomized,0.993
0.1,5.5,4.95,0,0,Randomized,0.993
0.1,5.5,5.5,1,1,Randomized,0.993
0.1,5.5,5.5,1,1,Randomized,0.993
0.1,5.5,5.5,1,0,Randomized,0.993
0.1,5.5,5.5,1,1,Randomized,0.993
0.1,5.5,5.0,0,0,Randomized,0.993
0.1,5.5,5.5,1,1,Randomized,0.993
0.1,5.5,5.5,1,0,Randomized,0.993
0.1,5.5,5.5,1,1,Randomized,0.993
0.1,5.5,5.5,1,1,Randomized,0.993
0.1,5.5,5.0,0,0,Randomized,0.993
0.1,5.5,5.5,1,1,Randomized,0.993
0.1,5.5,5.5,1,0,Randomized,0.993
0.1,5.5,5.5,1,1,Randomized,0.993
0.1,5.5,5.5,1,1,Randomized,0.993
0.1,5.5,5.5,1,0,Randomized,0.993
0.1,5.5,4.583333333333333,1,0,Randomized,0.993
0.1,5.5,5.5,1,0,Randomized,0.993
0.1,5.5,2.8947368421052633,0,0,Randomized,0.993
0.1,5.5,5.5,1,1,Randomized,0.993
0.1,5.5,5.5,0,1,Randomized,0.993
0.1,5.5,5.0,1,0,Randomized,0.993
0.1,5.5,5.5,1,0,Randomized,0.993
0.1,5.5,5.5,1,1,Randomized,0.993
0.1,5.5,5.5,1,1,Randomized,0.993
0.1,5.5,5.5,1,1,Randomized,0.993
0.1,5.5,5.5,1,1,Randomized,0.993
0.1,5.5,5.5,1,0,Randomized,0.993
0.1,5.5,5.5,1,0,Randomized,0.993
0.1,5.5,5.5,1,1,Randomized,0.993
0.1,5.5,5.5,1,1,Randomized,0.993
0.1,5.5,5.5,1,1,Randomized,0.993
0.1,5.5,5.5,1,1,Randomized,0.993
0.1,5.5,5.5,1,0,Randomized,0.993
0.1,5.5,5.5,1,0,Randomized,0.993
0.1,5.5,5.5,1,1,Randomized,0.993
0.1,5.5,5.5,1,0,Randomized,0.993
0.1,5.5,5.5,1,1,Randomized,0.993
0.1,5.5,5.5,1,0,Randomized,0.993
0.1,5.5,5.5,1,1,Randomized,0.993
0.1,5.5,5.5,1,1,Randomized,0.993
0.1,5.5,5.5,1,0,Randomized,0.993
0.1,5.5,5.5,1,1,Randomized,0.993
0.1,5.5,5.5,1,1,Randomized,0.993
0.1,5.5,5.5,1,1,Randomized,0.993
0.1,5.5,0.0,0,0,Randomized,0.993
0.1,5.5,5.5,1,1,Randomized,0.993
0.1,5.5,5.5,1,0,Randomized,0.993
0.1,5.5,5.5,0,0,Randomized,0.993
0.1,5.5,5.5,1,0,Randomized,0.993
0.1,5.5,5.5,1,1,Randomized,0.993
0.1,5.5,5.5,1,1,Randomized,0.993
0.1,5.5,4.583333333333333,0,0,Randomized,0.993
0.1,5.5,5.5,1,1,Randomized,0.993
0.1,5.5,5.5,1,0,Randomized,0.993
0.1,5.5,5.5,1,1,Randomized,0.993
0.1,5.5,5.5,1,1,Randomized,0.993
0.1,5.5,5.5,1,1,Randomized,0.993
0.1,5.5,5.5,1,1,Randomized,0.993
0.1,5.5,5.5,1,1,Randomized,0.993
0.1,5.5,5.5,1,1,Randomized,0.993
0.1,5.5,5.5,1,0,Randomized,0.993
0.1,5.5,5.5,1,1,Randomized,0.993
0.1,5.5,5.5,1,0,Randomized,0.993
0.1,5.5,5.5,1,1,Randomized,0.993
0.1,5.5,5.5,1,1,Randomized,0.993
0.1,5.5,5.5,1,1,Randomized,0.993
0.1,5.5,5.5,1,1,Randomized,0.993
0.1,5.5,5.0,1,0,Randomized,0.993
0.1,5.5,5.5,1,0,Randomized,0.993
0.1,5.5,5.5,1,0,Randomized,0.993
0.1,5.5,5.5,1,1,Randomized,0.993
0.1,5.5,5.5,0,1,Randomized,0.993
0.1,5.5,5.5,0,1,Randomized,0.993
0.1,5.5,5.5,1,1,Randomized,0.993
0.1,5.5,5.5,1,1,Randomized,0.993
0.1,5.5,5.5,1,1,Randomized,0.993
0.1,5.5,5.5,1,1,Randomized,0.993
0.1,5.5,5.5,1,1,Randomized,0.993
0.1,5.5,5.5,1,1,Randomized,0.993
0.1,5.5,5.5,1,0,Randomized,0.993
0.1,5.5,5.5,1,1,Randomized,0.993
0.1,5.5,5.5,1,1,Randomized,0.993
0.1,5.5,5.5,1,0,Randomized,0.993
0.1,5.5,5.5,1,1,Randomized,0.993
0.1,5.5,5.5,1,1,Randomized,0.993
0.1,5.5,5.5,0,0,Randomized,0.993
0.1,5.5,5.5,1,1,Randomized,0.993
0.1,5.5,5.5,1,1,Randomized,0.993
0.1,5.5,5.5,1,0,Randomized,0.993
0.1,5.5,5.5,1,0,Randomized,0.993
0.1,5.5,5.5,1,1,Randomized,0.993
0.1,5.5,5.5,1,1,Randomized,0.993
0.1,5.5,4.583333333333333,0,0,Randomized,0.993
0.1,5.5,4.95,1,0,Randomized,0.993
0.1,5.5,5.5,1,0,Randomized,0.993
0.1,5.5,5.0,0,0,Randomized,0.993
0.1,5.5,5.5,1,0,Randomized,0.993
0.1,5.5,5.0,1,0,Randomized,0.993
0.1,5.5,5.5,0,1,Randomized,0.993
0.1,5.5,5.0,1,0,Randomized,0.993
0.1,5.5,5.5,1,1,Randomized,0.993
0.1,5.5,5.5,1,0,Randomized,0.993
0.1,5.5,5.5,1,0,Randomized,0.993
0.1,5.5,5.5,1,1,Randomized,0.993
0.1,5.5,5.5,1,0,Randomized,0.993
0.1,5.5,5.5,1,1,Randomized,0.993
0.1,5.5,5.0,1,0,Randomized,0.993
0.1,5.5,5.5,1,0,Randomized,0.993
0.1,5.5,4.230769230769231,1,0,Randomized,0.993
0.1,5.5,5.5,1,0,Randomized,0.993
0.1,5.5,5.5,1,1,Randomized,0.993
0.1,5.5,5.5,1,1,Randomized,0.993
0.1,5.5,5.5,1,1,Randomized,0.993
0.1,5.5,5.5,0,0,Randomized,0.993
0.1,5.5,5.5,1,1,Randomized,0.993
0.1,5.5,5.5,0,1,Randomized,0.993
0.1,5.5,5.5,1,1,Randomized,0.993
0.1,5.5,5.5,0,0,Randomized,0.993
0.1,5.5,5.5,1,1,Randomized,0.993
0.1,5.5,5.0,0,0,Randomized,0.993
0.1,5.5,5.5,0,1,Randomized,0.993
0.1,5.5,5.5,0,1,Randomized,0.993
0.1,5.5,5.5,1,1,Randomized,0.993
0.1,5.5,5.5,1,1,Randomized,0.993
0.1,5.5,5.5,1,1,Randomized,0.993
0.1,5.5,5.5,1,1,Randomized,0.993
0.1,5.5,5.5,0,0,Randomized,0.993
0.1,5.5,5.0,0,0,Randomized,0.993
0.1,5.5,5.5,1,1,Randomized,0.993
0.1,5.5,5.5,1,1,Randomized,0.993
0.1,5.5,5.5,1,1,Randomized,0.993
0.1,5.5,5.5,1,1,Randomized,0.993
0.1,5.5,5.5,0,1,Randomized,0.993
0.1,5.5,5.5,1,1,Randomized,0.993
0.1,5.5,5.5,1,1,Randomized,0.993
0.1,5.5,4.389423076923077,0,0,Randomized,0.993
0.1,5.5,5.5,1,0,Randomized,0.993
0.1,5.5,5.0,1,0,Randomized,0.993
0.1,5.5,5.5,1,1,Randomized,0.993
0.1,5.5,5.041666666666667,0,0,Randomized,0.993
0.1,5.5,5.5,1,0,Randomized,0.993
0.1,5.5,5.5,1,1,Randomized,0.993
0.1,5.5,5.041666666666667,0,0,Randomized,0.993
0.1,5.5,5.5,1,1,Randomized,0.993
0.1,5.5,5.5,1,1,Randomized,0.993
0.1,5.5,5.5,1,1,Randomized,0.993
0.1,5.5,5.5,1,1,Randomized,0.993
0.1,5.5,5.5,1,1,Randomized,0.993
0.1,5.5,4.033333333333333,0,0,Randomized,0.993
0.1,5.5,4.95,1,0,Randomized,0.993
0.1,5.5,5.5,0,1,Randomized,0.993
0.1,5.5,5.5,1,0,Randomized,0.993
0.1,5.5,5.5,1,0,Randomized,0.993
0.1,5.5,5.5,0,0,Randomized,0.993
0.1,5.5,5.5,1,1,Randomized,0.993
0.1,5.5,5.5,1,1,Randomized,0.993
0.1,5.5,5.5,1,1,Randomized,0.993
0.1,5.5,5.5,1,1,Randomized,0.993
0.1,5.5,5.5,1,1,Randomized,0.993
0.1,5.5,4.714285714285714,0,0,Randomized,0.993
0.1,5.5,5.5,1,0,Randomized,0.993
0.1,5.5,5.5,1,0,Randomized,0.993
0.1,5.5,5.5,1,1,Randomized,0.993
0.1,5.5,5.5,1,1,Randomized,0.993
0.1,5.5,5.5,1,0,Randomized,0.993
0.1,5.5,4.714285714285714,0,0,Randomized,0.993
0.1,5.5,5.5,1,0,Randomized,0.993
0.1,5.5,5.5,1,1,Randomized,0.993
0.1,5.5,5.5,1,1,Randomized,0.993
0.1,5.5,5.5,0,0,Randomized,0.993
0.1,5.5,5.5,1,1,Randomized,0.993
0.1,5.5,5.5,1,0,Randomized,0.993
0.1,5.5,5.5,0,1,Randomized,0.993
0.1,5.5,5.5,1,0,Randomized,0.993
0.1,5.5,5.5,1,1,Randomized,0.993
0.1,5.5,5.0,0,0,Randomized,0.993
0.1,5.5,5.5,1,1,Randomized,0.993
0.1,5.5,5.5,1,1,Randomized,0.993
0.1,5.5,5.5,1,1,Randomized,0.993
0.1,5.5,5.0,1,0,Randomized,0.993
0.1,5.5,5.5,1,1,Randomized,0.993
0.1,5.5,5.5,1,1,Randomized,0.993
0.1,5.5,5.5,1,1,Randomized,0.993
0.1,5.5,5.0,1,0,Randomized,0.993
0.1,5.5,5.5,1,1,Randomized,0.993
0.1,5.5,5.5,0,0,Randomized,0.993
0.1,5.5,5.5,1,0,Randomized,0.993
0.1,5.5,5.5,1,1,Randomized,0.993
0.1,5.5,5.5,1,1,Randomized,0.993
0.1,5.5,5.5,1,1,Randomized,0.993
0.1,5.5,5.5,1,1,Randomized,0.993
0.1,5.5,5.0,0,0,Randomized,0.993
0.1,5.5,5.5,1,0,Randomized,0.993
0.1,5.5,5.5,1,0,Randomized,0.993
0.1,5.5,5.5,1,0,Randomized,0.993
0.1,5.5,5.5,1,1,Randomized,0.993
0.1,5.5,5.5,1,1,Randomized,0.993
0.1,5.5,5.5,1,1,Randomized,0.993
0.1,5.5,5.5,1,1,Randomized,0.993
0.1,5.5,5.5,1,1,Randomized,0.993
0.1,5.5,5.5,1,1,Randomized,0.993
0.1,5.5,5.5,1,0,Randomized,0.993
0.1,5.5,5.5,1,0,Randomized,0.993
0.1,5.5,5.5,1,1,Randomized,0.993
0.1,5.5,5.5,1,0,Randomized,0.993
0.1,5.5,5.5,1,0,Randomized,0.993
0.1,5.5,5.5,0,1,Randomized,0.993
0.1,5.5,5.5,1,1,Randomized,0.993
0.1,5.5,5.5,1,1,Randomized,0.993
0.1,5.5,5.5,1,1,Randomized,0.993
0.1,5.5,5.5,1,1,Randomized,0.993
0.1,5.5,5.0,1,0,Randomized,0.993
0.1,5.5,5.5,0,0,Randomized,0.993
0.1,5.5,5.5,1,1,Randomized,0.993
0.1,5.5,5.5,1,1,Randomized,0.993
0.1,5.5,5.5,1,1,Randomized,0.993
0.1,5.5,5.5,0,0,Randomized,0.993
0.1,5.5,5.5,1,1,Randomized,0.993
0.1,5.5,5.5,1,1,Randomized,0.993
0.1,5.5,5.454545454545454,0,1,Randomized,0.993
0.1,5.5,5.5,1,1,Randomized,0.993
0.1,5.5,5.0,1,0,Randomized,0.993
0.1,5.5,5.5,1,1,Randomized,0.993
0.1,5.5,5.5,1,1,Randomized,0.993
0.1,5.5,5.5,0,0,Randomized,0.993
0.1,5.5,5.5,1,1,Randomized,0.993
0.1,5.5,5.5,1,1,Randomized,0.993
0.1,5.5,5.5,1,0,Randomized,0.993
0.1,5.5,5.5,1,0,Randomized,0.993
0.1,5.5,5.5,1,1,Randomized,0.993
0.1,5.5,5.0,1,0,Randomized,0.993
0.1,5.5,4.95,0,0,Randomized,0.993
0.1,5.5,5.5,1,1,Randomized,0.993
0.1,5.5,5.5,1,0,Randomized,0.993
0.1,5.5,5.5,1,0,Randomized,0.993
0.1,5.5,5.5,1,1,Randomized,0.993
0.1,5.5,5.5,1,1,Randomized,0.993
0.1,5.5,5.5,1,1,Randomized,0.993
0.1,5.5,5.5,1,1,Randomized,0.993
0.1,5.5,5.5,1,0,Randomized,0.993
0.1,5.5,5.5,1,1,Randomized,0.993
0.1,5.5,5.5,1,1,Randomized,0.993
0.1,5.5,5.5,1,0,Randomized,0.993
0.1,5.5,5.5,1,1,Randomized,0.993
0.1,5.5,5.5,1,1,Randomized,0.993
0.1,5.5,5.5,0,1,Randomized,0.993
0.1,5.5,5.5,0,0,Randomized,0.993
0.1,5.5,5.5,1,1,Randomized,0.993
0.1,5.5,5.5,1,0,Randomized,0.993
0.1,5.5,5.5,0,0,Randomized,0.993
0.1,5.5,5.5,1,1,Randomized,0.993
0.1,5.5,5.5,1,1,Randomized,0.993
0.1,5.5,5.076923076923077,0,0,Randomized,0.993
0.1,5.5,5.5,1,0,Randomized,0.993
0.1,5.5,5.5,1,1,Randomized,0.993
0.1,5.5,5.5,1,1,Randomized,0.993
0.1,5.5,5.5,1,0,Randomized,0.993
0.1,5.5,5.5,1,0,Randomized,0.993
0.1,5.5,5.5,1,1,Randomized,0.993
0.1,5.5,5.5,0,0,Randomized,0.993
0.1,5.5,5.5,1,0,Randomized,0.993
0.1,5.5,5.5,0,0,Randomized,0.993
0.1,5.5,5.5,1,1,Randomized,0.993
0.1,5.5,5.5,1,1,Randomized,0.993
0.1,5.5,5.5,1,1,Randomized,0.993
0.1,5.5,3.235294117647059,0,0,Randomized,0.993
0.1,5.5,5.5,1,0,Randomized,0.993
0.1,5.5,3.9285714285714284,0,0,Randomized,0.993
0.1,5.5,5.5,1,0,Randomized,0.993
0.1,5.5,5.5,1,1,Randomized,0.993
0.1,5.5,5.5,1,1,Randomized,0.993
0.1,5.5,5.5,1,1,Randomized,0.993
0.1,5.5,5.5,1,1,Randomized,0.993
0.1,5.5,5.5,1,1,Randomized,0.993
0.1,5.5,5.0,0,0,Randomized,0.993
0.1,5.5,5.0,0,0,Randomized,0.993
0.1,5.5,5.5,1,1,Randomized,0.993
0.1,5.5,5.5,1,1,Randomized,0.993
0.1,5.5,5.5,1,1,Randomized,0.993
0.1,5.5,5.5,1,1,Randomized,0.993
0.1,5.5,5.5,0,0,Randomized,0.993
0.1,5.5,5.5,1,1,Randomized,0.993
0.1,5.5,5.5,1,1,Randomized,0.993
0.1,5.5,5.5,1,1,Randomized,0.993
0.1,5.5,5.5,1,0,Randomized,0.993
0.1,5.5,5.5,1,1,Randomized,0.993
0.1,5.5,5.5,1,0,Randomized,0.993
0.1,5.5,5.5,1,1,Randomized,0.993
0.1,5.5,5.5,1,0,Randomized,0.993
0.1,5.5,5.5,0,1,Randomized,0.993
0.1,5.5,5.0,1,0,Randomized,0.993
0.1,5.5,5.5,1,1,Randomized,0.993
0.1,5.5,5.5,1,1,Randomized,0.993
0.1,5.5,5.0,0,0,Randomized,0.993
0.1,5.5,5.5,0,0,Randomized,0.993
0.1,5.5,5.5,1,1,Randomized,0.993
0.1,5.5,5.5,1,0,Randomized,0.993
0.1,5.5,5.5,1,1,Randomized,0.993
0.1,5.5,5.5,1,1,Randomized,0.993
0.1,5.5,5.0,1,0,Randomized,0.993
0.1,5.5,5.5,1,1,Randomized,0.993
0.1,5.5,3.025,0,0,Randomized,0.993
0.1,5.5,5.5,1,0,Randomized,0.993
0.1,5.5,5.5,1,0,Randomized,0.993
0.1,5.5,5.5,1,1,Randomized,0.993
0.1,5.5,5.5,1,0,Randomized,0.993
0.1,5.5,5.5,0,1,Randomized,0.993
0.1,5.5,5.5,0,0,Randomized,0.993
0.1,5.5,3.361111111111111,0,0,Randomized,0.993
0.1,5.5,5.5,1,0,Randomized,0.993
0.1,5.5,5.5,1,0,Randomized,0.993
0.1,5.5,5.5,1,0,Randomized,0.993
0.1,5.5,5.5,1,0,Randomized,0.993
0.1,5.5,5.5,1,0,Randomized,0.993
0.1,5.5,5.5,1,1,Randomized,0.993
0.1,5.5,5.5,1,0,Randomized,0.993
0.1,5.5,5.5,1,1,Randomized,0.993
0.1,5.5,5.5,1,1,Randomized,0.993
0.1,5.5,5.5,1,1,Randomized,0.993
0.1,5.5,5.5,1,0,Randomized,0.993
0.1,5.5,5.5,1,0,Randomized,0.993
0.1,5.5,5.5,1,0,Randomized,0.993
0.1,5.5,4.95,0,0,Randomized,0.993
0.1,5.5,5.5,1,1,Randomized,0.993
0.1,5.5,5.5,1,1,Randomized,0.993
0.1,5.5,5.5,1,1,Randomized,0.993
0.1,5.5,5.5,1,1,Randomized,0.993
0.1,5.5,4.583333333333333,0,0,Randomized,0.993
0.1,5.5,5.5,1,1,Randomized,0.993
0.1,5.5,5.5,1,1,Randomized,0.993
0.1,5.5,5.5,1,1,Randomized,0.993
0.1,5.5,4.583333333333333,0,0,Randomized,0.993
0.1,5.5,5.5,1,1,Randomized,0.993
0.1,5.5,5.5,1,1,Randomized,0.993
0.1,5.5,5.5,1,1,Randomized,0.993
0.1,5.5,5.5,1,1,Randomized,0.993
0.1,5.5,5.5,1,1,Randomized,0.993
0.1,5.5,5.5,1,1,Randomized,0.993
0.1,5.5,5.0,1,0,Randomized,0.993
0.1,5.5,5.5,1,1,Randomized,0.993
0.1,5.5,5.5,1,1,Randomized,0.993
0.1,5.5,5.0,0,0,Randomized,0.993
0.1,5.5,5.5,1,1,Randomized,0.993
0.1,5.5,5.0,1,0,Randomized,0.993
0.1,5.5,5.5,1,0,Randomized,0.993
0.1,5.5,5.5,1,1,Randomized,0.993
0.1,5.5,5.5,1,0,Randomized,0.993
0.1,5.5,5.5,1,1,Randomized,0.993
0.1,5.5,5.5,1,1,Randomized,0.993
0.1,5.5,5.5,1,1,Randomized,0.993
0.1,5.5,5.5,1,0,Randomized,0.993
0.1,5.5,5.5,0,0,Randomized,0.993
0.1,5.5,5.5,1,1,Randomized,0.993
0.1,5.5,5.5,1,0,Randomized,0.993
0.1,5.5,5.5,1,1,Randomized,0.993
0.1,5.5,5.5,1,0,Randomized,0.993
0.1,5.5,5.5,1,1,Randomized,0.993
0.1,5.5,5.5,1,1,Randomized,0.993
0.1,5.5,5.5,1,1,Randomized,0.993
0.1,5.5,5.5,1,1,Randomized,0.993
0.1,5.5,5.5,1,1,Randomized,0.993
0.1,5.5,5.5,1,1,Randomized,0.993
0.1,5.5,5.5,1,1,Randomized,0.993
0.1,5.5,5.5,1,0,Randomized,0.993
0.1,5.5,5.5,0,0,Randomized,0.993
0.1,5.5,0.0,0,0,Randomized,0.993
0.1,5.5,5.5,1,0,Randomized,0.993
0.1,5.5,5.041666666666667,0,0,Randomized,0.993
0.1,5.5,5.5,1,1,Randomized,0.993
0.1,5.5,5.5,0,0,Randomized,0.993
0.1,5.5,5.5,1,1,Randomized,0.993
0.1,5.5,5.5,1,1,Randomized,0.993
0.1,5.5,5.5,1,1,Randomized,0.993
0.1,5.5,5.5,1,1,Randomized,0.993
0.1,5.5,5.5,0,0,Randomized,0.993
0.1,5.5,5.5,1,1,Randomized,0.993
0.1,5.5,5.5,1,0,Randomized,0.993
0.1,5.5,5.5,1,1,Randomized,0.993
0.1,5.5,5.5,1,1,Randomized,0.993
0.1,5.5,5.5,1,1,Randomized,0.993
0.1,5.5,5.5,1,1,Randomized,0.993
0.1,5.5,5.5,1,1,Randomized,0.993
0.1,5.5,5.5,1,0,Randomized,0.993
0.1,5.5,5.5,0,1,Randomized,0.993
0.1,5.5,5.5,1,0,Randomized,0.993
0.1,5.5,5.5,1,0,Randomized,0.993
0.1,5.5,5.5,1,1,Randomized,0.993
0.1,5.5,5.5,1,1,Randomized,0.993
0.1,5.5,5.5,1,1,Randomized,0.993
0.1,5.5,5.5,1,1,Randomized,0.993
0.1,5.5,5.5,1,1,Randomized,0.993
0.1,5.5,5.5,1,1,Randomized,0.993
0.1,5.5,5.0,0,0,Randomized,0.993
0.1,5.5,5.5,1,0,Randomized,0.993
0.1,5.5,5.5,1,1,Randomized,0.993
0.1,5.5,5.5,1,1,Randomized,0.993
0.1,5.5,5.5,1,0,Randomized,0.993
0.1,5.5,5.5,1,1,Randomized,0.993
0.1,5.5,5.5,1,0,Randomized,0.993
0.1,5.5,5.5,1,0,Randomized,0.993
0.1,5.5,5.0,1,0,Randomized,0.993
0.1,5.5,5.0,0,0,Randomized,0.993
0.1,5.5,5.5,1,1,Randomized,0.993
0.1,5.5,5.5,1,0,Randomized,0.993
0.1,5.5,5.0,1,0,Randomized,0.993
0.1,5.5,4.583333333333333,0,0,Randomized,0.993
0.1,5.5,5.5,0,1,Randomized,0.993
0.1,5.5,5.5,1,0,Randomized,0.993
0.1,5.5,5.5,1,1,Randomized,0.993
0.1,5.5,5.5,0,1,Randomized,0.993
0.1,5.5,5.5,1,1,Randomized,0.993
0.1,5.5,5.0,1,0,Randomized,0.993
0.1,5.5,5.5,0,0,Randomized,0.993
0.1,5.5,5.5,1,1,Randomized,0.993
0.1,5.5,5.5,1,0,Randomized,0.993
0.1,5.5,4.95,1,0,Randomized,0.993
0.1,5.5,0.0,0,0,Randomized,0.993
0.1,5.5,5.5,1,1,Randomized,0.993
0.1,5.5,5.5,0,0,Randomized,0.993
0.1,5.5,5.0,1,0,Randomized,0.993
0.1,5.5,5.5,1,0,Randomized,0.993
0.1,5.5,5.5,1,0,Randomized,0.993
0.1,5.5,5.5,1,1,Randomized,0.993
0.1,5.5,5.5,1,1,Randomized,0.993
0.1,5.5,5.5,1,1,Randomized,0.993
0.1,5.5,5.5,1,0,Randomized,0.993
0.1,5.5,5.0,0,0,Randomized,0.993
0.1,5.5,5.5,0,0,Randomized,0.993
0.1,5.5,5.5,0,1,Randomized,0.993
0.1,5.5,5.5,1,1,Randomized,0.993
0.1,5.5,5.5,1,1,Randomized,0.993
0.1,5.5,5.5,1,0,Randomized,0.993
0.1,5.5,5.5,1,1,Randomized,0.993
0.1,5.5,5.5,1,1,Randomized,0.993
0.1,5.5,5.5,1,1,Randomized,0.993
0.1,5.5,5.5,1,0,Randomized,0.993
0.1,5.5,5.5,1,0,Randomized,0.993
0.1,5.5,5.5,1,1,Randomized,0.993
0.1,5.5,5.5,1,1,Randomized,0.993
0.1,5.5,5.5,1,1,Randomized,0.993
0.1,5.5,5.5,1,0,Randomized,0.993
0.1,5.5,5.5,1,1,Randomized,0.993
0.1,5.5,5.5,1,0,Randomized,0.993
0.1,5.5,5.5,1,0,Randomized,0.993
0.1,5.5,5.5,1,1,Randomized,0.993
0.1,5.5,5.5,1,1,Randomized,0.993
0.1,5.5,5.5,1,1,Randomized,0.993
0.1,5.5,5.5,1,1,Randomized,0.993
0.1,5.5,5.5,1,1,Randomized,0.993
0.1,5.5,5.5,1,1,Randomized,0.993
0.1,5.5,5.0,1,0,Randomized,0.993
0.1,5.5,4.583333333333333,0,0,Randomized,0.993
0.1,5.5,5.5,0,0,Randomized,0.993
0.1,5.5,5.454545454545454,1,1,Randomized,0.993
0.1,5.5,5.5,1,1,Randomized,0.993
0.1,5.5,5.0,1,0,Randomized,0.993
0.1,5.5,5.5,1,1,Randomized,0.993
0.1,5.5,5.5,0,0,Randomized,0.993
0.1,5.5,5.5,1,1,Randomized,0.993
0.1,5.5,5.5,0,0,Randomized,0.993
0.1,5.5,5.5,1,1,Randomized,0.993
0.1,5.5,5.5,1,0,Randomized,0.993
0.1,5.5,5.5,1,0,Randomized,0.993
0.1,5.5,5.5,1,0,Randomized,0.993
0.1,5.5,5.5,1,0,Randomized,0.993
0.1,5.5,5.5,1,1,Randomized,0.993
0.1,5.5,5.5,1,1,Randomized,0.993
0.1,5.5,5.5,1,0,Randomized,0.993
0.1,5.5,5.5,1,1,Randomized,0.993
0.1,5.5,5.0,1,0,Randomized,0.993
0.1,5.5,5.5,1,1,Randomized,0.993
0.1,5.5,5.0,1,0,Randomized,0.993
0.1,5.5,5.5,1,1,Randomized,0.993
0.1,5.5,5.5,1,1,Randomized,0.993
0.1,5.5,5.5,1,0,Randomized,0.993
0.1,5.5,5.5,1,1,Randomized,0.993
0.1,5.5,5.5,1,1,Randomized,0.993
0.1,5.5,5.0,1,0,Randomized,0.993
0.1,5.5,5.5,1,0,Randomized,0.993
0.1,5.5,5.0,1,0,Randomized,0.993
0.1,5.5,5.5,1,1,Randomized,0.993
0.1,5.5,5.5,0,0,Randomized,0.993
0.1,5.5,5.5,1,0,Randomized,0.993
0.1,5.5,5.5,1,1,Randomized,0.993
0.1,5.5,5.5,1,0,Randomized,0.993
0.1,5.5,5.5,1,1,Randomized,0.993
0.1,5.5,5.5,1,0,Randomized,0.993
0.1,5.5,5.5,1,1,Randomized,0.993
0.1,5.5,5.5,1,0,Randomized,0.993
0.1,5.5,5.5,0,1,Randomized,0.993
0.1,5.5,5.5,1,0,Randomized,0.993
0.1,5.5,5.5,1,0,Randomized,0.993
0.1,5.5,5.5,1,0,Randomized,0.993
0.1,5.5,5.5,1,1,Randomized,0.993
0.1,5.5,5.5,1,0,Randomized,0.993
0.1,5.5,5.5,1,1,Randomized,0.993
0.1,5.5,5.5,1,1,Randomized,0.993
0.1,5.5,5.5,1,1,Randomized,0.993
0.1,5.5,5.5,1,1,Randomized,0.993
0.1,5.5,5.5,1,0,Randomized,0.993
0.1,5.5,5.5,1,0,Randomized,0.993
0.1,5.5,5.5,1,1,Randomized,0.993
0.1,5.5,5.5,0,1,Randomized,0.993
0.1,5.5,5.5,1,0,Randomized,0.993
0.1,5.5,4.230769230769231,0,0,Randomized,0.993
0.1,5.5,5.5,1,1,Randomized,0.993
0.1,5.5,5.5,1,1,Randomized,0.993
0.1,5.5,5.5,1,1,Randomized,0.993
0.1,5.5,5.5,1,1,Randomized,0.993
0.1,5.5,5.5,1,0,Randomized,0.993
0.1,5.5,5.5,1,0,Randomized,0.993
0.1,5.5,5.5,0,1,Randomized,0.993
0.1,5.5,5.5,1,1,Randomized,0.993
0.1,5.5,4.95,0,0,Randomized,0.993
0.1,5.5,5.5,1,1,Randomized,0.993
0.1,5.5,5.5,1,0,Randomized,0.993
0.1,5.5,5.5,1,0,Randomized,0.993
0.1,5.5,5.5,1,1,Randomized,0.993
0.1,5.5,5.5,1,1,Randomized,0.993
0.1,5.5,5.5,1,1,Randomized,0.993
0.1,5.5,5.041666666666667,0,0,Randomized,0.993
0.1,5.5,5.5,1,1,Randomized,0.993
0.1,5.5,5.5,1,1,Randomized,0.993
0.1,5.5,5.5,1,1,Randomized,0.993
0.1,5.5,5.5,0,1,Randomized,0.993
0.1,5.5,5.5,1,1,Randomized,0.993
0.1,5.5,5.5,1,1,Randomized,0.993
0.1,5.5,5.5,0,0,Randomized,0.993
0.1,5.5,5.5,1,0,Randomized,0.993
0.1,5.5,5.5,1,1,Randomized,0.993
0.1,5.5,5.041666666666667,0,0,Randomized,0.993
0.1,5.5,5.5,1,0,Randomized,0.993
0.1,5.5,5.0,1,0,Randomized,0.993
0.1,5.5,5.5,1,1,Randomized,0.993
0.1,5.5,5.0,1,0,Randomized,0.993
0.1,5.5,5.5,1,0,Randomized,0.993
0.1,5.5,4.95,0,0,Randomized,0.993
0.1,5.5,5.5,1,1,Randomized,0.993
0.1,5.5,5.5,1,1,Randomized,0.993
0.1,5.5,2.8947368421052633,0,0,Randomized,0.993
0.1,5.5,5.5,1,0,Randomized,0.993
0.1,5.5,5.5,1,1,Randomized,0.993
0.1,5.5,5.5,1,1,Randomized,0.993
0.1,5.5,5.5,1,1,Randomized,0.993
0.1,5.5,5.5,1,1,Randomized,0.993
0.1,6.625,6.625,1,1,Randomized,0.996
0.1,6.625,6.625,1,1,Randomized,0.996
0.1,6.625,6.625,1,1,Randomized,0.996
0.1,6.625,6.625,1,1,Randomized,0.996
0.1,6.625,6.625,1,1,Randomized,0.996
0.1,6.625,6.625,1,1,Randomized,0.996
0.1,6.625,6.625,1,1,Randomized,0.996
0.1,6.625,6.625,1,1,Randomized,0.996
0.1,6.625,6.625,1,1,Randomized,0.996
0.1,6.625,6.625,1,0,Randomized,0.996
0.1,6.625,6.625,1,1,Randomized,0.996
0.1,6.625,6.625,1,0,Randomized,0.996
0.1,6.625,6.625,1,1,Randomized,0.996
0.1,6.625,6.625,1,1,Randomized,0.996
0.1,6.625,6.625,1,1,Randomized,0.996
0.1,6.625,6.625,1,0,Randomized,0.996
0.1,6.625,6.625,1,0,Randomized,0.996
0.1,6.625,6.625,1,1,Randomized,0.996
0.1,6.625,6.625,1,1,Randomized,0.996
0.1,6.625,6.625,1,0,Randomized,0.996
0.1,6.625,6.625,1,1,Randomized,0.996
0.1,6.625,6.625,1,1,Randomized,0.996
0.1,6.625,6.625,1,1,Randomized,0.996
0.1,6.625,6.625,1,1,Randomized,0.996
0.1,6.625,6.625,1,1,Randomized,0.996
0.1,6.625,6.625,1,1,Randomized,0.996
0.1,6.625,6.625,1,1,Randomized,0.996
0.1,6.625,6.625,1,1,Randomized,0.996
0.1,6.625,6.625,1,0,Randomized,0.996
0.1,6.625,6.625,1,1,Randomized,0.996
0.1,6.625,6.625,1,1,Randomized,0.996
0.1,6.625,6.625,1,1,Randomized,0.996
0.1,6.625,6.625,1,1,Randomized,0.996
0.1,6.625,6.625,1,1,Randomized,0.996
0.1,6.625,6.625,1,0,Randomized,0.996
0.1,6.625,6.625,1,1,Randomized,0.996
0.1,6.625,6.625,1,1,Randomized,0.996
0.1,6.625,6.625,1,1,Randomized,0.996
0.1,6.625,6.625,1,1,Randomized,0.996
0.1,6.625,6.625,1,1,Randomized,0.996
0.1,6.625,6.625,1,1,Randomized,0.996
0.1,6.625,6.625,1,1,Randomized,0.996
0.1,6.625,6.625,1,1,Randomized,0.996
0.1,6.625,6.625,1,1,Randomized,0.996
0.1,6.625,6.625,1,1,Randomized,0.996
0.1,6.625,6.625,1,0,Randomized,0.996
0.1,6.625,6.625,1,1,Randomized,0.996
0.1,6.625,6.625,1,1,Randomized,0.996
0.1,6.625,6.625,1,1,Randomized,0.996
0.1,6.625,6.625,1,1,Randomized,0.996
0.1,6.625,6.625,1,1,Randomized,0.996
0.1,6.625,6.625,1,1,Randomized,0.996
0.1,6.625,6.625,1,1,Randomized,0.996
0.1,6.625,6.625,1,1,Randomized,0.996
0.1,6.625,5.520833333333333,1,0,Randomized,0.996
0.1,6.625,6.625,1,1,Randomized,0.996
0.1,6.625,6.625,1,1,Randomized,0.996
0.1,6.625,6.625,1,1,Randomized,0.996
0.1,6.625,6.625,1,1,Randomized,0.996
0.1,6.625,6.625,1,1,Randomized,0.996
0.1,6.625,6.625,1,1,Randomized,0.996
0.1,6.625,6.625,1,1,Randomized,0.996
0.1,6.625,6.625,1,1,Randomized,0.996
0.1,6.625,6.625,1,0,Randomized,0.996
0.1,6.625,6.625,1,1,Randomized,0.996
0.1,6.625,6.625,1,1,Randomized,0.996
0.1,6.625,6.625,1,0,Randomized,0.996
0.1,6.625,6.625,1,1,Randomized,0.996
0.1,6.625,6.625,1,0,Randomized,0.996
0.1,6.625,6.625,1,1,Randomized,0.996
0.1,6.625,6.625,1,1,Randomized,0.996
0.1,6.625,6.625,1,1,Randomized,0.996
0.1,6.625,6.625,1,1,Randomized,0.996
0.1,6.625,6.625,1,1,Randomized,0.996
0.1,6.625,6.0227272727272725,0,0,Randomized,0.996
0.1,6.625,6.625,1,1,Randomized,0.996
0.1,6.625,6.625,1,1,Randomized,0.996
0.1,6.625,3.486842105263158,0,0,Randomized,0.996
0.1,6.625,5.9625,0,0,Randomized,0.996
0.1,6.625,6.625,1,0,Randomized,0.996
0.1,6.625,6.625,1,1,Randomized,0.996
0.1,6.625,6.625,1,1,Randomized,0.996
0.1,6.625,6.625,1,1,Randomized,0.996
0.1,6.625,6.625,1,1,Randomized,0.996
0.1,6.625,6.625,1,1,Randomized,0.996
0.1,6.625,6.625,1,1,Randomized,0.996
0.1,6.625,6.625,1,1,Randomized,0.996
0.1,6.625,6.625,1,1,Randomized,0.996
0.1,6.625,6.0227272727272725,0,0,Randomized,0.996
0.1,6.625,6.625,1,1,Randomized,0.996
0.1,6.625,6.625,1,1,Randomized,0.996
0.1,6.625,6.625,0,1,Randomized,0.996
0.1,6.625,6.625,1,1,Randomized,0.996
0.1,6.625,6.625,1,1,Randomized,0.996
0.1,6.625,6.625,1,1,Randomized,0.996
0.1,6.625,6.625,1,1,Randomized,0.996
0.1,6.625,6.625,1,0,Randomized,0.996
0.1,6.625,6.625,1,1,Randomized,0.996
0.1,6.625,6.625,1,1,Randomized,0.996
0.1,6.625,6.625,1,1,Randomized,0.996
0.1,6.625,6.625,1,1,Randomized,0.996
0.1,6.625,6.625,1,1,Randomized,0.996
0.1,6.625,6.625,1,1,Randomized,0.996
0.1,6.625,6.625,1,1,Randomized,0.996
0.1,6.625,6.625,1,1,Randomized,0.996
0.1,6.625,6.625,1,1,Randomized,0.996
0.1,6.625,6.625,1,1,Randomized,0.996
0.1,6.625,6.625,1,1,Randomized,0.996
0.1,6.625,6.0227272727272725,0,0,Randomized,0.996
0.1,6.625,6.625,1,0,Randomized,0.996
0.1,6.625,6.625,1,1,Randomized,0.996
0.1,6.625,6.625,1,1,Randomized,0.996
0.1,6.625,6.625,1,1,Randomized,0.996
0.1,6.625,6.625,1,1,Randomized,0.996
0.1,6.625,6.625,1,1,Randomized,0.996
0.1,6.625,6.625,1,1,Randomized,0.996
0.1,6.625,6.625,1,1,Randomized,0.996
0.1,6.625,6.625,1,1,Randomized,0.996
0.1,6.625,6.625,1,1,Randomized,0.996
0.1,6.625,6.625,1,1,Randomized,0.996
0.1,6.625,6.625,1,1,Randomized,0.996
0.1,6.625,6.625,1,1,Randomized,0.996
0.1,6.625,6.625,1,1,Randomized,0.996
0.1,6.625,6.625,1,1,Randomized,0.996
0.1,6.625,6.625,1,1,Randomized,0.996
0.1,6.625,6.625,1,1,Randomized,0.996
0.1,6.625,6.625,1,1,Randomized,0.996
0.1,6.625,6.625,1,1,Randomized,0.996
0.1,6.625,6.625,1,1,Randomized,0.996
0.1,6.625,6.625,0,1,Randomized,0.996
0.1,6.625,6.625,1,1,Randomized,0.996
0.1,6.625,6.625,1,1,Randomized,0.996
0.1,6.625,6.625,1,0,Randomized,0.996
0.1,6.625,6.625,1,1,Randomized,0.996
0.1,6.625,6.625,1,1,Randomized,0.996
0.1,6.625,6.625,1,1,Randomized,0.996
0.1,6.625,6.625,1,1,Randomized,0.996
0.1,6.625,6.625,1,0,Randomized,0.996
0.1,6.625,6.625,1,1,Randomized,0.996
0.1,6.625,6.625,1,1,Randomized,0.996
0.1,6.625,6.625,1,1,Randomized,0.996
0.1,6.625,6.625,1,1,Randomized,0.996
0.1,6.625,6.625,1,1,Randomized,0.996
0.1,6.625,6.625,1,1,Randomized,0.996
0.1,6.625,6.625,1,1,Randomized,0.996
0.1,6.625,6.625,1,1,Randomized,0.996
0.1,6.625,6.625,1,1,Randomized,0.996
0.1,6.625,6.625,1,1,Randomized,0.996
0.1,6.625,6.625,1,1,Randomized,0.996
0.1,6.625,6.625,0,1,Randomized,0.996
0.1,6.625,6.625,1,1,Randomized,0.996
0.1,6.625,6.625,1,1,Randomized,0.996
0.1,6.625,6.625,1,1,Randomized,0.996
0.1,6.625,6.625,1,1,Randomized,0.996
0.1,6.625,6.625,1,1,Randomized,0.996
0.1,6.625,6.625,1,1,Randomized,0.996
0.1,6.625,6.625,1,1,Randomized,0.996
0.1,6.625,6.625,1,0,Randomized,0.996
0.1,6.625,6.625,1,0,Randomized,0.996
0.1,6.625,6.625,1,1,Randomized,0.996
0.1,6.625,6.625,1,1,Randomized,0.996
0.1,6.625,6.625,1,1,Randomized,0.996
0.1,6.625,6.625,1,1,Randomized,0.996
0.1,6.625,6.625,1,1,Randomized,0.996
0.1,6.625,6.625,1,1,Randomized,0.996
0.1,6.625,6.625,1,1,Randomized,0.996
0.1,6.625,6.625,1,1,Randomized,0.996
0.1,6.625,6.625,1,1,Randomized,0.996
0.1,6.625,6.625,1,1,Randomized,0.996
0.1,6.625,6.625,1,1,Randomized,0.996
0.1,6.625,6.625,1,1,Randomized,0.996
0.1,6.625,6.625,1,1,Randomized,0.996
0.1,6.625,6.625,1,0,Randomized,0.996
0.1,6.625,6.625,1,1,Randomized,0.996
0.1,6.625,6.625,1,0,Randomized,0.996
0.1,6.625,6.625,1,1,Randomized,0.996
0.1,6.625,6.625,1,1,Randomized,0.996
0.1,6.625,6.625,1,1,Randomized,0.996
0.1,6.625,0.0,0,0,Randomized,0.996
0.1,6.625,6.625,1,1,Randomized,0.996
0.1,6.625,6.625,1,1,Randomized,0.996
0.1,6.625,6.625,1,1,Randomized,0.996
0.1,6.625,6.625,1,1,Randomized,0.996
0.1,6.625,6.625,1,0,Randomized,0.996
0.1,6.625,6.625,1,1,Randomized,0.996
0.1,6.625,6.625,1,1,Randomized,0.996
0.1,6.625,6.625,1,1,Randomized,0.996
0.1,6.625,6.625,1,1,Randomized,0.996
0.1,6.625,6.625,1,1,Randomized,0.996
0.1,6.625,6.625,1,1,Randomized,0.996
0.1,6.625,6.625,1,1,Randomized,0.996
0.1,6.625,6.625,1,1,Randomized,0.996
0.1,6.625,6.625,1,1,Randomized,0.996
0.1,6.625,6.625,1,1,Randomized,0.996
0.1,6.625,6.625,1,1,Randomized,0.996
0.1,6.625,6.625,1,1,Randomized,0.996
0.1,6.625,6.625,1,1,Randomized,0.996
0.1,6.625,6.625,1,0,Randomized,0.996
0.1,6.625,6.625,1,0,Randomized,0.996
0.1,6.625,6.625,1,1,Randomized,0.996
0.1,6.625,6.0227272727272725,1,0,Randomized,0.996
0.1,6.625,6.625,1,0,Randomized,0.996
0.1,6.625,6.625,1,1,Randomized,0.996
0.1,6.625,6.625,1,1,Randomized,0.996
0.1,6.625,6.625,1,1,Randomized,0.996
0.1,6.625,6.625,1,1,Randomized,0.996
0.1,6.625,6.625,1,1,Randomized,0.996
0.1,6.625,6.625,1,1,Randomized,0.996
0.1,6.625,6.625,1,1,Randomized,0.996
0.1,6.625,6.625,1,1,Randomized,0.996
0.1,6.625,6.625,1,1,Randomized,0.996
0.1,6.625,6.625,0,0,Randomized,0.996
0.1,6.625,6.625,1,1,Randomized,0.996
0.1,6.625,6.625,1,1,Randomized,0.996
0.1,6.625,6.625,1,1,Randomized,0.996
0.1,6.625,6.625,1,1,Randomized,0.996
0.1,6.625,6.625,1,0,Randomized,0.996
0.1,6.625,6.625,1,1,Randomized,0.996
0.1,6.625,6.625,1,1,Randomized,0.996
0.1,6.625,6.625,1,1,Randomized,0.996
0.1,6.625,6.625,1,1,Randomized,0.996
0.1,6.625,6.625,1,1,Randomized,0.996
0.1,6.625,6.625,1,1,Randomized,0.996
0.1,6.625,6.625,1,1,Randomized,0.996
0.1,6.625,6.625,1,1,Randomized,0.996
0.1,6.625,6.625,1,1,Randomized,0.996
0.1,6.625,6.625,1,1,Randomized,0.996
0.1,6.625,6.625,1,1,Randomized,0.996
0.1,6.625,6.625,1,1,Randomized,0.996
0.1,6.625,6.625,1,0,Randomized,0.996
0.1,6.625,6.625,1,1,Randomized,0.996
0.1,6.625,6.625,1,1,Randomized,0.996
0.1,6.625,6.625,1,1,Randomized,0.996
0.1,6.625,6.625,1,1,Randomized,0.996
0.1,6.625,6.625,1,0,Randomized,0.996
0.1,6.625,6.625,1,1,Randomized,0.996
0.1,6.625,6.625,1,1,Randomized,0.996
0.1,6.625,6.625,1,0,Randomized,0.996
0.1,6.625,6.625,1,1,Randomized,0.996
0.1,6.625,6.625,1,1,Randomized,0.996
0.1,6.625,6.625,1,1,Randomized,0.996
0.1,6.625,6.625,1,1,Randomized,0.996
0.1,6.625,6.625,1,1,Randomized,0.996
0.1,6.625,6.625,1,1,Randomized,0.996
0.1,6.625,6.625,1,1,Randomized,0.996
0.1,6.625,6.625,1,0,Randomized,0.996
0.1,6.625,6.625,1,1,Randomized,0.996
0.1,6.625,6.625,1,0,Randomized,0.996
0.1,6.625,6.625,1,0,Randomized,0.996
0.1,6.625,6.625,1,1,Randomized,0.996
0.1,6.625,6.625,1,1,Randomized,0.996
0.1,6.625,6.0227272727272725,1,0,Randomized,0.996
0.1,6.625,6.625,1,1,Randomized,0.996
0.1,6.625,6.625,1,1,Randomized,0.996
0.1,6.625,6.625,1,1,Randomized,0.996
0.1,6.625,6.625,1,0,Randomized,0.996
0.1,6.625,6.625,1,1,Randomized,0.996
0.1,6.625,6.625,1,0,Randomized,0.996
0.1,6.625,6.0227272727272725,1,0,Randomized,0.996
0.1,6.625,6.625,1,1,Randomized,0.996
0.1,6.625,6.625,1,1,Randomized,0.996
0.1,6.625,6.625,1,1,Randomized,0.996
0.1,6.625,6.625,1,1,Randomized,0.996
0.1,6.625,6.625,1,1,Randomized,0.996
0.1,6.625,6.625,1,1,Randomized,0.996
0.1,6.625,6.625,1,1,Randomized,0.996
0.1,6.625,6.625,1,1,Randomized,0.996
0.1,6.625,6.625,1,1,Randomized,0.996
0.1,6.625,6.625,1,0,Randomized,0.996
0.1,6.625,5.9625,0,0,Randomized,0.996
0.1,6.625,6.625,1,1,Randomized,0.996
0.1,6.625,6.625,1,1,Randomized,0.996
0.1,6.625,6.625,1,1,Randomized,0.996
0.1,6.625,6.625,1,1,Randomized,0.996
0.1,6.625,6.625,1,1,Randomized,0.996
0.1,6.625,6.625,1,1,Randomized,0.996
0.1,6.625,6.625,1,1,Randomized,0.996
0.1,6.625,6.625,1,1,Randomized,0.996
0.1,6.625,6.625,1,1,Randomized,0.996
0.1,6.625,6.625,1,1,Randomized,0.996
0.1,6.625,6.625,1,1,Randomized,0.996
0.1,6.625,6.625,1,1,Randomized,0.996
0.1,6.625,6.625,1,0,Randomized,0.996
0.1,6.625,6.625,1,1,Randomized,0.996
0.1,6.625,6.625,1,1,Randomized,0.996
0.1,6.625,6.625,1,1,Randomized,0.996
0.1,6.625,6.625,1,0,Randomized,0.996
0.1,6.625,6.625,1,1,Randomized,0.996
0.1,6.625,6.625,1,1,Randomized,0.996
0.1,6.625,6.625,1,1,Randomized,0.996
0.1,6.625,6.625,1,0,Randomized,0.996
0.1,6.625,6.625,1,1,Randomized,0.996
0.1,6.625,6.625,1,1,Randomized,0.996
0.1,6.625,6.625,1,1,Randomized,0.996
0.1,6.625,6.625,1,1,Randomized,0.996
0.1,6.625,6.625,1,1,Randomized,0.996
0.1,6.625,6.625,1,1,Randomized,0.996
0.1,6.625,6.625,0,1,Randomized,0.996
0.1,6.625,6.625,1,1,Randomized,0.996
0.1,6.625,6.625,1,1,Randomized,0.996
0.1,6.625,6.625,1,1,Randomized,0.996
0.1,6.625,6.625,1,1,Randomized,0.996
0.1,6.625,6.625,1,1,Randomized,0.996
0.1,6.625,6.625,1,1,Randomized,0.996
0.1,6.625,6.625,1,0,Randomized,0.996
0.1,6.625,6.625,1,0,Randomized,0.996
0.1,6.625,6.625,1,1,Randomized,0.996
0.1,6.625,6.625,1,1,Randomized,0.996
0.1,6.625,6.0227272727272725,1,0,Randomized,0.996
0.1,6.625,6.625,1,0,Randomized,0.996
0.1,6.625,6.625,1,0,Randomized,0.996
0.1,6.625,6.625,1,0,Randomized,0.996
0.1,6.625,6.625,0,1,Randomized,0.996
0.1,6.625,6.625,1,0,Randomized,0.996
0.1,6.625,6.625,1,1,Randomized,0.996
0.1,6.625,6.625,1,1,Randomized,0.996
0.1,6.625,6.0227272727272725,1,0,Randomized,0.996
0.1,6.625,6.625,1,1,Randomized,0.996
0.1,6.625,6.625,1,1,Randomized,0.996
0.1,6.625,6.625,1,1,Randomized,0.996
0.1,6.625,6.625,1,1,Randomized,0.996
0.1,6.625,6.625,1,1,Randomized,0.996
0.1,6.625,6.625,1,1,Randomized,0.996
0.1,6.625,6.0227272727272725,1,0,Randomized,0.996
0.1,6.625,6.625,1,0,Randomized,0.996
0.1,6.625,6.625,1,1,Randomized,0.996
0.1,6.625,6.625,1,1,Randomized,0.996
0.1,6.625,6.625,1,1,Randomized,0.996
0.1,6.625,5.373611111111111,0,0,Randomized,0.996
0.1,6.625,6.625,1,0,Randomized,0.996
0.1,6.625,5.9625,0,0,Randomized,0.996
0.1,6.625,6.625,1,1,Randomized,0.996
0.1,6.625,6.625,1,1,Randomized,0.996
0.1,6.625,6.0227272727272725,0,0,Randomized,0.996
0.1,6.625,6.625,1,1,Randomized,0.996
0.1,6.625,6.625,1,0,Randomized,0.996
0.1,6.625,6.625,1,1,Randomized,0.996
0.1,6.625,6.625,1,1,Randomized,0.996
0.1,6.625,6.625,1,1,Randomized,0.996
0.1,6.625,6.625,1,1,Randomized,0.996
0.1,6.625,6.625,1,1,Randomized,0.996
0.1,6.625,6.625,1,1,Randomized,0.996
0.1,6.625,6.625,1,1,Randomized,0.996
0.1,6.625,6.625,1,1,Randomized,0.996
0.1,6.625,6.625,1,1,Randomized,0.996
0.1,6.625,6.625,1,1,Randomized,0.996
0.1,6.625,6.625,1,0,Randomized,0.996
0.1,6.625,6.625,1,1,Randomized,0.996
0.1,6.625,6.625,1,1,Randomized,0.996
0.1,6.625,6.625,1,1,Randomized,0.996
0.1,6.625,6.625,1,1,Randomized,0.996
0.1,6.625,6.625,1,1,Randomized,0.996
0.1,6.625,6.625,1,1,Randomized,0.996
0.1,6.625,6.625,1,1,Randomized,0.996
0.1,6.625,6.625,1,1,Randomized,0.996
0.1,6.625,6.625,1,1,Randomized,0.996
0.1,6.625,6.625,1,1,Randomized,0.996
0.1,6.625,6.625,1,1,Randomized,0.996
0.1,6.625,6.625,1,1,Randomized,0.996
0.1,6.625,6.625,1,1,Randomized,0.996
0.1,6.625,6.625,1,1,Randomized,0.996
0.1,6.625,6.625,1,1,Randomized,0.996
0.1,6.625,6.625,1,1,Randomized,0.996
0.1,6.625,6.0227272727272725,1,0,Randomized,0.996
0.1,6.625,6.625,1,1,Randomized,0.996
0.1,6.625,6.625,1,0,Randomized,0.996
0.1,6.625,6.625,1,1,Randomized,0.996
0.1,6.625,6.625,1,1,Randomized,0.996
0.1,6.625,6.625,1,1,Randomized,0.996
0.1,6.625,6.625,1,0,Randomized,0.996
0.1,6.625,6.625,1,1,Randomized,0.996
0.1,6.625,6.625,1,1,Randomized,0.996
0.1,6.625,6.625,1,1,Randomized,0.996
0.1,6.625,6.625,1,1,Randomized,0.996
0.1,6.625,6.625,1,0,Randomized,0.996
0.1,6.625,6.625,1,1,Randomized,0.996
0.1,6.625,6.625,1,1,Randomized,0.996
0.1,6.625,6.625,1,1,Randomized,0.996
0.1,6.625,6.625,1,1,Randomized,0.996
0.1,6.625,6.0227272727272725,1,0,Randomized,0.996
0.1,6.625,6.625,1,1,Randomized,0.996
0.1,6.625,6.625,1,1,Randomized,0.996
0.1,6.625,6.625,1,1,Randomized,0.996
0.1,6.625,6.625,1,1,Randomized,0.996
0.1,6.625,6.0227272727272725,1,0,Randomized,0.996
0.1,6.625,6.625,1,1,Randomized,0.996
0.1,6.625,6.625,1,1,Randomized,0.996
0.1,6.625,6.625,1,1,Randomized,0.996
0.1,6.625,6.625,0,0,Randomized,0.996
0.1,6.625,6.0227272727272725,1,0,Randomized,0.996
0.1,6.625,6.625,1,1,Randomized,0.996
0.1,6.625,6.625,1,1,Randomized,0.996
0.1,6.625,6.625,1,1,Randomized,0.996
0.1,6.625,6.625,1,1,Randomized,0.996
0.1,6.625,6.625,1,1,Randomized,0.996
0.1,6.625,6.625,1,1,Randomized,0.996
0.1,6.625,6.625,1,1,Randomized,0.996
0.1,6.625,6.625,1,0,Randomized,0.996
0.1,6.625,6.625,1,1,Randomized,0.996
0.1,6.625,6.625,1,1,Randomized,0.996
0.1,6.625,6.625,1,1,Randomized,0.996
0.1,6.625,6.625,1,1,Randomized,0.996
0.1,6.625,6.625,1,1,Randomized,0.996
0.1,6.625,6.625,1,1,Randomized,0.996
0.1,6.625,6.625,1,1,Randomized,0.996
0.1,6.625,6.625,1,1,Randomized,0.996
0.1,6.625,6.625,1,1,Randomized,0.996
0.1,6.625,6.625,1,1,Randomized,0.996
0.1,6.625,6.625,1,1,Randomized,0.996
0.1,6.625,6.625,1,0,Randomized,0.996
0.1,6.625,6.625,1,1,Randomized,0.996
0.1,6.625,6.625,1,1,Randomized,0.996
0.1,6.625,6.625,1,1,Randomized,0.996
0.1,6.625,6.625,1,1,Randomized,0.996
0.1,6.625,6.625,1,0,Randomized,0.996
0.1,6.625,6.625,1,1,Randomized,0.996
0.1,6.625,6.625,1,1,Randomized,0.996
0.1,6.625,6.625,1,1,Randomized,0.996
0.1,6.625,6.625,1,1,Randomized,0.996
0.1,6.625,6.625,0,1,Randomized,0.996
0.1,6.625,6.625,1,0,Randomized,0.996
0.1,6.625,6.625,1,1,Randomized,0.996
0.1,6.625,6.625,1,1,Randomized,0.996
0.1,6.625,6.625,1,1,Randomized,0.996
0.1,6.625,6.625,1,1,Randomized,0.996
0.1,6.625,6.625,1,1,Randomized,0.996
0.1,6.625,6.625,1,1,Randomized,0.996
0.1,6.625,6.625,1,1,Randomized,0.996
0.1,6.625,6.625,1,1,Randomized,0.996
0.1,6.625,6.625,1,0,Randomized,0.996
0.1,6.625,6.625,1,1,Randomized,0.996
0.1,6.625,6.625,1,1,Randomized,0.996
0.1,6.625,6.625,1,1,Randomized,0.996
0.1,6.625,6.625,1,1,Randomized,0.996
0.1,6.625,6.625,1,1,Randomized,0.996
0.1,6.625,6.625,1,1,Randomized,0.996
0.1,6.625,6.625,1,1,Randomized,0.996
0.1,6.625,6.625,1,1,Randomized,0.996
0.1,6.625,6.625,1,1,Randomized,0.996
0.1,6.625,6.625,1,1,Randomized,0.996
0.1,6.625,6.625,1,1,Randomized,0.996
0.1,6.625,6.625,1,1,Randomized,0.996
0.1,6.625,6.625,1,1,Randomized,0.996
0.1,6.625,6.625,1,1,Randomized,0.996
0.1,6.625,6.625,1,1,Randomized,0.996
0.1,6.625,6.625,1,1,Randomized,0.996
0.1,6.625,6.625,1,1,Randomized,0.996
0.1,6.625,0.0,0,0,Randomized,0.996
0.1,6.625,6.625,1,1,Randomized,0.996
0.1,6.625,6.625,1,1,Randomized,0.996
0.1,6.625,6.625,1,1,Randomized,0.996
0.1,6.625,6.625,1,0,Randomized,0.996
0.1,6.625,6.625,1,1,Randomized,0.996
0.1,6.625,6.625,1,1,Randomized,0.996
0.1,6.625,6.625,1,1,Randomized,0.996
0.1,6.625,6.625,1,0,Randomized,0.996
0.1,6.625,6.625,1,1,Randomized,0.996
0.1,6.625,6.625,1,1,Randomized,0.996
0.1,6.625,6.625,1,0,Randomized,0.996
0.1,6.625,6.625,1,1,Randomized,0.996
0.1,6.625,6.625,1,1,Randomized,0.996
0.1,6.625,6.625,1,1,Randomized,0.996
0.1,6.625,6.625,1,1,Randomized,0.996
0.1,6.625,6.625,1,1,Randomized,0.996
0.1,6.625,6.625,1,1,Randomized,0.996
0.1,6.625,6.625,1,0,Randomized,0.996
0.1,6.625,6.625,1,1,Randomized,0.996
0.1,6.625,6.625,1,1,Randomized,0.996
0.1,6.625,6.625,1,1,Randomized,0.996
0.1,6.625,6.625,1,1,Randomized,0.996
0.1,6.625,6.625,1,1,Randomized,0.996
0.1,6.625,6.625,1,1,Randomized,0.996
0.1,6.625,6.625,1,0,Randomized,0.996
0.1,6.625,6.625,1,1,Randomized,0.996
0.1,6.625,6.625,0,1,Randomized,0.996
0.1,6.625,6.625,1,1,Randomized,0.996
0.1,6.625,6.625,1,1,Randomized,0.996
0.1,6.625,6.625,1,1,Randomized,0.996
0.1,6.625,6.625,1,1,Randomized,0.996
0.1,6.625,6.0227272727272725,1,0,Randomized,0.996
0.1,6.625,6.625,1,1,Randomized,0.996
0.1,6.625,6.625,1,1,Randomized,0.996
0.1,6.625,6.625,1,1,Randomized,0.996
0.1,6.625,6.625,1,1,Randomized,0.996
0.1,6.625,6.625,1,1,Randomized,0.996
0.1,6.625,6.625,1,1,Randomized,0.996
0.1,6.625,6.625,1,1,Randomized,0.996
0.1,6.625,6.0227272727272725,0,0,Randomized,0.996
0.1,6.625,6.625,1,1,Randomized,0.996
0.1,6.625,6.625,1,1,Randomized,0.996
0.1,6.625,6.625,1,1,Randomized,0.996
0.1,6.625,6.625,1,0,Randomized,0.996
0.1,6.625,6.625,1,1,Randomized,0.996
0.1,6.625,6.625,1,1,Randomized,0.996
0.1,6.625,6.625,1,1,Randomized,0.996
0.1,6.625,6.625,1,1,Randomized,0.996
0.1,6.625,6.625,1,1,Randomized,0.996
0.1,6.625,6.625,1,1,Randomized,0.996
0.1,6.625,6.625,1,1,Randomized,0.996
0.1,6.625,6.0227272727272725,1,0,Randomized,0.996
0.1,6.625,6.625,1,1,Randomized,0.996
0.1,6.625,6.625,1,1,Randomized,0.996
0.1,6.625,6.625,1,0,Randomized,0.996
0.1,6.625,6.625,1,1,Randomized,0.996
0.1,6.625,6.625,1,1,Randomized,0.996
0.1,6.625,6.625,1,1,Randomized,0.996
0.1,6.625,6.625,1,1,Randomized,0.996
0.1,6.625,6.625,1,0,Randomized,0.996
0.1,6.625,6.625,1,1,Randomized,0.996
0.1,6.625,6.625,1,1,Randomized,0.996
0.1,6.625,6.625,1,1,Randomized,0.996
0.1,6.625,6.625,0,1,Randomized,0.996
0.1,6.625,6.625,1,0,Randomized,0.996
0.1,6.625,6.0227272727272725,1,0,Randomized,0.996
0.1,6.625,6.625,1,1,Randomized,0.996
0.1,6.625,6.625,1,1,Randomized,0.996
0.1,6.625,6.625,1,1,Randomized,0.996
0.1,6.625,6.625,1,1,Randomized,0.996
0.1,6.625,6.625,1,1,Randomized,0.996
0.1,6.625,6.625,0,1,Randomized,0.996
0.1,6.625,6.625,1,1,Randomized,0.996
0.1,6.625,6.0227272727272725,1,0,Randomized,0.996
0.1,6.625,6.625,1,1,Randomized,0.996
0.1,6.625,6.625,1,1,Randomized,0.996
0.1,6.625,6.625,1,1,Randomized,0.996
0.1,6.625,6.625,1,1,Randomized,0.996
0.1,6.625,6.625,1,1,Randomized,0.996
0.1,6.625,6.625,1,1,Randomized,0.996
0.1,6.625,6.625,1,1,Randomized,0.996
0.1,6.625,6.625,1,1,Randomized,0.996
0.1,6.625,6.625,1,1,Randomized,0.996
0.1,6.625,6.625,1,1,Randomized,0.996
0.1,6.625,6.625,1,1,Randomized,0.996
0.1,6.625,6.625,1,1,Randomized,0.996
0.1,6.625,6.625,1,0,Randomized,0.996
0.1,6.625,6.625,1,1,Randomized,0.996
0.1,6.625,6.625,1,1,Randomized,0.996
0.1,6.625,6.625,1,1,Randomized,0.996
0.1,6.625,6.625,1,1,Randomized,0.996
0.1,6.625,6.625,1,1,Randomized,0.996
0.1,6.625,6.625,1,1,Randomized,0.996
0.1,6.625,6.625,1,0,Randomized,0.996
0.1,6.625,3.6805555555555554,0,0,Randomized,0.996
0.1,6.625,6.625,1,1,Randomized,0.996
0.1,6.625,6.625,1,1,Randomized,0.996
0.1,6.625,0.0,0,0,Randomized,0.996
0.1,6.625,6.625,1,1,Randomized,0.996
0.1,6.625,6.625,1,1,Randomized,0.996
0.1,6.625,6.625,1,1,Randomized,0.996
0.1,6.625,6.0227272727272725,1,0,Randomized,0.996
0.1,6.625,6.625,1,1,Randomized,0.996
0.1,6.625,6.625,1,0,Randomized,0.996
0.1,6.625,6.625,1,1,Randomized,0.996
0.1,6.625,6.625,1,1,Randomized,0.996
0.1,6.625,6.625,1,1,Randomized,0.996
0.1,6.625,6.625,1,1,Randomized,0.996
0.1,6.625,6.625,1,1,Randomized,0.996
0.1,6.625,6.625,1,1,Randomized,0.996
0.1,6.625,6.625,1,0,Randomized,0.996
0.1,6.625,6.625,1,1,Randomized,0.996
0.1,6.625,6.625,1,1,Randomized,0.996
0.1,6.625,6.625,1,1,Randomized,0.996
0.1,6.625,6.625,1,1,Randomized,0.996
0.1,6.625,0.0,1,0,Randomized,0.996
0.1,6.625,6.625,1,1,Randomized,0.996
0.1,6.625,5.520833333333333,0,0,Randomized,0.996
0.1,6.625,6.0227272727272725,1,0,Randomized,0.996
0.1,6.625,6.625,1,1,Randomized,0.996
0.1,6.625,6.625,1,1,Randomized,0.996
0.1,6.625,6.625,1,0,Randomized,0.996
0.1,6.625,6.625,1,1,Randomized,0.996
0.1,6.625,6.625,1,1,Randomized,0.996
0.1,6.625,6.625,1,0,Randomized,0.996
0.1,6.625,6.625,1,0,Randomized,0.996
0.1,6.625,6.625,1,1,Randomized,0.996
0.1,6.625,6.625,1,1,Randomized,0.996
0.1,6.625,6.625,1,1,Randomized,0.996
0.1,6.625,6.625,1,1,Randomized,0.996
0.1,6.625,6.625,1,1,Randomized,0.996
0.1,6.625,6.625,1,1,Randomized,0.996
0.1,6.625,6.625,1,1,Randomized,0.996
0.1,6.625,6.625,1,1,Randomized,0.996
0.1,6.625,6.625,1,1,Randomized,0.996
0.1,6.625,6.625,1,0,Randomized,0.996
0.1,6.625,6.625,1,1,Randomized,0.996
0.1,6.625,6.625,1,1,Randomized,0.996
0.1,6.625,6.625,1,0,Randomized,0.996
0.1,6.625,6.625,1,1,Randomized,0.996
0.1,6.625,6.625,1,1,Randomized,0.996
0.1,6.625,6.625,1,1,Randomized,0.996
0.1,6.625,6.625,1,1,Randomized,0.996
0.1,6.625,6.625,1,1,Randomized,0.996
0.1,6.625,6.625,1,0,Randomized,0.996
0.1,6.625,6.625,1,1,Randomized,0.996
0.1,6.625,6.625,1,1,Randomized,0.996
0.1,6.625,6.625,1,1,Randomized,0.996
0.1,6.625,6.625,1,0,Randomized,0.996
0.1,6.625,6.625,1,1,Randomized,0.996
0.1,6.625,6.625,1,1,Randomized,0.996
0.1,6.625,6.625,1,1,Randomized,0.996
0.1,6.625,6.625,1,1,Randomized,0.996
0.1,6.625,6.625,1,1,Randomized,0.996
0.1,6.625,6.625,1,1,Randomized,0.996
0.1,6.625,6.625,1,1,Randomized,0.996
0.1,6.625,6.625,0,0,Randomized,0.996
0.1,6.625,6.625,1,1,Randomized,0.996
0.1,6.625,6.625,1,1,Randomized,0.996
0.1,6.625,5.605769230769231,0,0,Randomized,0.996
0.1,6.625,6.625,1,1,Randomized,0.996
0.1,6.625,6.625,1,1,Randomized,0.996
0.1,6.625,6.625,1,0,Randomized,0.996
0.1,6.625,6.625,1,0,Randomized,0.996
0.1,6.625,6.625,1,1,Randomized,0.996
0.1,6.625,6.625,1,1,Randomized,0.996
0.1,6.625,6.625,1,1,Randomized,0.996
0.1,6.625,6.625,1,1,Randomized,0.996
0.1,6.625,6.625,1,0,Randomized,0.996
0.1,6.625,6.625,1,1,Randomized,0.996
0.1,6.625,6.625,1,1,Randomized,0.996
0.1,6.625,6.625,1,1,Randomized,0.996
0.1,6.625,6.625,1,1,Randomized,0.996
0.1,6.625,6.625,1,1,Randomized,0.996
0.1,6.625,6.625,1,1,Randomized,0.996
0.1,6.625,6.625,1,1,Randomized,0.996
0.1,6.625,6.625,1,1,Randomized,0.996
0.1,6.625,6.625,1,1,Randomized,0.996
0.1,6.625,6.625,1,0,Randomized,0.996
0.1,6.625,6.625,1,1,Randomized,0.996
0.1,6.625,6.625,1,1,Randomized,0.996
0.1,6.625,6.625,1,0,Randomized,0.996
0.1,6.625,6.625,1,1,Randomized,0.996
0.1,6.625,6.625,1,0,Randomized,0.996
0.1,6.625,6.625,1,1,Randomized,0.996
0.1,6.625,6.625,1,1,Randomized,0.996
0.1,6.625,6.625,1,1,Randomized,0.996
0.1,6.625,6.625,1,0,Randomized,0.996
0.1,6.625,6.625,0,0,Randomized,0.996
0.1,6.625,6.625,0,1,Randomized,0.996
0.1,6.625,6.625,1,1,Randomized,0.996
0.1,6.625,6.625,1,1,Randomized,0.996
0.1,6.625,6.625,0,0,Randomized,0.996
0.1,6.625,6.625,1,1,Randomized,0.996
0.1,6.625,6.625,1,1,Randomized,0.996
0.1,6.625,6.625,1,1,Randomized,0.996
0.1,6.625,6.625,1,1,Randomized,0.996
0.1,6.625,6.625,1,1,Randomized,0.996
0.1,6.625,6.625,1,1,Randomized,0.996
0.1,6.625,6.625,1,1,Randomized,0.996
0.1,6.625,6.625,1,1,Randomized,0.996
0.1,6.625,6.625,1,1,Randomized,0.996
0.1,6.625,6.625,1,1,Randomized,0.996
0.1,6.625,6.625,1,1,Randomized,0.996
0.1,6.625,6.625,1,1,Randomized,0.996
0.1,6.625,6.625,1,1,Randomized,0.996
0.1,6.625,6.625,1,1,Randomized,0.996
0.1,6.625,6.625,1,1,Randomized,0.996
0.1,6.625,6.625,1,1,Randomized,0.996
0.1,6.625,6.625,1,1,Randomized,0.996
0.1,6.625,6.625,1,1,Randomized,0.996
0.1,6.625,6.625,1,1,Randomized,0.996
0.1,6.625,6.625,1,1,Randomized,0.996
0.1,6.625,6.625,1,1,Randomized,0.996
0.1,6.625,6.625,1,1,Randomized,0.996
0.1,6.625,6.625,1,1,Randomized,0.996
0.1,6.625,6.625,1,1,Randomized,0.996
0.1,6.625,6.625,1,1,Randomized,0.996
0.1,6.625,6.625,1,1,Randomized,0.996
0.1,6.625,6.0227272727272725,1,0,Randomized,0.996
0.1,6.625,6.625,1,1,Randomized,0.996
0.1,6.625,6.625,1,1,Randomized,0.996
0.1,6.625,6.625,1,1,Randomized,0.996
0.1,6.625,6.625,1,1,Randomized,0.996
0.1,6.625,6.625,1,1,Randomized,0.996
0.1,6.625,6.625,1,0,Randomized,0.996
0.1,6.625,6.625,1,0,Randomized,0.996
0.1,6.625,6.625,1,1,Randomized,0.996
0.1,6.625,6.625,1,1,Randomized,0.996
0.1,6.625,6.625,1,1,Randomized,0.996
0.1,6.625,6.625,1,1,Randomized,0.996
0.1,6.625,6.625,0,0,Randomized,0.996
0.1,6.625,6.625,1,1,Randomized,0.996
0.1,6.625,6.625,1,1,Randomized,0.996
0.1,6.625,6.625,1,0,Randomized,0.996
0.1,6.625,6.625,1,0,Randomized,0.996
0.1,6.625,6.625,1,1,Randomized,0.996
0.1,6.625,6.625,1,1,Randomized,0.996
0.1,6.625,6.625,1,1,Randomized,0.996
0.1,6.625,6.625,1,0,Randomized,0.996
0.1,6.625,6.625,1,1,Randomized,0.996
0.1,6.625,6.625,1,1,Randomized,0.996
0.1,6.625,6.625,1,0,Randomized,0.996
0.1,6.625,6.625,0,1,Randomized,0.996
0.1,6.625,6.625,1,1,Randomized,0.996
0.1,6.625,6.625,1,1,Randomized,0.996
0.1,6.625,6.0227272727272725,0,0,Randomized,0.996
0.1,6.625,6.625,1,0,Randomized,0.996
0.1,6.625,6.625,1,1,Randomized,0.996
0.1,6.625,6.625,1,1,Randomized,0.996
0.1,6.625,6.256944444444445,0,1,Randomized,0.996
0.1,6.625,6.625,1,1,Randomized,0.996
0.1,6.625,6.625,1,1,Randomized,0.996
0.1,6.625,6.0227272727272725,1,0,Randomized,0.996
0.1,6.625,6.625,1,1,Randomized,0.996
0.1,6.625,6.625,1,1,Randomized,0.996
0.1,6.625,6.625,1,1,Randomized,0.996
0.1,6.625,6.625,1,1,Randomized,0.996
0.1,6.625,6.625,1,1,Randomized,0.996
0.1,6.625,6.625,1,0,Randomized,0.996
0.1,6.625,6.625,1,1,Randomized,0.996
0.1,6.625,6.625,1,1,Randomized,0.996
0.1,6.625,6.625,1,0,Randomized,0.996
0.1,6.625,6.625,1,1,Randomized,0.996
0.1,6.625,6.625,1,1,Randomized,0.996
0.1,6.625,6.625,1,1,Randomized,0.996
0.1,6.625,6.625,1,1,Randomized,0.996
0.1,6.625,6.625,1,1,Randomized,0.996
0.1,6.625,6.625,1,1,Randomized,0.996
0.1,6.625,6.625,1,1,Randomized,0.996
0.1,6.625,6.625,1,1,Randomized,0.996
0.1,6.625,6.625,1,1,Randomized,0.996
0.1,6.625,6.625,1,1,Randomized,0.996
0.1,6.625,6.625,1,1,Randomized,0.996
0.1,6.625,6.625,1,1,Randomized,0.996
0.1,6.625,6.625,1,1,Randomized,0.996
0.1,6.625,6.625,1,1,Randomized,0.996
0.1,6.625,6.625,1,1,Randomized,0.996
0.1,6.625,6.625,1,1,Randomized,0.996
0.1,6.625,2.2083333333333335,0,0,Randomized,0.996
0.1,6.625,6.625,1,1,Randomized,0.996
0.1,6.625,6.625,1,1,Randomized,0.996
0.1,6.625,6.625,1,1,Randomized,0.996
0.1,6.625,6.625,1,0,Randomized,0.996
0.1,6.625,6.625,1,1,Randomized,0.996
0.1,6.625,6.625,1,1,Randomized,0.996
0.1,6.625,6.625,1,0,Randomized,0.996
0.1,6.625,6.625,1,1,Randomized,0.996
0.1,6.625,6.625,1,1,Randomized,0.996
0.1,6.625,6.625,1,1,Randomized,0.996
0.1,6.625,6.625,0,1,Randomized,0.996
0.1,6.625,6.625,1,1,Randomized,0.996
0.1,6.625,6.625,1,1,Randomized,0.996
0.1,6.625,6.625,1,1,Randomized,0.996
0.1,6.625,6.625,1,1,Randomized,0.996
0.1,6.625,6.625,1,1,Randomized,0.996
0.1,6.625,6.625,1,0,Randomized,0.996
0.1,6.625,6.625,1,1,Randomized,0.996
0.1,6.625,6.625,1,1,Randomized,0.996
0.1,6.625,6.625,1,1,Randomized,0.996
0.1,6.625,6.625,1,1,Randomized,0.996
0.1,6.625,6.625,1,1,Randomized,0.996
0.1,6.625,6.625,1,1,Randomized,0.996
0.1,6.625,6.625,1,1,Randomized,0.996
0.1,6.625,6.625,1,1,Randomized,0.996
0.1,6.625,6.625,1,1,Randomized,0.996
0.1,6.625,6.625,1,1,Randomized,0.996
0.1,6.625,6.625,1,1,Randomized,0.996
0.1,6.625,6.625,1,1,Randomized,0.996
0.1,6.625,6.625,1,1,Randomized,0.996
0.1,6.625,6.625,1,1,Randomized,0.996
0.1,6.625,6.625,1,1,Randomized,0.996
0.1,6.625,6.625,1,1,Randomized,0.996
0.1,6.625,6.625,1,1,Randomized,0.996
0.1,6.625,6.625,1,1,Randomized,0.996
0.1,6.625,6.625,0,1,Randomized,0.996
0.1,6.625,6.625,1,1,Randomized,0.996
0.1,6.625,6.625,1,1,Randomized,0.996
0.1,6.625,6.625,1,1,Randomized,0.996
0.1,6.625,6.625,1,0,Randomized,0.996
0.1,6.625,6.625,1,1,Randomized,0.996
0.1,6.625,6.625,1,0,Randomized,0.996
0.1,6.625,6.625,1,1,Randomized,0.996
0.1,6.625,6.625,1,1,Randomized,0.996
0.1,6.625,6.625,1,1,Randomized,0.996
0.1,6.625,6.625,1,0,Randomized,0.996
0.1,6.625,6.625,1,1,Randomized,0.996
0.1,6.625,6.625,1,1,Randomized,0.996
0.1,6.625,6.625,0,1,Randomized,0.996
0.1,6.625,6.625,1,1,Randomized,0.996
0.1,6.625,6.625,1,1,Randomized,0.996
0.1,6.625,6.625,1,1,Randomized,0.996
0.1,6.625,6.625,1,1,Randomized,0.996
0.1,6.625,6.625,1,1,Randomized,0.996
0.1,6.625,6.625,1,1,Randomized,0.996
0.1,6.625,6.625,1,1,Randomized,0.996
0.1,6.625,6.0227272727272725,0,0,Randomized,0.996
0.1,6.625,6.625,1,1,Randomized,0.996
0.1,6.625,6.625,1,1,Randomized,0.996
0.1,6.625,6.625,1,1,Randomized,0.996
0.1,6.625,6.625,1,1,Randomized,0.996
0.1,6.625,0.0,0,0,Randomized,0.996
0.1,6.625,6.625,1,1,Randomized,0.996
0.1,6.625,6.625,1,1,Randomized,0.996
0.1,6.625,6.625,1,0,Randomized,0.996
0.1,6.625,6.625,1,1,Randomized,0.996
0.1,6.625,6.625,1,1,Randomized,0.996
0.1,6.625,6.625,1,1,Randomized,0.996
0.1,6.625,6.625,1,1,Randomized,0.996
0.1,6.625,6.625,1,1,Randomized,0.996
0.1,6.625,6.625,1,0,Randomized,0.996
0.1,6.625,6.625,1,1,Randomized,0.996
0.1,6.625,6.625,1,1,Randomized,0.996
0.1,6.625,6.625,1,1,Randomized,0.996
0.1,6.625,6.625,1,1,Randomized,0.996
0.1,6.625,6.625,1,1,Randomized,0.996
0.1,6.625,6.625,1,1,Randomized,0.996
0.1,6.625,6.625,1,1,Randomized,0.996
0.1,6.625,6.625,1,1,Randomized,0.996
0.1,6.625,6.625,1,1,Randomized,0.996
0.1,6.625,6.625,1,1,Randomized,0.996
0.1,6.625,6.625,1,1,Randomized,0.996
0.1,6.625,6.625,1,1,Randomized,0.996
0.1,6.625,6.625,1,1,Randomized,0.996
0.1,6.625,6.625,1,1,Randomized,0.996
0.1,6.625,6.625,1,1,Randomized,0.996
0.1,6.625,6.625,1,1,Randomized,0.996
0.1,6.625,6.625,1,1,Randomized,0.996
0.1,6.625,6.625,1,1,Randomized,0.996
0.1,6.625,6.625,1,1,Randomized,0.996
0.1,6.625,6.625,1,1,Randomized,0.996
0.1,6.625,5.888888888888889,0,0,Randomized,0.996
0.1,6.625,6.625,1,1,Randomized,0.996
0.1,6.625,6.625,1,0,Randomized,0.996
0.1,6.625,6.625,1,1,Randomized,0.996
0.1,6.625,6.625,1,1,Randomized,0.996
0.1,6.625,6.625,1,0,Randomized,0.996
0.1,6.625,6.625,1,1,Randomized,0.996
0.1,6.625,6.625,1,1,Randomized,0.996
0.1,6.625,6.625,1,1,Randomized,0.996
0.1,6.625,6.625,1,1,Randomized,0.996
0.1,6.625,6.625,1,1,Randomized,0.996
0.1,6.625,6.0227272727272725,1,0,Randomized,0.996
0.1,6.625,6.625,1,1,Randomized,0.996
0.1,6.625,6.625,1,1,Randomized,0.996
0.1,6.625,6.625,1,1,Randomized,0.996
0.1,6.625,6.625,1,1,Randomized,0.996
0.1,6.625,6.625,1,1,Randomized,0.996
0.1,6.625,6.625,1,1,Randomized,0.996
0.1,6.625,6.625,1,1,Randomized,0.996
0.1,6.625,6.625,1,1,Randomized,0.996
0.1,6.625,6.625,1,1,Randomized,0.996
0.1,6.625,6.625,1,1,Randomized,0.996
0.1,6.625,6.625,1,1,Randomized,0.996
0.1,6.625,6.625,1,1,Randomized,0.996
0.1,6.625,6.625,1,1,Randomized,0.996
0.1,6.625,6.625,1,1,Randomized,0.996
0.1,6.625,6.625,1,1,Randomized,0.996
0.1,6.625,6.625,1,1,Randomized,0.996
0.1,6.625,6.625,1,0,Randomized,0.996
0.1,6.625,6.625,1,1,Randomized,0.996
0.1,6.625,6.625,1,1,Randomized,0.996
0.1,6.625,6.625,1,1,Randomized,0.996
0.1,6.625,6.625,1,1,Randomized,0.996
0.1,6.625,6.625,1,1,Randomized,0.996
0.1,6.625,6.625,1,1,Randomized,0.996
0.1,6.625,6.625,0,1,Randomized,0.996
0.1,6.625,6.625,1,1,Randomized,0.996
0.1,6.625,6.625,1,1,Randomized,0.996
0.1,6.625,6.625,1,0,Randomized,0.996
0.1,6.625,6.625,1,1,Randomized,0.996
0.1,6.625,6.625,1,1,Randomized,0.996
0.1,6.625,6.625,1,1,Randomized,0.996
0.1,6.625,6.625,1,1,Randomized,0.996
0.1,6.625,6.625,1,1,Randomized,0.996
0.1,6.625,6.625,1,1,Randomized,0.996
0.1,6.625,6.625,1,1,Randomized,0.996
0.1,6.625,6.625,1,0,Randomized,0.996
0.1,6.625,6.625,1,1,Randomized,0.996
0.1,6.625,6.0227272727272725,0,0,Randomized,0.996
0.1,6.625,6.625,1,1,Randomized,0.996
0.1,6.625,6.625,1,1,Randomized,0.996
0.1,6.625,6.625,1,1,Randomized,0.996
0.1,6.625,6.625,1,1,Randomized,0.996
0.1,6.625,6.625,1,1,Randomized,0.996
0.1,6.625,6.0227272727272725,1,0,Randomized,0.996
0.1,6.625,6.625,1,1,Randomized,0.996
0.1,6.625,6.625,1,0,Randomized,0.996
0.1,6.625,6.625,1,1,Randomized,0.996
0.1,6.625,6.625,1,1,Randomized,0.996
0.1,6.625,6.625,1,1,Randomized,0.996
0.1,6.625,6.625,1,1,Randomized,0.996
0.1,6.625,6.625,1,1,Randomized,0.996
0.1,6.625,6.625,1,1,Randomized,0.996
0.1,6.625,6.625,1,1,Randomized,0.996
0.1,6.625,6.625,1,1,Randomized,0.996
0.1,6.625,6.625,1,0,Randomized,0.996
0.1,6.625,6.625,1,1,Randomized,0.996
0.1,6.625,6.625,1,1,Randomized,0.996
0.1,6.625,6.625,1,1,Randomized,0.996
0.1,6.625,6.625,1,1,Randomized,0.996
0.1,6.625,6.625,1,1,Randomized,0.996
0.1,6.625,6.625,1,1,Randomized,0.996
0.1,6.625,6.625,1,1,Randomized,0.996
0.1,6.625,6.625,1,1,Randomized,0.996
0.1,6.625,6.625,1,1,Randomized,0.996
0.1,6.625,6.625,1,1,Randomized,0.996
0.1,6.625,6.625,0,1,Randomized,0.996
0.1,6.625,6.625,1,1,Randomized,0.996
0.1,6.625,6.625,1,1,Randomized,0.996
0.1,6.625,6.625,1,1,Randomized,0.996
0.1,6.625,6.625,1,1,Randomized,0.996
0.1,6.625,6.625,1,1,Randomized,0.996
0.1,6.625,6.625,1,1,Randomized,0.996
0.1,6.625,6.625,1,0,Randomized,0.996
0.1,6.625,6.625,0,1,Randomized,0.996
0.1,6.625,6.625,1,1,Randomized,0.996
0.1,6.625,6.625,1,0,Randomized,0.996
0.1,6.625,6.625,1,1,Randomized,0.996
0.1,6.625,6.625,1,1,Randomized,0.996
0.1,6.625,6.625,1,1,Randomized,0.996
0.1,6.625,6.625,1,1,Randomized,0.996
0.1,6.625,6.625,1,1,Randomized,0.996
0.1,6.625,6.625,1,1,Randomized,0.996
0.1,6.625,6.625,1,1,Randomized,0.996
0.1,6.625,6.625,1,1,Randomized,0.996
0.1,6.625,6.0227272727272725,0,0,Randomized,0.996
0.1,6.625,6.625,1,1,Randomized,0.996
0.1,6.625,6.625,1,1,Randomized,0.996
0.1,6.625,6.625,1,1,Randomized,0.996
0.1,6.625,6.625,1,1,Randomized,0.996
0.1,6.625,6.625,1,0,Randomized,0.996
0.1,6.625,6.625,0,1,Randomized,0.996
0.1,6.625,6.625,1,0,Randomized,0.996
0.1,6.625,6.625,1,1,Randomized,0.996
0.1,6.625,6.625,1,1,Randomized,0.996
0.1,6.625,6.625,1,1,Randomized,0.996
0.1,6.625,6.625,1,1,Randomized,0.996
0.1,6.625,6.625,0,1,Randomized,0.996
0.1,6.625,6.625,1,1,Randomized,0.996
0.1,6.625,6.625,1,1,Randomized,0.996
0.1,6.625,6.625,1,1,Randomized,0.996
0.1,6.625,6.625,1,1,Randomized,0.996
0.1,6.625,6.625,1,1,Randomized,0.996
0.1,6.625,6.625,1,1,Randomized,0.996
0.1,6.625,6.625,1,1,Randomized,0.996
0.1,6.625,6.625,1,1,Randomized,0.996
0.1,6.625,6.625,1,1,Randomized,0.996
0.1,6.625,6.625,1,1,Randomized,0.996
0.1,6.625,6.625,1,1,Randomized,0.996
0.1,6.625,6.625,1,1,Randomized,0.996
0.1,6.625,6.0227272727272725,1,0,Randomized,0.996
0.1,6.625,6.625,1,0,Randomized,0.996
0.1,6.625,6.625,1,1,Randomized,0.996
0.1,6.625,6.625,1,1,Randomized,0.996
0.1,6.625,6.625,1,1,Randomized,0.996
0.1,6.625,6.0227272727272725,1,0,Randomized,0.996
0.1,6.625,6.625,1,1,Randomized,0.996
0.1,6.625,6.625,1,1,Randomized,0.996
0.1,6.625,6.625,1,0,Randomized,0.996
0.1,6.625,6.625,1,1,Randomized,0.996
0.1,6.625,6.625,1,1,Randomized,0.996
0.1,6.625,6.625,1,1,Randomized,0.996
0.1,6.625,6.625,1,1,Randomized,0.996
0.1,6.625,6.625,1,1,Randomized,0.996
0.1,6.625,6.625,1,1,Randomized,0.996
0.1,6.625,6.625,1,1,Randomized,0.996
0.1,6.625,6.625,1,1,Randomized,0.996
0.1,6.625,6.625,1,1,Randomized,0.996
0.1,6.625,6.0227272727272725,1,0,Randomized,0.996
0.1,6.625,6.625,1,1,Randomized,0.996
0.1,6.625,6.625,1,1,Randomized,0.996
0.1,6.625,6.625,1,1,Randomized,0.996
0.1,6.625,6.625,1,1,Randomized,0.996
0.1,6.625,6.625,1,1,Randomized,0.996
0.1,6.625,6.625,1,1,Randomized,0.996
0.1,6.625,6.625,1,1,Randomized,0.996
0.1,6.625,6.625,1,1,Randomized,0.996
0.1,6.625,6.625,1,1,Randomized,0.996
0.1,6.625,6.625,1,1,Randomized,0.996
0.1,6.625,6.625,1,1,Randomized,0.996
0.1,6.625,6.625,1,1,Randomized,0.996
0.1,6.625,6.625,1,1,Randomized,0.996
0.1,6.625,4.732142857142857,0,0,Randomized,0.996
0.1,6.625,6.625,1,1,Randomized,0.996
0.1,6.625,6.625,1,1,Randomized,0.996
0.1,6.625,6.625,1,1,Randomized,0.996
0.1,6.625,6.625,1,1,Randomized,0.996
0.1,6.625,6.625,1,1,Randomized,0.996
0.1,6.625,6.625,1,1,Randomized,0.996
0.1,6.625,6.625,1,1,Randomized,0.996
0.1,6.625,6.625,1,0,Randomized,0.996
0.1,6.625,6.625,1,0,Randomized,0.996
0.1,6.625,6.625,1,1,Randomized,0.996
0.1,6.625,6.625,1,0,Randomized,0.996
0.1,6.625,6.625,1,1,Randomized,0.996
0.1,6.625,6.625,1,1,Randomized,0.996
0.1,6.625,6.625,1,1,Randomized,0.996
0.1,6.625,6.625,1,1,Randomized,0.996
0.1,6.625,6.625,1,1,Randomized,0.996
0.1,6.625,6.625,1,1,Randomized,0.996
0.1,6.625,6.625,1,1,Randomized,0.996
0.1,6.625,6.625,1,1,Randomized,0.996
0.1,6.625,0.0,1,0,Randomized,0.996
0.1,6.625,6.625,1,1,Randomized,0.996
0.1,6.625,6.625,1,1,Randomized,0.996
0.1,6.625,6.625,1,1,Randomized,0.996
0.1,6.625,6.625,1,1,Randomized,0.996
0.1,6.625,6.625,1,1,Randomized,0.996
0.1,6.625,6.625,1,1,Randomized,0.996
0.1,6.625,6.625,1,1,Randomized,0.996
0.1,6.625,6.625,1,1,Randomized,0.996
0.1,6.625,6.625,1,0,Randomized,0.996
0.1,6.625,6.625,1,1,Randomized,0.996
0.1,6.625,6.625,1,1,Randomized,0.996
0.1,6.625,6.625,1,1,Randomized,0.996
0.1,6.625,6.625,1,1,Randomized,0.996
0.1,6.625,6.625,1,1,Randomized,0.996
0.1,6.625,6.625,1,1,Randomized,0.996
0.1,6.625,6.625,1,1,Randomized,0.996
0.1,6.625,6.625,1,1,Randomized,0.996
0.1,6.625,6.625,1,1,Randomized,0.996
0.1,6.625,6.625,1,1,Randomized,0.996
0.1,6.625,6.625,1,1,Randomized,0.996
0.1,6.625,6.625,1,1,Randomized,0.996
0.1,6.625,6.625,1,1,Randomized,0.996
0.1,6.625,6.625,1,1,Randomized,0.996
0.1,6.625,6.625,1,1,Randomized,0.996
0.1,6.625,6.625,1,1,Randomized,0.996
0.1,6.625,6.625,1,1,Randomized,0.996
0.1,6.625,6.625,1,1,Randomized,0.996
0.1,6.625,6.625,1,1,Randomized,0.996
0.1,6.625,6.625,1,1,Randomized,0.996
0.1,6.625,6.625,1,1,Randomized,0.996
0.1,6.625,6.625,1,1,Randomized,0.996
0.1,6.625,6.625,1,1,Randomized,0.996
0.1,6.625,6.625,1,1,Randomized,0.996
0.1,6.625,6.625,0,0,Randomized,0.996
0.1,6.625,6.625,1,0,Randomized,0.996
0.1,6.625,6.625,1,1,Randomized,0.996
0.1,6.625,6.625,1,1,Randomized,0.996
0.1,6.625,6.625,1,1,Randomized,0.996
0.1,6.625,6.625,1,1,Randomized,0.996
0.1,6.625,6.625,1,1,Randomized,0.996
0.1,6.625,6.625,1,1,Randomized,0.996
0.1,6.625,6.625,1,1,Randomized,0.996
0.1,6.625,6.625,1,1,Randomized,0.996
0.1,6.625,6.625,1,1,Randomized,0.996
0.1,6.625,6.625,0,0,Randomized,0.996
0.1,6.625,6.625,1,1,Randomized,0.996
0.1,6.625,6.625,1,1,Randomized,0.996
0.1,6.625,6.625,1,1,Randomized,0.996
0.1,6.625,6.625,1,1,Randomized,0.996
0.1,6.625,6.625,1,1,Randomized,0.996
0.1,6.625,6.625,1,1,Randomized,0.996
0.1,6.625,6.625,1,1,Randomized,0.996
0.1,6.625,6.625,1,0,Randomized,0.996
0.1,6.625,6.625,1,0,Randomized,0.996
0.1,6.625,6.625,1,1,Randomized,0.996
0.1,6.625,6.625,1,1,Randomized,0.996
0.1,6.625,6.625,1,1,Randomized,0.996
0.1,6.625,6.625,1,1,Randomized,0.996
0.1,6.625,6.625,1,1,Randomized,0.996
0.1,6.625,6.625,1,1,Randomized,0.996
0.1,6.625,6.625,1,0,Randomized,0.996
0.1,6.625,6.625,1,1,Randomized,0.996
0.1,6.625,6.625,1,1,Randomized,0.996
0.1,6.625,6.625,1,0,Randomized,0.996
0.1,6.625,6.625,1,1,Randomized,0.996
0.1,6.625,6.625,1,1,Randomized,0.996
0.1,6.625,6.625,1,1,Randomized,0.996
0.1,6.625,6.0227272727272725,1,0,Randomized,0.996
0.1,6.625,6.625,1,1,Randomized,0.996
0.1,6.625,6.0227272727272725,0,0,Randomized,0.996
0.1,6.625,6.625,1,1,Randomized,0.996
0.1,6.625,6.625,1,1,Randomized,0.996
0.1,6.625,6.625,1,1,Randomized,0.996
0.1,6.625,6.625,1,1,Randomized,0.996
0.1,6.625,6.625,1,1,Randomized,0.996
0.1,6.625,6.625,1,0,Randomized,0.996
0.1,6.625,6.625,1,1,Randomized,0.996
0.1,6.625,6.625,1,1,Randomized,0.996
0.1,6.625,6.625,1,1,Randomized,0.996
0.1,6.625,6.625,1,1,Randomized,0.996
0.1,6.625,6.625,1,1,Randomized,0.996
0.1,6.625,6.625,1,1,Randomized,0.996
0.1,6.625,6.625,1,1,Randomized,0.996
0.1,6.625,6.625,1,1,Randomized,0.996
0.1,6.625,6.625,1,1,Randomized,0.996
0.1,6.625,6.625,1,0,Randomized,0.996
0.1,6.625,6.625,1,1,Randomized,0.996
0.1,6.625,6.625,1,1,Randomized,0.996
0.1,6.625,6.625,1,1,Randomized,0.996
0.1,6.625,6.625,1,1,Randomized,0.996
0.1,6.625,6.625,1,1,Randomized,0.996
0.1,6.625,6.625,1,1,Randomized,0.996
0.1,6.625,6.625,1,0,Randomized,0.996
0.1,6.625,6.625,1,1,Randomized,0.996
0.1,6.625,6.625,1,1,Randomized,0.996
0.1,6.625,6.625,1,1,Randomized,0.996
0.1,6.625,6.625,1,1,Randomized,0.996
0.1,6.625,6.625,1,1,Randomized,0.996
0.1,6.625,6.625,1,1,Randomized,0.996
0.1,6.625,6.625,1,1,Randomized,0.996
0.1,6.625,6.625,1,1,Randomized,0.996
0.1,6.625,6.625,1,1,Randomized,0.996
0.1,6.625,6.625,1,1,Randomized,0.996
0.1,6.625,6.625,1,1,Randomized,0.996
0.1,6.625,6.625,1,1,Randomized,0.996
0.1,6.625,6.625,1,1,Randomized,0.996
0.1,6.625,6.625,1,1,Randomized,0.996
0.1,6.625,6.625,1,1,Randomized,0.996
0.1,6.625,6.625,1,1,Randomized,0.996
0.1,6.625,6.625,1,1,Randomized,0.996
0.1,6.625,6.625,1,1,Randomized,0.996
0.1,6.625,6.625,1,0,Randomized,0.996
0.1,6.625,6.625,1,1,Randomized,0.996
0.1,6.625,6.625,1,1,Randomized,0.996
0.1,6.625,6.625,1,1,Randomized,0.996
0.1,6.625,6.625,1,1,Randomized,0.996
0.1,6.625,6.625,1,1,Randomized,0.996
0.1,6.625,6.625,1,1,Randomized,0.996
0.1,6.625,6.625,0,0,Randomized,0.996
0.1,6.625,6.625,0,1,Randomized,0.996
0.1,6.625,6.625,1,1,Randomized,0.996
0.1,6.625,6.625,1,1,Randomized,0.996
0.1,6.625,6.625,1,1,Randomized,0.996
0.1,6.625,6.625,1,1,Randomized,0.996
0.1,6.625,6.625,1,1,Randomized,0.996
0.1,6.625,6.625,1,1,Randomized,0.996
0.1,6.625,6.625,1,1,Randomized,0.996
0.1,6.625,6.625,1,1,Randomized,0.996
0.1,6.625,6.625,1,1,Randomized,0.996
0.1,6.625,6.625,1,1,Randomized,0.996
0.1,6.625,6.625,1,1,Randomized,0.996
0.1,6.625,6.625,1,1,Randomized,0.996
0.1,6.625,6.625,1,1,Randomized,0.996
0.1,6.625,6.625,0,1,Randomized,0.996
0.1,6.625,6.625,1,1,Randomized,0.996
0.1,6.625,6.625,1,1,Randomized,0.996
0.1,6.625,6.625,1,1,Randomized,0.996
0.1,6.625,6.625,1,1,Randomized,0.996
0.1,6.625,6.625,1,1,Randomized,0.996
0.1,6.625,6.625,1,1,Randomized,0.996
0.1,6.625,6.625,1,1,Randomized,0.996
0.1,6.625,6.625,1,1,Randomized,0.996
0.1,6.625,6.625,1,1,Randomized,0.996
0.1,6.625,6.625,0,1,Randomized,0.996
0.1,6.625,6.625,1,1,Randomized,0.996
0.1,6.625,6.625,1,1,Randomized,0.996
0.1,6.625,6.625,1,1,Randomized,0.996
0.1,6.625,6.625,1,1,Randomized,0.996
0.1,6.625,6.625,1,0,Randomized,0.996
0.1,6.625,6.625,1,1,Randomized,0.996
0.1,6.625,6.625,1,1,Randomized,0.996
0.1,6.625,6.625,1,1,Randomized,0.996
0.1,6.625,6.625,1,0,Randomized,0.996
0.1,6.625,6.625,1,1,Randomized,0.996
0.1,6.625,6.625,1,1,Randomized,0.996
0.1,6.625,6.625,1,0,Randomized,0.996
0.1,6.625,6.625,1,0,Randomized,0.996
0.1,6.625,6.625,1,1,Randomized,0.996
0.1,6.625,6.625,1,1,Randomized,0.996
0.1,6.625,6.625,1,1,Randomized,0.996
0.1,6.625,6.625,1,1,Randomized,0.996
0.1,6.625,5.678571428571429,1,0,Randomized,0.996
0.1,6.625,6.625,1,1,Randomized,0.996
0.1,6.625,6.625,1,1,Randomized,0.996
0.1,6.625,6.625,1,1,Randomized,0.996
0.1,6.625,6.625,1,1,Randomized,0.996
0.1,6.625,6.625,1,1,Randomized,0.996
0.1,6.625,6.625,1,1,Randomized,0.996
0.1,6.625,6.625,1,0,Randomized,0.996
0.1,6.625,6.625,1,1,Randomized,0.996
0.1,6.625,6.625,1,1,Randomized,0.996
0.1,6.625,6.625,1,1,Randomized,0.996
0.1,6.625,6.625,1,1,Randomized,0.996
0.1,6.625,6.625,1,1,Randomized,0.996
0.1,6.625,6.625,1,1,Randomized,0.996
0.1,6.625,6.625,1,0,Randomized,0.996
0.1,6.625,6.625,1,0,Randomized,0.996
0.1,6.625,6.625,1,1,Randomized,0.996
0.1,6.625,6.625,1,1,Randomized,0.996
0.1,6.625,6.625,1,1,Randomized,0.996
0.1,6.625,6.625,1,1,Randomized,0.996
0.1,6.625,6.625,1,1,Randomized,0.996
0.1,6.625,6.625,1,0,Randomized,0.996
0.1,6.625,6.625,1,1,Randomized,0.996
0.1,6.625,6.625,1,1,Randomized,0.996
0.1,6.625,6.625,1,1,Randomized,0.996
0.1,6.625,6.625,1,1,Randomized,0.996
0.1,6.625,6.625,1,1,Randomized,0.996
0.1,6.625,6.625,1,1,Randomized,0.996
0.1,6.625,6.625,1,1,Randomized,0.996
0.1,6.625,6.625,1,1,Randomized,0.996
0.1,6.625,6.625,1,1,Randomized,0.996
0.1,6.625,6.625,1,0,Randomized,0.996
0.1,6.625,6.625,1,1,Randomized,0.996
0.1,6.625,6.625,1,1,Randomized,0.996
0.1,6.625,6.625,1,1,Randomized,0.996
0.1,6.625,6.625,1,1,Randomized,0.996
0.1,6.625,6.625,1,1,Randomized,0.996
0.1,6.625,6.625,1,1,Randomized,0.996
0.1,6.625,6.625,1,1,Randomized,0.996
0.1,6.625,6.625,1,1,Randomized,0.996
0.1,6.625,6.625,1,1,Randomized,0.996
0.1,6.625,6.625,1,1,Randomized,0.996
0.1,6.625,6.625,1,1,Randomized,0.996
0.1,6.625,6.625,1,1,Randomized,0.996
0.1,6.625,6.625,1,1,Randomized,0.996
0.1,6.625,6.625,1,1,Randomized,0.996
0.1,6.625,6.625,1,1,Randomized,0.996
0.1,6.625,6.625,1,1,Randomized,0.996
0.1,6.625,6.625,1,0,Randomized,0.996
0.1,6.625,6.625,1,1,Randomized,0.996
0.1,6.625,6.625,1,0,Randomized,0.996
0.1,6.625,6.625,1,1,Randomized,0.996
0.1,6.625,6.625,1,1,Randomized,0.996
0.1,6.625,6.625,1,1,Randomized,0.996
0.1,6.625,6.625,1,1,Randomized,0.996
0.1,6.625,6.625,1,1,Randomized,0.996
0.1,6.625,6.0227272727272725,1,0,Randomized,0.996
0.1,6.625,6.625,1,1,Randomized,0.996
0.1,6.625,6.625,1,0,Randomized,0.996
0.1,6.625,6.625,1,1,Randomized,0.996
0.1,6.625,6.625,1,1,Randomized,0.996
0.1,6.625,6.625,1,1,Randomized,0.996
0.1,6.625,6.625,1,1,Randomized,0.996
0.1,6.625,6.625,1,1,Randomized,0.996
0.1,6.625,6.625,1,1,Randomized,0.996
0.1,6.625,6.625,1,1,Randomized,0.996
0.1,6.625,6.0227272727272725,1,0,Randomized,0.996
0.1,6.625,6.625,1,1,Randomized,0.996
0.1,6.625,6.625,1,1,Randomized,0.996
0.1,6.625,6.625,1,1,Randomized,0.996
0.1,6.625,6.625,1,1,Randomized,0.996
0.1,6.625,6.625,1,1,Randomized,0.996
0.1,6.625,6.625,1,0,Randomized,0.996
0.1,6.625,6.625,1,1,Randomized,0.996
0.1,6.625,6.625,1,1,Randomized,0.996
0.1,6.625,6.625,1,0,Randomized,0.996
0.1,6.625,6.625,1,1,Randomized,0.996
0.1,6.625,6.625,1,1,Randomized,0.996
0.1,6.625,6.625,1,1,Randomized,0.996
0.1,6.625,6.625,1,1,Randomized,0.996
0.1,6.625,5.520833333333333,1,0,Randomized,0.996
0.1,6.625,6.625,1,1,Randomized,0.996
0.1,6.625,6.625,1,1,Randomized,0.996
0.1,6.625,6.625,1,1,Randomized,0.996
0.1,6.625,6.625,1,1,Randomized,0.996
0.1,6.625,6.625,1,1,Randomized,0.996
0.1,6.625,6.625,1,1,Randomized,0.996
0.1,6.625,6.625,0,0,Randomized,0.996
0.1,6.625,6.0227272727272725,1,0,Randomized,0.996
0.1,6.625,6.625,1,1,Randomized,0.996
0.1,6.625,6.625,1,1,Randomized,0.996
0.1,6.625,6.625,1,0,Randomized,0.996
0.1,6.625,6.625,1,1,Randomized,0.996
0.1,6.625,6.625,1,1,Randomized,0.996
0.1,6.625,6.625,1,1,Randomized,0.996
0.1,6.625,6.625,1,0,Randomized,0.996
0.1,6.625,6.625,1,1,Randomized,0.996
0.1,6.625,6.625,1,1,Randomized,0.996
0.1,6.625,6.625,1,0,Randomized,0.996
0.1,6.625,6.625,1,1,Randomized,0.996
0.1,6.625,6.625,1,1,Randomized,0.996
0.1,6.625,6.625,1,1,Randomized,0.996
0.1,6.625,6.625,1,1,Randomized,0.996
0.1,6.625,6.625,1,1,Randomized,0.996
0.1,6.625,6.625,1,0,Randomized,0.996
0.1,6.625,6.625,1,1,Randomized,0.996
0.1,6.625,6.625,1,0,Randomized,0.996
0.1,6.625,6.625,1,1,Randomized,0.996
0.1,6.625,6.625,1,1,Randomized,0.996
0.1,6.625,6.625,1,1,Randomized,0.996
0.1,6.625,6.625,1,0,Randomized,0.996
0.1,6.625,6.625,1,1,Randomized,0.996
0.1,6.625,6.625,1,1,Randomized,0.996
0.1,6.625,6.625,1,1,Randomized,0.996
0.1,6.625,6.625,1,1,Randomized,0.996
0.1,6.625,6.625,1,1,Randomized,0.996
0.1,6.625,6.625,1,1,Randomized,0.996
0.1,6.625,6.625,1,1,Randomized,0.996
0.1,6.625,6.625,1,1,Randomized,0.996
0.1,6.625,6.625,1,1,Randomized,0.996
0.1,6.625,6.625,1,1,Randomized,0.996
0.1,6.625,6.0227272727272725,0,0,Randomized,0.996
0.1,6.625,6.625,1,0,Randomized,0.996
0.1,6.625,6.0227272727272725,1,0,Randomized,0.996
0.1,6.625,6.625,1,1,Randomized,0.996
0.1,6.625,6.625,1,1,Randomized,0.996
0.1,6.625,6.625,1,1,Randomized,0.996
0.1,6.625,6.625,1,1,Randomized,0.996
0.1,6.625,6.625,1,0,Randomized,0.996
0.1,6.625,6.625,1,1,Randomized,0.996
0.1,6.625,6.625,1,0,Randomized,0.996
0.1,6.625,6.625,1,1,Randomized,0.996
0.1,6.625,6.625,1,1,Randomized,0.996
0.1,6.625,6.625,1,1,Randomized,0.996
0.1,6.625,6.625,1,1,Randomized,0.996
0.1,6.625,6.625,1,1,Randomized,0.996
0.1,6.625,6.625,1,1,Randomized,0.996
0.1,6.625,6.0227272727272725,1,0,Randomized,0.996
0.1,6.625,6.625,1,0,Randomized,0.996
0.1,6.625,6.625,1,0,Randomized,0.996
0.1,6.625,6.625,1,1,Randomized,0.996
0.1,6.625,6.625,1,1,Randomized,0.996
0.1,6.625,6.625,1,1,Randomized,0.996
0.1,6.625,6.625,1,1,Randomized,0.996
0.1,6.625,6.625,1,1,Randomized,0.996
0.1,6.625,6.625,1,1,Randomized,0.996
0.1,6.625,6.625,1,1,Randomized,0.996
0.1,6.625,6.625,1,1,Randomized,0.996
0.1,6.625,6.625,1,1,Randomized,0.996
0.1,6.625,6.625,1,1,Randomized,0.996
0.1,6.625,6.625,1,1,Randomized,0.996
0.1,6.625,6.625,1,1,Randomized,0.996
0.1,6.625,6.625,1,1,Randomized,0.996
0.1,6.625,6.625,1,1,Randomized,0.996
0.1,6.625,6.625,1,1,Randomized,0.996
0.1,6.625,6.625,1,1,Randomized,0.996
0.1,6.625,6.625,1,1,Randomized,0.996
0.1,6.625,6.625,1,1,Randomized,0.996
0.1,6.625,6.625,1,0,Randomized,0.996
0.1,6.625,6.625,1,1,Randomized,0.996
0.1,6.625,6.625,1,1,Randomized,0.996
0.1,6.625,6.625,1,1,Randomized,0.996
0.1,6.625,6.625,1,1,Randomized,0.996
0.1,6.625,6.625,1,1,Randomized,0.996
0.1,6.625,6.625,1,1,Randomized,0.996
0.1,6.625,6.625,1,1,Randomized,0.996
0.1,6.625,6.625,1,0,Randomized,0.996
0.1,6.625,6.625,1,0,Randomized,0.996
0.1,6.625,0.0,0,0,Randomized,0.996
0.1,6.625,6.625,1,1,Randomized,0.996
0.1,6.625,6.625,1,1,Randomized,0.996
0.1,6.625,6.625,1,1,Randomized,0.996
0.1,6.625,6.625,1,1,Randomized,0.996
0.1,6.625,6.625,1,1,Randomized,0.996
0.1,6.625,6.625,1,1,Randomized,0.996
0.1,6.625,6.625,1,1,Randomized,0.996
0.1,6.625,6.625,1,1,Randomized,0.996
0.1,6.625,6.625,1,1,Randomized,0.996
0.1,6.625,6.625,1,1,Randomized,0.996
0.1,6.625,6.625,1,1,Randomized,0.996
0.1,6.625,6.0227272727272725,1,0,Randomized,0.996
0.1,6.625,6.625,1,1,Randomized,0.996
0.1,6.625,6.625,1,1,Randomized,0.996
0.1,6.625,6.625,1,1,Randomized,0.996
0.1,6.625,6.625,1,1,Randomized,0.996
0.1,6.625,6.625,1,1,Randomized,0.996
0.1,6.625,6.625,1,1,Randomized,0.996
0.1,6.625,6.625,1,0,Randomized,0.996
0.1,6.625,6.625,1,1,Randomized,0.996
0.1,6.625,6.625,1,1,Randomized,0.996
0.1,6.625,6.625,1,0,Randomized,0.996
0.1,6.625,6.625,1,1,Randomized,0.996
0.1,6.625,6.625,1,1,Randomized,0.996
0.1,6.625,6.625,1,1,Randomized,0.996
0.1,6.625,6.625,1,1,Randomized,0.996
0.1,6.625,6.625,1,1,Randomized,0.996
0.1,6.625,6.625,1,1,Randomized,0.996
0.1,6.625,6.625,1,1,Randomized,0.996
0.1,6.625,6.625,1,1,Randomized,0.996
0.1,6.625,6.625,1,0,Randomized,0.996
0.1,6.625,6.625,1,1,Randomized,0.996
0.1,6.625,6.625,1,1,Randomized,0.996
0.1,6.625,6.625,1,1,Randomized,0.996
0.1,6.625,6.625,1,1,Randomized,0.996
0.1,6.625,6.625,1,1,Randomized,0.996
0.1,6.625,6.625,1,1,Randomized,0.996
0.1,6.625,6.625,1,1,Randomized,0.996
0.1,6.625,6.625,1,1,Randomized,0.996
0.1,6.625,6.625,1,1,Randomized,0.996
0.1,6.625,6.625,1,1,Randomized,0.996
0.1,6.625,6.625,1,1,Randomized,0.996
0.1,6.625,6.625,1,1,Randomized,0.996
0.1,6.625,6.625,1,1,Randomized,0.996
0.1,6.625,6.625,1,0,Randomized,0.996
0.1,6.625,6.625,1,1,Randomized,0.996
0.1,6.625,6.625,1,0,Randomized,0.996
0.1,6.625,6.625,1,1,Randomized,0.996
0.1,6.625,6.625,1,1,Randomized,0.996
0.1,6.625,6.625,1,1,Randomized,0.996
0.1,6.625,6.625,1,1,Randomized,0.996
0.1,6.625,6.625,1,0,Randomized,0.996
0.1,6.625,6.625,1,1,Randomized,0.996
0.1,6.625,6.625,1,1,Randomized,0.996
0.1,6.625,6.625,1,1,Randomized,0.996
0.1,6.625,6.0829545454545455,0,1,Randomized,0.996
0.1,6.625,6.625,1,1,Randomized,0.996
0.1,6.625,6.625,1,0,Randomized,0.996
0.1,6.625,6.625,1,1,Randomized,0.996
0.1,6.625,6.625,1,1,Randomized,0.996
0.1,6.625,6.625,1,0,Randomized,0.996
0.1,6.625,6.625,1,1,Randomized,0.996
0.1,6.625,6.625,1,0,Randomized,0.996
0.1,6.625,6.625,1,1,Randomized,0.996
0.1,6.625,6.625,1,0,Randomized,0.996
0.1,6.625,6.625,1,0,Randomized,0.996
0.1,6.625,6.625,1,1,Randomized,0.996
0.1,6.625,6.0227272727272725,1,0,Randomized,0.996
0.1,6.625,6.625,1,1,Randomized,0.996
0.1,6.625,6.625,1,1,Randomized,0.996
0.1,6.625,6.625,1,1,Randomized,0.996
0.1,6.625,6.625,1,1,Randomized,0.996
0.1,6.625,6.625,1,1,Randomized,0.996
0.1,6.625,6.625,1,1,Randomized,0.996
0.1,6.625,6.625,1,1,Randomized,0.996
0.1,6.625,6.625,1,1,Randomized,0.996
0.1,6.625,6.625,1,1,Randomized,0.996
0.1,6.625,6.625,1,0,Randomized,0.996
0.1,6.625,6.625,1,1,Randomized,0.996
0.1,6.625,6.625,1,1,Randomized,0.996
0.1,6.625,6.625,1,0,Randomized,0.996
0.1,6.625,6.625,1,1,Randomized,0.996
0.1,6.625,6.625,1,1,Randomized,0.996
0.1,6.625,6.625,1,0,Randomized,0.996
0.1,6.625,6.625,0,1,Randomized,0.996
0.1,6.625,6.625,1,1,Randomized,0.996
0.1,6.625,6.625,1,1,Randomized,0.996
0.1,6.625,6.625,1,1,Randomized,0.996
0.1,6.625,6.625,1,1,Randomized,0.996
0.1,6.625,6.625,1,1,Randomized,0.996
0.1,6.625,6.625,1,1,Randomized,0.996
0.1,6.625,6.625,1,1,Randomized,0.996
0.1,6.625,6.625,1,0,Randomized,0.996
0.1,6.625,6.625,0,1,Randomized,0.996
0.1,6.625,6.625,1,1,Randomized,0.996
0.1,6.625,6.0227272727272725,1,0,Randomized,0.996
0.1,6.625,6.625,1,1,Randomized,0.996
0.1,6.625,6.625,0,0,Randomized,0.996
0.1,6.625,6.625,1,1,Randomized,0.996
0.1,6.625,6.625,1,1,Randomized,0.996
0.1,6.625,6.625,1,1,Randomized,0.996
0.1,6.625,6.625,1,1,Randomized,0.996
0.1,6.625,6.625,1,1,Randomized,0.996
0.1,6.625,6.625,1,1,Randomized,0.996
0.1,6.625,6.625,1,1,Randomized,0.996
0.1,6.625,6.625,1,1,Randomized,0.996
0.1,6.625,6.625,1,1,Randomized,0.996
0.1,6.625,6.625,1,1,Randomized,0.996
0.1,6.625,6.625,1,1,Randomized,0.996
0.1,6.625,6.625,1,1,Randomized,0.996
0.1,6.625,6.625,1,1,Randomized,0.996
0.1,6.625,6.625,1,1,Randomized,0.996
0.1,6.625,6.625,1,1,Randomized,0.996
0.1,6.625,6.625,1,1,Randomized,0.996
0.1,6.625,6.625,1,1,Randomized,0.996
0.1,6.625,6.625,1,1,Randomized,0.996
0.1,6.625,6.0227272727272725,0,0,Randomized,0.996
0.1,6.625,6.625,1,1,Randomized,0.996
0.1,6.625,6.0227272727272725,1,0,Randomized,0.996
0.1,6.625,6.625,1,0,Randomized,0.996
0.1,6.625,6.625,1,1,Randomized,0.996
0.1,6.625,6.625,1,1,Randomized,0.996
0.1,6.625,6.625,1,1,Randomized,0.996
0.1,6.625,6.625,1,1,Randomized,0.996
0.1,6.625,6.625,1,1,Randomized,0.996
0.1,6.625,6.625,1,1,Randomized,0.996
0.1,6.625,6.625,1,1,Randomized,0.996
0.1,6.625,6.625,1,1,Randomized,0.996
0.1,6.625,6.625,1,1,Randomized,0.996
0.1,6.625,6.625,1,1,Randomized,0.996
0.1,6.625,6.625,1,1,Randomized,0.996
0.1,6.625,6.625,1,1,Randomized,0.996
0.1,6.625,6.0227272727272725,0,0,Randomized,0.996
0.1,6.625,6.625,1,0,Randomized,0.996
0.1,6.625,6.625,1,1,Randomized,0.996
0.1,6.625,6.625,1,1,Randomized,0.996
0.1,6.625,6.625,1,1,Randomized,0.996
0.1,6.625,6.625,1,1,Randomized,0.996
0.1,6.625,6.625,1,1,Randomized,0.996
0.1,6.625,6.625,1,1,Randomized,0.996
0.1,6.625,6.625,1,1,Randomized,0.996
0.1,6.625,6.625,1,1,Randomized,0.996
0.1,6.625,6.625,1,1,Randomized,0.996
0.1,6.625,6.625,1,1,Randomized,0.996
0.1,6.625,6.625,1,1,Randomized,0.996
0.1,6.625,6.625,1,0,Randomized,0.996
0.1,6.625,6.625,1,1,Randomized,0.996
0.1,6.625,6.625,1,1,Randomized,0.996
0.1,6.625,6.625,1,1,Randomized,0.996
0.1,6.625,6.625,1,1,Randomized,0.996
0.1,6.625,6.625,1,1,Randomized,0.996
0.1,6.625,6.0227272727272725,0,0,Randomized,0.996
0.1,6.625,6.625,1,1,Randomized,0.996
0.1,6.625,6.625,1,1,Randomized,0.996
0.1,6.625,6.625,1,1,Randomized,0.996
0.1,6.625,6.625,1,1,Randomized,0.996
0.1,6.625,6.625,1,1,Randomized,0.996
0.1,6.625,6.625,1,1,Randomized,0.996
0.1,6.625,6.625,1,1,Randomized,0.996
0.1,6.625,6.625,1,1,Randomized,0.996
0.1,6.625,6.625,1,1,Randomized,0.996
0.1,6.625,6.625,0,1,Randomized,0.996
0.1,6.625,6.625,1,1,Randomized,0.996
0.1,6.625,6.625,1,1,Randomized,0.996
0.1,6.625,6.625,1,1,Randomized,0.996
0.1,6.625,6.625,1,1,Randomized,0.996
0.1,6.625,6.625,1,1,Randomized,0.996
0.1,6.625,6.625,1,1,Randomized,0.996
0.1,6.625,6.625,1,1,Randomized,0.996
0.1,6.625,6.625,1,1,Randomized,0.996
0.1,6.625,6.625,1,1,Randomized,0.996
0.1,6.625,6.625,1,1,Randomized,0.996
0.1,6.625,6.625,1,0,Randomized,0.996
0.1,6.625,6.625,1,1,Randomized,0.996
0.1,6.625,6.625,1,1,Randomized,0.996
0.1,6.625,6.625,1,1,Randomized,0.996
0.1,6.625,6.625,1,1,Randomized,0.996
0.1,6.625,6.625,1,1,Randomized,0.996
0.1,6.625,6.625,1,1,Randomized,0.996
0.1,6.625,6.625,1,1,Randomized,0.996
0.1,6.625,6.625,1,1,Randomized,0.996
0.1,6.625,6.625,1,1,Randomized,0.996
0.1,6.625,6.625,1,1,Randomized,0.996
0.1,6.625,6.625,1,1,Randomized,0.996
0.1,6.625,6.625,1,1,Randomized,0.996
0.1,6.625,6.625,0,1,Randomized,0.996
0.1,6.625,6.625,1,0,Randomized,0.996
0.1,6.625,6.625,1,1,Randomized,0.996
0.1,6.625,6.625,1,1,Randomized,0.996
0.1,6.625,6.625,1,1,Randomized,0.996
0.1,6.625,6.625,1,1,Randomized,0.996
0.1,6.625,6.625,0,0,Randomized,0.996
0.1,6.625,6.625,1,1,Randomized,0.996
0.1,6.625,6.625,1,1,Randomized,0.996
0.1,6.625,6.625,1,1,Randomized,0.996
0.1,6.625,6.625,1,1,Randomized,0.996
0.1,6.625,6.625,1,1,Randomized,0.996
0.1,6.625,6.625,1,1,Randomized,0.996
0.1,6.625,6.625,1,1,Randomized,0.996
0.1,6.625,6.625,1,1,Randomized,0.996
0.1,6.625,6.625,1,1,Randomized,0.996
0.1,6.625,6.625,1,1,Randomized,0.996
0.1,6.625,6.625,0,1,Randomized,0.996
0.1,6.625,6.625,1,1,Randomized,0.996
0.1,6.625,6.625,1,1,Randomized,0.996
0.1,6.625,6.625,1,1,Randomized,0.996
0.1,6.625,6.625,1,1,Randomized,0.996
0.1,6.625,6.625,1,1,Randomized,0.996
0.1,6.625,6.625,1,1,Randomized,0.996
0.1,6.625,6.625,1,1,Randomized,0.996
0.1,6.625,6.625,1,1,Randomized,0.996
0.1,6.625,6.625,1,0,Randomized,0.996
0.1,6.625,6.625,1,1,Randomized,0.996
0.1,6.625,6.625,1,1,Randomized,0.996
0.1,6.625,6.625,1,1,Randomized,0.996
0.1,6.625,6.0227272727272725,1,0,Randomized,0.996
0.1,6.625,6.625,1,1,Randomized,0.996
0.1,6.625,6.625,1,1,Randomized,0.996
0.1,6.625,6.625,1,1,Randomized,0.996
0.1,6.625,6.625,1,1,Randomized,0.996
0.1,6.625,6.625,1,1,Randomized,0.996
0.1,6.625,6.625,1,1,Randomized,0.996
0.1,6.625,6.625,1,1,Randomized,0.996
0.1,6.625,6.625,1,1,Randomized,0.996
0.1,6.625,6.625,1,1,Randomized,0.996
0.1,6.625,6.625,1,1,Randomized,0.996
0.1,6.625,6.625,1,1,Randomized,0.996
0.1,6.625,6.625,1,1,Randomized,0.996
0.1,6.625,6.625,1,1,Randomized,0.996
0.1,6.625,6.625,1,1,Randomized,0.996
0.1,6.625,6.625,1,1,Randomized,0.996
0.1,6.625,6.625,1,1,Randomized,0.996
0.1,6.625,6.625,1,0,Randomized,0.996
0.1,6.625,6.625,1,1,Randomized,0.996
0.1,6.625,6.625,1,1,Randomized,0.996
0.1,6.625,6.625,1,0,Randomized,0.996
0.1,6.625,6.625,1,0,Randomized,0.996
0.1,6.625,6.625,1,1,Randomized,0.996
0.1,6.625,6.625,1,0,Randomized,0.996
0.1,6.625,6.625,1,0,Randomized,0.996
0.1,6.625,6.625,1,0,Randomized,0.996
0.1,6.625,6.625,1,1,Randomized,0.996
0.1,6.625,6.625,1,1,Randomized,0.996
0.1,6.625,6.0227272727272725,1,0,Randomized,0.996
0.1,6.625,6.625,1,1,Randomized,0.996
0.1,6.625,6.625,1,1,Randomized,0.996
0.1,6.625,6.625,1,1,Randomized,0.996
0.1,6.625,6.625,1,1,Randomized,0.996
0.1,6.625,6.625,1,1,Randomized,0.996
0.1,6.625,6.625,1,1,Randomized,0.996
0.1,6.625,6.0227272727272725,1,0,Randomized,0.996
0.1,6.625,6.625,1,1,Randomized,0.996
0.1,6.625,6.625,1,1,Randomized,0.996
0.1,6.625,6.625,1,1,Randomized,0.996
0.1,6.625,6.625,1,1,Randomized,0.996
0.1,6.625,6.625,1,1,Randomized,0.996
0.1,6.625,6.625,1,1,Randomized,0.996
0.1,6.625,6.625,1,1,Randomized,0.996
0.1,6.625,6.625,1,1,Randomized,0.996
0.1,6.625,6.625,1,1,Randomized,0.996
0.1,6.625,6.625,1,1,Randomized,0.996
0.1,6.625,6.625,1,1,Randomized,0.996
0.1,6.625,6.625,1,1,Randomized,0.996
0.1,6.625,6.625,1,1,Randomized,0.996
0.1,6.625,6.625,1,1,Randomized,0.996
0.1,6.625,6.625,1,1,Randomized,0.996
0.1,6.625,6.625,1,1,Randomized,0.996
0.1,6.625,6.625,1,1,Randomized,0.996
0.1,6.625,6.625,1,1,Randomized,0.996
0.1,6.625,6.625,1,1,Randomized,0.996
0.1,6.625,6.625,1,1,Randomized,0.996
0.1,6.625,6.625,1,1,Randomized,0.996
0.1,6.625,6.625,1,0,Randomized,0.996
0.1,6.625,6.625,1,1,Randomized,0.996
0.1,6.625,6.625,1,1,Randomized,0.996
0.1,6.625,6.625,1,0,Randomized,0.996
0.1,6.625,6.625,1,1,Randomized,0.996
0.1,6.625,6.625,1,1,Randomized,0.996
0.1,6.625,6.625,1,1,Randomized,0.996
0.1,6.625,6.625,1,1,Randomized,0.996
0.1,6.625,6.625,1,1,Randomized,0.996
0.1,6.625,6.625,1,1,Randomized,0.996
0.1,6.625,6.625,1,1,Randomized,0.996
0.1,6.625,6.625,1,1,Randomized,0.996
0.1,6.625,6.625,1,1,Randomized,0.996
0.1,6.625,6.625,1,1,Randomized,0.996
0.1,6.625,6.625,1,1,Randomized,0.996
0.1,6.625,6.625,1,1,Randomized,0.996
0.1,6.625,6.625,1,1,Randomized,0.996
0.1,6.625,6.625,1,1,Randomized,0.996
0.1,6.625,6.625,1,1,Randomized,0.996
0.1,6.625,6.625,1,1,Randomized,0.996
0.1,6.625,6.625,1,1,Randomized,0.996
0.1,6.625,6.625,1,0,Randomized,0.996
0.1,6.625,6.625,1,0,Randomized,0.996
0.1,6.625,6.625,1,1,Randomized,0.996
0.1,6.625,6.0227272727272725,0,0,Randomized,0.996
0.1,6.625,6.625,1,1,Randomized,0.996
0.1,6.625,6.625,1,1,Randomized,0.996
0.1,6.625,6.625,1,0,Randomized,0.996
0.1,6.625,6.625,1,1,Randomized,0.996
0.1,6.625,6.625,1,1,Randomized,0.996
0.1,6.625,6.625,1,0,Randomized,0.996
0.1,6.625,6.625,1,1,Randomized,0.996
0.1,6.625,6.625,1,0,Randomized,0.996
0.1,6.625,6.625,0,1,Randomized,0.996
0.1,6.625,6.625,1,1,Randomized,0.996
0.1,6.625,6.625,1,1,Randomized,0.996
0.1,6.625,6.625,1,0,Randomized,0.996
0.1,6.625,6.625,1,1,Randomized,0.996
0.1,6.625,6.625,1,1,Randomized,0.996
0.1,6.625,6.625,1,1,Randomized,0.996
0.1,6.625,6.625,1,1,Randomized,0.996
0.1,6.625,6.625,1,1,Randomized,0.996
0.1,6.625,6.625,1,1,Randomized,0.996
0.1,6.625,6.625,1,1,Randomized,0.996
0.1,6.625,6.625,1,1,Randomized,0.996
0.1,6.625,6.625,1,1,Randomized,0.996
0.1,6.625,6.625,1,1,Randomized,0.996
0.1,6.625,6.625,1,1,Randomized,0.996
0.1,6.625,6.625,1,1,Randomized,0.996
0.1,6.625,6.625,1,1,Randomized,0.996
0.1,6.625,6.625,1,1,Randomized,0.996
0.1,6.625,6.625,1,1,Randomized,0.996
0.1,6.625,6.625,1,1,Randomized,0.996
0.1,6.625,6.625,1,1,Randomized,0.996
0.1,6.625,6.625,1,1,Randomized,0.996
0.1,6.625,6.625,1,1,Randomized,0.996
0.1,6.625,6.625,1,1,Randomized,0.996
0.1,6.625,6.625,1,1,Randomized,0.996
0.1,6.625,6.625,1,1,Randomized,0.996
0.1,6.625,6.625,1,1,Randomized,0.996
0.1,6.625,6.625,1,1,Randomized,0.996
0.1,6.625,6.625,1,1,Randomized,0.996
0.1,6.625,6.625,1,0,Randomized,0.996
0.1,6.625,6.625,1,1,Randomized,0.996
0.1,6.625,6.625,1,1,Randomized,0.996
0.1,6.625,6.625,0,1,Randomized,0.996
0.1,6.625,6.625,1,0,Randomized,0.996
0.1,6.625,6.625,1,1,Randomized,0.996
0.1,6.625,6.625,1,0,Randomized,0.996
0.1,6.625,6.625,1,0,Randomized,0.996
0.1,6.625,6.625,1,1,Randomized,0.996
0.1,6.625,6.625,1,1,Randomized,0.996
0.1,6.625,6.625,1,1,Randomized,0.996
0.1,6.625,6.625,1,1,Randomized,0.996
0.1,6.625,6.625,1,1,Randomized,0.996
0.1,6.625,6.625,1,1,Randomized,0.996
0.1,6.625,6.625,1,1,Randomized,0.996
0.1,6.625,6.625,1,1,Randomized,0.996
0.1,6.625,6.625,1,1,Randomized,0.996
0.1,6.625,6.625,1,1,Randomized,0.996
0.1,6.625,6.625,1,0,Randomized,0.996
0.1,6.625,6.625,1,0,Randomized,0.996
0.1,6.625,6.625,1,1,Randomized,0.996
0.1,6.625,6.625,1,1,Randomized,0.996
0.1,6.625,6.625,1,1,Randomized,0.996
0.1,6.625,6.625,1,1,Randomized,0.996
0.1,6.625,6.625,1,1,Randomized,0.996
0.1,6.625,6.625,1,1,Randomized,0.996
0.1,6.625,6.625,1,1,Randomized,0.996
0.1,6.625,6.625,1,1,Randomized,0.996
0.1,6.625,6.625,1,1,Randomized,0.996
0.1,6.625,6.625,1,1,Randomized,0.996
0.1,6.625,1.65625,0,0,Randomized,0.996
0.1,6.625,6.625,1,1,Randomized,0.996
0.1,6.625,6.625,1,0,Randomized,0.996
0.1,6.625,6.625,1,0,Randomized,0.996
0.1,6.625,6.625,1,1,Randomized,0.996
0.1,6.625,6.625,1,0,Randomized,0.996
0.1,6.625,6.625,1,1,Randomized,0.996
0.1,6.625,6.625,1,1,Randomized,0.996
0.1,6.625,6.625,1,1,Randomized,0.996
0.1,6.625,6.625,1,1,Randomized,0.996
0.1,6.625,6.625,1,1,Randomized,0.996
0.1,6.625,6.625,1,0,Randomized,0.996
0.1,6.625,6.625,1,1,Randomized,0.996
0.1,6.625,6.625,1,1,Randomized,0.996
0.1,6.625,6.625,1,1,Randomized,0.996
0.1,6.625,6.625,1,1,Randomized,0.996
0.1,6.625,6.625,1,1,Randomized,0.996
0.1,6.625,6.625,1,1,Randomized,0.996
0.1,6.625,6.625,1,1,Randomized,0.996
0.1,6.625,6.625,1,1,Randomized,0.996
0.1,6.625,6.625,1,1,Randomized,0.996
0.1,6.625,6.625,1,0,Randomized,0.996
0.1,6.625,6.625,1,1,Randomized,0.996
0.1,6.625,6.625,1,1,Randomized,0.996
0.1,6.625,6.625,1,1,Randomized,0.996
0.1,6.625,6.625,1,1,Randomized,0.996
0.1,6.625,6.625,1,1,Randomized,0.996
0.1,6.625,6.625,1,1,Randomized,0.996
0.1,6.625,6.625,1,1,Randomized,0.996
0.1,6.625,6.625,1,1,Randomized,0.996
0.1,6.625,6.625,1,1,Randomized,0.996
0.1,6.625,6.625,1,1,Randomized,0.996
0.1,6.625,6.625,1,1,Randomized,0.996
0.1,6.625,6.625,1,1,Randomized,0.996
0.1,6.625,6.625,1,1,Randomized,0.996
0.1,6.625,6.625,1,1,Randomized,0.996
0.1,6.625,6.625,1,1,Randomized,0.996
0.1,6.625,6.625,1,1,Randomized,0.996
0.1,6.625,6.625,1,1,Randomized,0.996
0.1,6.625,6.625,1,1,Randomized,0.996
0.1,6.625,6.625,1,1,Randomized,0.996
0.1,6.625,6.0227272727272725,0,0,Randomized,0.996
0.1,6.625,6.625,1,1,Randomized,0.996
0.1,6.625,6.625,1,1,Randomized,0.996
0.1,6.625,6.625,1,1,Randomized,0.996
0.1,6.625,6.0227272727272725,0,0,Randomized,0.996
0.1,6.625,6.625,1,0,Randomized,0.996
0.1,6.625,6.0227272727272725,1,0,Randomized,0.996
0.1,6.625,6.625,1,1,Randomized,0.996
0.1,6.625,6.625,1,1,Randomized,0.996
0.1,6.625,6.625,1,1,Randomized,0.996
0.1,6.625,6.625,1,0,Randomized,0.996
0.1,6.625,6.625,1,1,Randomized,0.996
0.1,6.625,6.625,1,1,Randomized,0.996
0.1,6.625,6.625,1,1,Randomized,0.996
0.1,6.625,6.625,1,1,Randomized,0.996
0.1,6.625,6.625,1,1,Randomized,0.996
0.1,6.625,6.625,1,1,Randomized,0.996
0.1,6.625,6.625,1,1,Randomized,0.996
0.1,6.625,6.625,1,1,Randomized,0.996
0.1,6.625,6.625,1,1,Randomized,0.996
0.1,6.625,6.625,1,1,Randomized,0.996
0.1,6.625,6.625,1,1,Randomized,0.996
0.1,6.625,6.625,1,1,Randomized,0.996
0.1,6.625,6.625,1,1,Randomized,0.996
0.1,6.625,6.625,1,1,Randomized,0.996
0.1,6.625,6.625,1,1,Randomized,0.996
0.1,6.625,6.625,1,1,Randomized,0.996
0.1,6.625,6.625,1,1,Randomized,0.996
0.1,6.625,6.625,1,1,Randomized,0.996
0.1,6.625,6.625,1,1,Randomized,0.996
0.1,6.625,6.625,1,0,Randomized,0.996
0.1,6.625,6.625,1,1,Randomized,0.996
0.1,6.625,6.625,1,1,Randomized,0.996
0.1,6.625,6.625,1,0,Randomized,0.996
0.1,6.625,6.625,1,1,Randomized,0.996
0.1,6.625,6.625,1,0,Randomized,0.996
0.1,6.625,6.625,1,1,Randomized,0.996
0.1,6.625,6.625,1,1,Randomized,0.996
0.1,6.625,6.625,1,1,Randomized,0.996
0.1,6.625,6.625,1,1,Randomized,0.996
0.1,6.625,6.625,1,1,Randomized,0.996
0.1,6.625,6.625,1,1,Randomized,0.996
0.1,6.625,6.625,1,0,Randomized,0.996
0.1,6.625,6.625,1,1,Randomized,0.996
0.1,6.625,6.625,1,1,Randomized,0.996
0.1,6.625,6.625,1,1,Randomized,0.996
0.1,6.625,6.625,1,1,Randomized,0.996
0.1,6.625,6.625,1,1,Randomized,0.996
0.1,6.625,6.625,1,1,Randomized,0.996
0.1,6.625,6.625,1,1,Randomized,0.996
0.1,6.625,6.625,1,1,Randomized,0.996
0.1,6.625,6.625,1,0,Randomized,0.996
0.1,6.625,6.625,1,1,Randomized,0.996
0.1,6.625,6.625,1,0,Randomized,0.996
0.1,6.625,6.625,1,1,Randomized,0.996
0.1,6.625,6.625,1,1,Randomized,0.996
0.1,6.625,6.625,1,1,Randomized,0.996
0.1,6.625,6.625,1,1,Randomized,0.996
0.1,6.625,0.0,0,0,Randomized,0.996
0.1,6.625,6.625,1,1,Randomized,0.996
0.1,6.625,6.625,1,1,Randomized,0.996
0.1,6.625,6.625,1,1,Randomized,0.996
0.1,6.625,6.625,1,1,Randomized,0.996
0.1,6.625,6.625,1,1,Randomized,0.996
0.1,6.625,6.625,1,1,Randomized,0.996
0.1,6.625,6.625,1,1,Randomized,0.996
0.1,6.625,6.625,1,1,Randomized,0.996
0.1,6.625,5.096153846153846,0,0,Randomized,0.996
0.1,6.625,6.625,1,0,Randomized,0.996
0.1,6.625,6.625,1,0,Randomized,0.996
0.1,6.625,6.625,1,1,Randomized,0.996
0.1,6.625,6.625,1,1,Randomized,0.996
0.1,6.625,6.625,1,1,Randomized,0.996
0.1,6.625,6.625,1,1,Randomized,0.996
0.1,6.625,6.625,1,1,Randomized,0.996
0.1,6.625,6.625,1,0,Randomized,0.996
0.1,6.625,6.625,1,1,Randomized,0.996
0.1,6.625,6.625,1,1,Randomized,0.996
0.1,6.625,6.625,1,1,Randomized,0.996
0.1,6.625,6.625,1,1,Randomized,0.996
0.1,6.625,6.625,1,1,Randomized,0.996
0.1,6.625,6.625,1,0,Randomized,0.996
0.1,6.625,6.625,1,0,Randomized,0.996
0.1,6.625,6.625,1,1,Randomized,0.996
0.1,6.625,6.625,1,1,Randomized,0.996
0.1,6.625,6.625,1,1,Randomized,0.996
0.1,6.625,6.625,1,1,Randomized,0.996
0.1,6.625,6.625,1,1,Randomized,0.996
0.1,6.625,6.625,1,1,Randomized,0.996
0.1,6.625,6.625,1,1,Randomized,0.996
0.1,6.625,6.625,1,1,Randomized,0.996
0.1,6.625,6.625,1,1,Randomized,0.996
0.1,6.625,6.625,1,1,Randomized,0.996
0.1,6.625,6.625,1,1,Randomized,0.996
0.1,6.625,6.625,1,1,Randomized,0.996
0.1,6.625,6.625,1,1,Randomized,0.996
0.1,6.625,6.625,1,1,Randomized,0.996
0.1,6.625,6.625,1,1,Randomized,0.996
0.1,6.625,6.625,1,1,Randomized,0.996
0.1,6.625,6.625,1,0,Randomized,0.996
0.1,6.625,6.625,1,0,Randomized,0.996
0.1,6.625,6.625,1,0,Randomized,0.996
0.1,6.625,6.625,1,1,Randomized,0.996
0.1,6.625,6.625,1,1,Randomized,0.996
0.1,6.625,6.625,0,0,Randomized,0.996
0.1,6.625,6.625,1,1,Randomized,0.996
0.1,6.625,6.625,1,1,Randomized,0.996
0.1,6.625,6.625,1,0,Randomized,0.996
0.1,6.625,6.625,1,1,Randomized,0.996
0.1,6.625,6.625,1,1,Randomized,0.996
0.1,6.625,6.625,1,0,Randomized,0.996
0.1,6.625,6.625,1,1,Randomized,0.996
0.1,6.625,6.625,1,1,Randomized,0.996
0.1,6.625,6.625,1,1,Randomized,0.996
0.1,6.625,6.625,1,1,Randomized,0.996
0.1,6.625,6.625,1,1,Randomized,0.996
0.1,6.625,6.625,1,1,Randomized,0.996
0.1,6.625,6.625,1,1,Randomized,0.996
0.1,6.625,6.625,1,1,Randomized,0.996
0.1,6.625,6.625,1,1,Randomized,0.996
0.1,6.625,6.625,1,0,Randomized,0.996
0.1,6.625,6.625,1,1,Randomized,0.996
0.1,6.625,6.625,1,1,Randomized,0.996
0.1,6.625,6.625,1,0,Randomized,0.996
0.1,6.625,6.625,1,0,Randomized,0.996
0.1,6.625,6.625,1,0,Randomized,0.996
0.1,6.625,6.625,1,1,Randomized,0.996
0.1,6.625,6.625,1,1,Randomized,0.996
0.1,6.625,6.625,1,1,Randomized,0.996
0.1,6.625,6.625,1,1,Randomized,0.996
0.1,6.625,5.520833333333333,0,0,Randomized,0.996
0.1,6.625,6.625,1,1,Randomized,0.996
0.1,6.625,6.625,1,1,Randomized,0.996
0.1,6.625,6.625,1,1,Randomized,0.996
0.1,6.625,6.625,1,1,Randomized,0.996
0.1,6.625,6.625,1,1,Randomized,0.996
0.1,6.625,6.625,1,1,Randomized,0.996
0.1,6.625,6.625,1,1,Randomized,0.996
0.1,6.625,6.625,1,1,Randomized,0.996
0.1,6.625,6.625,1,1,Randomized,0.996
0.1,6.625,6.625,1,1,Randomized,0.996
0.1,6.625,6.625,1,1,Randomized,0.996
0.1,6.625,6.625,1,1,Randomized,0.996
0.1,6.625,6.625,1,1,Randomized,0.996
0.1,6.625,6.625,1,1,Randomized,0.996
0.1,6.625,6.625,1,1,Randomized,0.996
0.1,6.625,6.625,1,0,Randomized,0.996
0.1,6.625,6.625,1,1,Randomized,0.996
0.1,6.625,6.625,1,0,Randomized,0.996
0.1,6.625,6.625,1,1,Randomized,0.996
0.1,6.625,6.625,1,1,Randomized,0.996
0.1,6.625,6.625,1,1,Randomized,0.996
0.1,6.625,6.625,1,1,Randomized,0.996
0.1,6.625,6.625,1,1,Randomized,0.996
0.1,6.625,6.625,1,0,Randomized,0.996
0.1,6.625,6.625,1,1,Randomized,0.996
0.1,6.625,6.625,1,1,Randomized,0.996
0.1,6.625,6.625,1,1,Randomized,0.996
0.1,6.625,6.625,1,1,Randomized,0.996
0.1,6.625,6.625,1,1,Randomized,0.996
0.1,6.625,6.625,1,1,Randomized,0.996
0.1,6.625,6.625,1,1,Randomized,0.996
0.1,6.625,6.625,1,1,Randomized,0.996
0.1,6.625,6.0227272727272725,1,0,Randomized,0.996
0.1,6.625,6.625,1,1,Randomized,0.996
0.1,6.625,6.625,1,1,Randomized,0.996
0.1,6.625,6.625,1,1,Randomized,0.996
0.1,6.625,6.625,1,1,Randomized,0.996
0.1,6.625,6.625,1,0,Randomized,0.996
0.1,6.625,6.625,1,1,Randomized,0.996
0.1,6.625,6.625,1,1,Randomized,0.996
0.1,6.625,6.625,1,1,Randomized,0.996
0.1,6.625,6.625,1,1,Randomized,0.996
0.1,6.625,6.625,1,1,Randomized,0.996
0.1,6.625,6.625,1,0,Randomized,0.996
0.1,6.625,6.625,1,1,Randomized,0.996
0.1,6.625,6.625,1,1,Randomized,0.996
0.1,6.625,6.625,1,1,Randomized,0.996
0.1,6.625,6.625,1,1,Randomized,0.996
0.1,6.625,6.625,1,1,Randomized,0.996
0.1,6.625,6.625,1,1,Randomized,0.996
0.1,6.625,6.625,1,1,Randomized,0.996
0.1,6.625,6.625,1,1,Randomized,0.996
0.1,6.625,6.625,1,1,Randomized,0.996
0.1,6.625,6.625,1,1,Randomized,0.996
0.1,6.625,6.625,1,1,Randomized,0.996
0.1,6.625,6.625,1,1,Randomized,0.996
0.1,6.625,6.625,1,1,Randomized,0.996
0.1,6.625,6.625,1,1,Randomized,0.996
0.1,6.625,6.625,1,1,Randomized,0.996
0.1,6.625,6.625,1,0,Randomized,0.996
0.1,6.625,6.625,1,1,Randomized,0.996
0.1,6.625,6.625,1,1,Randomized,0.996
0.1,6.625,6.625,1,1,Randomized,0.996
0.1,6.625,6.625,1,1,Randomized,0.996
0.1,6.625,6.625,1,1,Randomized,0.996
0.1,6.625,6.625,1,1,Randomized,0.996
0.1,6.625,6.625,1,1,Randomized,0.996
0.1,6.625,6.625,1,1,Randomized,0.996
0.1,6.625,6.625,1,0,Randomized,0.996
0.1,6.625,6.625,1,1,Randomized,0.996
0.1,6.625,6.625,1,1,Randomized,0.996
0.1,6.625,6.625,1,1,Randomized,0.996
0.1,6.625,6.625,1,0,Randomized,0.996
0.1,6.625,6.625,1,1,Randomized,0.996
0.1,6.625,6.625,1,1,Randomized,0.996
0.1,6.625,6.625,1,1,Randomized,0.996
0.1,6.625,6.625,1,1,Randomized,0.996
0.1,6.625,6.625,1,1,Randomized,0.996
0.1,6.625,6.625,1,1,Randomized,0.996
0.1,6.625,6.625,1,1,Randomized,0.996
0.1,6.625,6.625,1,1,Randomized,0.996
0.1,6.625,6.625,1,1,Randomized,0.996
0.1,6.625,6.625,1,1,Randomized,0.996
0.1,6.625,6.625,1,1,Randomized,0.996
0.1,6.625,6.625,1,1,Randomized,0.996
0.1,6.625,6.625,1,1,Randomized,0.996
0.1,6.625,6.625,1,1,Randomized,0.996
0.1,6.625,6.625,1,1,Randomized,0.996
0.1,6.625,6.625,1,1,Randomized,0.996
0.1,6.625,6.625,1,1,Randomized,0.996
0.1,6.625,6.625,1,1,Randomized,0.996
0.1,6.625,6.625,1,1,Randomized,0.996
0.1,6.625,6.625,1,1,Randomized,0.996
0.1,6.625,6.625,1,1,Randomized,0.996
0.1,6.625,6.625,1,1,Randomized,0.996
0.1,6.625,6.625,1,0,Randomized,0.996
0.1,6.625,6.625,1,1,Randomized,0.996
0.1,6.625,6.625,1,1,Randomized,0.996
0.1,6.625,6.625,1,1,Randomized,0.996
0.1,6.625,6.625,1,1,Randomized,0.996
0.1,6.625,6.625,1,1,Randomized,0.996
0.1,6.625,6.625,1,1,Randomized,0.996
0.1,6.625,6.625,1,1,Randomized,0.996
0.1,6.625,6.625,1,1,Randomized,0.996
0.1,6.625,6.625,1,1,Randomized,0.996
0.1,6.625,6.625,1,0,Randomized,0.996
0.1,6.625,6.625,1,1,Randomized,0.996
0.1,6.625,6.625,1,1,Randomized,0.996
0.1,6.625,6.625,1,1,Randomized,0.996
0.1,6.625,6.625,1,0,Randomized,0.996
0.1,6.625,6.625,1,1,Randomized,0.996
0.1,6.625,6.625,1,0,Randomized,0.996
0.1,6.625,6.625,1,1,Randomized,0.996
0.1,6.625,6.625,1,1,Randomized,0.996
0.1,6.625,6.625,1,1,Randomized,0.996
0.1,6.625,6.625,1,1,Randomized,0.996
0.1,6.625,6.0227272727272725,1,0,Randomized,0.996
0.1,6.625,6.625,1,0,Randomized,0.996
0.1,6.625,6.625,1,1,Randomized,0.996
0.1,6.625,6.625,1,1,Randomized,0.996
0.1,6.625,6.625,1,1,Randomized,0.996
0.1,6.625,6.0227272727272725,1,0,Randomized,0.996
0.1,6.625,6.625,0,0,Randomized,0.996
0.1,6.625,6.625,1,1,Randomized,0.996
0.1,6.625,6.625,1,0,Randomized,0.996
0.1,6.625,6.625,1,1,Randomized,0.996
0.1,6.625,6.0227272727272725,1,0,Randomized,0.996
0.1,6.625,6.625,1,1,Randomized,0.996
0.1,6.625,6.625,1,1,Randomized,0.996
0.1,6.625,6.625,1,1,Randomized,0.996
0.1,6.625,6.625,1,1,Randomized,0.996
0.1,6.625,6.625,1,1,Randomized,0.996
0.1,6.625,6.625,1,1,Randomized,0.996
0.1,6.625,6.625,1,1,Randomized,0.996
0.1,6.625,6.625,1,1,Randomized,0.996
0.1,6.625,6.625,1,1,Randomized,0.996
0.1,6.625,6.625,1,1,Randomized,0.996
0.1,6.625,6.625,1,1,Randomized,0.996
0.1,6.625,6.625,1,1,Randomized,0.996
0.1,6.625,6.625,1,1,Randomized,0.996
0.1,6.625,6.625,1,1,Randomized,0.996
0.1,6.625,6.625,1,1,Randomized,0.996
0.1,7.75,7.75,1,1,Randomized,0.9985
0.1,7.75,7.75,1,1,Randomized,0.9985
0.1,7.75,7.75,1,1,Randomized,0.9985
0.1,7.75,7.75,1,1,Randomized,0.9985
0.1,7.75,7.75,1,1,Randomized,0.9985
0.1,7.75,7.75,1,1,Randomized,0.9985
0.1,7.75,7.75,1,1,Randomized,0.9985
0.1,7.75,7.75,1,1,Randomized,0.9985
0.1,7.75,7.75,1,1,Randomized,0.9985
0.1,7.75,7.75,1,1,Randomized,0.9985
0.1,7.75,7.75,1,1,Randomized,0.9985
0.1,7.75,7.75,1,1,Randomized,0.9985
0.1,7.75,7.75,1,1,Randomized,0.9985
0.1,7.75,7.75,1,1,Randomized,0.9985
0.1,7.75,7.75,1,1,Randomized,0.9985
0.1,7.75,7.75,1,1,Randomized,0.9985
0.1,7.75,7.75,1,1,Randomized,0.9985
0.1,7.75,7.75,1,1,Randomized,0.9985
0.1,7.75,7.75,1,1,Randomized,0.9985
0.1,7.75,7.75,1,1,Randomized,0.9985
0.1,7.75,7.75,1,1,Randomized,0.9985
0.1,7.75,7.75,1,1,Randomized,0.9985
0.1,7.75,7.75,1,1,Randomized,0.9985
0.1,7.75,7.75,1,0,Randomized,0.9985
0.1,7.75,7.75,1,1,Randomized,0.9985
0.1,7.75,7.75,1,1,Randomized,0.9985
0.1,7.75,7.75,1,1,Randomized,0.9985
0.1,7.75,7.75,1,1,Randomized,0.9985
0.1,7.75,7.75,1,1,Randomized,0.9985
0.1,7.75,7.75,1,1,Randomized,0.9985
0.1,7.75,7.75,1,1,Randomized,0.9985
0.1,7.75,7.75,1,1,Randomized,0.9985
0.1,7.75,7.75,1,1,Randomized,0.9985
0.1,7.75,7.75,1,1,Randomized,0.9985
0.1,7.75,7.75,1,1,Randomized,0.9985
0.1,7.75,7.75,1,1,Randomized,0.9985
0.1,7.75,7.75,1,1,Randomized,0.9985
0.1,7.75,7.75,1,0,Randomized,0.9985
0.1,7.75,0.0,0,0,Randomized,0.9985
0.1,7.75,7.75,1,1,Randomized,0.9985
0.1,7.75,7.75,1,1,Randomized,0.9985
0.1,7.75,7.75,1,1,Randomized,0.9985
0.1,7.75,7.75,1,1,Randomized,0.9985
0.1,7.75,7.75,1,0,Randomized,0.9985
0.1,7.75,7.75,1,1,Randomized,0.9985
0.1,7.75,7.75,1,1,Randomized,0.9985
0.1,7.75,7.75,1,1,Randomized,0.9985
0.1,7.75,7.75,1,1,Randomized,0.9985
0.1,7.75,7.75,1,1,Randomized,0.9985
0.1,7.75,7.75,1,1,Randomized,0.9985
0.1,7.75,7.75,1,1,Randomized,0.9985
0.1,7.75,7.75,1,1,Randomized,0.9985
0.1,7.75,7.75,1,1,Randomized,0.9985
0.1,7.75,7.75,1,0,Randomized,0.9985
0.1,7.75,7.75,1,1,Randomized,0.9985
0.1,7.75,7.75,1,1,Randomized,0.9985
0.1,7.75,7.75,1,1,Randomized,0.9985
0.1,7.75,7.75,0,1,Randomized,0.9985
0.1,7.75,7.75,1,1,Randomized,0.9985
0.1,7.75,7.75,1,1,Randomized,0.9985
0.1,7.75,7.75,1,1,Randomized,0.9985
0.1,7.75,7.75,1,1,Randomized,0.9985
0.1,7.75,7.75,1,1,Randomized,0.9985
0.1,7.75,7.75,1,1,Randomized,0.9985
0.1,7.75,7.75,1,1,Randomized,0.9985
0.1,7.75,7.75,1,1,Randomized,0.9985
0.1,7.75,7.75,1,1,Randomized,0.9985
0.1,7.75,7.75,1,1,Randomized,0.9985
0.1,7.75,7.75,1,1,Randomized,0.9985
0.1,7.75,7.75,1,1,Randomized,0.9985
0.1,7.75,7.75,1,1,Randomized,0.9985
0.1,7.75,7.75,1,1,Randomized,0.9985
0.1,7.75,7.75,1,1,Randomized,0.9985
0.1,7.75,7.75,1,1,Randomized,0.9985
0.1,7.75,7.75,1,1,Randomized,0.9985
0.1,7.75,7.75,1,1,Randomized,0.9985
0.1,7.75,7.75,1,1,Randomized,0.9985
0.1,7.75,7.75,1,1,Randomized,0.9985
0.1,7.75,7.75,1,1,Randomized,0.9985
0.1,7.75,7.75,1,1,Randomized,0.9985
0.1,7.75,7.75,1,1,Randomized,0.9985
0.1,7.75,7.75,1,1,Randomized,0.9985
0.1,7.75,7.75,1,1,Randomized,0.9985
0.1,7.75,7.75,1,1,Randomized,0.9985
0.1,7.75,7.75,1,1,Randomized,0.9985
0.1,7.75,7.75,1,1,Randomized,0.9985
0.1,7.75,7.75,1,0,Randomized,0.9985
0.1,7.75,7.75,1,1,Randomized,0.9985
0.1,7.75,7.75,1,1,Randomized,0.9985
0.1,7.75,7.75,1,1,Randomized,0.9985
0.1,7.75,7.75,1,1,Randomized,0.9985
0.1,7.75,7.75,1,1,Randomized,0.9985
0.1,7.75,7.75,1,1,Randomized,0.9985
0.1,7.75,7.75,1,0,Randomized,0.9985
0.1,7.75,7.75,1,1,Randomized,0.9985
0.1,7.75,7.75,1,1,Randomized,0.9985
0.1,7.75,7.75,1,1,Randomized,0.9985
0.1,7.75,7.75,1,1,Randomized,0.9985
0.1,7.75,7.75,1,1,Randomized,0.9985
0.1,7.75,7.75,1,1,Randomized,0.9985
0.1,7.75,7.75,1,1,Randomized,0.9985
0.1,7.75,7.75,1,0,Randomized,0.9985
0.1,7.75,7.75,1,1,Randomized,0.9985
0.1,7.75,7.75,1,1,Randomized,0.9985
0.1,7.75,7.75,1,1,Randomized,0.9985
0.1,7.75,7.75,1,1,Randomized,0.9985
0.1,7.75,7.75,1,1,Randomized,0.9985
0.1,7.75,7.75,1,1,Randomized,0.9985
0.1,7.75,7.75,1,0,Randomized,0.9985
0.1,7.75,7.75,1,1,Randomized,0.9985
0.1,7.75,7.75,1,0,Randomized,0.9985
0.1,7.75,7.75,1,1,Randomized,0.9985
0.1,7.75,7.75,1,1,Randomized,0.9985
0.1,7.75,7.75,1,1,Randomized,0.9985
0.1,7.75,7.75,1,1,Randomized,0.9985
0.1,7.75,7.75,1,1,Randomized,0.9985
0.1,7.75,7.75,1,1,Randomized,0.9985
0.1,7.75,7.75,1,1,Randomized,0.9985
0.1,7.75,7.75,1,1,Randomized,0.9985
0.1,7.75,7.75,1,1,Randomized,0.9985
0.1,7.75,7.75,1,1,Randomized,0.9985
0.1,7.75,7.75,1,1,Randomized,0.9985
0.1,7.75,7.75,1,1,Randomized,0.9985
0.1,7.75,7.75,1,1,Randomized,0.9985
0.1,7.75,7.75,1,1,Randomized,0.9985
0.1,7.75,7.75,1,1,Randomized,0.9985
0.1,7.75,7.75,1,1,Randomized,0.9985
0.1,7.75,7.75,1,1,Randomized,0.9985
0.1,7.75,7.75,1,1,Randomized,0.9985
0.1,7.75,7.75,1,1,Randomized,0.9985
0.1,7.75,7.75,1,1,Randomized,0.9985
0.1,7.75,7.75,1,1,Randomized,0.9985
0.1,7.75,7.75,1,1,Randomized,0.9985
0.1,7.75,7.75,1,1,Randomized,0.9985
0.1,7.75,7.75,1,0,Randomized,0.9985
0.1,7.75,7.75,1,0,Randomized,0.9985
0.1,7.75,7.75,1,1,Randomized,0.9985
0.1,7.75,7.75,1,1,Randomized,0.9985
0.1,7.75,7.75,1,1,Randomized,0.9985
0.1,7.75,7.75,1,1,Randomized,0.9985
0.1,7.75,7.75,1,1,Randomized,0.9985
0.1,7.75,7.75,1,1,Randomized,0.9985
0.1,7.75,7.75,1,0,Randomized,0.9985
0.1,7.75,7.75,1,1,Randomized,0.9985
0.1,7.75,7.75,1,1,Randomized,0.9985
0.1,7.75,7.75,1,1,Randomized,0.9985
0.1,7.75,7.75,1,1,Randomized,0.9985
0.1,7.75,7.75,1,1,Randomized,0.9985
0.1,7.75,7.75,1,1,Randomized,0.9985
0.1,7.75,7.75,1,1,Randomized,0.9985
0.1,7.75,7.75,1,1,Randomized,0.9985
0.1,7.75,7.75,1,1,Randomized,0.9985
0.1,7.75,7.75,1,1,Randomized,0.9985
0.1,7.75,7.75,1,1,Randomized,0.9985
0.1,7.75,7.75,1,1,Randomized,0.9985
0.1,7.75,7.75,1,1,Randomized,0.9985
0.1,7.75,7.75,0,0,Randomized,0.9985
0.1,7.75,7.75,1,1,Randomized,0.9985
0.1,7.75,7.75,1,1,Randomized,0.9985
0.1,7.75,7.045454545454546,0,0,Randomized,0.9985
0.1,7.75,7.75,1,1,Randomized,0.9985
0.1,7.75,7.75,1,1,Randomized,0.9985
0.1,7.75,7.75,1,1,Randomized,0.9985
0.1,7.75,7.75,1,1,Randomized,0.9985
0.1,7.75,7.75,1,1,Randomized,0.9985
0.1,7.75,7.75,1,1,Randomized,0.9985
0.1,7.75,7.75,1,0,Randomized,0.9985
0.1,7.75,7.75,1,0,Randomized,0.9985
0.1,7.75,7.75,1,1,Randomized,0.9985
0.1,7.75,7.75,1,0,Randomized,0.9985
0.1,7.75,7.75,1,1,Randomized,0.9985
0.1,7.75,7.75,1,1,Randomized,0.9985
0.1,7.75,7.75,1,1,Randomized,0.9985
0.1,7.75,7.75,1,1,Randomized,0.9985
0.1,7.75,7.75,1,1,Randomized,0.9985
0.1,7.75,7.75,1,1,Randomized,0.9985
0.1,7.75,7.75,1,1,Randomized,0.9985
0.1,7.75,7.75,1,1,Randomized,0.9985
0.1,7.75,7.75,1,1,Randomized,0.9985
0.1,7.75,7.75,1,1,Randomized,0.9985
0.1,7.75,7.75,1,1,Randomized,0.9985
0.1,7.75,7.75,1,1,Randomized,0.9985
0.1,7.75,7.75,1,1,Randomized,0.9985
0.1,7.75,7.75,1,1,Randomized,0.9985
0.1,7.75,7.75,1,1,Randomized,0.9985
0.1,7.75,7.75,1,1,Randomized,0.9985
0.1,7.75,7.75,1,1,Randomized,0.9985
0.1,7.75,7.75,1,1,Randomized,0.9985
0.1,7.75,7.75,1,1,Randomized,0.9985
0.1,7.75,7.75,1,0,Randomized,0.9985
0.1,7.75,7.75,1,1,Randomized,0.9985
0.1,7.75,7.75,1,1,Randomized,0.9985
0.1,7.75,7.75,1,1,Randomized,0.9985
0.1,7.75,7.75,1,0,Randomized,0.9985
0.1,7.75,7.75,1,1,Randomized,0.9985
0.1,7.75,7.75,1,1,Randomized,0.9985
0.1,7.75,7.75,1,0,Randomized,0.9985
0.1,7.75,7.75,1,1,Randomized,0.9985
0.1,7.75,7.75,1,1,Randomized,0.9985
0.1,7.75,7.75,1,1,Randomized,0.9985
0.1,7.75,7.75,1,1,Randomized,0.9985
0.1,7.75,7.75,1,1,Randomized,0.9985
0.1,7.75,7.75,1,1,Randomized,0.9985
0.1,7.75,7.75,1,1,Randomized,0.9985
0.1,7.75,7.75,1,1,Randomized,0.9985
0.1,7.75,7.75,1,1,Randomized,0.9985
0.1,7.75,7.045454545454546,1,0,Randomized,0.9985
0.1,7.75,7.75,1,1,Randomized,0.9985
0.1,7.75,7.75,1,1,Randomized,0.9985
0.1,7.75,7.75,1,1,Randomized,0.9985
0.1,7.75,7.75,1,1,Randomized,0.9985
0.1,7.75,7.75,1,1,Randomized,0.9985
0.1,7.75,7.75,1,1,Randomized,0.9985
0.1,7.75,7.75,1,1,Randomized,0.9985
0.1,7.75,7.75,1,1,Randomized,0.9985
0.1,7.75,7.75,1,1,Randomized,0.9985
0.1,7.75,7.75,1,1,Randomized,0.9985
0.1,7.75,7.75,1,1,Randomized,0.9985
0.1,7.75,7.75,1,1,Randomized,0.9985
0.1,7.75,7.75,1,1,Randomized,0.9985
0.1,7.75,7.75,1,1,Randomized,0.9985
0.1,7.75,7.75,1,1,Randomized,0.9985
0.1,7.75,7.75,1,1,Randomized,0.9985
0.1,7.75,7.75,1,1,Randomized,0.9985
0.1,7.75,7.75,1,1,Randomized,0.9985
0.1,7.75,7.75,1,1,Randomized,0.9985
0.1,7.75,7.75,1,1,Randomized,0.9985
0.1,7.75,7.75,1,1,Randomized,0.9985
0.1,7.75,7.75,1,1,Randomized,0.9985
0.1,7.75,7.75,1,1,Randomized,0.9985
0.1,7.75,7.75,1,1,Randomized,0.9985
0.1,7.75,7.75,1,1,Randomized,0.9985
0.1,7.75,7.75,1,1,Randomized,0.9985
0.1,7.75,7.75,1,1,Randomized,0.9985
0.1,7.75,7.75,1,1,Randomized,0.9985
0.1,7.75,7.75,1,1,Randomized,0.9985
0.1,7.75,7.75,1,1,Randomized,0.9985
0.1,7.75,7.75,1,1,Randomized,0.9985
0.1,7.75,7.75,1,1,Randomized,0.9985
0.1,7.75,7.75,1,1,Randomized,0.9985
0.1,7.75,7.75,1,1,Randomized,0.9985
0.1,7.75,7.75,1,1,Randomized,0.9985
0.1,7.75,7.75,1,1,Randomized,0.9985
0.1,7.75,7.75,1,1,Randomized,0.9985
0.1,7.75,7.75,1,1,Randomized,0.9985
0.1,7.75,7.75,1,1,Randomized,0.9985
0.1,7.75,7.75,1,1,Randomized,0.9985
0.1,7.75,7.75,1,1,Randomized,0.9985
0.1,7.75,7.75,1,1,Randomized,0.9985
0.1,7.75,7.75,1,1,Randomized,0.9985
0.1,7.75,7.75,1,1,Randomized,0.9985
0.1,7.75,7.75,1,1,Randomized,0.9985
0.1,7.75,7.75,1,1,Randomized,0.9985
0.1,7.75,7.75,1,1,Randomized,0.9985
0.1,7.75,7.75,1,1,Randomized,0.9985
0.1,7.75,7.75,1,1,Randomized,0.9985
0.1,7.75,7.75,1,1,Randomized,0.9985
0.1,7.75,7.75,1,1,Randomized,0.9985
0.1,7.75,7.75,1,1,Randomized,0.9985
0.1,7.75,7.75,1,1,Randomized,0.9985
0.1,7.75,7.75,1,1,Randomized,0.9985
0.1,7.75,7.75,1,1,Randomized,0.9985
0.1,7.75,7.75,1,1,Randomized,0.9985
0.1,7.75,7.045454545454546,1,0,Randomized,0.9985
0.1,7.75,7.75,1,1,Randomized,0.9985
0.1,7.75,7.75,1,1,Randomized,0.9985
0.1,7.75,7.75,1,1,Randomized,0.9985
0.1,7.75,7.75,1,1,Randomized,0.9985
0.1,7.75,7.75,1,1,Randomized,0.9985
0.1,7.75,7.75,1,1,Randomized,0.9985
0.1,7.75,7.75,1,1,Randomized,0.9985
0.1,7.75,7.75,1,1,Randomized,0.9985
0.1,7.75,7.75,1,0,Randomized,0.9985
0.1,7.75,7.75,1,1,Randomized,0.9985
0.1,7.75,7.75,1,1,Randomized,0.9985
0.1,7.75,7.75,1,1,Randomized,0.9985
0.1,7.75,7.75,1,1,Randomized,0.9985
0.1,7.75,7.75,1,1,Randomized,0.9985
0.1,7.75,7.75,1,1,Randomized,0.9985
0.1,7.75,7.75,1,1,Randomized,0.9985
0.1,7.75,7.75,1,1,Randomized,0.9985
0.1,7.75,7.75,1,1,Randomized,0.9985
0.1,7.75,7.75,1,1,Randomized,0.9985
0.1,7.75,7.75,1,1,Randomized,0.9985
0.1,7.75,7.75,1,1,Randomized,0.9985
0.1,7.75,7.75,1,1,Randomized,0.9985
0.1,7.75,7.75,1,1,Randomized,0.9985
0.1,7.75,7.75,1,1,Randomized,0.9985
0.1,7.75,7.75,1,1,Randomized,0.9985
0.1,7.75,7.75,1,1,Randomized,0.9985
0.1,7.75,7.75,1,1,Randomized,0.9985
0.1,7.75,7.75,1,1,Randomized,0.9985
0.1,7.75,7.75,1,1,Randomized,0.9985
0.1,7.75,7.75,1,1,Randomized,0.9985
0.1,7.75,7.75,1,1,Randomized,0.9985
0.1,7.75,7.75,1,1,Randomized,0.9985
0.1,7.75,7.75,1,1,Randomized,0.9985
0.1,7.75,7.75,1,1,Randomized,0.9985
0.1,7.75,7.75,1,1,Randomized,0.9985
0.1,7.75,7.75,1,1,Randomized,0.9985
0.1,7.75,7.75,1,1,Randomized,0.9985
0.1,7.75,7.75,1,1,Randomized,0.9985
0.1,7.75,7.75,1,1,Randomized,0.9985
0.1,7.75,7.75,1,1,Randomized,0.9985
0.1,7.75,7.75,1,1,Randomized,0.9985
0.1,7.75,7.75,1,1,Randomized,0.9985
0.1,7.75,7.75,1,1,Randomized,0.9985
0.1,7.75,7.75,1,1,Randomized,0.9985
0.1,7.75,7.75,1,1,Randomized,0.9985
0.1,7.75,7.75,1,1,Randomized,0.9985
0.1,7.75,7.75,1,1,Randomized,0.9985
0.1,7.75,7.75,1,1,Randomized,0.9985
0.1,7.75,7.75,1,1,Randomized,0.9985
0.1,7.75,7.75,1,1,Randomized,0.9985
0.1,7.75,7.75,1,1,Randomized,0.9985
0.1,7.75,7.75,1,1,Randomized,0.9985
0.1,7.75,7.75,1,1,Randomized,0.9985
0.1,7.75,7.75,1,1,Randomized,0.9985
0.1,7.75,7.75,1,1,Randomized,0.9985
0.1,7.75,7.75,1,1,Randomized,0.9985
0.1,7.75,7.75,1,1,Randomized,0.9985
0.1,7.75,7.75,1,1,Randomized,0.9985
0.1,7.75,7.75,1,1,Randomized,0.9985
0.1,7.75,7.75,1,1,Randomized,0.9985
0.1,7.75,7.75,1,0,Randomized,0.9985
0.1,7.75,7.75,1,1,Randomized,0.9985
0.1,7.75,7.75,1,1,Randomized,0.9985
0.1,7.75,7.75,1,1,Randomized,0.9985
0.1,7.75,7.75,1,1,Randomized,0.9985
0.1,7.75,7.75,1,0,Randomized,0.9985
0.1,7.75,7.75,1,1,Randomized,0.9985
0.1,7.75,7.75,1,1,Randomized,0.9985
0.1,7.75,7.75,1,1,Randomized,0.9985
0.1,7.75,7.75,1,1,Randomized,0.9985
0.1,7.75,7.75,1,1,Randomized,0.9985
0.1,7.75,7.75,1,1,Randomized,0.9985
0.1,7.75,7.75,1,1,Randomized,0.9985
0.1,7.75,7.75,1,0,Randomized,0.9985
0.1,7.75,7.75,1,1,Randomized,0.9985
0.1,7.75,7.75,1,1,Randomized,0.9985
0.1,7.75,7.75,1,1,Randomized,0.9985
0.1,7.75,7.75,1,1,Randomized,0.9985
0.1,7.75,7.75,1,1,Randomized,0.9985
0.1,7.75,7.75,1,1,Randomized,0.9985
0.1,7.75,7.75,1,1,Randomized,0.9985
0.1,7.75,7.75,1,1,Randomized,0.9985
0.1,7.75,7.75,1,1,Randomized,0.9985
0.1,7.75,7.75,1,1,Randomized,0.9985
0.1,7.75,7.75,1,1,Randomized,0.9985
0.1,7.75,7.75,1,1,Randomized,0.9985
0.1,7.75,7.75,1,1,Randomized,0.9985
0.1,7.75,7.75,1,1,Randomized,0.9985
0.1,7.75,7.75,1,1,Randomized,0.9985
0.1,7.75,7.75,1,0,Randomized,0.9985
0.1,7.75,7.75,1,1,Randomized,0.9985
0.1,7.75,7.75,1,1,Randomized,0.9985
0.1,7.75,7.75,1,1,Randomized,0.9985
0.1,7.75,7.75,1,1,Randomized,0.9985
0.1,7.75,7.75,1,1,Randomized,0.9985
0.1,7.75,7.75,1,1,Randomized,0.9985
0.1,7.75,7.75,1,1,Randomized,0.9985
0.1,7.75,7.75,1,1,Randomized,0.9985
0.1,7.75,7.75,1,1,Randomized,0.9985
0.1,7.75,7.75,1,1,Randomized,0.9985
0.1,7.75,7.75,1,1,Randomized,0.9985
0.1,7.75,7.75,1,1,Randomized,0.9985
0.1,7.75,7.75,1,1,Randomized,0.9985
0.1,7.75,7.75,1,0,Randomized,0.9985
0.1,7.75,7.75,1,1,Randomized,0.9985
0.1,7.75,7.75,1,1,Randomized,0.9985
0.1,7.75,7.75,1,1,Randomized,0.9985
0.1,7.75,7.75,1,1,Randomized,0.9985
0.1,7.75,7.75,1,1,Randomized,0.9985
0.1,7.75,7.75,1,1,Randomized,0.9985
0.1,7.75,7.75,1,1,Randomized,0.9985
0.1,7.75,7.75,1,1,Randomized,0.9985
0.1,7.75,7.75,1,1,Randomized,0.9985
0.1,7.75,7.75,1,1,Randomized,0.9985
0.1,7.75,7.75,1,1,Randomized,0.9985
0.1,7.75,7.75,1,1,Randomized,0.9985
0.1,7.75,7.75,1,1,Randomized,0.9985
0.1,7.75,7.75,1,1,Randomized,0.9985
0.1,7.75,7.75,1,1,Randomized,0.9985
0.1,7.75,7.75,1,1,Randomized,0.9985
0.1,7.75,7.75,1,1,Randomized,0.9985
0.1,7.75,7.75,1,1,Randomized,0.9985
0.1,7.75,7.75,1,1,Randomized,0.9985
0.1,7.75,7.75,1,1,Randomized,0.9985
0.1,7.75,7.75,1,1,Randomized,0.9985
0.1,7.75,7.75,1,1,Randomized,0.9985
0.1,7.75,7.75,1,1,Randomized,0.9985
0.1,7.75,7.75,1,1,Randomized,0.9985
0.1,7.75,7.75,1,0,Randomized,0.9985
0.1,7.75,7.75,1,1,Randomized,0.9985
0.1,7.75,7.75,1,1,Randomized,0.9985
0.1,7.75,7.75,1,1,Randomized,0.9985
0.1,7.75,7.75,1,1,Randomized,0.9985
0.1,7.75,7.75,1,1,Randomized,0.9985
0.1,7.75,7.75,1,1,Randomized,0.9985
0.1,7.75,7.75,0,0,Randomized,0.9985
0.1,7.75,7.75,1,1,Randomized,0.9985
0.1,7.75,7.75,1,1,Randomized,0.9985
0.1,7.75,7.75,1,1,Randomized,0.9985
0.1,7.75,7.75,1,1,Randomized,0.9985
0.1,7.75,7.75,1,1,Randomized,0.9985
0.1,7.75,7.75,1,1,Randomized,0.9985
0.1,7.75,7.75,1,1,Randomized,0.9985
0.1,7.75,7.75,1,1,Randomized,0.9985
0.1,7.75,7.75,1,1,Randomized,0.9985
0.1,7.75,7.75,1,1,Randomized,0.9985
0.1,7.75,7.75,1,1,Randomized,0.9985
0.1,7.75,7.75,1,1,Randomized,0.9985
0.1,7.75,7.75,1,0,Randomized,0.9985
0.1,7.75,7.75,1,1,Randomized,0.9985
0.1,7.75,7.75,1,1,Randomized,0.9985
0.1,7.75,7.75,1,1,Randomized,0.9985
0.1,7.75,7.75,1,1,Randomized,0.9985
0.1,7.75,7.75,1,1,Randomized,0.9985
0.1,7.75,7.75,1,1,Randomized,0.9985
0.1,7.75,7.75,1,1,Randomized,0.9985
0.1,7.75,7.75,1,1,Randomized,0.9985
0.1,7.75,7.75,1,1,Randomized,0.9985
0.1,7.75,7.75,1,1,Randomized,0.9985
0.1,7.75,7.75,1,1,Randomized,0.9985
0.1,7.75,7.75,1,0,Randomized,0.9985
0.1,7.75,7.75,1,1,Randomized,0.9985
0.1,7.75,7.75,1,1,Randomized,0.9985
0.1,7.75,7.75,1,1,Randomized,0.9985
0.1,7.75,7.75,1,1,Randomized,0.9985
0.1,7.75,7.75,1,1,Randomized,0.9985
0.1,7.75,7.75,1,1,Randomized,0.9985
0.1,7.75,7.75,1,1,Randomized,0.9985
0.1,7.75,7.75,1,1,Randomized,0.9985
0.1,7.75,7.75,1,0,Randomized,0.9985
0.1,7.75,7.75,1,1,Randomized,0.9985
0.1,7.75,7.75,1,1,Randomized,0.9985
0.1,7.75,7.75,1,1,Randomized,0.9985
0.1,7.75,7.75,1,1,Randomized,0.9985
0.1,7.75,7.75,1,0,Randomized,0.9985
0.1,7.75,7.75,1,1,Randomized,0.9985
0.1,7.75,7.75,1,1,Randomized,0.9985
0.1,7.75,7.75,1,1,Randomized,0.9985
0.1,7.75,7.75,1,1,Randomized,0.9985
0.1,7.75,7.75,1,1,Randomized,0.9985
0.1,7.75,7.75,1,1,Randomized,0.9985
0.1,7.75,7.75,1,1,Randomized,0.9985
0.1,7.75,7.75,1,1,Randomized,0.9985
0.1,7.75,7.75,1,1,Randomized,0.9985
0.1,7.75,7.75,1,1,Randomized,0.9985
0.1,7.75,7.75,1,1,Randomized,0.9985
0.1,7.75,7.75,1,1,Randomized,0.9985
0.1,7.75,7.75,1,1,Randomized,0.9985
0.1,7.75,7.75,1,1,Randomized,0.9985
0.1,7.75,7.75,1,1,Randomized,0.9985
0.1,7.75,7.75,1,1,Randomized,0.9985
0.1,7.75,7.75,1,1,Randomized,0.9985
0.1,7.75,7.75,1,1,Randomized,0.9985
0.1,7.75,7.75,1,1,Randomized,0.9985
0.1,7.75,7.75,1,1,Randomized,0.9985
0.1,7.75,7.75,1,1,Randomized,0.9985
0.1,7.75,7.75,1,1,Randomized,0.9985
0.1,7.75,7.75,1,1,Randomized,0.9985
0.1,7.75,7.75,1,1,Randomized,0.9985
0.1,7.75,7.75,1,1,Randomized,0.9985
0.1,7.75,7.75,1,1,Randomized,0.9985
0.1,7.75,7.75,1,1,Randomized,0.9985
0.1,7.75,7.75,1,1,Randomized,0.9985
0.1,7.75,7.75,1,1,Randomized,0.9985
0.1,7.75,7.75,1,1,Randomized,0.9985
0.1,7.75,7.75,1,1,Randomized,0.9985
0.1,7.75,7.75,1,1,Randomized,0.9985
0.1,7.75,7.75,1,1,Randomized,0.9985
0.1,7.75,7.75,1,1,Randomized,0.9985
0.1,7.75,7.75,1,1,Randomized,0.9985
0.1,7.75,7.75,1,1,Randomized,0.9985
0.1,7.75,7.75,1,1,Randomized,0.9985
0.1,7.75,7.75,1,1,Randomized,0.9985
0.1,7.75,7.75,1,1,Randomized,0.9985
0.1,7.75,7.75,1,1,Randomized,0.9985
0.1,7.75,7.75,1,1,Randomized,0.9985
0.1,7.75,7.75,1,1,Randomized,0.9985
0.1,7.75,7.75,1,1,Randomized,0.9985
0.1,7.75,7.75,1,1,Randomized,0.9985
0.1,7.75,7.75,1,1,Randomized,0.9985
0.1,7.75,7.75,1,1,Randomized,0.9985
0.1,7.75,7.75,1,1,Randomized,0.9985
0.1,7.75,7.75,1,1,Randomized,0.9985
0.1,7.75,7.75,1,1,Randomized,0.9985
0.1,7.75,7.75,1,1,Randomized,0.9985
0.1,7.75,7.75,1,1,Randomized,0.9985
0.1,7.75,7.75,1,1,Randomized,0.9985
0.1,7.75,7.75,1,1,Randomized,0.9985
0.1,7.75,7.75,1,1,Randomized,0.9985
0.1,7.75,7.75,1,1,Randomized,0.9985
0.1,7.75,7.75,1,0,Randomized,0.9985
0.1,7.75,7.75,1,1,Randomized,0.9985
0.1,7.75,7.75,1,1,Randomized,0.9985
0.1,7.75,7.75,1,1,Randomized,0.9985
0.1,7.75,7.75,1,1,Randomized,0.9985
0.1,7.75,7.75,1,1,Randomized,0.9985
0.1,7.75,7.75,1,1,Randomized,0.9985
0.1,7.75,7.75,1,1,Randomized,0.9985
0.1,7.75,7.75,1,1,Randomized,0.9985
0.1,7.75,7.75,1,1,Randomized,0.9985
0.1,7.75,7.75,1,1,Randomized,0.9985
0.1,7.75,7.75,1,1,Randomized,0.9985
0.1,7.75,7.75,1,1,Randomized,0.9985
0.1,7.75,7.75,1,1,Randomized,0.9985
0.1,7.75,7.75,1,1,Randomized,0.9985
0.1,7.75,7.75,1,1,Randomized,0.9985
0.1,7.75,7.75,1,1,Randomized,0.9985
0.1,7.75,7.75,1,1,Randomized,0.9985
0.1,7.75,7.75,1,1,Randomized,0.9985
0.1,7.75,7.75,1,1,Randomized,0.9985
0.1,7.75,7.75,1,1,Randomized,0.9985
0.1,7.75,7.75,1,1,Randomized,0.9985
0.1,7.75,7.75,1,1,Randomized,0.9985
0.1,7.75,0.0,0,0,Randomized,0.9985
0.1,7.75,7.75,1,1,Randomized,0.9985
0.1,7.75,7.75,1,1,Randomized,0.9985
0.1,7.75,7.75,1,1,Randomized,0.9985
0.1,7.75,7.75,1,1,Randomized,0.9985
0.1,7.75,7.75,1,1,Randomized,0.9985
0.1,7.75,7.75,1,1,Randomized,0.9985
0.1,7.75,7.75,1,1,Randomized,0.9985
0.1,7.75,7.75,1,1,Randomized,0.9985
0.1,7.75,7.75,1,1,Randomized,0.9985
0.1,7.75,7.75,1,1,Randomized,0.9985
0.1,7.75,7.75,1,1,Randomized,0.9985
0.1,7.75,7.75,1,1,Randomized,0.9985
0.1,7.75,7.75,1,1,Randomized,0.9985
0.1,7.75,7.75,1,1,Randomized,0.9985
0.1,7.75,7.75,1,1,Randomized,0.9985
0.1,7.75,7.75,1,1,Randomized,0.9985
0.1,7.75,7.75,1,1,Randomized,0.9985
0.1,7.75,7.75,1,1,Randomized,0.9985
0.1,7.75,7.75,1,1,Randomized,0.9985
0.1,7.75,7.75,1,1,Randomized,0.9985
0.1,7.75,7.75,1,1,Randomized,0.9985
0.1,7.75,7.75,1,1,Randomized,0.9985
0.1,7.75,7.75,1,1,Randomized,0.9985
0.1,7.75,7.75,1,1,Randomized,0.9985
0.1,7.75,7.75,1,0,Randomized,0.9985
0.1,7.75,7.75,1,1,Randomized,0.9985
0.1,7.75,7.75,1,1,Randomized,0.9985
0.1,7.75,7.75,1,1,Randomized,0.9985
0.1,7.75,7.75,1,1,Randomized,0.9985
0.1,7.75,7.75,1,1,Randomized,0.9985
0.1,7.75,7.75,1,1,Randomized,0.9985
0.1,7.75,7.75,1,1,Randomized,0.9985
0.1,7.75,7.75,1,1,Randomized,0.9985
0.1,7.75,7.75,1,1,Randomized,0.9985
0.1,7.75,7.75,1,1,Randomized,0.9985
0.1,7.75,7.75,1,1,Randomized,0.9985
0.1,7.75,7.75,1,1,Randomized,0.9985
0.1,7.75,7.75,1,1,Randomized,0.9985
0.1,7.75,7.75,1,1,Randomized,0.9985
0.1,7.75,7.75,1,1,Randomized,0.9985
0.1,7.75,7.75,1,1,Randomized,0.9985
0.1,7.75,7.75,1,1,Randomized,0.9985
0.1,7.75,7.75,1,1,Randomized,0.9985
0.1,7.75,7.75,1,1,Randomized,0.9985
0.1,7.75,7.75,1,1,Randomized,0.9985
0.1,7.75,7.75,1,1,Randomized,0.9985
0.1,7.75,7.75,0,1,Randomized,0.9985
0.1,7.75,7.75,1,1,Randomized,0.9985
0.1,7.75,7.045454545454546,1,0,Randomized,0.9985
0.1,7.75,7.75,1,1,Randomized,0.9985
0.1,7.75,7.75,1,1,Randomized,0.9985
0.1,7.75,7.75,1,1,Randomized,0.9985
0.1,7.75,7.75,1,1,Randomized,0.9985
0.1,7.75,7.75,1,1,Randomized,0.9985
0.1,7.75,7.75,1,1,Randomized,0.9985
0.1,7.75,7.75,1,1,Randomized,0.9985
0.1,7.75,7.75,1,1,Randomized,0.9985
0.1,7.75,7.75,1,1,Randomized,0.9985
0.1,7.75,7.75,1,1,Randomized,0.9985
0.1,7.75,7.75,1,1,Randomized,0.9985
0.1,7.75,7.75,1,1,Randomized,0.9985
0.1,7.75,7.75,1,1,Randomized,0.9985
0.1,7.75,7.75,1,1,Randomized,0.9985
0.1,7.75,7.75,1,1,Randomized,0.9985
0.1,7.75,7.75,1,1,Randomized,0.9985
0.1,7.75,7.75,1,1,Randomized,0.9985
0.1,7.75,7.75,1,1,Randomized,0.9985
0.1,7.75,7.75,1,1,Randomized,0.9985
0.1,7.75,7.75,1,1,Randomized,0.9985
0.1,7.75,7.75,1,1,Randomized,0.9985
0.1,7.75,7.75,1,1,Randomized,0.9985
0.1,7.75,7.75,1,1,Randomized,0.9985
0.1,7.75,7.75,1,1,Randomized,0.9985
0.1,7.75,7.75,1,1,Randomized,0.9985
0.1,7.75,7.75,1,1,Randomized,0.9985
0.1,7.75,7.75,1,1,Randomized,0.9985
0.1,7.75,7.75,1,0,Randomized,0.9985
0.1,7.75,7.75,1,1,Randomized,0.9985
0.1,7.75,7.75,1,1,Randomized,0.9985
0.1,7.75,7.75,1,1,Randomized,0.9985
0.1,7.75,7.75,1,1,Randomized,0.9985
0.1,7.75,7.75,1,1,Randomized,0.9985
0.1,7.75,7.75,1,1,Randomized,0.9985
0.1,7.75,7.75,1,1,Randomized,0.9985
0.1,7.75,7.75,1,0,Randomized,0.9985
0.1,7.75,7.75,1,0,Randomized,0.9985
0.1,7.75,7.75,1,1,Randomized,0.9985
0.1,7.75,7.75,1,1,Randomized,0.9985
0.1,7.75,7.75,1,1,Randomized,0.9985
0.1,7.75,7.75,1,1,Randomized,0.9985
0.1,7.75,7.75,1,1,Randomized,0.9985
0.1,7.75,7.75,1,1,Randomized,0.9985
0.1,7.75,7.75,1,1,Randomized,0.9985
0.1,7.75,7.75,1,1,Randomized,0.9985
0.1,7.75,7.75,1,1,Randomized,0.9985
0.1,7.75,7.75,0,1,Randomized,0.9985
0.1,7.75,7.75,1,1,Randomized,0.9985
0.1,7.75,7.045454545454546,1,0,Randomized,0.9985
0.1,7.75,7.75,1,0,Randomized,0.9985
0.1,7.75,7.75,1,1,Randomized,0.9985
0.1,7.75,7.75,1,1,Randomized,0.9985
0.1,7.75,7.75,1,1,Randomized,0.9985
0.1,7.75,7.75,1,1,Randomized,0.9985
0.1,7.75,7.75,1,1,Randomized,0.9985
0.1,7.75,7.75,1,1,Randomized,0.9985
0.1,7.75,7.75,1,1,Randomized,0.9985
0.1,7.75,7.75,1,1,Randomized,0.9985
0.1,7.75,7.75,1,1,Randomized,0.9985
0.1,7.75,7.75,1,1,Randomized,0.9985
0.1,7.75,7.75,1,1,Randomized,0.9985
0.1,7.75,7.75,1,1,Randomized,0.9985
0.1,7.75,7.75,1,1,Randomized,0.9985
0.1,7.75,7.75,1,1,Randomized,0.9985
0.1,7.75,7.75,1,1,Randomized,0.9985
0.1,7.75,7.75,1,1,Randomized,0.9985
0.1,7.75,7.75,1,1,Randomized,0.9985
0.1,7.75,7.75,1,1,Randomized,0.9985
0.1,7.75,7.75,1,1,Randomized,0.9985
0.1,7.75,7.75,1,1,Randomized,0.9985
0.1,7.75,7.75,1,1,Randomized,0.9985
0.1,7.75,7.75,1,1,Randomized,0.9985
0.1,7.75,7.75,1,1,Randomized,0.9985
0.1,7.75,7.75,1,1,Randomized,0.9985
0.1,7.75,7.75,1,1,Randomized,0.9985
0.1,7.75,7.75,1,1,Randomized,0.9985
0.1,7.75,7.75,1,1,Randomized,0.9985
0.1,7.75,7.75,1,0,Randomized,0.9985
0.1,7.75,7.75,1,1,Randomized,0.9985
0.1,7.75,7.75,1,1,Randomized,0.9985
0.1,7.75,7.75,1,1,Randomized,0.9985
0.1,7.75,7.75,1,1,Randomized,0.9985
0.1,7.75,7.75,1,1,Randomized,0.9985
0.1,7.75,7.75,1,1,Randomized,0.9985
0.1,7.75,7.75,1,1,Randomized,0.9985
0.1,7.75,7.75,1,1,Randomized,0.9985
0.1,7.75,7.75,1,1,Randomized,0.9985
0.1,7.75,7.75,1,1,Randomized,0.9985
0.1,7.75,7.75,1,1,Randomized,0.9985
0.1,7.75,7.75,1,1,Randomized,0.9985
0.1,7.75,7.75,1,1,Randomized,0.9985
0.1,7.75,7.75,1,1,Randomized,0.9985
0.1,7.75,7.75,1,1,Randomized,0.9985
0.1,7.75,7.75,1,1,Randomized,0.9985
0.1,7.75,7.75,1,1,Randomized,0.9985
0.1,7.75,7.75,1,1,Randomized,0.9985
0.1,7.75,7.75,1,1,Randomized,0.9985
0.1,7.75,7.75,1,1,Randomized,0.9985
0.1,7.75,7.75,1,1,Randomized,0.9985
0.1,7.75,7.75,1,1,Randomized,0.9985
0.1,7.75,7.75,1,1,Randomized,0.9985
0.1,7.75,7.75,1,1,Randomized,0.9985
0.1,7.75,7.75,1,1,Randomized,0.9985
0.1,7.75,7.75,1,1,Randomized,0.9985
0.1,7.75,7.75,1,1,Randomized,0.9985
0.1,7.75,7.75,1,1,Randomized,0.9985
0.1,7.75,7.75,1,1,Randomized,0.9985
0.1,7.75,7.75,1,1,Randomized,0.9985
0.1,7.75,7.75,1,1,Randomized,0.9985
0.1,7.75,7.75,1,1,Randomized,0.9985
0.1,7.75,7.75,1,1,Randomized,0.9985
0.1,7.75,7.75,1,0,Randomized,0.9985
0.1,7.75,7.75,1,1,Randomized,0.9985
0.1,7.75,7.75,1,1,Randomized,0.9985
0.1,7.75,7.75,1,1,Randomized,0.9985
0.1,7.75,7.75,1,1,Randomized,0.9985
0.1,7.75,7.75,1,1,Randomized,0.9985
0.1,7.75,7.75,1,1,Randomized,0.9985
0.1,7.75,7.75,1,1,Randomized,0.9985
0.1,7.75,7.75,1,0,Randomized,0.9985
0.1,7.75,7.75,1,1,Randomized,0.9985
0.1,7.75,7.75,1,1,Randomized,0.9985
0.1,7.75,7.75,1,1,Randomized,0.9985
0.1,7.75,7.75,1,1,Randomized,0.9985
0.1,7.75,7.75,1,1,Randomized,0.9985
0.1,7.75,7.75,1,1,Randomized,0.9985
0.1,7.75,7.75,1,1,Randomized,0.9985
0.1,7.75,7.75,1,0,Randomized,0.9985
0.1,7.75,7.75,1,1,Randomized,0.9985
0.1,7.75,7.75,1,1,Randomized,0.9985
0.1,7.75,7.75,1,1,Randomized,0.9985
0.1,7.75,7.75,1,1,Randomized,0.9985
0.1,7.75,7.75,1,1,Randomized,0.9985
0.1,7.75,7.75,1,1,Randomized,0.9985
0.1,7.75,7.75,1,1,Randomized,0.9985
0.1,7.75,7.75,1,1,Randomized,0.9985
0.1,7.75,7.75,1,1,Randomized,0.9985
0.1,7.75,7.75,1,1,Randomized,0.9985
0.1,7.75,7.75,1,1,Randomized,0.9985
0.1,7.75,7.75,1,1,Randomized,0.9985
0.1,7.75,7.75,1,1,Randomized,0.9985
0.1,7.75,7.75,1,1,Randomized,0.9985
0.1,7.75,7.75,1,1,Randomized,0.9985
0.1,7.75,7.75,1,1,Randomized,0.9985
0.1,7.75,7.75,1,1,Randomized,0.9985
0.1,7.75,7.045454545454546,1,0,Randomized,0.9985
0.1,7.75,7.75,1,1,Randomized,0.9985
0.1,7.75,7.75,1,1,Randomized,0.9985
0.1,7.75,7.75,1,1,Randomized,0.9985
0.1,7.75,7.75,1,1,Randomized,0.9985
0.1,7.75,7.75,1,1,Randomized,0.9985
0.1,7.75,7.75,1,1,Randomized,0.9985
0.1,7.75,7.75,1,1,Randomized,0.9985
0.1,7.75,7.75,1,1,Randomized,0.9985
0.1,7.75,7.75,1,1,Randomized,0.9985
0.1,7.75,7.75,1,1,Randomized,0.9985
0.1,7.75,7.75,1,1,Randomized,0.9985
0.1,7.75,7.75,1,1,Randomized,0.9985
0.1,7.75,7.75,1,1,Randomized,0.9985
0.1,7.75,7.75,1,1,Randomized,0.9985
0.1,7.75,7.75,1,1,Randomized,0.9985
0.1,7.75,7.75,1,1,Randomized,0.9985
0.1,7.75,7.75,1,1,Randomized,0.9985
0.1,7.75,7.75,1,1,Randomized,0.9985
0.1,7.75,7.75,1,1,Randomized,0.9985
0.1,7.75,7.75,1,1,Randomized,0.9985
0.1,7.75,7.75,1,1,Randomized,0.9985
0.1,7.75,7.75,1,1,Randomized,0.9985
0.1,7.75,7.75,1,1,Randomized,0.9985
0.1,7.75,7.75,1,1,Randomized,0.9985
0.1,7.75,7.75,1,1,Randomized,0.9985
0.1,7.75,7.75,1,1,Randomized,0.9985
0.1,7.75,7.75,1,1,Randomized,0.9985
0.1,7.75,7.75,1,1,Randomized,0.9985
0.1,7.75,7.75,1,1,Randomized,0.9985
0.1,7.75,7.75,1,1,Randomized,0.9985
0.1,7.75,7.75,1,1,Randomized,0.9985
0.1,7.75,7.75,1,1,Randomized,0.9985
0.1,7.75,7.75,1,1,Randomized,0.9985
0.1,7.75,7.75,1,1,Randomized,0.9985
0.1,7.75,7.75,1,1,Randomized,0.9985
0.1,7.75,7.75,1,1,Randomized,0.9985
0.1,7.75,7.75,1,1,Randomized,0.9985
0.1,7.75,7.75,1,1,Randomized,0.9985
0.1,7.75,7.75,1,1,Randomized,0.9985
0.1,7.75,7.75,1,1,Randomized,0.9985
0.1,7.75,7.75,1,1,Randomized,0.9985
0.1,7.75,7.75,1,1,Randomized,0.9985
0.1,7.75,7.75,1,1,Randomized,0.9985
0.1,7.75,7.75,1,1,Randomized,0.9985
0.1,7.75,7.75,1,1,Randomized,0.9985
0.1,7.75,7.75,1,1,Randomized,0.9985
0.1,7.75,7.75,1,1,Randomized,0.9985
0.1,7.75,7.75,1,1,Randomized,0.9985
0.1,7.75,7.75,1,1,Randomized,0.9985
0.1,7.75,7.75,1,1,Randomized,0.9985
0.1,7.75,7.75,1,1,Randomized,0.9985
0.1,7.75,7.75,1,1,Randomized,0.9985
0.1,7.75,7.75,1,1,Randomized,0.9985
0.1,7.75,7.75,1,1,Randomized,0.9985
0.1,7.75,7.75,1,0,Randomized,0.9985
0.1,7.75,7.75,1,1,Randomized,0.9985
0.1,7.75,7.75,1,1,Randomized,0.9985
0.1,7.75,7.75,1,1,Randomized,0.9985
0.1,7.75,7.75,1,1,Randomized,0.9985
0.1,7.75,7.75,1,1,Randomized,0.9985
0.1,7.75,7.75,1,1,Randomized,0.9985
0.1,7.75,7.75,1,1,Randomized,0.9985
0.1,7.75,7.75,1,1,Randomized,0.9985
0.1,7.75,7.75,1,1,Randomized,0.9985
0.1,7.75,7.75,1,1,Randomized,0.9985
0.1,7.75,7.75,1,1,Randomized,0.9985
0.1,7.75,7.75,1,1,Randomized,0.9985
0.1,7.75,7.75,1,1,Randomized,0.9985
0.1,7.75,7.75,1,1,Randomized,0.9985
0.1,7.75,7.75,1,1,Randomized,0.9985
0.1,7.75,7.75,1,1,Randomized,0.9985
0.1,7.75,7.75,1,1,Randomized,0.9985
0.1,7.75,7.75,1,1,Randomized,0.9985
0.1,7.75,7.75,1,1,Randomized,0.9985
0.1,7.75,7.75,1,1,Randomized,0.9985
0.1,7.75,7.75,1,1,Randomized,0.9985
0.1,7.75,7.75,1,1,Randomized,0.9985
0.1,7.75,7.75,1,1,Randomized,0.9985
0.1,7.75,7.75,1,1,Randomized,0.9985
0.1,7.75,7.75,1,1,Randomized,0.9985
0.1,7.75,7.75,1,1,Randomized,0.9985
0.1,7.75,7.75,1,1,Randomized,0.9985
0.1,7.75,7.75,1,1,Randomized,0.9985
0.1,7.75,7.75,1,1,Randomized,0.9985
0.1,7.75,7.75,1,1,Randomized,0.9985
0.1,7.75,7.75,1,1,Randomized,0.9985
0.1,7.75,7.75,1,1,Randomized,0.9985
0.1,7.75,7.75,1,1,Randomized,0.9985
0.1,7.75,7.75,1,1,Randomized,0.9985
0.1,7.75,7.75,1,1,Randomized,0.9985
0.1,7.75,7.75,1,1,Randomized,0.9985
0.1,7.75,7.75,1,1,Randomized,0.9985
0.1,7.75,7.75,1,1,Randomized,0.9985
0.1,7.75,7.75,1,1,Randomized,0.9985
0.1,7.75,7.75,1,1,Randomized,0.9985
0.1,7.75,7.75,1,1,Randomized,0.9985
0.1,7.75,7.75,1,1,Randomized,0.9985
0.1,7.75,7.75,1,1,Randomized,0.9985
0.1,7.75,7.75,1,1,Randomized,0.9985
0.1,7.75,7.75,1,1,Randomized,0.9985
0.1,7.75,7.75,1,1,Randomized,0.9985
0.1,7.75,7.75,1,1,Randomized,0.9985
0.1,7.75,7.75,1,1,Randomized,0.9985
0.1,7.75,7.75,1,1,Randomized,0.9985
0.1,7.75,7.75,1,1,Randomized,0.9985
0.1,7.75,7.75,1,1,Randomized,0.9985
0.1,7.75,7.75,1,1,Randomized,0.9985
0.1,7.75,7.75,1,1,Randomized,0.9985
0.1,7.75,7.75,1,1,Randomized,0.9985
0.1,7.75,7.75,1,1,Randomized,0.9985
0.1,7.75,7.75,1,1,Randomized,0.9985
0.1,7.75,7.75,1,1,Randomized,0.9985
0.1,7.75,7.75,1,1,Randomized,0.9985
0.1,7.75,7.75,1,1,Randomized,0.9985
0.1,7.75,7.75,1,1,Randomized,0.9985
0.1,7.75,7.75,1,1,Randomized,0.9985
0.1,7.75,7.75,1,1,Randomized,0.9985
0.1,7.75,7.75,1,1,Randomized,0.9985
0.1,7.75,7.75,1,1,Randomized,0.9985
0.1,7.75,7.75,1,1,Randomized,0.9985
0.1,7.75,7.75,1,1,Randomized,0.9985
0.1,7.75,7.75,1,1,Randomized,0.9985
0.1,7.75,7.75,1,1,Randomized,0.9985
0.1,7.75,7.75,1,1,Randomized,0.9985
0.1,7.75,7.75,1,0,Randomized,0.9985
0.1,7.75,7.75,1,1,Randomized,0.9985
0.1,7.75,7.75,1,1,Randomized,0.9985
0.1,7.75,7.75,1,1,Randomized,0.9985
0.1,7.75,7.75,1,1,Randomized,0.9985
0.1,7.75,7.75,1,1,Randomized,0.9985
0.1,7.75,7.75,1,1,Randomized,0.9985
0.1,7.75,7.75,1,1,Randomized,0.9985
0.1,7.75,7.75,1,1,Randomized,0.9985
0.1,7.75,7.75,1,1,Randomized,0.9985
0.1,7.75,7.75,1,1,Randomized,0.9985
0.1,7.75,7.75,1,1,Randomized,0.9985
0.1,7.75,6.458333333333333,1,0,Randomized,0.9985
0.1,7.75,7.75,1,1,Randomized,0.9985
0.1,7.75,7.75,1,1,Randomized,0.9985
0.1,7.75,7.75,1,1,Randomized,0.9985
0.1,7.75,7.75,1,1,Randomized,0.9985
0.1,7.75,7.75,1,1,Randomized,0.9985
0.1,7.75,7.75,1,1,Randomized,0.9985
0.1,7.75,7.75,1,1,Randomized,0.9985
0.1,7.75,7.75,1,1,Randomized,0.9985
0.1,7.75,7.75,1,1,Randomized,0.9985
0.1,7.75,7.75,1,1,Randomized,0.9985
0.1,7.75,7.75,1,1,Randomized,0.9985
0.1,7.75,7.75,1,1,Randomized,0.9985
0.1,7.75,7.75,1,1,Randomized,0.9985
0.1,7.75,7.75,1,1,Randomized,0.9985
0.1,7.75,7.75,1,1,Randomized,0.9985
0.1,7.75,7.75,1,1,Randomized,0.9985
0.1,7.75,7.75,1,1,Randomized,0.9985
0.1,7.75,7.75,1,1,Randomized,0.9985
0.1,7.75,7.75,1,1,Randomized,0.9985
0.1,7.75,7.75,1,1,Randomized,0.9985
0.1,7.75,7.75,1,1,Randomized,0.9985
0.1,7.75,7.75,1,1,Randomized,0.9985
0.1,7.75,7.75,1,1,Randomized,0.9985
0.1,7.75,7.75,1,1,Randomized,0.9985
0.1,7.75,7.75,1,1,Randomized,0.9985
0.1,7.75,7.75,1,1,Randomized,0.9985
0.1,7.75,7.75,1,0,Randomized,0.9985
0.1,7.75,7.75,1,1,Randomized,0.9985
0.1,7.75,7.75,1,1,Randomized,0.9985
0.1,7.75,7.75,1,1,Randomized,0.9985
0.1,7.75,7.75,1,1,Randomized,0.9985
0.1,7.75,7.75,1,1,Randomized,0.9985
0.1,7.75,7.75,1,0,Randomized,0.9985
0.1,7.75,7.75,1,1,Randomized,0.9985
0.1,7.75,7.75,1,1,Randomized,0.9985
0.1,7.75,7.75,1,1,Randomized,0.9985
0.1,7.75,7.75,1,1,Randomized,0.9985
0.1,7.75,7.75,1,1,Randomized,0.9985
0.1,7.75,7.75,1,1,Randomized,0.9985
0.1,7.75,7.75,1,1,Randomized,0.9985
0.1,7.75,7.75,1,1,Randomized,0.9985
0.1,7.75,7.75,1,1,Randomized,0.9985
0.1,7.75,7.75,1,1,Randomized,0.9985
0.1,7.75,7.75,1,1,Randomized,0.9985
0.1,7.75,7.75,1,1,Randomized,0.9985
0.1,7.75,7.75,1,1,Randomized,0.9985
0.1,7.75,7.75,1,1,Randomized,0.9985
0.1,7.75,7.75,1,1,Randomized,0.9985
0.1,7.75,7.75,1,1,Randomized,0.9985
0.1,7.75,7.75,1,1,Randomized,0.9985
0.1,7.75,7.75,1,1,Randomized,0.9985
0.1,7.75,7.75,1,1,Randomized,0.9985
0.1,7.75,7.75,1,0,Randomized,0.9985
0.1,7.75,7.75,1,1,Randomized,0.9985
0.1,7.75,7.75,1,1,Randomized,0.9985
0.1,7.75,7.75,1,1,Randomized,0.9985
0.1,7.75,7.75,1,1,Randomized,0.9985
0.1,7.75,7.75,1,1,Randomized,0.9985
0.1,7.75,7.75,1,1,Randomized,0.9985
0.1,7.75,7.75,1,1,Randomized,0.9985
0.1,7.75,7.75,1,1,Randomized,0.9985
0.1,7.75,7.75,1,1,Randomized,0.9985
0.1,7.75,7.75,1,0,Randomized,0.9985
0.1,7.75,7.75,1,0,Randomized,0.9985
0.1,7.75,7.75,1,1,Randomized,0.9985
0.1,7.75,7.75,1,1,Randomized,0.9985
0.1,7.75,7.75,1,1,Randomized,0.9985
0.1,7.75,7.75,1,1,Randomized,0.9985
0.1,7.75,7.75,1,1,Randomized,0.9985
0.1,7.75,7.75,1,1,Randomized,0.9985
0.1,7.75,7.75,1,1,Randomized,0.9985
0.1,7.75,7.75,1,0,Randomized,0.9985
0.1,7.75,7.75,1,1,Randomized,0.9985
0.1,7.75,7.75,1,1,Randomized,0.9985
0.1,7.75,7.75,1,1,Randomized,0.9985
0.1,7.75,7.75,1,1,Randomized,0.9985
0.1,7.75,7.75,1,1,Randomized,0.9985
0.1,7.75,7.75,1,1,Randomized,0.9985
0.1,7.75,7.75,1,1,Randomized,0.9985
0.1,7.75,7.75,1,1,Randomized,0.9985
0.1,7.75,7.75,1,1,Randomized,0.9985
0.1,7.75,7.75,1,1,Randomized,0.9985
0.1,7.75,7.75,1,1,Randomized,0.9985
0.1,7.75,7.75,1,1,Randomized,0.9985
0.1,7.75,7.75,1,1,Randomized,0.9985
0.1,7.75,7.75,1,1,Randomized,0.9985
0.1,7.75,7.75,1,1,Randomized,0.9985
0.1,7.75,7.75,1,1,Randomized,0.9985
0.1,7.75,7.75,1,1,Randomized,0.9985
0.1,7.75,7.75,1,1,Randomized,0.9985
0.1,7.75,7.75,1,1,Randomized,0.9985
0.1,7.75,7.75,1,1,Randomized,0.9985
0.1,7.75,7.75,1,1,Randomized,0.9985
0.1,7.75,7.75,1,1,Randomized,0.9985
0.1,7.75,7.75,1,1,Randomized,0.9985
0.1,7.75,7.75,1,1,Randomized,0.9985
0.1,7.75,7.75,1,1,Randomized,0.9985
0.1,7.75,7.75,1,1,Randomized,0.9985
0.1,7.75,7.75,1,1,Randomized,0.9985
0.1,7.75,7.75,1,1,Randomized,0.9985
0.1,7.75,7.75,1,1,Randomized,0.9985
0.1,7.75,7.75,1,0,Randomized,0.9985
0.1,7.75,7.75,1,1,Randomized,0.9985
0.1,7.75,7.75,1,1,Randomized,0.9985
0.1,7.75,7.75,1,1,Randomized,0.9985
0.1,7.75,7.75,1,1,Randomized,0.9985
0.1,7.75,7.75,1,1,Randomized,0.9985
0.1,7.75,7.75,1,1,Randomized,0.9985
0.1,7.75,7.75,1,1,Randomized,0.9985
0.1,7.75,7.75,1,1,Randomized,0.9985
0.1,7.75,7.75,1,1,Randomized,0.9985
0.1,7.75,7.75,1,1,Randomized,0.9985
0.1,7.75,7.75,1,1,Randomized,0.9985
0.1,7.75,7.75,1,1,Randomized,0.9985
0.1,7.75,7.75,1,1,Randomized,0.9985
0.1,7.75,7.75,1,1,Randomized,0.9985
0.1,7.75,7.75,1,1,Randomized,0.9985
0.1,7.75,7.75,1,1,Randomized,0.9985
0.1,7.75,7.75,1,1,Randomized,0.9985
0.1,7.75,7.75,1,1,Randomized,0.9985
0.1,7.75,7.75,1,1,Randomized,0.9985
0.1,7.75,7.75,1,1,Randomized,0.9985
0.1,7.75,7.75,1,1,Randomized,0.9985
0.1,7.75,7.75,1,1,Randomized,0.9985
0.1,7.75,7.75,1,1,Randomized,0.9985
0.1,7.75,7.75,1,1,Randomized,0.9985
0.1,7.75,7.75,1,1,Randomized,0.9985
0.1,7.75,7.75,1,1,Randomized,0.9985
0.1,7.75,7.75,1,1,Randomized,0.9985
0.1,7.75,7.75,1,1,Randomized,0.9985
0.1,7.75,7.75,1,1,Randomized,0.9985
0.1,7.75,7.75,1,1,Randomized,0.9985
0.1,7.75,7.75,1,1,Randomized,0.9985
0.1,7.75,7.75,1,1,Randomized,0.9985
0.1,7.75,7.75,1,1,Randomized,0.9985
0.1,7.75,7.75,1,1,Randomized,0.9985
0.1,7.75,7.75,1,1,Randomized,0.9985
0.1,7.75,7.75,1,1,Randomized,0.9985
0.1,7.75,7.75,1,1,Randomized,0.9985
0.1,7.75,7.75,1,1,Randomized,0.9985
0.1,7.75,7.75,1,1,Randomized,0.9985
0.1,7.75,7.75,1,1,Randomized,0.9985
0.1,7.75,7.75,1,1,Randomized,0.9985
0.1,7.75,7.75,1,1,Randomized,0.9985
0.1,7.75,7.75,1,0,Randomized,0.9985
0.1,7.75,7.75,1,1,Randomized,0.9985
0.1,7.75,7.75,1,1,Randomized,0.9985
0.1,7.75,7.75,1,1,Randomized,0.9985
0.1,7.75,7.75,1,1,Randomized,0.9985
0.1,7.75,7.75,1,1,Randomized,0.9985
0.1,7.75,7.75,1,1,Randomized,0.9985
0.1,7.75,7.75,1,1,Randomized,0.9985
0.1,7.75,7.75,1,1,Randomized,0.9985
0.1,7.75,7.75,1,1,Randomized,0.9985
0.1,7.75,7.75,1,1,Randomized,0.9985
0.1,7.75,7.75,1,1,Randomized,0.9985
0.1,7.75,7.75,1,1,Randomized,0.9985
0.1,7.75,7.75,1,0,Randomized,0.9985
0.1,7.75,7.75,1,1,Randomized,0.9985
0.1,7.75,7.75,1,1,Randomized,0.9985
0.1,7.75,7.75,1,1,Randomized,0.9985
0.1,7.75,7.75,1,0,Randomized,0.9985
0.1,7.75,7.75,1,1,Randomized,0.9985
0.1,7.75,7.75,1,1,Randomized,0.9985
0.1,7.75,7.75,1,1,Randomized,0.9985
0.1,7.75,7.75,1,1,Randomized,0.9985
0.1,7.75,7.75,1,1,Randomized,0.9985
0.1,7.75,7.75,1,1,Randomized,0.9985
0.1,7.75,7.75,1,1,Randomized,0.9985
0.1,7.75,7.75,1,1,Randomized,0.9985
0.1,7.75,7.75,1,1,Randomized,0.9985
0.1,7.75,7.75,1,1,Randomized,0.9985
0.1,7.75,7.75,1,1,Randomized,0.9985
0.1,7.75,7.75,1,1,Randomized,0.9985
0.1,7.75,7.75,1,1,Randomized,0.9985
0.1,7.75,7.75,1,1,Randomized,0.9985
0.1,7.75,7.75,1,1,Randomized,0.9985
0.1,7.75,7.75,1,1,Randomized,0.9985
0.1,7.75,7.75,1,1,Randomized,0.9985
0.1,7.75,7.75,1,1,Randomized,0.9985
0.1,7.75,7.045454545454546,1,0,Randomized,0.9985
0.1,7.75,7.75,1,1,Randomized,0.9985
0.1,7.75,7.75,1,1,Randomized,0.9985
0.1,7.75,7.75,1,1,Randomized,0.9985
0.1,7.75,7.75,1,0,Randomized,0.9985
0.1,7.75,7.75,1,1,Randomized,0.9985
0.1,7.75,7.75,1,1,Randomized,0.9985
0.1,7.75,7.75,1,1,Randomized,0.9985
0.1,7.75,7.75,1,1,Randomized,0.9985
0.1,7.75,7.75,1,1,Randomized,0.9985
0.1,7.75,7.75,1,1,Randomized,0.9985
0.1,7.75,7.75,1,1,Randomized,0.9985
0.1,7.75,7.75,1,1,Randomized,0.9985
0.1,7.75,7.75,1,1,Randomized,0.9985
0.1,7.75,7.75,1,1,Randomized,0.9985
0.1,7.75,7.75,1,1,Randomized,0.9985
0.1,7.75,7.75,1,1,Randomized,0.9985
0.1,7.75,7.75,1,1,Randomized,0.9985
0.1,7.75,7.75,1,0,Randomized,0.9985
0.1,7.75,7.75,1,1,Randomized,0.9985
0.1,7.75,7.75,1,1,Randomized,0.9985
0.1,7.75,7.75,1,1,Randomized,0.9985
0.1,7.75,7.75,1,1,Randomized,0.9985
0.1,7.75,7.75,1,1,Randomized,0.9985
0.1,7.75,7.75,1,1,Randomized,0.9985
0.1,7.75,7.75,1,1,Randomized,0.9985
0.1,7.75,7.75,1,1,Randomized,0.9985
0.1,7.75,7.75,1,1,Randomized,0.9985
0.1,7.75,7.75,1,1,Randomized,0.9985
0.1,7.75,7.75,1,1,Randomized,0.9985
0.1,7.75,7.75,1,1,Randomized,0.9985
0.1,7.75,7.75,1,1,Randomized,0.9985
0.1,7.75,7.75,1,1,Randomized,0.9985
0.1,7.75,7.75,1,1,Randomized,0.9985
0.1,7.75,7.75,1,1,Randomized,0.9985
0.1,7.75,7.75,1,1,Randomized,0.9985
0.1,7.75,7.75,1,1,Randomized,0.9985
0.1,7.75,7.75,1,1,Randomized,0.9985
0.1,7.75,7.75,1,1,Randomized,0.9985
0.1,7.75,7.75,1,1,Randomized,0.9985
0.1,7.75,7.75,1,1,Randomized,0.9985
0.1,7.75,7.75,1,1,Randomized,0.9985
0.1,7.75,7.75,1,0,Randomized,0.9985
0.1,7.75,7.75,1,1,Randomized,0.9985
0.1,7.75,7.75,1,1,Randomized,0.9985
0.1,7.75,7.75,1,1,Randomized,0.9985
0.1,7.75,7.75,1,1,Randomized,0.9985
0.1,7.75,7.75,1,0,Randomized,0.9985
0.1,7.75,7.75,1,1,Randomized,0.9985
0.1,7.75,7.75,1,1,Randomized,0.9985
0.1,7.75,7.75,1,1,Randomized,0.9985
0.1,7.75,7.75,1,1,Randomized,0.9985
0.1,7.75,7.75,1,1,Randomized,0.9985
0.1,7.75,7.75,1,1,Randomized,0.9985
0.1,7.75,7.75,1,1,Randomized,0.9985
0.1,7.75,7.75,1,1,Randomized,0.9985
0.1,7.75,7.75,1,1,Randomized,0.9985
0.1,7.75,7.75,1,1,Randomized,0.9985
0.1,7.75,7.75,1,1,Randomized,0.9985
0.1,7.75,7.75,1,1,Randomized,0.9985
0.1,7.75,7.75,1,0,Randomized,0.9985
0.1,7.75,7.75,1,1,Randomized,0.9985
0.1,7.75,7.75,1,1,Randomized,0.9985
0.1,7.75,7.75,1,1,Randomized,0.9985
0.1,7.75,7.75,1,1,Randomized,0.9985
0.1,7.75,7.75,1,1,Randomized,0.9985
0.1,7.75,7.75,1,1,Randomized,0.9985
0.1,7.75,7.75,1,1,Randomized,0.9985
0.1,7.75,7.75,1,1,Randomized,0.9985
0.1,7.75,7.75,1,1,Randomized,0.9985
0.1,7.75,7.75,1,1,Randomized,0.9985
0.1,7.75,7.75,1,1,Randomized,0.9985
0.1,7.75,7.75,1,1,Randomized,0.9985
0.1,7.75,7.75,1,1,Randomized,0.9985
0.1,7.75,7.75,1,0,Randomized,0.9985
0.1,7.75,7.75,1,1,Randomized,0.9985
0.1,7.75,7.75,1,1,Randomized,0.9985
0.1,7.75,7.75,1,1,Randomized,0.9985
0.1,7.75,7.75,1,1,Randomized,0.9985
0.1,7.75,7.75,1,1,Randomized,0.9985
0.1,7.75,7.045454545454546,1,0,Randomized,0.9985
0.1,7.75,7.75,1,1,Randomized,0.9985
0.1,7.75,7.75,1,1,Randomized,0.9985
0.1,7.75,7.75,1,1,Randomized,0.9985
0.1,7.75,7.75,1,1,Randomized,0.9985
0.1,7.75,7.75,1,1,Randomized,0.9985
0.1,7.75,7.75,1,1,Randomized,0.9985
0.1,7.75,7.75,1,0,Randomized,0.9985
0.1,7.75,7.75,1,1,Randomized,0.9985
0.1,7.75,7.75,1,1,Randomized,0.9985
0.1,7.75,7.75,1,0,Randomized,0.9985
0.1,7.75,7.75,1,1,Randomized,0.9985
0.1,7.75,7.75,1,1,Randomized,0.9985
0.1,7.75,7.75,1,1,Randomized,0.9985
0.1,7.75,7.75,1,1,Randomized,0.9985
0.1,7.75,7.75,1,1,Randomized,0.9985
0.1,7.75,7.75,1,1,Randomized,0.9985
0.1,7.75,7.75,1,1,Randomized,0.9985
0.1,7.75,7.75,1,1,Randomized,0.9985
0.1,7.75,7.75,1,1,Randomized,0.9985
0.1,7.75,7.75,1,1,Randomized,0.9985
0.1,7.75,7.75,1,1,Randomized,0.9985
0.1,7.75,7.75,1,1,Randomized,0.9985
0.1,7.75,7.75,1,0,Randomized,0.9985
0.1,7.75,7.75,1,1,Randomized,0.9985
0.1,7.75,7.75,1,1,Randomized,0.9985
0.1,7.75,7.75,1,1,Randomized,0.9985
0.1,7.75,7.75,1,1,Randomized,0.9985
0.1,7.75,7.75,1,1,Randomized,0.9985
0.1,7.75,7.75,1,1,Randomized,0.9985
0.1,7.75,7.75,1,1,Randomized,0.9985
0.1,7.75,7.75,1,1,Randomized,0.9985
0.1,7.75,7.75,1,1,Randomized,0.9985
0.1,7.75,7.75,1,1,Randomized,0.9985
0.1,7.75,7.75,1,1,Randomized,0.9985
0.1,7.75,7.75,1,1,Randomized,0.9985
0.1,7.75,7.75,1,1,Randomized,0.9985
0.1,7.75,7.75,1,1,Randomized,0.9985
0.1,7.75,7.75,1,1,Randomized,0.9985
0.1,7.75,7.75,1,1,Randomized,0.9985
0.1,7.75,7.75,1,1,Randomized,0.9985
0.1,7.75,7.75,1,1,Randomized,0.9985
0.1,7.75,7.75,1,1,Randomized,0.9985
0.1,7.75,7.75,1,1,Randomized,0.9985
0.1,7.75,7.75,1,1,Randomized,0.9985
0.1,7.75,7.75,1,1,Randomized,0.9985
0.1,7.75,7.75,1,1,Randomized,0.9985
0.1,7.75,7.75,1,1,Randomized,0.9985
0.1,7.75,7.75,1,1,Randomized,0.9985
0.1,7.75,7.75,1,1,Randomized,0.9985
0.1,7.75,7.75,1,1,Randomized,0.9985
0.1,7.75,7.75,1,1,Randomized,0.9985
0.1,7.75,7.75,1,1,Randomized,0.9985
0.1,7.75,7.75,1,1,Randomized,0.9985
0.1,7.75,7.75,1,1,Randomized,0.9985
0.1,7.75,7.75,1,1,Randomized,0.9985
0.1,7.75,7.75,1,1,Randomized,0.9985
0.1,7.75,7.75,1,1,Randomized,0.9985
0.1,7.75,7.75,1,1,Randomized,0.9985
0.1,7.75,7.75,1,1,Randomized,0.9985
0.1,7.75,7.75,1,1,Randomized,0.9985
0.1,7.75,7.75,1,1,Randomized,0.9985
0.1,7.75,7.75,1,1,Randomized,0.9985
0.1,7.75,7.75,1,1,Randomized,0.9985
0.1,7.75,7.75,1,1,Randomized,0.9985
0.1,7.75,7.75,1,1,Randomized,0.9985
0.1,7.75,7.75,1,1,Randomized,0.9985
0.1,7.75,7.75,1,1,Randomized,0.9985
0.1,7.75,7.75,1,1,Randomized,0.9985
0.1,7.75,7.75,1,1,Randomized,0.9985
0.1,7.75,7.75,1,1,Randomized,0.9985
0.1,7.75,7.75,1,1,Randomized,0.9985
0.1,7.75,7.75,1,1,Randomized,0.9985
0.1,7.75,7.75,1,0,Randomized,0.9985
0.1,7.75,7.75,1,1,Randomized,0.9985
0.1,7.75,7.75,1,1,Randomized,0.9985
0.1,7.75,7.75,1,1,Randomized,0.9985
0.1,7.75,7.75,1,1,Randomized,0.9985
0.1,7.75,7.75,1,1,Randomized,0.9985
0.1,7.75,7.75,1,1,Randomized,0.9985
0.1,7.75,7.75,1,1,Randomized,0.9985
0.1,7.75,7.75,1,1,Randomized,0.9985
0.1,7.75,7.75,1,1,Randomized,0.9985
0.1,7.75,7.75,1,1,Randomized,0.9985
0.1,7.75,7.75,1,1,Randomized,0.9985
0.1,7.75,7.75,1,1,Randomized,0.9985
0.1,7.75,7.75,1,1,Randomized,0.9985
0.1,7.75,7.75,1,1,Randomized,0.9985
0.1,7.75,7.75,1,1,Randomized,0.9985
0.1,7.75,7.75,1,1,Randomized,0.9985
0.1,7.75,7.75,1,1,Randomized,0.9985
0.1,7.75,7.75,1,1,Randomized,0.9985
0.1,7.75,7.75,1,1,Randomized,0.9985
0.1,7.75,7.75,1,1,Randomized,0.9985
0.1,7.75,7.75,1,1,Randomized,0.9985
0.1,7.75,7.75,1,1,Randomized,0.9985
0.1,7.75,7.75,1,1,Randomized,0.9985
0.1,7.75,7.75,1,1,Randomized,0.9985
0.1,7.75,7.75,1,0,Randomized,0.9985
0.1,7.75,7.75,1,1,Randomized,0.9985
0.1,7.75,7.75,1,1,Randomized,0.9985
0.1,7.75,7.75,1,1,Randomized,0.9985
0.1,7.75,7.75,1,1,Randomized,0.9985
0.1,7.75,7.75,1,1,Randomized,0.9985
0.1,7.75,7.75,1,1,Randomized,0.9985
0.1,7.75,7.75,1,1,Randomized,0.9985
0.1,7.75,7.75,1,1,Randomized,0.9985
0.1,7.75,7.75,1,1,Randomized,0.9985
0.1,7.75,7.75,1,0,Randomized,0.9985
0.1,7.75,7.75,1,1,Randomized,0.9985
0.1,7.75,7.75,1,1,Randomized,0.9985
0.1,7.75,7.75,1,1,Randomized,0.9985
0.1,7.75,7.75,1,1,Randomized,0.9985
0.1,7.75,7.75,1,1,Randomized,0.9985
0.1,7.75,7.75,1,1,Randomized,0.9985
0.1,7.75,7.75,1,1,Randomized,0.9985
0.1,7.75,7.75,1,1,Randomized,0.9985
0.1,7.75,7.75,1,1,Randomized,0.9985
0.1,7.75,7.75,1,0,Randomized,0.9985
0.1,7.75,7.75,1,1,Randomized,0.9985
0.1,7.75,7.75,1,0,Randomized,0.9985
0.1,7.75,7.75,1,1,Randomized,0.9985
0.1,7.75,7.75,1,1,Randomized,0.9985
0.1,7.75,7.75,1,1,Randomized,0.9985
0.1,7.75,7.75,1,1,Randomized,0.9985
0.1,7.75,7.75,1,1,Randomized,0.9985
0.1,7.75,7.75,1,1,Randomized,0.9985
0.1,7.75,7.75,1,1,Randomized,0.9985
0.1,7.75,7.75,1,1,Randomized,0.9985
0.1,7.75,7.75,1,1,Randomized,0.9985
0.1,7.75,7.75,1,0,Randomized,0.9985
0.1,7.75,7.75,1,1,Randomized,0.9985
0.1,7.75,7.75,1,1,Randomized,0.9985
0.1,7.75,7.75,1,1,Randomized,0.9985
0.1,7.75,7.75,1,1,Randomized,0.9985
0.1,7.75,7.75,1,1,Randomized,0.9985
0.1,7.75,7.75,1,1,Randomized,0.9985
0.1,7.75,7.75,1,0,Randomized,0.9985
0.1,7.75,7.75,1,1,Randomized,0.9985
0.1,7.75,7.75,1,1,Randomized,0.9985
0.1,7.75,7.75,1,1,Randomized,0.9985
0.1,7.75,7.75,1,1,Randomized,0.9985
0.1,7.75,7.75,1,1,Randomized,0.9985
0.1,7.75,7.75,1,1,Randomized,0.9985
0.1,7.75,7.75,1,1,Randomized,0.9985
0.1,7.75,5.535714285714286,0,0,Randomized,0.9985
0.1,7.75,7.75,1,1,Randomized,0.9985
0.1,7.75,7.75,1,1,Randomized,0.9985
0.1,7.75,7.75,1,1,Randomized,0.9985
0.1,7.75,7.75,1,1,Randomized,0.9985
0.1,7.75,7.75,1,1,Randomized,0.9985
0.1,7.75,7.75,1,1,Randomized,0.9985
0.1,7.75,7.75,1,1,Randomized,0.9985
0.1,7.75,7.75,1,1,Randomized,0.9985
0.1,7.75,7.75,1,1,Randomized,0.9985
0.1,7.75,7.75,1,1,Randomized,0.9985
0.1,7.75,7.75,1,1,Randomized,0.9985
0.1,7.75,7.75,1,1,Randomized,0.9985
0.1,7.75,7.75,1,1,Randomized,0.9985
0.1,7.75,7.75,1,1,Randomized,0.9985
0.1,7.75,7.75,1,1,Randomized,0.9985
0.1,7.75,7.75,1,1,Randomized,0.9985
0.1,7.75,7.75,1,1,Randomized,0.9985
0.1,7.75,7.75,1,1,Randomized,0.9985
0.1,7.75,7.75,1,1,Randomized,0.9985
0.1,7.75,7.75,1,1,Randomized,0.9985
0.1,7.75,7.75,1,1,Randomized,0.9985
0.1,7.75,7.75,1,1,Randomized,0.9985
0.1,7.75,7.75,1,1,Randomized,0.9985
0.1,7.75,7.75,1,1,Randomized,0.9985
0.1,7.75,7.75,1,1,Randomized,0.9985
0.1,7.75,7.75,1,1,Randomized,0.9985
0.1,7.75,7.75,1,1,Randomized,0.9985
0.1,7.75,7.75,1,1,Randomized,0.9985
0.1,7.75,7.75,1,1,Randomized,0.9985
0.1,7.75,7.75,1,1,Randomized,0.9985
0.1,7.75,7.75,1,1,Randomized,0.9985
0.1,7.75,7.75,1,1,Randomized,0.9985
0.1,7.75,7.75,1,1,Randomized,0.9985
0.1,7.75,7.75,1,0,Randomized,0.9985
0.1,7.75,7.75,1,1,Randomized,0.9985
0.1,7.75,7.75,1,1,Randomized,0.9985
0.1,7.75,7.75,1,1,Randomized,0.9985
0.1,7.75,7.75,1,1,Randomized,0.9985
0.1,7.75,7.75,1,1,Randomized,0.9985
0.1,7.75,7.75,1,1,Randomized,0.9985
0.1,7.75,7.75,1,1,Randomized,0.9985
0.1,7.75,7.75,1,0,Randomized,0.9985
0.1,7.75,7.75,1,1,Randomized,0.9985
0.1,7.75,7.75,1,1,Randomized,0.9985
0.1,7.75,7.75,1,1,Randomized,0.9985
0.1,7.75,7.75,1,1,Randomized,0.9985
0.1,7.75,7.75,1,1,Randomized,0.9985
0.1,7.75,7.75,1,1,Randomized,0.9985
0.1,7.75,7.75,1,1,Randomized,0.9985
0.1,7.75,7.75,1,1,Randomized,0.9985
0.1,7.75,7.75,1,1,Randomized,0.9985
0.1,7.75,7.75,1,1,Randomized,0.9985
0.1,7.75,7.75,1,1,Randomized,0.9985
0.1,7.75,7.75,1,1,Randomized,0.9985
0.1,7.75,7.75,1,1,Randomized,0.9985
0.1,7.75,7.75,1,1,Randomized,0.9985
0.1,7.75,7.75,1,1,Randomized,0.9985
0.1,7.75,7.75,1,1,Randomized,0.9985
0.1,7.75,7.75,1,1,Randomized,0.9985
0.1,7.75,7.75,1,1,Randomized,0.9985
0.1,7.75,7.75,1,1,Randomized,0.9985
0.1,7.75,7.75,1,1,Randomized,0.9985
0.1,7.75,7.75,1,1,Randomized,0.9985
0.1,7.75,7.75,1,1,Randomized,0.9985
0.1,7.75,7.75,1,1,Randomized,0.9985
0.1,7.75,7.75,1,0,Randomized,0.9985
0.1,7.75,7.75,1,1,Randomized,0.9985
0.1,7.75,7.75,1,1,Randomized,0.9985
0.1,7.75,7.75,1,1,Randomized,0.9985
0.1,7.75,7.75,1,1,Randomized,0.9985
0.1,7.75,7.75,1,1,Randomized,0.9985
0.1,7.75,7.75,1,1,Randomized,0.9985
0.1,7.75,7.75,1,1,Randomized,0.9985
0.1,7.75,7.75,1,1,Randomized,0.9985
0.1,7.75,7.75,1,1,Randomized,0.9985
0.1,7.75,7.75,1,1,Randomized,0.9985
0.1,7.75,7.75,1,1,Randomized,0.9985
0.1,7.75,7.75,1,1,Randomized,0.9985
0.1,7.75,7.75,1,1,Randomized,0.9985
0.1,7.75,7.75,1,1,Randomized,0.9985
0.1,7.75,7.75,1,1,Randomized,0.9985
0.1,7.75,7.75,1,1,Randomized,0.9985
0.1,7.75,7.75,1,1,Randomized,0.9985
0.1,7.75,7.75,1,1,Randomized,0.9985
0.1,7.75,7.045454545454546,1,0,Randomized,0.9985
0.1,7.75,7.75,1,1,Randomized,0.9985
0.1,7.75,7.75,1,1,Randomized,0.9985
0.1,7.75,7.75,1,1,Randomized,0.9985
0.1,7.75,7.75,1,1,Randomized,0.9985
0.1,7.75,7.75,1,1,Randomized,0.9985
0.1,7.75,7.75,1,1,Randomized,0.9985
0.1,7.75,7.75,0,1,Randomized,0.9985
0.1,7.75,7.75,1,1,Randomized,0.9985
0.1,7.75,7.75,1,1,Randomized,0.9985
0.1,7.75,7.75,1,1,Randomized,0.9985
0.1,7.75,7.75,1,1,Randomized,0.9985
0.1,7.75,7.75,1,1,Randomized,0.9985
0.1,7.75,7.75,1,1,Randomized,0.9985
0.1,7.75,7.75,1,1,Randomized,0.9985
0.1,7.75,7.75,1,0,Randomized,0.9985
0.1,7.75,7.75,1,1,Randomized,0.9985
0.1,7.75,7.75,1,1,Randomized,0.9985
0.1,7.75,7.75,1,1,Randomized,0.9985
0.1,7.75,7.75,1,1,Randomized,0.9985
0.1,7.75,7.75,1,1,Randomized,0.9985
0.1,7.75,7.75,1,1,Randomized,0.9985
0.1,7.75,7.75,1,1,Randomized,0.9985
0.1,7.75,7.75,1,1,Randomized,0.9985
0.1,7.75,7.75,1,1,Randomized,0.9985
0.1,7.75,7.75,1,1,Randomized,0.9985
0.1,7.75,7.75,1,1,Randomized,0.9985
0.1,7.75,7.75,1,1,Randomized,0.9985
0.1,7.75,7.75,1,1,Randomized,0.9985
0.1,7.75,7.75,1,1,Randomized,0.9985
0.1,7.75,7.75,1,1,Randomized,0.9985
0.1,7.75,7.75,1,1,Randomized,0.9985
0.1,7.75,7.75,1,1,Randomized,0.9985
0.1,7.75,7.75,1,1,Randomized,0.9985
0.1,7.75,7.75,1,1,Randomized,0.9985
0.1,7.75,7.75,1,1,Randomized,0.9985
0.1,7.75,7.75,1,1,Randomized,0.9985
0.1,7.75,7.75,1,1,Randomized,0.9985
0.1,7.75,7.75,1,1,Randomized,0.9985
0.1,7.75,7.75,1,1,Randomized,0.9985
0.1,7.75,7.75,1,1,Randomized,0.9985
0.1,7.75,7.75,1,1,Randomized,0.9985
0.1,7.75,7.75,1,1,Randomized,0.9985
0.1,7.75,7.75,1,1,Randomized,0.9985
0.1,7.75,7.75,1,1,Randomized,0.9985
0.1,7.75,7.75,1,1,Randomized,0.9985
0.1,7.75,7.75,1,1,Randomized,0.9985
0.1,7.75,7.75,1,1,Randomized,0.9985
0.1,7.75,7.75,1,1,Randomized,0.9985
0.1,7.75,7.75,1,1,Randomized,0.9985
0.1,7.75,7.75,1,1,Randomized,0.9985
0.1,7.75,7.75,1,1,Randomized,0.9985
0.1,7.75,7.75,1,1,Randomized,0.9985
0.1,7.75,7.75,1,1,Randomized,0.9985
0.1,7.75,7.75,1,1,Randomized,0.9985
0.1,7.75,7.75,1,1,Randomized,0.9985
0.1,7.75,7.75,1,1,Randomized,0.9985
0.1,7.75,7.75,1,1,Randomized,0.9985
0.1,7.75,7.75,1,1,Randomized,0.9985
0.1,7.75,7.75,1,0,Randomized,0.9985
0.1,7.75,7.75,1,1,Randomized,0.9985
0.1,7.75,7.75,1,0,Randomized,0.9985
0.1,7.75,7.75,1,1,Randomized,0.9985
0.1,7.75,7.75,1,1,Randomized,0.9985
0.1,7.75,7.75,1,1,Randomized,0.9985
0.1,7.75,7.75,1,1,Randomized,0.9985
0.1,7.75,7.75,1,1,Randomized,0.9985
0.1,7.75,7.75,1,1,Randomized,0.9985
0.1,7.75,7.75,1,1,Randomized,0.9985
0.1,7.75,7.75,1,1,Randomized,0.9985
0.1,7.75,7.75,1,1,Randomized,0.9985
0.1,7.75,7.75,1,1,Randomized,0.9985
0.1,7.75,7.75,1,1,Randomized,0.9985
0.1,7.75,7.75,1,1,Randomized,0.9985
0.1,7.75,7.75,1,1,Randomized,0.9985
0.1,7.75,7.75,1,1,Randomized,0.9985
0.1,7.75,7.75,1,1,Randomized,0.9985
0.1,7.75,7.75,1,1,Randomized,0.9985
0.1,7.75,7.75,1,1,Randomized,0.9985
0.1,7.75,7.75,1,1,Randomized,0.9985
0.1,7.75,7.75,1,1,Randomized,0.9985
0.1,7.75,7.75,1,1,Randomized,0.9985
0.1,7.75,7.75,1,1,Randomized,0.9985
0.1,7.75,7.75,1,1,Randomized,0.9985
0.1,7.75,7.75,1,1,Randomized,0.9985
0.1,7.75,7.75,1,0,Randomized,0.9985
0.1,7.75,7.75,1,1,Randomized,0.9985
0.1,7.75,7.75,1,1,Randomized,0.9985
0.1,7.75,7.75,1,1,Randomized,0.9985
0.1,7.75,7.75,1,1,Randomized,0.9985
0.1,7.75,7.75,1,1,Randomized,0.9985
0.1,7.75,7.75,1,1,Randomized,0.9985
0.1,7.75,7.75,1,1,Randomized,0.9985
0.1,7.75,7.045454545454546,1,0,Randomized,0.9985
0.1,7.75,7.75,1,1,Randomized,0.9985
0.1,7.75,7.75,1,1,Randomized,0.9985
0.1,7.75,7.75,1,1,Randomized,0.9985
0.1,7.75,7.75,1,0,Randomized,0.9985
0.1,7.75,7.75,1,1,Randomized,0.9985
0.1,7.75,7.75,1,1,Randomized,0.9985
0.1,7.75,7.75,1,1,Randomized,0.9985
0.1,7.75,7.75,1,1,Randomized,0.9985
0.1,7.75,7.75,1,1,Randomized,0.9985
0.1,7.75,7.75,1,1,Randomized,0.9985
0.1,7.75,7.75,1,1,Randomized,0.9985
0.1,7.75,7.75,1,1,Randomized,0.9985
0.1,7.75,7.75,1,1,Randomized,0.9985
0.1,7.75,7.75,1,1,Randomized,0.9985
0.1,7.75,7.75,1,1,Randomized,0.9985
0.1,7.75,7.75,1,1,Randomized,0.9985
0.1,7.75,7.75,1,1,Randomized,0.9985
0.1,7.75,7.75,1,1,Randomized,0.9985
0.1,7.75,7.75,1,1,Randomized,0.9985
0.1,7.75,7.75,1,1,Randomized,0.9985
0.1,7.75,7.75,1,1,Randomized,0.9985
0.1,7.75,7.75,1,1,Randomized,0.9985
0.1,7.75,7.75,1,1,Randomized,0.9985
0.1,7.75,7.75,1,1,Randomized,0.9985
0.1,7.75,7.75,1,1,Randomized,0.9985
0.1,7.75,7.75,1,1,Randomized,0.9985
0.1,7.75,7.75,1,1,Randomized,0.9985
0.1,7.75,7.75,1,1,Randomized,0.9985
0.1,7.75,7.75,1,1,Randomized,0.9985
0.1,7.75,7.75,1,1,Randomized,0.9985
0.1,7.75,7.75,1,1,Randomized,0.9985
0.1,7.75,7.75,1,1,Randomized,0.9985
0.1,7.75,7.75,1,1,Randomized,0.9985
0.1,7.75,7.75,1,1,Randomized,0.9985
0.1,7.75,7.75,1,0,Randomized,0.9985
0.1,7.75,7.75,1,1,Randomized,0.9985
0.1,7.75,7.75,1,1,Randomized,0.9985
0.1,7.75,7.75,1,1,Randomized,0.9985
0.1,7.75,7.75,1,1,Randomized,0.9985
0.1,7.75,7.75,1,1,Randomized,0.9985
0.1,7.75,7.75,1,1,Randomized,0.9985
0.1,7.75,7.75,1,1,Randomized,0.9985
0.1,7.75,7.75,1,1,Randomized,0.9985
0.1,7.75,7.75,1,1,Randomized,0.9985
0.1,7.75,7.75,1,1,Randomized,0.9985
0.1,7.75,7.75,1,1,Randomized,0.9985
0.1,7.75,7.75,1,1,Randomized,0.9985
0.1,7.75,7.75,1,1,Randomized,0.9985
0.1,7.75,7.75,1,1,Randomized,0.9985
0.1,7.75,7.75,1,1,Randomized,0.9985
0.1,7.75,7.75,1,1,Randomized,0.9985
0.1,7.75,7.75,1,0,Randomized,0.9985
0.1,7.75,7.75,1,1,Randomized,0.9985
0.1,7.75,7.75,1,1,Randomized,0.9985
0.1,7.75,7.75,1,1,Randomized,0.9985
0.1,7.75,7.75,1,1,Randomized,0.9985
0.1,7.75,7.75,1,1,Randomized,0.9985
0.1,7.75,7.75,1,1,Randomized,0.9985
0.1,7.75,7.75,1,1,Randomized,0.9985
0.1,7.75,7.75,1,1,Randomized,0.9985
0.1,7.75,7.75,1,0,Randomized,0.9985
0.1,7.75,7.75,1,1,Randomized,0.9985
0.1,7.75,7.75,1,1,Randomized,0.9985
0.1,7.75,7.75,1,1,Randomized,0.9985
0.1,7.75,7.75,1,1,Randomized,0.9985
0.1,7.75,7.75,1,1,Randomized,0.9985
0.1,7.75,7.75,1,1,Randomized,0.9985
0.1,7.75,7.75,1,0,Randomized,0.9985
0.1,7.75,7.75,1,1,Randomized,0.9985
0.1,7.75,7.75,1,1,Randomized,0.9985
0.1,7.75,7.75,1,1,Randomized,0.9985
0.1,7.75,7.75,1,1,Randomized,0.9985
0.1,7.75,7.75,1,1,Randomized,0.9985
0.1,7.75,7.75,1,1,Randomized,0.9985
0.1,7.75,7.75,1,0,Randomized,0.9985
0.1,7.75,7.75,1,1,Randomized,0.9985
0.1,7.75,7.75,1,1,Randomized,0.9985
0.1,7.75,7.75,1,1,Randomized,0.9985
0.1,7.75,7.75,1,1,Randomized,0.9985
0.1,7.75,7.75,1,1,Randomized,0.9985
0.1,7.75,7.75,1,1,Randomized,0.9985
0.1,7.75,7.75,1,1,Randomized,0.9985
0.1,7.75,7.75,1,1,Randomized,0.9985
0.1,7.75,7.75,1,1,Randomized,0.9985
0.1,7.75,7.75,1,1,Randomized,0.9985
0.1,7.75,7.75,1,1,Randomized,0.9985
0.1,7.75,7.75,1,1,Randomized,0.9985
0.1,7.75,7.75,1,1,Randomized,0.9985
0.1,7.75,7.75,1,1,Randomized,0.9985
0.1,7.75,7.75,1,1,Randomized,0.9985
0.1,7.75,7.75,1,1,Randomized,0.9985
0.1,7.75,7.75,1,1,Randomized,0.9985
0.1,7.75,7.75,1,0,Randomized,0.9985
0.1,7.75,7.75,1,1,Randomized,0.9985
0.1,7.75,7.75,1,1,Randomized,0.9985
0.1,7.75,7.75,1,1,Randomized,0.9985
0.1,7.75,7.75,1,0,Randomized,0.9985
0.1,7.75,7.75,1,0,Randomized,0.9985
0.1,7.75,7.75,1,1,Randomized,0.9985
0.1,7.75,7.75,1,1,Randomized,0.9985
0.1,7.75,7.75,1,1,Randomized,0.9985
0.1,7.75,7.75,1,1,Randomized,0.9985
0.1,7.75,7.75,1,1,Randomized,0.9985
0.1,7.75,7.75,1,1,Randomized,0.9985
0.1,7.75,7.75,1,1,Randomized,0.9985
0.1,7.75,7.75,1,1,Randomized,0.9985
0.1,7.75,7.75,1,1,Randomized,0.9985
0.1,7.75,7.75,1,1,Randomized,0.9985
0.1,7.75,7.75,1,1,Randomized,0.9985
0.1,7.75,7.75,1,1,Randomized,0.9985
0.1,7.75,7.75,1,0,Randomized,0.9985
0.1,7.75,7.75,1,1,Randomized,0.9985
0.1,7.75,7.75,1,1,Randomized,0.9985
0.1,7.75,7.75,1,1,Randomized,0.9985
0.1,7.75,7.75,1,1,Randomized,0.9985
0.1,7.75,7.75,1,1,Randomized,0.9985
0.1,7.75,7.75,1,1,Randomized,0.9985
0.1,7.75,7.75,1,1,Randomized,0.9985
0.1,7.75,7.75,1,1,Randomized,0.9985
0.1,7.75,7.75,1,1,Randomized,0.9985
0.1,7.75,7.75,1,1,Randomized,0.9985
0.1,7.75,7.75,1,1,Randomized,0.9985
0.1,7.75,7.75,1,1,Randomized,0.9985
0.1,7.75,7.75,1,1,Randomized,0.9985
0.1,7.75,7.75,1,1,Randomized,0.9985
0.1,7.75,7.75,1,1,Randomized,0.9985
0.1,7.75,7.75,1,1,Randomized,0.9985
0.1,7.75,7.75,1,0,Randomized,0.9985
0.1,7.75,7.75,1,1,Randomized,0.9985
0.1,7.75,7.75,1,1,Randomized,0.9985
0.1,7.75,7.75,1,1,Randomized,0.9985
0.1,7.75,7.75,1,1,Randomized,0.9985
0.1,7.75,7.75,1,1,Randomized,0.9985
0.1,7.75,7.75,1,1,Randomized,0.9985
0.1,7.75,7.75,1,1,Randomized,0.9985
0.1,7.75,7.75,1,1,Randomized,0.9985
0.1,7.75,7.75,1,1,Randomized,0.9985
0.1,7.75,7.75,1,1,Randomized,0.9985
0.1,7.75,7.75,1,1,Randomized,0.9985
0.1,7.75,7.75,1,1,Randomized,0.9985
0.1,7.75,7.75,1,1,Randomized,0.9985
0.1,7.75,7.75,1,1,Randomized,0.9985
0.1,7.75,7.75,1,1,Randomized,0.9985
0.1,7.75,7.75,1,1,Randomized,0.9985
0.1,7.75,7.75,1,1,Randomized,0.9985
0.1,7.75,7.75,1,1,Randomized,0.9985
0.1,7.75,7.045454545454546,0,0,Randomized,0.9985
0.1,7.75,7.75,1,1,Randomized,0.9985
0.1,7.75,7.75,1,0,Randomized,0.9985
0.1,7.75,7.75,1,1,Randomized,0.9985
0.1,7.75,7.75,1,1,Randomized,0.9985
0.1,7.75,7.75,1,1,Randomized,0.9985
0.1,7.75,7.75,1,1,Randomized,0.9985
0.1,7.75,7.75,1,1,Randomized,0.9985
0.1,7.75,7.75,1,1,Randomized,0.9985
0.1,7.75,7.75,1,1,Randomized,0.9985
0.1,7.75,7.75,1,1,Randomized,0.9985
0.1,7.75,7.75,1,1,Randomized,0.9985
0.1,7.75,7.75,1,1,Randomized,0.9985
0.1,7.75,7.75,1,1,Randomized,0.9985
0.1,7.75,7.75,1,1,Randomized,0.9985
0.1,7.75,7.75,1,1,Randomized,0.9985
0.1,7.75,7.75,1,0,Randomized,0.9985
0.1,7.75,7.75,1,1,Randomized,0.9985
0.1,7.75,7.75,1,1,Randomized,0.9985
0.1,7.75,7.75,1,1,Randomized,0.9985
0.1,7.75,7.75,1,0,Randomized,0.9985
0.1,7.75,7.75,1,1,Randomized,0.9985
0.1,7.75,7.75,1,1,Randomized,0.9985
0.1,7.75,7.75,1,1,Randomized,0.9985
0.1,7.75,7.75,1,1,Randomized,0.9985
0.1,7.75,7.75,1,1,Randomized,0.9985
0.1,7.75,7.75,1,1,Randomized,0.9985
0.1,7.75,7.75,1,1,Randomized,0.9985
0.1,7.75,7.75,1,1,Randomized,0.9985
0.1,7.75,7.75,1,1,Randomized,0.9985
0.1,7.75,7.75,1,1,Randomized,0.9985
0.1,7.75,7.75,1,1,Randomized,0.9985
0.1,7.75,7.75,1,1,Randomized,0.9985
0.1,7.75,7.75,1,1,Randomized,0.9985
0.1,7.75,7.75,1,1,Randomized,0.9985
0.1,7.75,7.75,1,1,Randomized,0.9985
0.1,7.75,7.75,1,1,Randomized,0.9985
0.1,7.75,7.75,1,1,Randomized,0.9985
0.1,7.75,7.75,1,1,Randomized,0.9985
0.1,7.75,7.75,1,1,Randomized,0.9985
0.1,7.75,7.75,1,1,Randomized,0.9985
0.1,7.75,7.75,1,1,Randomized,0.9985
0.1,7.75,7.75,1,1,Randomized,0.9985
0.1,7.75,7.75,1,1,Randomized,0.9985
0.1,7.75,7.75,1,1,Randomized,0.9985
0.1,7.75,7.75,1,1,Randomized,0.9985
0.1,7.75,7.75,1,1,Randomized,0.9985
0.1,7.75,7.75,1,1,Randomized,0.9985
0.1,7.75,7.75,1,1,Randomized,0.9985
0.1,7.75,7.75,1,1,Randomized,0.9985
0.1,7.75,7.75,1,1,Randomized,0.9985
0.1,7.75,7.75,1,0,Randomized,0.9985
0.1,7.75,7.75,1,1,Randomized,0.9985
0.1,7.75,0.0,0,0,Randomized,0.9985
0.1,7.75,7.75,1,1,Randomized,0.9985
0.1,7.75,7.75,1,1,Randomized,0.9985
0.1,7.75,7.75,1,1,Randomized,0.9985
0.1,7.75,7.75,1,1,Randomized,0.9985
0.1,7.75,7.75,1,1,Randomized,0.9985
0.1,7.75,7.75,1,1,Randomized,0.9985
0.1,7.75,7.75,1,1,Randomized,0.9985
0.1,7.75,7.75,1,1,Randomized,0.9985
0.1,7.75,7.75,1,1,Randomized,0.9985
0.1,7.75,7.75,1,0,Randomized,0.9985
0.1,7.75,7.75,1,0,Randomized,0.9985
0.1,7.75,7.75,0,1,Randomized,0.9985
0.1,7.75,7.75,1,1,Randomized,0.9985
0.1,7.75,7.75,1,1,Randomized,0.9985
0.1,7.75,7.75,1,1,Randomized,0.9985
0.1,7.75,7.75,1,1,Randomized,0.9985
0.1,7.75,7.75,1,1,Randomized,0.9985
0.1,7.75,7.75,1,1,Randomized,0.9985
0.1,7.75,7.75,1,1,Randomized,0.9985
0.1,7.75,7.75,1,1,Randomized,0.9985
0.1,7.75,7.75,1,1,Randomized,0.9985
0.1,7.75,7.75,1,1,Randomized,0.9985
0.1,7.75,7.75,1,0,Randomized,0.9985
0.1,7.75,7.75,1,1,Randomized,0.9985
0.1,7.75,7.75,1,1,Randomized,0.9985
0.1,7.75,7.75,1,1,Randomized,0.9985
0.1,7.75,7.75,1,1,Randomized,0.9985
0.1,7.75,7.75,1,1,Randomized,0.9985
0.1,7.75,7.75,1,1,Randomized,0.9985
0.1,7.75,7.75,1,1,Randomized,0.9985
0.1,7.75,7.75,1,1,Randomized,0.9985
0.1,7.75,7.75,1,1,Randomized,0.9985
0.1,7.75,7.75,1,1,Randomized,0.9985
0.1,7.75,7.75,1,0,Randomized,0.9985
0.1,7.75,7.75,1,1,Randomized,0.9985
0.1,7.75,7.75,1,1,Randomized,0.9985
0.1,7.75,7.75,1,1,Randomized,0.9985
0.1,7.75,7.75,1,1,Randomized,0.9985
0.1,7.75,7.75,1,1,Randomized,0.9985
0.1,7.75,7.75,1,1,Randomized,0.9985
0.1,7.75,7.75,1,1,Randomized,0.9985
0.1,7.75,7.75,1,1,Randomized,0.9985
0.1,7.75,7.75,1,1,Randomized,0.9985
0.1,7.75,7.75,1,1,Randomized,0.9985
0.1,7.75,7.75,1,1,Randomized,0.9985
0.1,7.75,7.75,1,1,Randomized,0.9985
0.1,7.75,7.75,0,1,Randomized,0.9985
0.1,7.75,7.75,1,0,Randomized,0.9985
0.1,7.75,7.75,1,1,Randomized,0.9985
0.1,7.75,7.75,1,1,Randomized,0.9985
0.1,7.75,7.75,1,1,Randomized,0.9985
0.1,7.75,7.75,1,1,Randomized,0.9985
0.1,7.75,7.75,1,1,Randomized,0.9985
0.1,7.75,7.75,1,1,Randomized,0.9985
0.1,7.75,7.75,1,1,Randomized,0.9985
0.1,7.75,7.75,1,1,Randomized,0.9985
0.1,7.75,7.75,1,1,Randomized,0.9985
0.1,7.75,7.75,1,1,Randomized,0.9985
0.1,7.75,7.75,1,1,Randomized,0.9985
0.1,7.75,7.75,1,1,Randomized,0.9985
0.1,7.75,7.75,1,1,Randomized,0.9985
0.1,7.75,7.75,1,1,Randomized,0.9985
0.1,7.75,7.75,1,0,Randomized,0.9985
0.1,7.75,7.75,1,0,Randomized,0.9985
0.1,7.75,7.75,1,1,Randomized,0.9985
0.1,7.75,7.75,1,1,Randomized,0.9985
0.1,7.75,7.75,1,1,Randomized,0.9985
0.1,7.75,7.75,1,1,Randomized,0.9985
0.1,7.75,7.75,1,1,Randomized,0.9985
0.1,7.75,7.75,1,1,Randomized,0.9985
0.1,7.75,7.75,1,1,Randomized,0.9985
0.1,7.75,7.75,1,1,Randomized,0.9985
0.1,7.75,7.75,1,1,Randomized,0.9985
0.1,7.75,7.75,1,1,Randomized,0.9985
0.1,7.75,7.75,1,1,Randomized,0.9985
0.1,7.75,7.75,1,1,Randomized,0.9985
0.1,7.75,7.75,1,1,Randomized,0.9985
0.1,7.75,7.75,1,1,Randomized,0.9985
0.1,7.75,7.75,1,1,Randomized,0.9985
0.1,7.75,7.75,1,1,Randomized,0.9985
0.1,7.75,7.75,1,1,Randomized,0.9985
0.1,7.75,7.75,1,1,Randomized,0.9985
0.1,7.75,7.75,1,1,Randomized,0.9985
0.1,7.75,7.75,1,0,Randomized,0.9985
0.1,7.75,7.75,1,1,Randomized,0.9985
0.1,7.75,7.75,1,1,Randomized,0.9985
0.1,7.75,7.75,1,1,Randomized,0.9985
0.1,7.75,7.75,1,1,Randomized,0.9985
0.1,7.75,7.75,1,1,Randomized,0.9985
0.1,7.75,7.75,1,0,Randomized,0.9985
0.1,7.75,7.75,1,1,Randomized,0.9985
0.1,7.75,7.75,1,1,Randomized,0.9985
0.1,7.75,7.75,1,1,Randomized,0.9985
0.1,7.75,7.75,1,1,Randomized,0.9985
0.1,7.75,7.75,1,1,Randomized,0.9985
0.1,7.75,7.75,1,1,Randomized,0.9985
0.1,7.75,7.75,1,1,Randomized,0.9985
0.1,7.75,7.75,1,1,Randomized,0.9985
0.1,7.75,7.75,1,1,Randomized,0.9985
0.1,7.75,7.75,1,1,Randomized,0.9985
0.1,7.75,7.75,1,1,Randomized,0.9985
0.1,7.75,7.75,1,1,Randomized,0.9985
0.1,7.75,7.75,1,1,Randomized,0.9985
0.1,7.75,7.75,1,1,Randomized,0.9985
0.1,7.75,7.75,1,1,Randomized,0.9985
0.1,7.75,7.75,1,1,Randomized,0.9985
0.1,7.75,7.75,1,0,Randomized,0.9985
0.1,7.75,7.75,1,1,Randomized,0.9985
0.1,7.75,7.75,1,1,Randomized,0.9985
0.1,7.75,7.75,1,1,Randomized,0.9985
0.1,7.75,7.75,1,1,Randomized,0.9985
0.1,7.75,7.75,1,1,Randomized,0.9985
0.1,7.75,7.75,1,1,Randomized,0.9985
0.1,7.75,7.75,1,1,Randomized,0.9985
0.1,7.75,7.75,1,1,Randomized,0.9985
0.1,7.75,7.75,1,1,Randomized,0.9985
0.1,7.75,7.75,1,1,Randomized,0.9985
0.1,7.75,7.75,1,1,Randomized,0.9985
0.1,7.75,7.75,1,1,Randomized,0.9985
0.1,7.75,7.75,1,1,Randomized,0.9985
0.1,7.75,7.75,1,1,Randomized,0.9985
0.1,7.75,7.75,1,1,Randomized,0.9985
0.1,7.75,7.75,1,1,Randomized,0.9985
0.1,7.75,7.75,1,1,Randomized,0.9985
0.1,7.75,7.75,1,1,Randomized,0.9985
0.1,7.75,7.75,1,1,Randomized,0.9985
0.1,7.75,7.75,1,1,Randomized,0.9985
0.1,7.75,7.75,1,1,Randomized,0.9985
0.1,7.75,7.75,1,1,Randomized,0.9985
0.1,7.75,7.75,1,1,Randomized,0.9985
0.1,7.75,7.75,1,1,Randomized,0.9985
0.1,7.75,7.75,1,1,Randomized,0.9985
0.1,7.75,7.75,1,1,Randomized,0.9985
0.1,7.75,7.75,1,1,Randomized,0.9985
0.1,7.75,7.75,1,1,Randomized,0.9985
0.1,7.75,7.75,1,1,Randomized,0.9985
0.1,7.75,7.75,1,1,Randomized,0.9985
0.1,7.75,7.75,1,1,Randomized,0.9985
0.1,7.75,7.75,1,0,Randomized,0.9985
0.1,7.75,7.75,1,1,Randomized,0.9985
0.1,7.75,7.75,1,1,Randomized,0.9985
0.1,7.75,7.75,1,1,Randomized,0.9985
0.1,7.75,7.75,1,1,Randomized,0.9985
0.1,7.75,7.75,1,1,Randomized,0.9985
0.1,7.75,7.75,1,1,Randomized,0.9985
0.1,7.75,7.75,1,1,Randomized,0.9985
0.1,7.75,7.75,1,1,Randomized,0.9985
0.1,7.75,7.75,1,1,Randomized,0.9985
0.1,7.75,7.75,1,1,Randomized,0.9985
0.1,7.75,7.75,1,1,Randomized,0.9985
0.1,7.75,7.75,1,1,Randomized,0.9985
0.1,7.75,7.75,1,1,Randomized,0.9985
0.1,7.75,7.75,1,1,Randomized,0.9985
0.1,7.75,7.75,1,1,Randomized,0.9985
0.1,7.75,7.75,1,1,Randomized,0.9985
0.1,7.75,7.75,1,1,Randomized,0.9985
0.1,7.75,7.75,1,1,Randomized,0.9985
0.1,7.75,7.75,1,1,Randomized,0.9985
0.1,7.75,7.75,1,1,Randomized,0.9985
0.1,7.75,7.75,1,1,Randomized,0.9985
0.1,7.75,7.75,1,1,Randomized,0.9985
0.1,7.75,7.75,1,1,Randomized,0.9985
0.1,7.75,7.75,1,1,Randomized,0.9985
0.1,7.75,7.75,1,0,Randomized,0.9985
0.1,7.75,7.75,1,1,Randomized,0.9985
0.1,7.75,7.75,0,1,Randomized,0.9985
0.1,7.75,7.75,1,1,Randomized,0.9985
0.1,7.75,7.75,1,1,Randomized,0.9985
0.1,7.75,7.75,1,1,Randomized,0.9985
0.1,7.75,7.75,1,1,Randomized,0.9985
0.1,7.75,7.75,1,1,Randomized,0.9985
0.1,7.75,7.75,1,1,Randomized,0.9985
0.1,7.75,7.75,1,1,Randomized,0.9985
0.1,7.75,7.75,1,1,Randomized,0.9985
0.1,7.75,7.75,1,1,Randomized,0.9985
0.1,7.75,7.75,1,1,Randomized,0.9985
0.1,7.75,7.75,1,1,Randomized,0.9985
0.1,7.75,7.75,1,1,Randomized,0.9985
0.1,7.75,7.75,1,1,Randomized,0.9985
0.1,7.75,7.75,1,1,Randomized,0.9985
0.1,7.75,7.75,1,0,Randomized,0.9985
0.1,7.75,7.75,1,1,Randomized,0.9985
0.1,7.75,7.75,1,1,Randomized,0.9985
0.1,7.75,7.75,1,1,Randomized,0.9985
0.1,7.75,7.75,1,1,Randomized,0.9985
0.1,7.75,7.75,1,1,Randomized,0.9985
0.1,7.75,7.75,1,1,Randomized,0.9985
0.1,7.75,7.75,1,1,Randomized,0.9985
0.1,7.75,7.75,1,0,Randomized,0.9985
0.1,7.75,7.75,1,1,Randomized,0.9985
0.1,7.75,7.75,1,1,Randomized,0.9985
0.1,7.75,7.75,1,1,Randomized,0.9985
0.1,7.75,7.75,1,1,Randomized,0.9985
0.1,7.75,7.75,1,1,Randomized,0.9985
0.1,7.75,7.75,1,1,Randomized,0.9985
0.1,7.75,7.75,1,0,Randomized,0.9985
0.1,7.75,7.75,1,1,Randomized,0.9985
0.1,7.75,7.75,1,1,Randomized,0.9985
0.1,7.75,7.75,1,1,Randomized,0.9985
0.1,7.75,7.75,1,1,Randomized,0.9985
0.1,7.75,7.75,1,1,Randomized,0.9985
0.1,7.75,7.75,1,1,Randomized,0.9985
0.1,7.75,7.75,1,1,Randomized,0.9985
0.1,7.75,7.75,1,1,Randomized,0.9985
0.1,7.75,7.75,1,1,Randomized,0.9985
0.1,7.75,7.75,1,0,Randomized,0.9985
0.1,7.75,7.75,1,1,Randomized,0.9985
0.1,7.75,7.75,1,1,Randomized,0.9985
0.1,7.75,7.75,1,0,Randomized,0.9985
0.1,7.75,7.75,1,1,Randomized,0.9985
0.1,7.75,7.75,1,1,Randomized,0.9985
0.1,7.75,7.75,1,1,Randomized,0.9985
0.1,7.75,7.75,1,1,Randomized,0.9985
0.1,7.75,7.75,0,1,Randomized,0.9985
0.1,7.75,7.75,1,1,Randomized,0.9985
0.1,7.75,7.75,1,0,Randomized,0.9985
0.1,7.75,7.75,1,1,Randomized,0.9985
0.1,7.75,7.75,1,1,Randomized,0.9985
0.1,7.75,7.75,1,0,Randomized,0.9985
0.1,7.75,7.75,1,1,Randomized,0.9985
0.1,7.75,7.75,1,1,Randomized,0.9985
0.1,7.75,7.75,1,1,Randomized,0.9985
0.1,7.75,7.75,1,1,Randomized,0.9985
0.1,7.75,7.75,1,1,Randomized,0.9985
0.1,7.75,7.75,1,1,Randomized,0.9985
0.1,7.75,7.75,1,1,Randomized,0.9985
0.1,7.75,7.75,1,1,Randomized,0.9985
0.1,7.75,7.75,1,1,Randomized,0.9985
0.1,7.75,7.75,1,1,Randomized,0.9985
0.1,7.75,7.75,1,1,Randomized,0.9985
0.1,7.75,7.75,1,1,Randomized,0.9985
0.1,7.75,7.75,1,1,Randomized,0.9985
0.1,7.75,7.75,1,1,Randomized,0.9985
0.1,7.75,7.75,1,1,Randomized,0.9985
0.1,7.75,7.75,1,1,Randomized,0.9985
0.1,7.75,7.75,1,1,Randomized,0.9985
0.1,7.75,7.75,1,1,Randomized,0.9985
0.1,7.75,7.75,1,1,Randomized,0.9985
0.1,7.75,7.75,1,1,Randomized,0.9985
0.1,7.75,7.75,1,1,Randomized,0.9985
0.1,7.75,7.75,1,1,Randomized,0.9985
0.1,7.75,7.75,1,1,Randomized,0.9985
0.1,7.75,7.75,1,1,Randomized,0.9985
0.1,7.75,7.75,1,1,Randomized,0.9985
0.1,7.75,7.045454545454546,0,0,Randomized,0.9985
0.1,7.75,7.75,1,1,Randomized,0.9985
0.1,7.75,7.75,1,1,Randomized,0.9985
0.1,7.75,7.75,1,0,Randomized,0.9985
0.1,7.75,7.75,1,1,Randomized,0.9985
0.1,7.75,7.75,1,1,Randomized,0.9985
0.1,7.75,7.75,1,1,Randomized,0.9985
0.1,7.75,7.75,1,0,Randomized,0.9985
0.1,7.75,7.75,1,1,Randomized,0.9985
0.1,7.75,7.75,1,1,Randomized,0.9985
0.1,7.75,7.75,1,1,Randomized,0.9985
0.1,7.75,7.75,1,1,Randomized,0.9985
0.1,7.75,7.75,1,1,Randomized,0.9985
0.1,7.75,7.75,1,1,Randomized,0.9985
0.1,7.75,7.75,1,1,Randomized,0.9985
0.1,7.75,7.75,1,1,Randomized,0.9985
0.1,7.75,7.75,1,1,Randomized,0.9985
0.1,7.75,7.75,1,1,Randomized,0.9985
0.1,7.75,7.75,1,1,Randomized,0.9985
0.1,7.75,7.75,1,1,Randomized,0.9985
0.1,7.75,7.75,1,0,Randomized,0.9985
0.1,7.75,7.75,1,1,Randomized,0.9985
0.1,7.75,7.75,1,1,Randomized,0.9985
0.1,7.75,7.75,1,1,Randomized,0.9985
0.1,7.75,7.75,1,1,Randomized,0.9985
0.1,7.75,6.458333333333333,1,0,Randomized,0.9985
0.1,7.75,7.75,1,1,Randomized,0.9985
0.1,7.75,7.75,1,1,Randomized,0.9985
0.1,7.75,7.75,1,1,Randomized,0.9985
0.1,7.75,7.75,1,1,Randomized,0.9985
0.1,7.75,7.75,1,1,Randomized,0.9985
0.1,7.75,7.75,1,1,Randomized,0.9985
0.1,7.75,7.75,1,1,Randomized,0.9985
0.1,7.75,7.75,1,1,Randomized,0.9985
0.1,7.75,7.75,1,1,Randomized,0.9985
0.1,7.75,7.75,1,1,Randomized,0.9985
0.1,7.75,7.75,1,1,Randomized,0.9985
0.1,7.75,7.75,1,1,Randomized,0.9985
0.1,7.75,7.75,1,0,Randomized,0.9985
0.1,7.75,7.75,1,1,Randomized,0.9985
0.1,7.75,7.75,1,1,Randomized,0.9985
0.1,7.75,7.75,1,1,Randomized,0.9985
0.1,7.75,7.75,1,1,Randomized,0.9985
0.1,7.75,7.75,1,1,Randomized,0.9985
0.1,7.75,7.75,1,1,Randomized,0.9985
0.1,7.75,7.75,1,1,Randomized,0.9985
0.1,7.75,7.75,1,1,Randomized,0.9985
0.1,7.75,7.75,1,1,Randomized,0.9985
0.1,7.75,7.75,1,1,Randomized,0.9985
0.1,7.75,7.75,1,1,Randomized,0.9985
0.1,7.75,7.75,1,1,Randomized,0.9985
0.1,7.75,7.75,1,1,Randomized,0.9985
0.1,7.75,7.75,1,1,Randomized,0.9985
0.1,7.75,7.75,1,1,Randomized,0.9985
0.1,7.75,7.75,1,1,Randomized,0.9985
0.1,7.75,7.75,1,1,Randomized,0.9985
0.1,7.75,7.75,1,1,Randomized,0.9985
0.1,7.75,7.75,1,1,Randomized,0.9985
0.1,7.75,7.75,1,1,Randomized,0.9985
0.1,7.75,7.75,1,1,Randomized,0.9985
0.1,7.75,7.75,1,1,Randomized,0.9985
0.1,7.75,7.75,1,0,Randomized,0.9985
0.1,7.75,7.75,1,0,Randomized,0.9985
0.1,7.75,7.75,1,1,Randomized,0.9985
0.1,7.75,7.75,1,1,Randomized,0.9985
0.1,7.75,7.75,1,1,Randomized,0.9985
0.1,7.75,7.75,1,1,Randomized,0.9985
0.1,7.75,7.75,1,1,Randomized,0.9985
0.1,7.75,7.75,1,1,Randomized,0.9985
0.1,7.75,7.75,1,1,Randomized,0.9985
0.1,7.75,7.75,1,1,Randomized,0.9985
0.1,7.75,7.75,1,1,Randomized,0.9985
0.1,7.75,7.75,1,1,Randomized,0.9985
0.1,7.75,7.75,1,1,Randomized,0.9985
0.1,7.75,7.75,1,1,Randomized,0.9985
0.1,7.75,7.75,1,1,Randomized,0.9985
0.1,7.75,7.75,1,1,Randomized,0.9985
0.1,7.75,7.75,1,1,Randomized,0.9985
0.1,7.75,7.75,1,1,Randomized,0.9985
0.1,7.75,7.75,1,1,Randomized,0.9985
0.1,7.75,7.75,1,1,Randomized,0.9985
0.1,7.75,7.75,1,1,Randomized,0.9985
0.1,7.75,7.75,1,1,Randomized,0.9985
0.1,7.75,7.75,1,0,Randomized,0.9985
0.1,7.75,7.75,1,1,Randomized,0.9985
0.1,7.75,7.75,1,1,Randomized,0.9985
0.1,7.75,7.75,1,1,Randomized,0.9985
0.1,7.75,7.75,1,1,Randomized,0.9985
0.1,7.75,7.75,1,1,Randomized,0.9985
0.1,7.75,7.75,1,1,Randomized,0.9985
0.1,7.75,7.75,1,1,Randomized,0.9985
0.1,7.75,7.75,1,1,Randomized,0.9985
0.1,7.75,7.75,1,1,Randomized,0.9985
0.1,7.75,7.75,1,1,Randomized,0.9985
0.1,7.75,7.75,1,1,Randomized,0.9985
0.1,7.75,7.75,1,1,Randomized,0.9985
0.1,7.75,7.75,1,1,Randomized,0.9985
0.1,7.75,7.75,1,1,Randomized,0.9985
0.1,7.75,7.75,1,1,Randomized,0.9985
0.1,7.75,7.75,1,1,Randomized,0.9985
0.1,7.75,4.5588235294117645,0,0,Randomized,0.9985
0.1,7.75,7.75,1,1,Randomized,0.9985
0.1,7.75,7.75,1,1,Randomized,0.9985
0.1,7.75,7.75,1,1,Randomized,0.9985
0.1,7.75,7.75,0,1,Randomized,0.9985
0.1,7.75,7.75,1,1,Randomized,0.9985
0.1,7.75,7.75,1,1,Randomized,0.9985
0.1,7.75,7.75,1,1,Randomized,0.9985
0.1,7.75,7.75,1,1,Randomized,0.9985
0.1,7.75,7.75,1,1,Randomized,0.9985
0.1,7.75,7.75,1,1,Randomized,0.9985
0.1,7.75,7.75,1,1,Randomized,0.9985
0.1,7.75,7.75,1,1,Randomized,0.9985
0.1,7.75,7.75,1,1,Randomized,0.9985
0.1,7.75,7.75,1,1,Randomized,0.9985
0.1,7.75,7.75,1,1,Randomized,0.9985
0.1,7.75,7.75,1,1,Randomized,0.9985
0.1,7.75,7.75,1,1,Randomized,0.9985
0.1,7.75,7.75,1,1,Randomized,0.9985
0.1,7.75,7.75,1,1,Randomized,0.9985
0.1,7.75,7.75,1,1,Randomized,0.9985
0.1,7.75,7.75,1,1,Randomized,0.9985
0.1,8.875,8.875,1,1,Randomized,0.999
0.1,8.875,8.875,1,1,Randomized,0.999
0.1,8.875,8.875,1,1,Randomized,0.999
0.1,8.875,8.875,1,1,Randomized,0.999
0.1,8.875,8.875,1,1,Randomized,0.999
0.1,8.875,8.875,1,1,Randomized,0.999
0.1,8.875,8.875,1,1,Randomized,0.999
0.1,8.875,8.875,1,1,Randomized,0.999
0.1,8.875,8.875,1,1,Randomized,0.999
0.1,8.875,8.875,1,1,Randomized,0.999
0.1,8.875,8.875,1,1,Randomized,0.999
0.1,8.875,8.875,1,1,Randomized,0.999
0.1,8.875,8.875,1,1,Randomized,0.999
0.1,8.875,8.875,1,1,Randomized,0.999
0.1,8.875,8.875,1,1,Randomized,0.999
0.1,8.875,8.875,1,1,Randomized,0.999
0.1,8.875,8.875,1,1,Randomized,0.999
0.1,8.875,8.875,1,1,Randomized,0.999
0.1,8.875,8.875,1,1,Randomized,0.999
0.1,8.875,8.875,1,1,Randomized,0.999
0.1,8.875,8.875,1,1,Randomized,0.999
0.1,8.875,8.875,1,1,Randomized,0.999
0.1,8.875,8.875,1,1,Randomized,0.999
0.1,8.875,8.875,1,1,Randomized,0.999
0.1,8.875,8.875,1,1,Randomized,0.999
0.1,8.875,8.875,1,1,Randomized,0.999
0.1,8.875,8.875,1,1,Randomized,0.999
0.1,8.875,8.875,1,1,Randomized,0.999
0.1,8.875,8.875,1,1,Randomized,0.999
0.1,8.875,8.875,1,1,Randomized,0.999
0.1,8.875,8.875,1,1,Randomized,0.999
0.1,8.875,8.875,1,1,Randomized,0.999
0.1,8.875,8.875,1,1,Randomized,0.999
0.1,8.875,8.875,1,0,Randomized,0.999
0.1,8.875,8.875,1,1,Randomized,0.999
0.1,8.875,8.875,1,1,Randomized,0.999
0.1,8.875,8.875,1,1,Randomized,0.999
0.1,8.875,8.875,1,1,Randomized,0.999
0.1,8.875,8.875,1,1,Randomized,0.999
0.1,8.875,8.875,1,1,Randomized,0.999
0.1,8.875,8.875,1,1,Randomized,0.999
0.1,8.875,8.875,1,1,Randomized,0.999
0.1,8.875,8.875,1,1,Randomized,0.999
0.1,8.875,8.875,1,1,Randomized,0.999
0.1,8.875,8.875,1,1,Randomized,0.999
0.1,8.875,8.875,1,1,Randomized,0.999
0.1,8.875,8.875,1,1,Randomized,0.999
0.1,8.875,8.875,1,1,Randomized,0.999
0.1,8.875,8.875,1,1,Randomized,0.999
0.1,8.875,8.875,1,1,Randomized,0.999
0.1,8.875,8.875,1,1,Randomized,0.999
0.1,8.875,8.875,1,1,Randomized,0.999
0.1,8.875,8.875,1,1,Randomized,0.999
0.1,8.875,8.875,1,1,Randomized,0.999
0.1,8.875,8.875,1,1,Randomized,0.999
0.1,8.875,8.875,1,1,Randomized,0.999
0.1,8.875,8.875,1,1,Randomized,0.999
0.1,8.875,8.875,1,1,Randomized,0.999
0.1,8.875,8.875,1,1,Randomized,0.999
0.1,8.875,8.875,1,1,Randomized,0.999
0.1,8.875,8.875,1,1,Randomized,0.999
0.1,8.875,8.875,1,1,Randomized,0.999
0.1,8.875,8.875,1,1,Randomized,0.999
0.1,8.875,8.875,1,1,Randomized,0.999
0.1,8.875,8.875,1,1,Randomized,0.999
0.1,8.875,8.875,1,1,Randomized,0.999
0.1,8.875,8.875,1,1,Randomized,0.999
0.1,8.875,8.875,1,1,Randomized,0.999
0.1,8.875,8.875,1,1,Randomized,0.999
0.1,8.875,8.875,1,1,Randomized,0.999
0.1,8.875,8.875,1,1,Randomized,0.999
0.1,8.875,8.875,1,1,Randomized,0.999
0.1,8.875,8.875,1,1,Randomized,0.999
0.1,8.875,8.875,1,1,Randomized,0.999
0.1,8.875,8.875,1,0,Randomized,0.999
0.1,8.875,8.875,1,1,Randomized,0.999
0.1,8.875,8.875,1,1,Randomized,0.999
0.1,8.875,8.875,1,1,Randomized,0.999
0.1,8.875,8.875,1,1,Randomized,0.999
0.1,8.875,8.875,1,1,Randomized,0.999
0.1,8.875,8.875,1,1,Randomized,0.999
0.1,8.875,8.875,1,1,Randomized,0.999
0.1,8.875,8.875,1,1,Randomized,0.999
0.1,8.875,8.875,1,1,Randomized,0.999
0.1,8.875,8.875,1,1,Randomized,0.999
0.1,8.875,8.875,1,1,Randomized,0.999
0.1,8.875,8.875,1,0,Randomized,0.999
0.1,8.875,8.875,1,1,Randomized,0.999
0.1,8.875,8.875,1,1,Randomized,0.999
0.1,8.875,8.875,1,1,Randomized,0.999
0.1,8.875,8.875,1,1,Randomized,0.999
0.1,8.875,8.875,1,1,Randomized,0.999
0.1,8.875,8.875,1,1,Randomized,0.999
0.1,8.875,8.875,1,1,Randomized,0.999
0.1,8.875,8.875,1,1,Randomized,0.999
0.1,8.875,8.875,1,1,Randomized,0.999
0.1,8.875,8.875,1,1,Randomized,0.999
0.1,8.875,8.875,1,1,Randomized,0.999
0.1,8.875,8.875,1,1,Randomized,0.999
0.1,8.875,8.875,1,1,Randomized,0.999
0.1,8.875,8.875,1,1,Randomized,0.999
0.1,8.875,8.875,1,1,Randomized,0.999
0.1,8.875,8.875,1,1,Randomized,0.999
0.1,8.875,8.875,1,1,Randomized,0.999
0.1,8.875,8.875,1,1,Randomized,0.999
0.1,8.875,8.875,1,1,Randomized,0.999
0.1,8.875,8.875,1,1,Randomized,0.999
0.1,8.875,8.875,1,1,Randomized,0.999
0.1,8.875,8.875,1,1,Randomized,0.999
0.1,8.875,8.875,1,1,Randomized,0.999
0.1,8.875,8.875,1,1,Randomized,0.999
0.1,8.875,8.875,1,1,Randomized,0.999
0.1,8.875,8.875,1,1,Randomized,0.999
0.1,8.875,8.875,1,1,Randomized,0.999
0.1,8.875,8.875,1,1,Randomized,0.999
0.1,8.875,8.875,1,1,Randomized,0.999
0.1,8.875,8.875,1,1,Randomized,0.999
0.1,8.875,8.875,1,1,Randomized,0.999
0.1,8.875,8.875,1,1,Randomized,0.999
0.1,8.875,8.875,1,1,Randomized,0.999
0.1,8.875,8.875,1,1,Randomized,0.999
0.1,8.875,8.875,1,1,Randomized,0.999
0.1,8.875,8.875,1,1,Randomized,0.999
0.1,8.875,8.875,1,1,Randomized,0.999
0.1,8.875,8.875,1,1,Randomized,0.999
0.1,8.875,8.875,1,1,Randomized,0.999
0.1,8.875,8.875,1,1,Randomized,0.999
0.1,8.875,8.875,1,1,Randomized,0.999
0.1,8.875,8.875,1,1,Randomized,0.999
0.1,8.875,8.875,1,1,Randomized,0.999
0.1,8.875,8.875,1,1,Randomized,0.999
0.1,8.875,8.875,1,1,Randomized,0.999
0.1,8.875,8.875,1,1,Randomized,0.999
0.1,8.875,8.875,1,1,Randomized,0.999
0.1,8.875,8.875,1,1,Randomized,0.999
0.1,8.875,8.875,1,1,Randomized,0.999
0.1,8.875,8.875,1,1,Randomized,0.999
0.1,8.875,8.875,1,1,Randomized,0.999
0.1,8.875,8.875,1,1,Randomized,0.999
0.1,8.875,8.875,1,1,Randomized,0.999
0.1,8.875,8.875,1,1,Randomized,0.999
0.1,8.875,8.875,1,1,Randomized,0.999
0.1,8.875,8.875,1,1,Randomized,0.999
0.1,8.875,8.875,1,1,Randomized,0.999
0.1,8.875,8.875,1,1,Randomized,0.999
0.1,8.875,8.875,1,1,Randomized,0.999
0.1,8.875,8.875,1,0,Randomized,0.999
0.1,8.875,8.875,1,1,Randomized,0.999
0.1,8.875,8.875,1,1,Randomized,0.999
0.1,8.875,8.875,1,1,Randomized,0.999
0.1,8.875,8.875,1,1,Randomized,0.999
0.1,8.875,8.875,1,1,Randomized,0.999
0.1,8.875,8.875,1,1,Randomized,0.999
0.1,8.875,8.875,1,1,Randomized,0.999
0.1,8.875,8.875,1,1,Randomized,0.999
0.1,8.875,8.875,1,1,Randomized,0.999
0.1,8.875,8.875,1,1,Randomized,0.999
0.1,8.875,8.875,1,1,Randomized,0.999
0.1,8.875,8.875,1,1,Randomized,0.999
0.1,8.875,8.875,1,1,Randomized,0.999
0.1,8.875,8.875,1,1,Randomized,0.999
0.1,8.875,8.875,1,1,Randomized,0.999
0.1,8.875,8.875,1,1,Randomized,0.999
0.1,8.875,8.875,1,1,Randomized,0.999
0.1,8.875,8.875,1,1,Randomized,0.999
0.1,8.875,8.875,1,1,Randomized,0.999
0.1,8.875,8.875,1,1,Randomized,0.999
0.1,8.875,8.875,1,1,Randomized,0.999
0.1,8.875,8.875,1,1,Randomized,0.999
0.1,8.875,8.875,1,1,Randomized,0.999
0.1,8.875,8.875,1,1,Randomized,0.999
0.1,8.875,8.875,1,1,Randomized,0.999
0.1,8.875,8.875,1,1,Randomized,0.999
0.1,8.875,8.875,1,1,Randomized,0.999
0.1,8.875,8.875,1,1,Randomized,0.999
0.1,8.875,8.875,1,1,Randomized,0.999
0.1,8.875,8.875,1,1,Randomized,0.999
0.1,8.875,8.875,1,1,Randomized,0.999
0.1,8.875,8.875,1,1,Randomized,0.999
0.1,8.875,8.875,1,1,Randomized,0.999
0.1,8.875,8.875,1,1,Randomized,0.999
0.1,8.875,8.875,1,1,Randomized,0.999
0.1,8.875,8.875,1,1,Randomized,0.999
0.1,8.875,8.875,1,1,Randomized,0.999
0.1,8.875,8.875,1,1,Randomized,0.999
0.1,8.875,8.875,1,1,Randomized,0.999
0.1,8.875,8.875,1,1,Randomized,0.999
0.1,8.875,8.875,1,1,Randomized,0.999
0.1,8.875,8.875,1,1,Randomized,0.999
0.1,8.875,8.875,1,1,Randomized,0.999
0.1,8.875,8.875,1,1,Randomized,0.999
0.1,8.875,8.875,1,1,Randomized,0.999
0.1,8.875,8.875,1,1,Randomized,0.999
0.1,8.875,8.875,1,1,Randomized,0.999
0.1,8.875,8.875,1,1,Randomized,0.999
0.1,8.875,8.875,1,1,Randomized,0.999
0.1,8.875,8.875,1,1,Randomized,0.999
0.1,8.875,8.875,1,1,Randomized,0.999
0.1,8.875,8.875,1,1,Randomized,0.999
0.1,8.875,8.875,1,1,Randomized,0.999
0.1,8.875,8.875,1,1,Randomized,0.999
0.1,8.875,8.875,1,1,Randomized,0.999
0.1,8.875,8.875,1,1,Randomized,0.999
0.1,8.875,8.875,1,1,Randomized,0.999
0.1,8.875,8.875,1,1,Randomized,0.999
0.1,8.875,8.875,1,1,Randomized,0.999
0.1,8.875,8.875,1,1,Randomized,0.999
0.1,8.875,8.875,1,1,Randomized,0.999
0.1,8.875,8.875,1,1,Randomized,0.999
0.1,8.875,8.875,1,1,Randomized,0.999
0.1,8.875,8.875,1,1,Randomized,0.999
0.1,8.875,8.875,1,1,Randomized,0.999
0.1,8.875,8.875,1,1,Randomized,0.999
0.1,8.875,8.875,1,1,Randomized,0.999
0.1,8.875,8.875,1,1,Randomized,0.999
0.1,8.875,8.875,1,1,Randomized,0.999
0.1,8.875,8.875,1,1,Randomized,0.999
0.1,8.875,8.875,1,1,Randomized,0.999
0.1,8.875,8.875,1,1,Randomized,0.999
0.1,8.875,8.875,1,1,Randomized,0.999
0.1,8.875,8.875,1,1,Randomized,0.999
0.1,8.875,8.875,1,1,Randomized,0.999
0.1,8.875,8.875,1,1,Randomized,0.999
0.1,8.875,8.875,1,1,Randomized,0.999
0.1,8.875,8.875,1,1,Randomized,0.999
0.1,8.875,8.875,1,1,Randomized,0.999
0.1,8.875,8.875,1,1,Randomized,0.999
0.1,8.875,8.875,1,1,Randomized,0.999
0.1,8.875,8.875,1,1,Randomized,0.999
0.1,8.875,8.875,1,1,Randomized,0.999
0.1,8.875,8.875,1,1,Randomized,0.999
0.1,8.875,8.875,1,1,Randomized,0.999
0.1,8.875,8.875,1,1,Randomized,0.999
0.1,8.875,8.875,1,1,Randomized,0.999
0.1,8.875,8.875,1,0,Randomized,0.999
0.1,8.875,8.875,1,1,Randomized,0.999
0.1,8.875,8.875,1,1,Randomized,0.999
0.1,8.875,8.875,1,1,Randomized,0.999
0.1,8.875,8.875,1,1,Randomized,0.999
0.1,8.875,8.875,1,1,Randomized,0.999
0.1,8.875,8.875,1,1,Randomized,0.999
0.1,8.875,8.875,1,1,Randomized,0.999
0.1,8.875,8.875,1,1,Randomized,0.999
0.1,8.875,8.875,1,1,Randomized,0.999
0.1,8.875,8.875,1,1,Randomized,0.999
0.1,8.875,8.875,1,1,Randomized,0.999
0.1,8.875,8.875,1,1,Randomized,0.999
0.1,8.875,8.875,1,1,Randomized,0.999
0.1,8.875,8.875,1,1,Randomized,0.999
0.1,8.875,8.875,1,1,Randomized,0.999
0.1,8.875,8.875,1,1,Randomized,0.999
0.1,8.875,8.875,1,1,Randomized,0.999
0.1,8.875,8.875,1,1,Randomized,0.999
0.1,8.875,8.875,1,1,Randomized,0.999
0.1,8.875,8.875,1,1,Randomized,0.999
0.1,8.875,8.875,1,1,Randomized,0.999
0.1,8.875,8.875,1,1,Randomized,0.999
0.1,8.875,8.875,1,1,Randomized,0.999
0.1,8.875,8.875,1,1,Randomized,0.999
0.1,8.875,8.875,1,1,Randomized,0.999
0.1,8.875,8.875,1,1,Randomized,0.999
0.1,8.875,8.875,1,1,Randomized,0.999
0.1,8.875,8.875,1,1,Randomized,0.999
0.1,8.875,8.875,1,1,Randomized,0.999
0.1,8.875,8.875,1,1,Randomized,0.999
0.1,8.875,8.875,1,1,Randomized,0.999
0.1,8.875,8.875,1,1,Randomized,0.999
0.1,8.875,8.875,1,1,Randomized,0.999
0.1,8.875,8.875,1,1,Randomized,0.999
0.1,8.875,8.875,1,1,Randomized,0.999
0.1,8.875,8.875,1,1,Randomized,0.999
0.1,8.875,8.875,1,1,Randomized,0.999
0.1,8.875,8.875,1,1,Randomized,0.999
0.1,8.875,8.875,1,1,Randomized,0.999
0.1,8.875,8.875,1,1,Randomized,0.999
0.1,8.875,8.875,1,1,Randomized,0.999
0.1,8.875,8.875,1,1,Randomized,0.999
0.1,8.875,8.875,1,1,Randomized,0.999
0.1,8.875,8.875,1,1,Randomized,0.999
0.1,8.875,8.875,1,1,Randomized,0.999
0.1,8.875,8.875,1,1,Randomized,0.999
0.1,8.875,8.875,1,1,Randomized,0.999
0.1,8.875,8.875,1,1,Randomized,0.999
0.1,8.875,8.875,1,1,Randomized,0.999
0.1,8.875,8.875,1,1,Randomized,0.999
0.1,8.875,8.875,1,1,Randomized,0.999
0.1,8.875,8.875,1,1,Randomized,0.999
0.1,8.875,8.875,1,1,Randomized,0.999
0.1,8.875,8.875,1,1,Randomized,0.999
0.1,8.875,8.875,1,1,Randomized,0.999
0.1,8.875,8.875,1,1,Randomized,0.999
0.1,8.875,8.875,1,1,Randomized,0.999
0.1,8.875,8.875,1,0,Randomized,0.999
0.1,8.875,8.875,1,1,Randomized,0.999
0.1,8.875,8.875,1,1,Randomized,0.999
0.1,8.875,8.875,1,1,Randomized,0.999
0.1,8.875,8.875,1,1,Randomized,0.999
0.1,8.875,8.875,1,1,Randomized,0.999
0.1,8.875,8.875,1,0,Randomized,0.999
0.1,8.875,8.875,1,1,Randomized,0.999
0.1,8.875,8.875,1,1,Randomized,0.999
0.1,8.875,8.875,1,1,Randomized,0.999
0.1,8.875,8.875,1,1,Randomized,0.999
0.1,8.875,8.875,1,1,Randomized,0.999
0.1,8.875,8.875,1,1,Randomized,0.999
0.1,8.875,8.875,1,1,Randomized,0.999
0.1,8.875,8.875,1,1,Randomized,0.999
0.1,8.875,8.875,1,1,Randomized,0.999
0.1,8.875,8.875,1,1,Randomized,0.999
0.1,8.875,8.875,1,1,Randomized,0.999
0.1,8.875,8.875,1,1,Randomized,0.999
0.1,8.875,8.875,1,1,Randomized,0.999
0.1,8.875,8.875,1,1,Randomized,0.999
0.1,8.875,8.875,1,1,Randomized,0.999
0.1,8.875,8.875,1,1,Randomized,0.999
0.1,8.875,8.875,1,1,Randomized,0.999
0.1,8.875,8.875,1,1,Randomized,0.999
0.1,8.875,8.875,1,1,Randomized,0.999
0.1,8.875,8.875,1,1,Randomized,0.999
0.1,8.875,8.875,1,1,Randomized,0.999
0.1,8.875,8.875,1,1,Randomized,0.999
0.1,8.875,8.875,1,1,Randomized,0.999
0.1,8.875,8.875,1,1,Randomized,0.999
0.1,8.875,8.875,1,1,Randomized,0.999
0.1,8.875,8.875,1,1,Randomized,0.999
0.1,8.875,8.875,1,1,Randomized,0.999
0.1,8.875,8.875,1,1,Randomized,0.999
0.1,8.875,8.875,1,1,Randomized,0.999
0.1,8.875,8.875,1,1,Randomized,0.999
0.1,8.875,8.875,1,1,Randomized,0.999
0.1,8.875,8.875,1,1,Randomized,0.999
0.1,8.875,8.875,1,1,Randomized,0.999
0.1,8.875,8.875,1,1,Randomized,0.999
0.1,8.875,8.875,1,1,Randomized,0.999
0.1,8.875,8.875,1,1,Randomized,0.999
0.1,8.875,8.875,1,1,Randomized,0.999
0.1,8.875,8.875,1,1,Randomized,0.999
0.1,8.875,8.875,1,1,Randomized,0.999
0.1,8.875,8.875,1,1,Randomized,0.999
0.1,8.875,8.875,1,1,Randomized,0.999
0.1,8.875,8.875,1,1,Randomized,0.999
0.1,8.875,8.875,1,1,Randomized,0.999
0.1,8.875,8.875,1,1,Randomized,0.999
0.1,8.875,8.875,1,1,Randomized,0.999
0.1,8.875,8.875,1,1,Randomized,0.999
0.1,8.875,8.875,1,1,Randomized,0.999
0.1,8.875,8.875,1,1,Randomized,0.999
0.1,8.875,8.875,1,1,Randomized,0.999
0.1,8.875,8.875,1,1,Randomized,0.999
0.1,8.875,8.875,1,1,Randomized,0.999
0.1,8.875,8.875,1,1,Randomized,0.999
0.1,8.875,8.875,1,1,Randomized,0.999
0.1,8.875,8.875,1,1,Randomized,0.999
0.1,8.875,8.875,1,1,Randomized,0.999
0.1,8.875,0.0,0,0,Randomized,0.999
0.1,8.875,8.875,1,1,Randomized,0.999
0.1,8.875,8.875,1,1,Randomized,0.999
0.1,8.875,8.875,1,1,Randomized,0.999
0.1,8.875,8.875,1,1,Randomized,0.999
0.1,8.875,8.875,1,1,Randomized,0.999
0.1,8.875,8.875,1,1,Randomized,0.999
0.1,8.875,8.875,1,1,Randomized,0.999
0.1,8.875,8.875,1,1,Randomized,0.999
0.1,8.875,8.875,1,1,Randomized,0.999
0.1,8.875,8.875,1,1,Randomized,0.999
0.1,8.875,8.875,1,1,Randomized,0.999
0.1,8.875,8.875,1,1,Randomized,0.999
0.1,8.875,8.875,1,1,Randomized,0.999
0.1,8.875,8.875,1,1,Randomized,0.999
0.1,8.875,8.875,1,1,Randomized,0.999
0.1,8.875,8.875,1,1,Randomized,0.999
0.1,8.875,8.875,1,1,Randomized,0.999
0.1,8.875,8.875,1,1,Randomized,0.999
0.1,8.875,8.875,1,1,Randomized,0.999
0.1,8.875,8.875,1,1,Randomized,0.999
0.1,8.875,8.875,1,1,Randomized,0.999
0.1,8.875,8.875,1,1,Randomized,0.999
0.1,8.875,8.875,1,1,Randomized,0.999
0.1,8.875,8.875,1,1,Randomized,0.999
0.1,8.875,8.875,1,1,Randomized,0.999
0.1,8.875,8.875,1,1,Randomized,0.999
0.1,8.875,8.875,1,1,Randomized,0.999
0.1,8.875,8.875,1,1,Randomized,0.999
0.1,8.875,8.875,1,1,Randomized,0.999
0.1,8.875,8.875,1,1,Randomized,0.999
0.1,8.875,8.875,1,1,Randomized,0.999
0.1,8.875,8.875,1,1,Randomized,0.999
0.1,8.875,8.875,1,1,Randomized,0.999
0.1,8.875,8.875,1,1,Randomized,0.999
0.1,8.875,8.875,1,1,Randomized,0.999
0.1,8.875,8.875,1,1,Randomized,0.999
0.1,8.875,8.875,1,1,Randomized,0.999
0.1,8.875,8.875,1,1,Randomized,0.999
0.1,8.875,8.875,1,1,Randomized,0.999
0.1,8.875,8.875,1,1,Randomized,0.999
0.1,8.875,8.875,1,1,Randomized,0.999
0.1,8.875,8.875,1,1,Randomized,0.999
0.1,8.875,8.875,1,1,Randomized,0.999
0.1,8.875,8.875,1,1,Randomized,0.999
0.1,8.875,8.875,1,1,Randomized,0.999
0.1,8.875,8.875,1,1,Randomized,0.999
0.1,8.875,8.875,1,1,Randomized,0.999
0.1,8.875,8.875,1,1,Randomized,0.999
0.1,8.875,8.875,1,1,Randomized,0.999
0.1,8.875,8.875,1,1,Randomized,0.999
0.1,8.875,8.875,1,1,Randomized,0.999
0.1,8.875,8.875,1,1,Randomized,0.999
0.1,8.875,8.875,1,1,Randomized,0.999
0.1,8.875,8.875,1,1,Randomized,0.999
0.1,8.875,8.875,1,1,Randomized,0.999
0.1,8.875,8.875,1,1,Randomized,0.999
0.1,8.875,8.875,1,1,Randomized,0.999
0.1,8.875,8.875,1,1,Randomized,0.999
0.1,8.875,8.875,1,1,Randomized,0.999
0.1,8.875,8.875,1,1,Randomized,0.999
0.1,8.875,8.875,1,1,Randomized,0.999
0.1,8.875,8.875,1,1,Randomized,0.999
0.1,8.875,8.875,1,1,Randomized,0.999
0.1,8.875,8.068181818181818,1,0,Randomized,0.999
0.1,8.875,8.875,1,1,Randomized,0.999
0.1,8.875,8.875,1,1,Randomized,0.999
0.1,8.875,8.875,1,0,Randomized,0.999
0.1,8.875,8.875,1,1,Randomized,0.999
0.1,8.875,8.875,1,1,Randomized,0.999
0.1,8.875,8.875,1,1,Randomized,0.999
0.1,8.875,8.875,1,1,Randomized,0.999
0.1,8.875,8.875,1,1,Randomized,0.999
0.1,8.875,8.875,1,1,Randomized,0.999
0.1,8.875,8.875,1,1,Randomized,0.999
0.1,8.875,8.875,1,1,Randomized,0.999
0.1,8.875,8.875,1,1,Randomized,0.999
0.1,8.875,8.875,1,1,Randomized,0.999
0.1,8.875,8.875,1,1,Randomized,0.999
0.1,8.875,8.875,1,1,Randomized,0.999
0.1,8.875,8.875,1,1,Randomized,0.999
0.1,8.875,8.875,1,1,Randomized,0.999
0.1,8.875,8.875,1,1,Randomized,0.999
0.1,8.875,8.875,1,1,Randomized,0.999
0.1,8.875,8.875,1,1,Randomized,0.999
0.1,8.875,8.875,1,1,Randomized,0.999
0.1,8.875,8.875,1,1,Randomized,0.999
0.1,8.875,8.875,1,1,Randomized,0.999
0.1,8.875,8.875,1,1,Randomized,0.999
0.1,8.875,8.875,1,1,Randomized,0.999
0.1,8.875,8.875,1,1,Randomized,0.999
0.1,8.875,8.875,1,1,Randomized,0.999
0.1,8.875,8.875,1,1,Randomized,0.999
0.1,8.875,8.875,1,1,Randomized,0.999
0.1,8.875,8.875,1,1,Randomized,0.999
0.1,8.875,8.875,1,1,Randomized,0.999
0.1,8.875,8.875,1,1,Randomized,0.999
0.1,8.875,8.875,1,1,Randomized,0.999
0.1,8.875,8.875,1,1,Randomized,0.999
0.1,8.875,8.875,1,1,Randomized,0.999
0.1,8.875,8.875,1,1,Randomized,0.999
0.1,8.875,8.875,1,1,Randomized,0.999
0.1,8.875,8.875,1,1,Randomized,0.999
0.1,8.875,8.875,1,1,Randomized,0.999
0.1,8.875,8.875,1,1,Randomized,0.999
0.1,8.875,8.875,1,1,Randomized,0.999
0.1,8.875,8.875,1,1,Randomized,0.999
0.1,8.875,8.875,1,1,Randomized,0.999
0.1,8.875,8.875,1,1,Randomized,0.999
0.1,8.875,8.875,1,1,Randomized,0.999
0.1,8.875,8.875,1,1,Randomized,0.999
0.1,8.875,8.875,1,1,Randomized,0.999
0.1,8.875,8.875,1,1,Randomized,0.999
0.1,8.875,8.875,1,1,Randomized,0.999
0.1,8.875,8.875,1,1,Randomized,0.999
0.1,8.875,8.875,1,1,Randomized,0.999
0.1,8.875,8.875,1,1,Randomized,0.999
0.1,8.875,8.875,1,1,Randomized,0.999
0.1,8.875,8.875,1,1,Randomized,0.999
0.1,8.875,8.875,1,1,Randomized,0.999
0.1,8.875,8.875,1,1,Randomized,0.999
0.1,8.875,8.875,1,1,Randomized,0.999
0.1,8.875,8.875,1,1,Randomized,0.999
0.1,8.875,8.875,1,1,Randomized,0.999
0.1,8.875,8.875,1,1,Randomized,0.999
0.1,8.875,8.875,1,1,Randomized,0.999
0.1,8.875,8.875,1,1,Randomized,0.999
0.1,8.875,8.875,1,1,Randomized,0.999
0.1,8.875,8.875,1,1,Randomized,0.999
0.1,8.875,8.875,1,1,Randomized,0.999
0.1,8.875,8.875,1,1,Randomized,0.999
0.1,8.875,8.875,1,1,Randomized,0.999
0.1,8.875,8.875,1,1,Randomized,0.999
0.1,8.875,8.875,1,1,Randomized,0.999
0.1,8.875,8.875,1,1,Randomized,0.999
0.1,8.875,8.875,1,1,Randomized,0.999
0.1,8.875,8.875,1,1,Randomized,0.999
0.1,8.875,8.875,1,1,Randomized,0.999
0.1,8.875,8.875,1,1,Randomized,0.999
0.1,8.875,8.875,1,1,Randomized,0.999
0.1,8.875,8.875,1,1,Randomized,0.999
0.1,8.875,8.875,1,1,Randomized,0.999
0.1,8.875,8.875,1,0,Randomized,0.999
0.1,8.875,8.875,1,1,Randomized,0.999
0.1,8.875,8.875,1,1,Randomized,0.999
0.1,8.875,8.875,1,1,Randomized,0.999
0.1,8.875,8.875,1,1,Randomized,0.999
0.1,8.875,8.875,1,1,Randomized,0.999
0.1,8.875,8.875,1,1,Randomized,0.999
0.1,8.875,8.875,1,1,Randomized,0.999
0.1,8.875,8.875,1,1,Randomized,0.999
0.1,8.875,8.875,1,1,Randomized,0.999
0.1,8.875,8.875,1,1,Randomized,0.999
0.1,8.875,8.875,1,1,Randomized,0.999
0.1,8.875,8.875,1,1,Randomized,0.999
0.1,8.875,5.916666666666667,1,0,Randomized,0.999
0.1,8.875,8.875,1,1,Randomized,0.999
0.1,8.875,8.875,1,1,Randomized,0.999
0.1,8.875,8.875,1,1,Randomized,0.999
0.1,8.875,8.875,1,1,Randomized,0.999
0.1,8.875,8.875,1,1,Randomized,0.999
0.1,8.875,8.875,1,1,Randomized,0.999
0.1,8.875,8.875,1,1,Randomized,0.999
0.1,8.875,8.875,1,1,Randomized,0.999
0.1,8.875,8.875,1,1,Randomized,0.999
0.1,8.875,8.875,1,1,Randomized,0.999
0.1,8.875,8.875,1,1,Randomized,0.999
0.1,8.875,8.875,1,1,Randomized,0.999
0.1,8.875,8.875,1,1,Randomized,0.999
0.1,8.875,8.875,1,1,Randomized,0.999
0.1,8.875,8.875,1,1,Randomized,0.999
0.1,8.875,8.875,1,1,Randomized,0.999
0.1,8.875,8.875,1,1,Randomized,0.999
0.1,8.875,8.875,1,1,Randomized,0.999
0.1,8.875,8.875,1,1,Randomized,0.999
0.1,8.875,8.875,1,1,Randomized,0.999
0.1,8.875,8.875,1,1,Randomized,0.999
0.1,8.875,8.875,1,1,Randomized,0.999
0.1,8.875,8.875,1,1,Randomized,0.999
0.1,8.875,8.875,1,1,Randomized,0.999
0.1,8.875,8.875,1,1,Randomized,0.999
0.1,8.875,8.875,1,1,Randomized,0.999
0.1,8.875,8.875,1,1,Randomized,0.999
0.1,8.875,8.875,1,1,Randomized,0.999
0.1,8.875,8.875,1,1,Randomized,0.999
0.1,8.875,8.875,1,1,Randomized,0.999
0.1,8.875,8.875,1,1,Randomized,0.999
0.1,8.875,8.875,1,1,Randomized,0.999
0.1,8.875,8.875,1,1,Randomized,0.999
0.1,8.875,8.875,1,1,Randomized,0.999
0.1,8.875,8.875,1,1,Randomized,0.999
0.1,8.875,8.875,1,1,Randomized,0.999
0.1,8.875,8.875,1,1,Randomized,0.999
0.1,8.875,8.875,1,1,Randomized,0.999
0.1,8.875,8.875,1,1,Randomized,0.999
0.1,8.875,8.875,1,0,Randomized,0.999
0.1,8.875,8.875,1,1,Randomized,0.999
0.1,8.875,8.875,1,1,Randomized,0.999
0.1,8.875,8.875,1,1,Randomized,0.999
0.1,8.875,8.875,1,1,Randomized,0.999
0.1,8.875,8.875,1,1,Randomized,0.999
0.1,8.875,8.875,1,1,Randomized,0.999
0.1,8.875,8.875,1,1,Randomized,0.999
0.1,8.875,8.875,1,1,Randomized,0.999
0.1,8.875,8.875,1,1,Randomized,0.999
0.1,8.875,8.875,1,1,Randomized,0.999
0.1,8.875,8.875,1,1,Randomized,0.999
0.1,8.875,8.875,1,1,Randomized,0.999
0.1,8.875,8.875,1,1,Randomized,0.999
0.1,8.875,8.875,1,1,Randomized,0.999
0.1,8.875,8.875,1,1,Randomized,0.999
0.1,8.875,8.875,1,1,Randomized,0.999
0.1,8.875,8.875,1,1,Randomized,0.999
0.1,8.875,8.875,1,1,Randomized,0.999
0.1,8.875,8.875,1,1,Randomized,0.999
0.1,8.875,8.875,1,1,Randomized,0.999
0.1,8.875,8.875,1,1,Randomized,0.999
0.1,8.875,8.875,1,1,Randomized,0.999
0.1,8.875,8.875,1,1,Randomized,0.999
0.1,8.875,8.875,1,1,Randomized,0.999
0.1,8.875,8.875,1,1,Randomized,0.999
0.1,8.875,8.875,1,1,Randomized,0.999
0.1,8.875,8.875,1,1,Randomized,0.999
0.1,8.875,8.875,1,1,Randomized,0.999
0.1,8.875,8.875,1,1,Randomized,0.999
0.1,8.875,8.875,1,1,Randomized,0.999
0.1,8.875,8.875,1,1,Randomized,0.999
0.1,8.875,8.875,1,1,Randomized,0.999
0.1,8.875,8.875,1,1,Randomized,0.999
0.1,8.875,8.875,1,1,Randomized,0.999
0.1,8.875,8.875,1,1,Randomized,0.999
0.1,8.875,8.875,1,1,Randomized,0.999
0.1,8.875,8.875,1,1,Randomized,0.999
0.1,8.875,8.875,1,1,Randomized,0.999
0.1,8.875,8.875,1,1,Randomized,0.999
0.1,8.875,8.875,1,1,Randomized,0.999
0.1,8.875,8.875,1,1,Randomized,0.999
0.1,8.875,8.875,1,1,Randomized,0.999
0.1,8.875,8.875,1,1,Randomized,0.999
0.1,8.875,8.875,1,1,Randomized,0.999
0.1,8.875,8.875,1,1,Randomized,0.999
0.1,8.875,8.875,1,1,Randomized,0.999
0.1,8.875,8.875,1,1,Randomized,0.999
0.1,8.875,8.875,1,1,Randomized,0.999
0.1,8.875,8.875,1,1,Randomized,0.999
0.1,8.875,8.875,1,1,Randomized,0.999
0.1,8.875,8.875,1,1,Randomized,0.999
0.1,8.875,8.875,1,1,Randomized,0.999
0.1,8.875,8.875,1,1,Randomized,0.999
0.1,8.875,8.875,1,1,Randomized,0.999
0.1,8.875,8.875,1,1,Randomized,0.999
0.1,8.875,8.875,1,1,Randomized,0.999
0.1,8.875,8.875,1,1,Randomized,0.999
0.1,8.875,8.875,1,1,Randomized,0.999
0.1,8.875,8.875,1,1,Randomized,0.999
0.1,8.875,8.875,1,1,Randomized,0.999
0.1,8.875,8.875,1,1,Randomized,0.999
0.1,8.875,8.875,1,1,Randomized,0.999
0.1,8.875,8.875,1,1,Randomized,0.999
0.1,8.875,8.875,1,1,Randomized,0.999
0.1,8.875,8.875,1,1,Randomized,0.999
0.1,8.875,8.875,1,1,Randomized,0.999
0.1,8.875,8.875,1,1,Randomized,0.999
0.1,8.875,8.875,1,1,Randomized,0.999
0.1,8.875,8.875,1,1,Randomized,0.999
0.1,8.875,8.875,1,1,Randomized,0.999
0.1,8.875,8.875,1,1,Randomized,0.999
0.1,8.875,8.875,1,0,Randomized,0.999
0.1,8.875,8.875,1,1,Randomized,0.999
0.1,8.875,8.875,1,1,Randomized,0.999
0.1,8.875,8.875,1,1,Randomized,0.999
0.1,8.875,8.875,1,1,Randomized,0.999
0.1,8.875,8.875,1,1,Randomized,0.999
0.1,8.875,8.875,1,1,Randomized,0.999
0.1,8.875,8.875,1,1,Randomized,0.999
0.1,8.875,8.875,1,1,Randomized,0.999
0.1,8.875,8.875,1,1,Randomized,0.999
0.1,8.875,8.875,1,1,Randomized,0.999
0.1,8.875,8.875,1,1,Randomized,0.999
0.1,8.875,8.875,1,1,Randomized,0.999
0.1,8.875,8.875,1,1,Randomized,0.999
0.1,8.875,8.875,1,1,Randomized,0.999
0.1,8.875,8.875,1,1,Randomized,0.999
0.1,8.875,8.875,1,1,Randomized,0.999
0.1,8.875,8.875,1,1,Randomized,0.999
0.1,8.875,8.875,1,1,Randomized,0.999
0.1,8.875,8.875,1,1,Randomized,0.999
0.1,8.875,8.875,1,1,Randomized,0.999
0.1,8.875,8.875,1,1,Randomized,0.999
0.1,8.875,8.875,1,1,Randomized,0.999
0.1,8.875,8.875,1,1,Randomized,0.999
0.1,8.875,8.875,1,1,Randomized,0.999
0.1,8.875,8.875,1,1,Randomized,0.999
0.1,8.875,8.875,1,1,Randomized,0.999
0.1,8.875,8.875,1,1,Randomized,0.999
0.1,8.875,8.875,1,1,Randomized,0.999
0.1,8.875,8.875,1,1,Randomized,0.999
0.1,8.875,8.875,1,1,Randomized,0.999
0.1,8.875,8.875,1,1,Randomized,0.999
0.1,8.875,8.875,1,1,Randomized,0.999
0.1,8.875,8.875,1,1,Randomized,0.999
0.1,8.875,8.875,1,1,Randomized,0.999
0.1,8.875,8.875,1,1,Randomized,0.999
0.1,8.875,8.875,1,1,Randomized,0.999
0.1,8.875,8.875,1,1,Randomized,0.999
0.1,8.875,8.875,1,1,Randomized,0.999
0.1,8.875,8.875,1,1,Randomized,0.999
0.1,8.875,8.875,1,1,Randomized,0.999
0.1,8.875,8.875,1,1,Randomized,0.999
0.1,8.875,8.875,1,1,Randomized,0.999
0.1,8.875,8.875,1,1,Randomized,0.999
0.1,8.875,8.875,1,1,Randomized,0.999
0.1,8.875,8.875,1,1,Randomized,0.999
0.1,8.875,8.875,1,1,Randomized,0.999
0.1,8.875,8.875,1,1,Randomized,0.999
0.1,8.875,8.875,1,1,Randomized,0.999
0.1,8.875,8.875,1,1,Randomized,0.999
0.1,8.875,8.875,1,1,Randomized,0.999
0.1,8.875,8.875,1,1,Randomized,0.999
0.1,8.875,8.875,1,1,Randomized,0.999
0.1,8.875,8.875,1,1,Randomized,0.999
0.1,8.875,8.875,1,1,Randomized,0.999
0.1,8.875,8.875,1,1,Randomized,0.999
0.1,8.875,8.875,1,1,Randomized,0.999
0.1,8.875,8.875,1,1,Randomized,0.999
0.1,8.875,8.875,1,1,Randomized,0.999
0.1,8.875,8.875,1,1,Randomized,0.999
0.1,8.875,8.875,1,1,Randomized,0.999
0.1,8.875,8.875,1,1,Randomized,0.999
0.1,8.875,8.875,1,1,Randomized,0.999
0.1,8.875,8.875,1,1,Randomized,0.999
0.1,8.875,8.875,1,1,Randomized,0.999
0.1,8.875,8.875,1,1,Randomized,0.999
0.1,8.875,8.875,1,1,Randomized,0.999
0.1,8.875,8.875,1,1,Randomized,0.999
0.1,8.875,8.875,1,1,Randomized,0.999
0.1,8.875,8.875,1,1,Randomized,0.999
0.1,8.875,8.875,1,1,Randomized,0.999
0.1,8.875,8.875,1,1,Randomized,0.999
0.1,8.875,8.875,1,1,Randomized,0.999
0.1,8.875,8.875,1,1,Randomized,0.999
0.1,8.875,8.875,1,1,Randomized,0.999
0.1,8.875,8.068181818181818,1,0,Randomized,0.999
0.1,8.875,8.875,1,1,Randomized,0.999
0.1,8.875,8.875,1,1,Randomized,0.999
0.1,8.875,8.875,1,1,Randomized,0.999
0.1,8.875,8.875,1,1,Randomized,0.999
0.1,8.875,8.875,1,1,Randomized,0.999
0.1,8.875,8.875,1,1,Randomized,0.999
0.1,8.875,8.875,1,1,Randomized,0.999
0.1,8.875,8.875,1,1,Randomized,0.999
0.1,8.875,8.875,1,1,Randomized,0.999
0.1,8.875,8.875,1,1,Randomized,0.999
0.1,8.875,8.875,1,1,Randomized,0.999
0.1,8.875,8.875,1,1,Randomized,0.999
0.1,8.875,8.875,1,1,Randomized,0.999
0.1,8.875,8.875,1,1,Randomized,0.999
0.1,8.875,8.875,1,1,Randomized,0.999
0.1,8.875,8.875,1,1,Randomized,0.999
0.1,8.875,8.875,1,1,Randomized,0.999
0.1,8.875,8.875,1,1,Randomized,0.999
0.1,8.875,8.875,1,1,Randomized,0.999
0.1,8.875,8.875,1,1,Randomized,0.999
0.1,8.875,8.875,1,1,Randomized,0.999
0.1,8.875,8.875,1,1,Randomized,0.999
0.1,8.875,8.875,1,1,Randomized,0.999
0.1,8.875,8.875,1,1,Randomized,0.999
0.1,8.875,8.068181818181818,1,0,Randomized,0.999
0.1,8.875,8.875,1,1,Randomized,0.999
0.1,8.875,8.875,1,1,Randomized,0.999
0.1,8.875,8.875,1,1,Randomized,0.999
0.1,8.875,8.875,1,1,Randomized,0.999
0.1,8.875,8.875,1,1,Randomized,0.999
0.1,8.875,8.875,1,1,Randomized,0.999
0.1,8.875,8.875,1,1,Randomized,0.999
0.1,8.875,8.875,1,1,Randomized,0.999
0.1,8.875,8.875,1,1,Randomized,0.999
0.1,8.875,8.875,1,1,Randomized,0.999
0.1,8.875,8.875,1,1,Randomized,0.999
0.1,8.875,8.875,1,1,Randomized,0.999
0.1,8.875,8.875,1,1,Randomized,0.999
0.1,8.875,8.875,1,1,Randomized,0.999
0.1,8.875,8.875,1,1,Randomized,0.999
0.1,8.875,8.875,1,1,Randomized,0.999
0.1,8.875,8.875,1,1,Randomized,0.999
0.1,8.875,8.875,1,1,Randomized,0.999
0.1,8.875,8.875,1,1,Randomized,0.999
0.1,8.875,8.875,1,1,Randomized,0.999
0.1,8.875,8.875,1,1,Randomized,0.999
0.1,8.875,8.875,1,1,Randomized,0.999
0.1,8.875,8.875,1,1,Randomized,0.999
0.1,8.875,8.875,1,1,Randomized,0.999
0.1,8.875,8.875,1,1,Randomized,0.999
0.1,8.875,8.875,1,1,Randomized,0.999
0.1,8.875,8.875,1,1,Randomized,0.999
0.1,8.875,8.875,1,1,Randomized,0.999
0.1,8.875,8.875,1,1,Randomized,0.999
0.1,8.875,8.875,1,1,Randomized,0.999
0.1,8.875,8.875,1,1,Randomized,0.999
0.1,8.875,8.875,1,1,Randomized,0.999
0.1,8.875,8.875,1,1,Randomized,0.999
0.1,8.875,8.875,1,1,Randomized,0.999
0.1,8.875,8.875,1,1,Randomized,0.999
0.1,8.875,8.875,1,1,Randomized,0.999
0.1,8.875,8.875,1,1,Randomized,0.999
0.1,8.875,8.875,1,1,Randomized,0.999
0.1,8.875,8.875,1,1,Randomized,0.999
0.1,8.875,8.875,1,1,Randomized,0.999
0.1,8.875,8.875,1,1,Randomized,0.999
0.1,8.875,8.875,1,1,Randomized,0.999
0.1,8.875,8.875,1,1,Randomized,0.999
0.1,8.875,8.875,1,1,Randomized,0.999
0.1,8.875,8.875,1,1,Randomized,0.999
0.1,8.875,8.875,1,1,Randomized,0.999
0.1,8.875,8.875,1,1,Randomized,0.999
0.1,8.875,8.875,1,1,Randomized,0.999
0.1,8.875,8.875,1,1,Randomized,0.999
0.1,8.875,8.875,1,1,Randomized,0.999
0.1,8.875,8.875,1,1,Randomized,0.999
0.1,8.875,8.875,1,0,Randomized,0.999
0.1,8.875,8.875,1,1,Randomized,0.999
0.1,8.875,8.875,1,1,Randomized,0.999
0.1,8.875,8.875,1,1,Randomized,0.999
0.1,8.875,8.875,1,1,Randomized,0.999
0.1,8.875,8.875,1,1,Randomized,0.999
0.1,8.875,8.875,1,1,Randomized,0.999
0.1,8.875,8.875,1,1,Randomized,0.999
0.1,8.875,8.875,1,1,Randomized,0.999
0.1,8.875,8.875,1,1,Randomized,0.999
0.1,8.875,8.875,1,1,Randomized,0.999
0.1,8.875,8.875,1,1,Randomized,0.999
0.1,8.875,8.875,1,1,Randomized,0.999
0.1,8.875,8.875,1,1,Randomized,0.999
0.1,8.875,8.875,1,1,Randomized,0.999
0.1,8.875,8.875,1,1,Randomized,0.999
0.1,8.875,8.875,1,1,Randomized,0.999
0.1,8.875,8.875,1,1,Randomized,0.999
0.1,8.875,8.875,1,1,Randomized,0.999
0.1,8.875,8.875,1,1,Randomized,0.999
0.1,8.875,8.875,1,1,Randomized,0.999
0.1,8.875,8.875,1,1,Randomized,0.999
0.1,8.875,8.875,1,1,Randomized,0.999
0.1,8.875,8.875,1,1,Randomized,0.999
0.1,8.875,8.875,1,1,Randomized,0.999
0.1,8.875,8.875,1,1,Randomized,0.999
0.1,8.875,8.875,1,1,Randomized,0.999
0.1,8.875,8.875,1,1,Randomized,0.999
0.1,8.875,8.875,1,1,Randomized,0.999
0.1,8.875,8.875,1,1,Randomized,0.999
0.1,8.875,8.875,1,1,Randomized,0.999
0.1,8.875,8.875,1,1,Randomized,0.999
0.1,8.875,8.875,1,1,Randomized,0.999
0.1,8.875,8.875,1,1,Randomized,0.999
0.1,8.875,8.875,1,1,Randomized,0.999
0.1,8.875,8.875,1,1,Randomized,0.999
0.1,8.875,8.875,1,1,Randomized,0.999
0.1,8.875,8.875,1,1,Randomized,0.999
0.1,8.875,8.875,1,1,Randomized,0.999
0.1,8.875,8.875,1,1,Randomized,0.999
0.1,8.875,8.875,1,1,Randomized,0.999
0.1,8.875,8.875,1,1,Randomized,0.999
0.1,8.875,8.875,1,1,Randomized,0.999
0.1,8.875,8.875,1,1,Randomized,0.999
0.1,8.875,8.875,1,1,Randomized,0.999
0.1,8.875,8.875,1,0,Randomized,0.999
0.1,8.875,8.875,1,1,Randomized,0.999
0.1,8.875,8.875,1,1,Randomized,0.999
0.1,8.875,8.875,1,1,Randomized,0.999
0.1,8.875,8.875,1,1,Randomized,0.999
0.1,8.875,8.875,1,1,Randomized,0.999
0.1,8.875,8.875,1,1,Randomized,0.999
0.1,8.875,8.875,1,1,Randomized,0.999
0.1,8.875,8.875,1,1,Randomized,0.999
0.1,8.875,8.875,1,1,Randomized,0.999
0.1,8.875,8.875,1,1,Randomized,0.999
0.1,8.875,8.875,1,1,Randomized,0.999
0.1,8.875,8.875,1,1,Randomized,0.999
0.1,8.875,8.875,1,1,Randomized,0.999
0.1,8.875,8.875,1,1,Randomized,0.999
0.1,8.875,8.875,1,1,Randomized,0.999
0.1,8.875,8.875,1,1,Randomized,0.999
0.1,8.875,8.875,1,1,Randomized,0.999
0.1,8.875,8.875,1,1,Randomized,0.999
0.1,8.875,8.875,1,1,Randomized,0.999
0.1,8.875,8.875,1,1,Randomized,0.999
0.1,8.875,8.875,1,1,Randomized,0.999
0.1,8.875,8.875,1,1,Randomized,0.999
0.1,8.875,8.875,1,1,Randomized,0.999
0.1,8.875,8.875,1,1,Randomized,0.999
0.1,8.875,8.875,1,1,Randomized,0.999
0.1,8.875,8.875,1,1,Randomized,0.999
0.1,8.875,8.875,1,1,Randomized,0.999
0.1,8.875,8.875,1,1,Randomized,0.999
0.1,8.875,8.875,1,1,Randomized,0.999
0.1,8.875,8.875,1,1,Randomized,0.999
0.1,8.875,8.875,1,1,Randomized,0.999
0.1,8.875,8.875,1,1,Randomized,0.999
0.1,8.875,8.875,1,1,Randomized,0.999
0.1,8.875,8.875,1,1,Randomized,0.999
0.1,8.875,8.875,1,1,Randomized,0.999
0.1,8.875,8.875,1,1,Randomized,0.999
0.1,8.875,8.875,1,1,Randomized,0.999
0.1,8.875,8.875,1,1,Randomized,0.999
0.1,8.875,8.875,1,1,Randomized,0.999
0.1,8.875,8.875,1,1,Randomized,0.999
0.1,8.875,8.875,1,1,Randomized,0.999
0.1,8.875,8.875,1,1,Randomized,0.999
0.1,8.875,8.875,1,1,Randomized,0.999
0.1,8.875,8.875,1,1,Randomized,0.999
0.1,8.875,8.875,1,1,Randomized,0.999
0.1,8.875,8.875,1,1,Randomized,0.999
0.1,8.875,8.875,1,1,Randomized,0.999
0.1,8.875,8.875,1,1,Randomized,0.999
0.1,8.875,8.875,1,1,Randomized,0.999
0.1,8.875,8.875,1,1,Randomized,0.999
0.1,8.875,8.875,1,1,Randomized,0.999
0.1,8.875,8.875,1,1,Randomized,0.999
0.1,8.875,8.875,1,1,Randomized,0.999
0.1,8.875,8.875,1,1,Randomized,0.999
0.1,8.875,8.875,1,1,Randomized,0.999
0.1,8.875,8.875,1,1,Randomized,0.999
0.1,8.875,8.875,1,1,Randomized,0.999
0.1,8.875,8.875,1,1,Randomized,0.999
0.1,8.875,8.875,1,1,Randomized,0.999
0.1,8.875,8.875,1,1,Randomized,0.999
0.1,8.875,8.875,1,1,Randomized,0.999
0.1,8.875,8.875,1,1,Randomized,0.999
0.1,8.875,8.875,1,1,Randomized,0.999
0.1,8.875,8.875,1,1,Randomized,0.999
0.1,8.875,8.875,1,1,Randomized,0.999
0.1,8.875,8.875,1,1,Randomized,0.999
0.1,8.875,8.875,1,1,Randomized,0.999
0.1,8.875,8.875,1,1,Randomized,0.999
0.1,8.875,8.875,1,1,Randomized,0.999
0.1,8.875,8.875,1,1,Randomized,0.999
0.1,8.875,8.875,1,1,Randomized,0.999
0.1,8.875,8.875,1,1,Randomized,0.999
0.1,8.875,8.875,1,1,Randomized,0.999
0.1,8.875,8.875,1,1,Randomized,0.999
0.1,8.875,8.875,1,1,Randomized,0.999
0.1,8.875,8.875,1,1,Randomized,0.999
0.1,8.875,8.875,1,1,Randomized,0.999
0.1,8.875,8.875,1,1,Randomized,0.999
0.1,8.875,8.875,1,1,Randomized,0.999
0.1,8.875,8.875,1,1,Randomized,0.999
0.1,8.875,8.875,1,1,Randomized,0.999
0.1,8.875,8.875,1,1,Randomized,0.999
0.1,8.875,8.875,1,1,Randomized,0.999
0.1,8.875,8.875,1,1,Randomized,0.999
0.1,8.875,8.875,1,1,Randomized,0.999
0.1,8.875,8.875,1,1,Randomized,0.999
0.1,8.875,8.875,1,1,Randomized,0.999
0.1,8.875,8.875,1,1,Randomized,0.999
0.1,8.875,8.875,1,1,Randomized,0.999
0.1,8.875,8.875,1,1,Randomized,0.999
0.1,8.875,8.875,1,1,Randomized,0.999
0.1,8.875,8.875,1,1,Randomized,0.999
0.1,8.875,8.875,1,1,Randomized,0.999
0.1,8.875,8.875,1,1,Randomized,0.999
0.1,8.875,8.875,1,1,Randomized,0.999
0.1,8.875,8.875,1,1,Randomized,0.999
0.1,8.875,8.875,1,1,Randomized,0.999
0.1,8.875,8.875,1,1,Randomized,0.999
0.1,8.875,8.875,1,1,Randomized,0.999
0.1,8.875,8.875,1,1,Randomized,0.999
0.1,8.875,8.875,1,1,Randomized,0.999
0.1,8.875,8.875,1,1,Randomized,0.999
0.1,8.875,8.875,1,1,Randomized,0.999
0.1,8.875,8.875,1,1,Randomized,0.999
0.1,8.875,8.875,1,1,Randomized,0.999
0.1,8.875,8.875,1,1,Randomized,0.999
0.1,8.875,8.875,1,1,Randomized,0.999
0.1,8.875,8.875,1,1,Randomized,0.999
0.1,8.875,8.875,1,1,Randomized,0.999
0.1,8.875,8.875,1,1,Randomized,0.999
0.1,8.875,8.875,1,1,Randomized,0.999
0.1,8.875,8.875,1,0,Randomized,0.999
0.1,8.875,8.875,1,0,Randomized,0.999
0.1,8.875,8.875,1,1,Randomized,0.999
0.1,8.875,8.875,1,1,Randomized,0.999
0.1,8.875,8.875,1,1,Randomized,0.999
0.1,8.875,8.875,1,1,Randomized,0.999
0.1,8.875,8.875,1,1,Randomized,0.999
0.1,8.875,8.875,1,1,Randomized,0.999
0.1,8.875,8.875,1,1,Randomized,0.999
0.1,8.875,8.875,1,1,Randomized,0.999
0.1,8.875,8.875,1,1,Randomized,0.999
0.1,8.875,8.875,1,1,Randomized,0.999
0.1,8.875,8.875,1,1,Randomized,0.999
0.1,8.875,8.875,1,1,Randomized,0.999
0.1,8.875,8.875,1,1,Randomized,0.999
0.1,8.875,8.875,1,1,Randomized,0.999
0.1,8.875,8.875,1,1,Randomized,0.999
0.1,8.875,8.875,1,1,Randomized,0.999
0.1,8.875,8.875,1,1,Randomized,0.999
0.1,8.875,8.875,1,1,Randomized,0.999
0.1,8.875,8.875,1,1,Randomized,0.999
0.1,8.875,8.875,1,1,Randomized,0.999
0.1,8.875,8.875,1,1,Randomized,0.999
0.1,8.875,8.875,1,1,Randomized,0.999
0.1,8.875,8.875,1,1,Randomized,0.999
0.1,8.875,8.875,1,1,Randomized,0.999
0.1,8.875,8.875,1,1,Randomized,0.999
0.1,8.875,8.875,1,1,Randomized,0.999
0.1,8.875,8.875,1,1,Randomized,0.999
0.1,8.875,8.875,1,1,Randomized,0.999
0.1,8.875,8.875,1,1,Randomized,0.999
0.1,8.875,8.875,1,1,Randomized,0.999
0.1,8.875,8.875,1,1,Randomized,0.999
0.1,8.875,8.875,1,1,Randomized,0.999
0.1,8.875,8.875,1,1,Randomized,0.999
0.1,8.875,8.875,1,1,Randomized,0.999
0.1,8.875,8.875,1,1,Randomized,0.999
0.1,8.875,8.875,1,1,Randomized,0.999
0.1,8.875,8.875,1,1,Randomized,0.999
0.1,8.875,8.875,1,1,Randomized,0.999
0.1,8.875,8.875,1,1,Randomized,0.999
0.1,8.875,8.875,1,1,Randomized,0.999
0.1,8.875,8.875,1,1,Randomized,0.999
0.1,8.875,8.875,1,1,Randomized,0.999
0.1,8.875,8.875,1,1,Randomized,0.999
0.1,8.875,8.875,1,1,Randomized,0.999
0.1,8.875,8.875,1,1,Randomized,0.999
0.1,8.875,8.875,1,1,Randomized,0.999
0.1,8.875,8.875,1,1,Randomized,0.999
0.1,8.875,8.875,1,1,Randomized,0.999
0.1,8.875,8.875,1,1,Randomized,0.999
0.1,8.875,8.875,1,1,Randomized,0.999
0.1,8.875,8.875,1,1,Randomized,0.999
0.1,8.875,8.875,1,1,Randomized,0.999
0.1,8.875,8.875,1,0,Randomized,0.999
0.1,8.875,8.875,1,1,Randomized,0.999
0.1,8.875,8.875,1,1,Randomized,0.999
0.1,8.875,8.875,1,1,Randomized,0.999
0.1,8.875,8.875,1,1,Randomized,0.999
0.1,8.875,8.875,1,1,Randomized,0.999
0.1,8.875,8.875,1,1,Randomized,0.999
0.1,8.875,8.875,1,1,Randomized,0.999
0.1,8.875,8.875,1,1,Randomized,0.999
0.1,8.875,8.875,1,1,Randomized,0.999
0.1,8.875,8.875,1,1,Randomized,0.999
0.1,8.875,8.875,1,1,Randomized,0.999
0.1,8.875,8.875,1,1,Randomized,0.999
0.1,8.875,8.875,1,1,Randomized,0.999
0.1,8.875,8.875,1,1,Randomized,0.999
0.1,8.875,8.875,1,1,Randomized,0.999
0.1,8.875,8.875,1,1,Randomized,0.999
0.1,8.875,8.875,1,1,Randomized,0.999
0.1,8.875,8.875,1,1,Randomized,0.999
0.1,8.875,8.875,1,1,Randomized,0.999
0.1,8.875,8.875,1,1,Randomized,0.999
0.1,8.875,8.875,1,0,Randomized,0.999
0.1,8.875,8.875,1,1,Randomized,0.999
0.1,8.875,8.875,1,1,Randomized,0.999
0.1,8.875,8.875,1,1,Randomized,0.999
0.1,8.875,8.875,1,1,Randomized,0.999
0.1,8.875,8.875,1,1,Randomized,0.999
0.1,8.875,8.875,1,1,Randomized,0.999
0.1,8.875,8.875,1,1,Randomized,0.999
0.1,8.875,8.875,1,1,Randomized,0.999
0.1,8.875,8.875,1,1,Randomized,0.999
0.1,8.875,8.875,1,1,Randomized,0.999
0.1,8.875,8.875,1,1,Randomized,0.999
0.1,8.875,8.875,1,1,Randomized,0.999
0.1,8.875,8.875,1,1,Randomized,0.999
0.1,8.875,8.875,1,1,Randomized,0.999
0.1,8.875,8.875,1,1,Randomized,0.999
0.1,8.875,8.875,1,1,Randomized,0.999
0.1,8.875,8.875,1,1,Randomized,0.999
0.1,8.875,8.875,1,1,Randomized,0.999
0.1,8.875,8.875,1,1,Randomized,0.999
0.1,8.875,8.875,1,1,Randomized,0.999
0.1,8.875,8.875,1,1,Randomized,0.999
0.1,8.875,8.875,1,1,Randomized,0.999
0.1,8.875,8.875,1,1,Randomized,0.999
0.1,8.875,8.875,1,1,Randomized,0.999
0.1,8.875,8.875,1,1,Randomized,0.999
0.1,8.875,8.875,1,1,Randomized,0.999
0.1,8.875,8.875,1,1,Randomized,0.999
0.1,8.875,8.875,1,1,Randomized,0.999
0.1,8.875,8.875,1,1,Randomized,0.999
0.1,8.875,8.875,1,1,Randomized,0.999
0.1,8.875,8.875,1,1,Randomized,0.999
0.1,8.875,8.875,1,1,Randomized,0.999
0.1,8.875,8.875,1,1,Randomized,0.999
0.1,8.875,8.875,1,1,Randomized,0.999
0.1,8.875,8.875,1,1,Randomized,0.999
0.1,8.875,8.875,1,1,Randomized,0.999
0.1,8.875,8.875,1,1,Randomized,0.999
0.1,8.875,8.875,1,1,Randomized,0.999
0.1,8.875,8.875,1,1,Randomized,0.999
0.1,8.875,8.875,1,1,Randomized,0.999
0.1,8.875,8.875,1,1,Randomized,0.999
0.1,8.875,8.875,1,1,Randomized,0.999
0.1,8.875,8.875,1,1,Randomized,0.999
0.1,8.875,8.875,1,1,Randomized,0.999
0.1,8.875,8.875,1,1,Randomized,0.999
0.1,8.875,8.875,1,1,Randomized,0.999
0.1,8.875,8.875,1,1,Randomized,0.999
0.1,8.875,8.875,1,1,Randomized,0.999
0.1,8.875,8.875,1,1,Randomized,0.999
0.1,8.875,8.875,1,1,Randomized,0.999
0.1,8.875,8.875,1,1,Randomized,0.999
0.1,8.875,8.875,1,1,Randomized,0.999
0.1,8.875,8.875,1,1,Randomized,0.999
0.1,8.875,8.875,1,1,Randomized,0.999
0.1,8.875,8.875,1,1,Randomized,0.999
0.1,8.875,8.875,1,1,Randomized,0.999
0.1,8.875,8.875,1,1,Randomized,0.999
0.1,8.875,8.875,1,1,Randomized,0.999
0.1,8.875,8.875,1,1,Randomized,0.999
0.1,8.875,0.0,0,0,Randomized,0.999
0.1,8.875,8.875,1,1,Randomized,0.999
0.1,8.875,8.875,1,1,Randomized,0.999
0.1,8.875,8.875,1,1,Randomized,0.999
0.1,8.875,8.875,1,1,Randomized,0.999
0.1,8.875,8.875,1,0,Randomized,0.999
0.1,8.875,8.875,1,1,Randomized,0.999
0.1,8.875,8.875,1,1,Randomized,0.999
0.1,8.875,8.875,1,1,Randomized,0.999
0.1,8.875,8.875,1,1,Randomized,0.999
0.1,8.875,8.875,1,1,Randomized,0.999
0.1,8.875,8.875,1,1,Randomized,0.999
0.1,8.875,8.875,1,1,Randomized,0.999
0.1,8.875,8.875,1,1,Randomized,0.999
0.1,8.875,8.875,1,1,Randomized,0.999
0.1,8.875,8.875,1,1,Randomized,0.999
0.1,8.875,8.875,1,1,Randomized,0.999
0.1,8.875,8.875,1,1,Randomized,0.999
0.1,8.875,8.875,1,1,Randomized,0.999
0.1,8.875,8.875,1,1,Randomized,0.999
0.1,8.875,8.875,1,1,Randomized,0.999
0.1,8.875,8.875,1,1,Randomized,0.999
0.1,8.875,8.875,1,1,Randomized,0.999
0.1,8.875,8.875,1,1,Randomized,0.999
0.1,8.875,8.875,1,1,Randomized,0.999
0.1,8.875,8.875,1,1,Randomized,0.999
0.1,8.875,8.875,1,1,Randomized,0.999
0.1,8.875,8.875,1,1,Randomized,0.999
0.1,8.875,8.875,1,1,Randomized,0.999
0.1,8.875,8.875,1,1,Randomized,0.999
0.1,8.875,8.875,1,1,Randomized,0.999
0.1,8.875,8.875,1,1,Randomized,0.999
0.1,8.875,8.875,1,1,Randomized,0.999
0.1,8.875,8.875,1,1,Randomized,0.999
0.1,8.875,8.875,1,1,Randomized,0.999
0.1,8.875,8.875,1,1,Randomized,0.999
0.1,8.875,8.875,1,1,Randomized,0.999
0.1,8.875,8.875,1,1,Randomized,0.999
0.1,8.875,8.875,1,1,Randomized,0.999
0.1,8.875,8.875,1,1,Randomized,0.999
0.1,8.875,8.875,1,1,Randomized,0.999
0.1,8.875,8.875,1,1,Randomized,0.999
0.1,8.875,8.875,1,1,Randomized,0.999
0.1,8.875,8.875,1,1,Randomized,0.999
0.1,8.875,8.875,1,1,Randomized,0.999
0.1,8.875,8.875,1,1,Randomized,0.999
0.1,8.875,8.875,1,1,Randomized,0.999
0.1,8.875,8.875,1,1,Randomized,0.999
0.1,8.875,8.875,1,1,Randomized,0.999
0.1,8.875,8.875,1,1,Randomized,0.999
0.1,8.875,8.875,1,1,Randomized,0.999
0.1,8.875,8.875,1,1,Randomized,0.999
0.1,8.875,8.875,1,1,Randomized,0.999
0.1,8.875,8.875,1,1,Randomized,0.999
0.1,8.875,8.875,1,1,Randomized,0.999
0.1,8.875,8.875,1,1,Randomized,0.999
0.1,8.875,8.875,1,1,Randomized,0.999
0.1,8.875,8.875,1,1,Randomized,0.999
0.1,8.875,8.875,1,1,Randomized,0.999
0.1,8.875,8.875,1,1,Randomized,0.999
0.1,8.875,8.875,1,1,Randomized,0.999
0.1,8.875,8.875,1,1,Randomized,0.999
0.1,8.875,8.875,1,1,Randomized,0.999
0.1,8.875,8.875,1,1,Randomized,0.999
0.1,8.875,8.875,1,1,Randomized,0.999
0.1,8.875,8.875,1,1,Randomized,0.999
0.1,8.875,8.875,1,1,Randomized,0.999
0.1,8.875,8.875,1,1,Randomized,0.999
0.1,8.875,8.875,1,1,Randomized,0.999
0.1,8.875,8.875,1,1,Randomized,0.999
0.1,8.875,8.875,1,1,Randomized,0.999
0.1,8.875,8.875,1,1,Randomized,0.999
0.1,8.875,8.875,1,1,Randomized,0.999
0.1,8.875,8.875,1,1,Randomized,0.999
0.1,8.875,8.875,1,1,Randomized,0.999
0.1,8.875,8.875,1,1,Randomized,0.999
0.1,8.875,8.875,1,1,Randomized,0.999
0.1,8.875,8.875,1,1,Randomized,0.999
0.1,8.875,8.875,1,1,Randomized,0.999
0.1,8.875,8.875,1,1,Randomized,0.999
0.1,8.875,8.875,1,1,Randomized,0.999
0.1,8.875,8.875,1,1,Randomized,0.999
0.1,8.875,8.875,1,1,Randomized,0.999
0.1,8.875,8.875,1,1,Randomized,0.999
0.1,8.875,8.875,1,1,Randomized,0.999
0.1,8.875,8.875,1,1,Randomized,0.999
0.1,8.875,8.875,1,1,Randomized,0.999
0.1,8.875,8.875,1,1,Randomized,0.999
0.1,8.875,8.875,1,1,Randomized,0.999
0.1,8.875,8.875,1,1,Randomized,0.999
0.1,8.875,8.875,1,1,Randomized,0.999
0.1,8.875,8.875,1,1,Randomized,0.999
0.1,8.875,8.875,1,1,Randomized,0.999
0.1,8.875,8.875,1,1,Randomized,0.999
0.1,8.875,8.875,1,1,Randomized,0.999
0.1,8.875,8.875,1,1,Randomized,0.999
0.1,8.875,8.875,1,1,Randomized,0.999
0.1,8.875,8.875,1,1,Randomized,0.999
0.1,8.875,8.875,1,1,Randomized,0.999
0.1,8.875,8.875,1,1,Randomized,0.999
0.1,8.875,8.875,1,1,Randomized,0.999
0.1,8.875,8.875,1,1,Randomized,0.999
0.1,8.875,8.875,1,1,Randomized,0.999
0.1,8.875,8.875,1,1,Randomized,0.999
0.1,8.875,8.875,1,1,Randomized,0.999
0.1,8.875,8.875,1,1,Randomized,0.999
0.1,8.875,8.875,1,1,Randomized,0.999
0.1,8.875,8.875,1,1,Randomized,0.999
0.1,8.875,8.875,1,1,Randomized,0.999
0.1,8.875,8.875,1,1,Randomized,0.999
0.1,8.875,8.875,1,1,Randomized,0.999
0.1,8.875,8.875,1,1,Randomized,0.999
0.1,8.875,8.875,1,1,Randomized,0.999
0.1,8.875,8.875,1,1,Randomized,0.999
0.1,8.875,8.875,1,1,Randomized,0.999
0.1,8.875,8.875,1,1,Randomized,0.999
0.1,8.875,8.875,1,1,Randomized,0.999
0.1,8.875,8.875,1,1,Randomized,0.999
0.1,8.875,8.875,1,1,Randomized,0.999
0.1,8.875,8.875,1,1,Randomized,0.999
0.1,8.875,8.875,1,1,Randomized,0.999
0.1,8.875,8.875,1,1,Randomized,0.999
0.1,8.875,8.875,1,1,Randomized,0.999
0.1,8.875,8.875,1,1,Randomized,0.999
0.1,8.875,8.875,1,1,Randomized,0.999
0.1,8.875,8.875,1,1,Randomized,0.999
0.1,8.875,8.875,1,1,Randomized,0.999
0.1,8.875,8.875,1,1,Randomized,0.999
0.1,8.875,8.875,1,1,Randomized,0.999
0.1,8.875,8.875,1,1,Randomized,0.999
0.1,8.875,8.875,1,1,Randomized,0.999
0.1,8.875,8.875,1,1,Randomized,0.999
0.1,8.875,8.875,1,1,Randomized,0.999
0.1,8.875,8.875,1,1,Randomized,0.999
0.1,8.875,8.875,1,1,Randomized,0.999
0.1,8.875,8.875,1,1,Randomized,0.999
0.1,8.875,8.875,1,1,Randomized,0.999
0.1,8.875,8.875,1,1,Randomized,0.999
0.1,8.875,8.875,1,1,Randomized,0.999
0.1,8.875,8.875,1,1,Randomized,0.999
0.1,8.875,8.875,1,1,Randomized,0.999
0.1,8.875,8.875,1,1,Randomized,0.999
0.1,8.875,8.875,1,1,Randomized,0.999
0.1,8.875,8.875,1,1,Randomized,0.999
0.1,8.875,8.875,1,1,Randomized,0.999
0.1,8.875,8.875,1,1,Randomized,0.999
0.1,8.875,8.875,1,1,Randomized,0.999
0.1,8.875,8.875,1,1,Randomized,0.999
0.1,8.875,8.875,1,1,Randomized,0.999
0.1,8.875,8.875,1,1,Randomized,0.999
0.1,8.875,8.875,1,1,Randomized,0.999
0.1,8.875,8.875,1,1,Randomized,0.999
0.1,8.875,8.875,1,1,Randomized,0.999
0.1,8.875,8.875,1,1,Randomized,0.999
0.1,8.875,8.875,1,1,Randomized,0.999
0.1,8.875,8.875,1,1,Randomized,0.999
0.1,8.875,8.875,1,1,Randomized,0.999
0.1,8.875,8.875,1,1,Randomized,0.999
0.1,8.875,8.875,1,1,Randomized,0.999
0.1,8.875,8.875,1,1,Randomized,0.999
0.1,8.875,8.875,1,1,Randomized,0.999
0.1,8.875,8.875,1,1,Randomized,0.999
0.1,8.875,8.875,1,1,Randomized,0.999
0.1,8.875,8.875,1,1,Randomized,0.999
0.1,8.875,8.875,1,1,Randomized,0.999
0.1,8.875,8.875,1,1,Randomized,0.999
0.1,8.875,8.875,1,1,Randomized,0.999
0.1,8.875,8.875,1,1,Randomized,0.999
0.1,8.875,8.875,1,1,Randomized,0.999
0.1,8.875,8.875,1,1,Randomized,0.999
0.1,8.875,8.875,1,1,Randomized,0.999
0.1,8.875,8.875,1,1,Randomized,0.999
0.1,8.875,8.875,1,1,Randomized,0.999
0.1,8.875,8.875,1,1,Randomized,0.999
0.1,8.875,8.875,1,1,Randomized,0.999
0.1,8.875,8.875,1,1,Randomized,0.999
0.1,8.875,8.875,1,1,Randomized,0.999
0.1,8.875,8.875,1,1,Randomized,0.999
0.1,8.875,8.875,1,1,Randomized,0.999
0.1,8.875,8.875,1,1,Randomized,0.999
0.1,8.875,8.068181818181818,0,0,Randomized,0.999
0.1,8.875,8.875,1,1,Randomized,0.999
0.1,8.875,8.875,1,1,Randomized,0.999
0.1,8.875,8.875,1,1,Randomized,0.999
0.1,8.875,8.875,1,1,Randomized,0.999
0.1,8.875,8.875,1,1,Randomized,0.999
0.1,8.875,8.875,1,1,Randomized,0.999
0.1,8.875,8.875,1,1,Randomized,0.999
0.1,8.875,8.875,1,1,Randomized,0.999
0.1,8.875,8.875,1,1,Randomized,0.999
0.1,8.875,8.875,1,1,Randomized,0.999
0.1,8.875,8.875,1,1,Randomized,0.999
0.1,8.875,8.875,1,1,Randomized,0.999
0.1,8.875,8.875,1,1,Randomized,0.999
0.1,8.875,8.875,1,1,Randomized,0.999
0.1,8.875,8.875,1,1,Randomized,0.999
0.1,8.875,8.875,1,1,Randomized,0.999
0.1,8.875,8.875,1,1,Randomized,0.999
0.1,8.875,8.875,1,1,Randomized,0.999
0.1,8.875,8.875,1,1,Randomized,0.999
0.1,8.875,8.875,1,1,Randomized,0.999
0.1,8.875,8.875,1,1,Randomized,0.999
0.1,8.875,8.875,1,1,Randomized,0.999
0.1,8.875,8.875,1,1,Randomized,0.999
0.1,8.875,8.875,1,1,Randomized,0.999
0.1,8.875,8.875,1,1,Randomized,0.999
0.1,8.875,8.875,1,1,Randomized,0.999
0.1,8.875,8.875,1,1,Randomized,0.999
0.1,8.875,8.875,1,1,Randomized,0.999
0.1,8.875,8.875,1,1,Randomized,0.999
0.1,8.875,8.875,1,1,Randomized,0.999
0.1,8.875,8.875,1,1,Randomized,0.999
0.1,8.875,8.875,1,1,Randomized,0.999
0.1,8.875,8.875,1,1,Randomized,0.999
0.1,8.875,8.875,1,1,Randomized,0.999
0.1,8.875,8.875,1,1,Randomized,0.999
0.1,8.875,8.875,1,1,Randomized,0.999
0.1,8.875,8.875,1,1,Randomized,0.999
0.1,8.875,8.875,1,1,Randomized,0.999
0.1,8.875,8.875,1,1,Randomized,0.999
0.1,8.875,8.875,1,1,Randomized,0.999
0.1,8.875,8.875,1,1,Randomized,0.999
0.1,8.875,8.875,1,1,Randomized,0.999
0.1,8.875,8.875,1,1,Randomized,0.999
0.1,8.875,8.875,1,1,Randomized,0.999
0.1,8.875,8.875,1,1,Randomized,0.999
0.1,8.875,8.875,1,1,Randomized,0.999
0.1,8.875,8.875,1,1,Randomized,0.999
0.1,8.875,8.875,1,1,Randomized,0.999
0.1,8.875,8.875,1,1,Randomized,0.999
0.1,8.875,8.875,1,1,Randomized,0.999
0.1,8.875,8.875,1,1,Randomized,0.999
0.1,8.875,8.875,1,1,Randomized,0.999
0.1,8.875,8.875,1,1,Randomized,0.999
0.1,8.875,8.875,1,1,Randomized,0.999
0.1,8.875,8.875,1,1,Randomized,0.999
0.1,8.875,8.875,1,1,Randomized,0.999
0.1,8.875,8.875,1,1,Randomized,0.999
0.1,8.875,8.875,1,1,Randomized,0.999
0.1,8.875,8.875,1,1,Randomized,0.999
0.1,8.875,8.875,1,1,Randomized,0.999
0.1,8.875,8.875,1,1,Randomized,0.999
0.1,8.875,8.875,1,1,Randomized,0.999
0.1,8.875,8.875,1,1,Randomized,0.999
0.1,8.875,8.875,1,1,Randomized,0.999
0.1,8.875,8.875,1,1,Randomized,0.999
0.1,8.875,8.875,1,1,Randomized,0.999
0.1,8.875,8.875,1,1,Randomized,0.999
0.1,8.875,8.875,1,1,Randomized,0.999
0.1,8.875,8.875,1,1,Randomized,0.999
0.1,8.875,8.875,1,1,Randomized,0.999
0.1,8.875,8.875,1,1,Randomized,0.999
0.1,8.875,8.875,1,1,Randomized,0.999
0.1,8.875,8.875,1,1,Randomized,0.999
0.1,8.875,8.875,1,1,Randomized,0.999
0.1,8.875,8.875,1,1,Randomized,0.999
0.1,8.875,8.875,1,1,Randomized,0.999
0.1,8.875,8.875,1,1,Randomized,0.999
0.1,8.875,8.875,1,1,Randomized,0.999
0.1,8.875,8.875,1,1,Randomized,0.999
0.1,8.875,8.875,1,1,Randomized,0.999
0.1,8.875,8.875,1,1,Randomized,0.999
0.1,8.875,8.875,1,1,Randomized,0.999
0.1,8.875,8.875,1,1,Randomized,0.999
0.1,8.875,8.875,1,1,Randomized,0.999
0.1,8.875,8.875,1,1,Randomized,0.999
0.1,8.875,8.875,1,1,Randomized,0.999
0.1,8.875,8.875,1,1,Randomized,0.999
0.1,8.875,8.875,1,1,Randomized,0.999
0.1,8.875,8.875,1,1,Randomized,0.999
0.1,8.875,8.875,1,1,Randomized,0.999
0.1,8.875,8.875,1,1,Randomized,0.999
0.1,8.875,8.875,1,1,Randomized,0.999
0.1,8.875,8.875,1,1,Randomized,0.999
0.1,8.875,8.875,1,1,Randomized,0.999
0.1,8.875,8.875,1,1,Randomized,0.999
0.1,8.875,8.875,1,1,Randomized,0.999
0.1,8.875,8.875,1,1,Randomized,0.999
0.1,8.875,8.875,1,1,Randomized,0.999
0.1,8.875,8.875,1,1,Randomized,0.999
0.1,8.875,8.875,1,1,Randomized,0.999
0.1,8.875,8.875,1,1,Randomized,0.999
0.1,8.875,8.875,1,1,Randomized,0.999
0.1,8.875,8.875,1,1,Randomized,0.999
0.1,8.875,8.875,1,0,Randomized,0.999
0.1,8.875,8.875,1,1,Randomized,0.999
0.1,8.875,8.875,1,1,Randomized,0.999
0.1,8.875,8.875,1,1,Randomized,0.999
0.1,8.875,8.875,1,1,Randomized,0.999
0.1,8.875,8.875,1,1,Randomized,0.999
0.1,8.875,8.875,1,1,Randomized,0.999
0.1,8.875,8.875,1,1,Randomized,0.999
0.1,8.875,8.875,1,1,Randomized,0.999
0.1,8.875,8.875,1,1,Randomized,0.999
0.1,8.875,8.875,1,1,Randomized,0.999
0.1,8.875,8.875,1,1,Randomized,0.999
0.1,8.875,8.875,1,1,Randomized,0.999
0.1,8.875,8.875,1,1,Randomized,0.999
0.1,8.875,8.875,1,1,Randomized,0.999
0.1,8.875,8.875,1,1,Randomized,0.999
0.1,8.875,8.875,1,1,Randomized,0.999
0.1,8.875,8.875,1,1,Randomized,0.999
0.1,8.875,8.875,1,1,Randomized,0.999
0.1,8.875,8.875,1,1,Randomized,0.999
0.1,8.875,8.875,1,1,Randomized,0.999
0.1,8.875,8.875,1,1,Randomized,0.999
0.1,8.875,8.875,1,1,Randomized,0.999
0.1,8.875,8.875,1,1,Randomized,0.999
0.1,8.875,8.875,1,1,Randomized,0.999
0.1,8.875,8.875,1,1,Randomized,0.999
0.1,8.875,8.875,1,1,Randomized,0.999
0.1,8.875,8.875,1,1,Randomized,0.999
0.1,8.875,8.875,1,1,Randomized,0.999
0.1,8.875,8.875,1,1,Randomized,0.999
0.1,8.875,8.875,1,1,Randomized,0.999
0.1,8.875,8.875,1,1,Randomized,0.999
0.1,8.875,8.875,1,1,Randomized,0.999
0.1,8.875,8.875,1,1,Randomized,0.999
0.1,8.875,8.875,1,1,Randomized,0.999
0.1,8.875,8.875,1,1,Randomized,0.999
0.1,8.875,8.875,1,1,Randomized,0.999
0.1,8.875,8.875,1,1,Randomized,0.999
0.1,8.875,8.875,1,1,Randomized,0.999
0.1,8.875,8.875,1,1,Randomized,0.999
0.1,8.875,8.875,1,1,Randomized,0.999
0.1,8.875,8.875,1,1,Randomized,0.999
0.1,8.875,8.875,1,1,Randomized,0.999
0.1,8.875,8.875,1,1,Randomized,0.999
0.1,8.875,8.875,1,1,Randomized,0.999
0.1,8.875,8.875,1,1,Randomized,0.999
0.1,8.875,8.875,1,1,Randomized,0.999
0.1,8.875,8.875,1,1,Randomized,0.999
0.1,8.875,8.875,1,1,Randomized,0.999
0.1,8.875,8.875,1,1,Randomized,0.999
0.1,8.875,8.875,1,1,Randomized,0.999
0.1,8.875,8.875,1,1,Randomized,0.999
0.1,8.875,8.875,1,1,Randomized,0.999
0.1,8.875,8.875,1,1,Randomized,0.999
0.1,8.875,8.875,1,1,Randomized,0.999
0.1,8.875,8.875,1,1,Randomized,0.999
0.1,8.875,8.875,1,1,Randomized,0.999
0.1,8.875,8.875,1,1,Randomized,0.999
0.1,8.875,8.875,1,1,Randomized,0.999
0.1,8.875,8.875,1,1,Randomized,0.999
0.1,8.875,8.875,1,1,Randomized,0.999
0.1,8.875,8.875,1,1,Randomized,0.999
0.1,8.875,8.875,1,1,Randomized,0.999
0.1,8.875,8.875,1,1,Randomized,0.999
0.1,8.875,8.875,1,1,Randomized,0.999
0.1,8.875,8.875,1,1,Randomized,0.999
0.1,8.875,8.875,1,1,Randomized,0.999
0.1,8.875,8.875,1,1,Randomized,0.999
0.1,8.875,8.875,1,1,Randomized,0.999
0.1,8.875,8.875,1,1,Randomized,0.999
0.1,8.875,8.875,1,1,Randomized,0.999
0.1,8.875,8.875,1,1,Randomized,0.999
0.1,8.875,8.875,1,1,Randomized,0.999
0.1,8.875,8.875,1,1,Randomized,0.999
0.1,8.875,8.875,1,1,Randomized,0.999
0.1,8.875,8.875,1,1,Randomized,0.999
0.1,8.875,8.875,1,1,Randomized,0.999
0.1,8.875,8.875,1,1,Randomized,0.999
0.1,8.875,8.875,1,1,Randomized,0.999
0.1,8.875,8.875,1,1,Randomized,0.999
0.1,8.875,8.875,1,1,Randomized,0.999
0.1,8.875,8.875,1,1,Randomized,0.999
0.1,8.875,8.875,1,1,Randomized,0.999
0.1,8.875,8.875,1,1,Randomized,0.999
0.1,8.875,8.875,1,1,Randomized,0.999
0.1,8.875,8.875,1,1,Randomized,0.999
0.1,8.875,8.875,1,1,Randomized,0.999
0.1,8.875,8.875,1,1,Randomized,0.999
0.1,8.875,8.875,1,1,Randomized,0.999
0.1,8.875,8.875,1,0,Randomized,0.999
0.1,8.875,8.875,1,1,Randomized,0.999
0.1,8.875,8.875,1,1,Randomized,0.999
0.1,8.875,8.875,1,1,Randomized,0.999
0.1,8.875,8.875,1,1,Randomized,0.999
0.1,8.875,8.875,1,1,Randomized,0.999
0.1,8.875,8.875,1,1,Randomized,0.999
0.1,8.875,8.875,1,1,Randomized,0.999
0.1,8.875,8.875,1,1,Randomized,0.999
0.1,8.875,8.875,1,1,Randomized,0.999
0.1,8.875,8.875,1,0,Randomized,0.999
0.1,8.875,8.875,1,1,Randomized,0.999
0.1,8.875,8.875,1,1,Randomized,0.999
0.1,8.875,8.875,1,1,Randomized,0.999
0.1,8.875,8.875,1,1,Randomized,0.999
0.1,8.875,8.875,1,1,Randomized,0.999
0.1,8.875,8.875,1,1,Randomized,0.999
0.1,8.875,8.875,1,1,Randomized,0.999
0.1,8.875,8.875,1,1,Randomized,0.999
0.1,8.875,8.875,1,1,Randomized,0.999
0.1,8.875,8.875,1,1,Randomized,0.999
0.1,8.875,8.875,1,1,Randomized,0.999
0.1,8.875,8.875,1,1,Randomized,0.999
0.1,8.875,8.875,1,1,Randomized,0.999
0.1,8.875,8.875,1,1,Randomized,0.999
0.1,8.875,8.875,1,1,Randomized,0.999
0.1,8.875,8.875,1,1,Randomized,0.999
0.1,8.875,8.875,1,1,Randomized,0.999
0.1,8.875,8.875,1,1,Randomized,0.999
0.1,8.875,8.875,1,1,Randomized,0.999
0.1,8.875,8.875,1,1,Randomized,0.999
0.1,8.875,8.875,1,1,Randomized,0.999
0.1,8.875,8.875,1,1,Randomized,0.999
0.1,8.875,8.875,1,0,Randomized,0.999
0.1,8.875,8.875,1,1,Randomized,0.999
0.1,8.875,8.875,1,1,Randomized,0.999
0.1,8.875,8.875,1,1,Randomized,0.999
0.1,8.875,8.875,1,1,Randomized,0.999
0.1,8.875,8.875,1,1,Randomized,0.999
0.1,8.875,8.875,1,1,Randomized,0.999
0.1,8.875,8.875,1,1,Randomized,0.999
0.1,8.875,8.875,1,1,Randomized,0.999
0.1,8.875,8.875,1,1,Randomized,0.999
0.1,8.875,8.875,1,1,Randomized,0.999
0.1,8.875,8.875,1,1,Randomized,0.999
0.1,8.875,8.875,1,1,Randomized,0.999
0.1,8.875,8.875,1,1,Randomized,0.999
0.1,8.875,8.875,1,1,Randomized,0.999
0.1,8.875,8.875,1,1,Randomized,0.999
0.1,8.875,8.875,1,1,Randomized,0.999
0.1,8.875,8.875,1,1,Randomized,0.999
0.1,8.875,8.875,1,1,Randomized,0.999
0.1,8.875,8.875,1,1,Randomized,0.999
0.1,8.875,8.875,1,1,Randomized,0.999
0.1,8.875,8.875,1,1,Randomized,0.999
0.1,8.875,8.875,1,1,Randomized,0.999
0.1,8.875,8.875,1,1,Randomized,0.999
0.1,8.875,8.875,1,1,Randomized,0.999
0.1,8.875,8.875,1,1,Randomized,0.999
0.1,8.875,8.875,1,1,Randomized,0.999
0.1,8.875,8.875,1,1,Randomized,0.999
0.1,8.875,8.875,1,0,Randomized,0.999
0.1,8.875,8.875,1,1,Randomized,0.999
0.1,8.875,8.875,1,1,Randomized,0.999
0.1,8.875,8.875,1,1,Randomized,0.999
0.1,8.875,8.875,1,1,Randomized,0.999
0.1,8.875,8.875,1,1,Randomized,0.999
0.1,8.875,8.875,1,1,Randomized,0.999
0.1,8.875,8.875,1,0,Randomized,0.999
0.1,8.875,4.4375,0,0,Randomized,0.999
0.1,8.875,8.875,1,1,Randomized,0.999
0.1,8.875,8.875,1,1,Randomized,0.999
0.1,8.875,8.875,1,1,Randomized,0.999
0.1,8.875,8.875,1,1,Randomized,0.999
0.1,8.875,8.875,1,1,Randomized,0.999
0.1,8.875,8.875,1,1,Randomized,0.999
0.1,8.875,8.875,1,1,Randomized,0.999
0.1,8.875,8.875,1,1,Randomized,0.999
0.1,8.875,8.875,1,1,Randomized,0.999
0.1,8.875,8.875,1,1,Randomized,0.999
0.1,8.875,8.875,1,1,Randomized,0.999
0.1,8.875,8.875,1,1,Randomized,0.999
0.1,8.875,8.875,1,1,Randomized,0.999
0.1,8.875,8.875,1,1,Randomized,0.999
0.1,8.875,8.875,1,1,Randomized,0.999
0.1,8.875,8.875,1,1,Randomized,0.999
0.1,8.875,8.875,1,1,Randomized,0.999
0.1,8.875,8.875,1,1,Randomized,0.999
0.1,8.875,8.875,1,1,Randomized,0.999
0.1,8.875,8.875,1,1,Randomized,0.999
0.1,8.875,8.875,1,1,Randomized,0.999
0.1,8.875,8.875,1,1,Randomized,0.999
0.1,8.875,8.875,1,1,Randomized,0.999
0.1,8.875,8.875,1,1,Randomized,0.999
0.1,8.875,8.875,1,1,Randomized,0.999
0.1,8.875,8.875,1,1,Randomized,0.999
0.1,8.875,8.875,1,1,Randomized,0.999
0.1,8.875,8.875,1,1,Randomized,0.999
0.1,8.875,8.875,1,1,Randomized,0.999
0.1,8.875,8.875,1,1,Randomized,0.999
0.1,8.875,8.875,1,0,Randomized,0.999
0.1,8.875,8.875,1,1,Randomized,0.999
0.1,8.875,8.875,1,1,Randomized,0.999
0.1,8.875,8.875,1,1,Randomized,0.999
0.1,8.875,8.875,1,1,Randomized,0.999
0.1,8.875,8.875,1,1,Randomized,0.999
0.1,8.875,8.875,1,1,Randomized,0.999
0.1,8.875,8.875,1,1,Randomized,0.999
0.1,8.875,8.875,1,1,Randomized,0.999
0.1,8.875,8.875,1,1,Randomized,0.999
0.1,8.875,8.875,1,1,Randomized,0.999
0.1,8.875,8.875,1,1,Randomized,0.999
0.1,8.875,8.875,1,1,Randomized,0.999
0.1,8.875,8.875,1,1,Randomized,0.999
0.1,8.875,8.875,1,1,Randomized,0.999
0.1,8.875,8.875,1,1,Randomized,0.999
0.1,8.875,8.875,1,1,Randomized,0.999
0.1,8.875,8.875,1,1,Randomized,0.999
0.1,8.875,8.875,1,1,Randomized,0.999
0.1,8.875,8.875,1,1,Randomized,0.999
0.1,8.875,8.875,1,1,Randomized,0.999
0.1,8.875,8.875,1,1,Randomized,0.999
0.1,8.875,8.875,1,1,Randomized,0.999
0.1,8.875,8.875,1,1,Randomized,0.999
0.1,8.875,8.875,1,1,Randomized,0.999
0.1,8.875,8.875,1,1,Randomized,0.999
0.1,8.875,8.875,1,1,Randomized,0.999
0.1,8.875,8.875,1,1,Randomized,0.999
0.1,8.875,8.875,1,1,Randomized,0.999
0.1,8.875,6.826923076923077,1,0,Randomized,0.999
0.1,8.875,8.875,1,1,Randomized,0.999
0.1,8.875,8.875,1,1,Randomized,0.999
0.1,8.875,8.875,1,1,Randomized,0.999
0.1,8.875,8.875,1,1,Randomized,0.999
0.1,8.875,8.875,1,1,Randomized,0.999
0.1,8.875,8.875,1,0,Randomized,0.999
0.1,8.875,8.875,1,1,Randomized,0.999
0.1,8.875,8.875,1,1,Randomized,0.999
0.1,8.875,8.875,1,1,Randomized,0.999
0.1,8.875,8.875,1,1,Randomized,0.999
0.1,8.875,8.875,1,1,Randomized,0.999
0.1,8.875,8.875,1,1,Randomized,0.999
0.1,8.875,8.875,1,1,Randomized,0.999
0.1,8.875,8.875,1,1,Randomized,0.999
0.1,8.875,8.875,1,1,Randomized,0.999
0.1,8.875,8.875,1,1,Randomized,0.999
0.1,8.875,8.875,1,1,Randomized,0.999
0.1,8.875,8.875,1,1,Randomized,0.999
0.1,8.875,8.875,1,1,Randomized,0.999
0.1,8.875,8.875,1,1,Randomized,0.999
0.1,8.875,8.875,1,1,Randomized,0.999
0.1,8.875,8.875,1,1,Randomized,0.999
0.1,8.875,8.875,1,1,Randomized,0.999
0.1,8.875,8.875,1,1,Randomized,0.999
0.1,8.875,8.875,1,1,Randomized,0.999
0.1,8.875,8.875,1,1,Randomized,0.999
0.1,8.875,8.875,1,1,Randomized,0.999
0.1,8.875,8.875,1,1,Randomized,0.999
0.1,8.875,8.875,1,1,Randomized,0.999
0.1,8.875,8.875,1,1,Randomized,0.999
0.1,8.875,8.875,1,1,Randomized,0.999
0.1,8.875,8.875,1,1,Randomized,0.999
0.1,8.875,8.875,1,1,Randomized,0.999
0.1,8.875,8.875,1,1,Randomized,0.999
0.1,8.875,8.875,1,1,Randomized,0.999
0.1,8.875,8.875,1,1,Randomized,0.999
0.1,8.875,8.875,1,1,Randomized,0.999
0.1,8.875,8.875,1,1,Randomized,0.999
0.1,8.875,8.875,1,1,Randomized,0.999
0.1,8.875,8.875,1,1,Randomized,0.999
0.1,8.875,8.875,1,1,Randomized,0.999
0.1,8.875,8.875,1,1,Randomized,0.999
0.1,8.875,8.875,1,1,Randomized,0.999
0.1,8.875,8.875,1,1,Randomized,0.999
0.1,8.875,8.875,1,1,Randomized,0.999
0.1,8.875,8.875,1,1,Randomized,0.999
0.1,8.875,8.875,1,1,Randomized,0.999
0.1,8.875,8.875,1,1,Randomized,0.999
0.1,8.875,8.875,1,1,Randomized,0.999
0.1,8.875,8.875,1,1,Randomized,0.999
0.1,8.875,8.875,1,1,Randomized,0.999
0.1,8.875,8.875,1,1,Randomized,0.999
0.1,8.875,8.875,1,1,Randomized,0.999
0.1,8.875,8.875,1,1,Randomized,0.999
0.1,8.875,8.875,1,1,Randomized,0.999
0.1,8.875,8.875,1,1,Randomized,0.999
0.1,8.875,8.875,1,1,Randomized,0.999
0.1,8.875,8.875,1,1,Randomized,0.999
0.1,8.875,8.875,1,1,Randomized,0.999
0.1,8.875,8.875,1,1,Randomized,0.999
0.1,8.875,8.875,1,1,Randomized,0.999
0.1,8.875,8.875,1,1,Randomized,0.999
0.1,8.875,8.875,1,1,Randomized,0.999
0.1,8.875,8.875,1,1,Randomized,0.999
0.1,8.875,8.875,1,1,Randomized,0.999
0.1,8.875,8.875,1,1,Randomized,0.999
0.1,8.875,8.875,1,1,Randomized,0.999
0.1,8.875,8.875,1,1,Randomized,0.999
0.1,8.875,8.875,1,1,Randomized,0.999
0.1,8.875,8.875,1,1,Randomized,0.999
0.1,8.875,8.875,1,1,Randomized,0.999
0.1,8.875,8.875,1,1,Randomized,0.999
0.1,8.875,8.875,1,1,Randomized,0.999
0.1,8.875,8.875,1,1,Randomized,0.999
0.1,8.875,8.875,1,1,Randomized,0.999
0.1,8.875,8.875,1,1,Randomized,0.999
0.1,8.875,8.135416666666666,1,0,Randomized,0.999
0.1,8.875,8.875,1,1,Randomized,0.999
0.1,8.875,8.875,1,1,Randomized,0.999
0.1,8.875,8.875,1,1,Randomized,0.999
0.1,8.875,8.875,1,1,Randomized,0.999
0.1,8.875,8.875,1,1,Randomized,0.999
0.1,8.875,8.875,1,1,Randomized,0.999
0.1,8.875,8.875,1,1,Randomized,0.999
0.1,8.875,8.875,1,1,Randomized,0.999
0.1,8.875,8.875,1,1,Randomized,0.999
0.1,8.875,8.875,1,1,Randomized,0.999
0.1,8.875,8.875,1,1,Randomized,0.999
0.1,8.875,8.875,1,1,Randomized,0.999
0.1,8.875,8.875,1,0,Randomized,0.999
0.1,8.875,8.875,1,0,Randomized,0.999
0.1,8.875,8.875,1,1,Randomized,0.999
0.1,8.875,8.875,1,1,Randomized,0.999
0.1,8.875,8.875,1,1,Randomized,0.999
0.1,8.875,8.875,1,1,Randomized,0.999
0.1,8.875,8.875,1,1,Randomized,0.999
0.1,8.875,8.875,1,1,Randomized,0.999
0.1,8.875,8.875,1,1,Randomized,0.999
0.1,8.875,8.875,1,1,Randomized,0.999
0.1,8.875,8.875,1,1,Randomized,0.999
0.1,8.875,8.875,1,1,Randomized,0.999
0.1,8.875,8.875,1,1,Randomized,0.999
0.1,8.875,8.875,1,1,Randomized,0.999
0.1,8.875,8.875,1,1,Randomized,0.999
0.1,8.875,8.875,1,1,Randomized,0.999
0.1,8.875,8.875,1,1,Randomized,0.999
0.1,8.875,8.875,1,1,Randomized,0.999
0.1,8.875,8.875,1,1,Randomized,0.999
0.1,8.875,8.875,1,1,Randomized,0.999
0.1,8.875,8.875,1,1,Randomized,0.999
0.1,8.875,8.875,1,1,Randomized,0.999
0.1,8.875,8.875,1,1,Randomized,0.999
0.1,8.875,8.875,1,1,Randomized,0.999
0.1,8.875,8.875,1,1,Randomized,0.999
0.1,8.875,8.875,1,1,Randomized,0.999
0.1,8.875,8.875,1,1,Randomized,0.999
0.1,8.875,8.875,1,1,Randomized,0.999
0.1,8.875,8.875,1,1,Randomized,0.999
0.1,8.875,8.875,1,1,Randomized,0.999
0.1,8.875,8.875,1,1,Randomized,0.999
0.1,8.875,8.875,1,1,Randomized,0.999
0.1,8.875,8.875,1,1,Randomized,0.999
0.1,8.875,8.875,1,1,Randomized,0.999
0.1,8.875,8.875,1,1,Randomized,0.999
0.1,8.875,8.875,1,1,Randomized,0.999
0.1,8.875,8.875,1,1,Randomized,0.999
0.1,8.875,8.875,1,1,Randomized,0.999
0.1,8.875,8.875,1,1,Randomized,0.999
0.1,8.875,8.875,1,1,Randomized,0.999
0.1,8.875,8.875,1,1,Randomized,0.999
0.1,8.875,8.875,1,1,Randomized,0.999
0.1,8.875,8.875,1,1,Randomized,0.999
0.1,8.875,8.875,1,1,Randomized,0.999
0.1,8.875,8.875,1,1,Randomized,0.999
0.1,8.875,8.875,1,1,Randomized,0.999
0.1,8.875,8.875,1,1,Randomized,0.999
0.1,8.875,8.875,1,1,Randomized,0.999
0.1,8.875,8.875,1,1,Randomized,0.999
0.1,8.875,8.875,1,1,Randomized,0.999
0.1,8.875,8.875,1,1,Randomized,0.999
0.1,8.875,8.875,1,1,Randomized,0.999
0.1,8.875,8.875,1,1,Randomized,0.999
0.1,8.875,8.875,1,1,Randomized,0.999
0.1,8.875,8.875,1,1,Randomized,0.999
0.1,8.875,8.875,1,1,Randomized,0.999
0.1,8.875,8.875,1,1,Randomized,0.999
0.1,8.875,8.875,1,1,Randomized,0.999
0.1,8.875,8.875,1,1,Randomized,0.999
0.1,8.875,8.875,1,1,Randomized,0.999
0.1,8.875,8.875,1,1,Randomized,0.999
0.1,8.875,8.875,1,1,Randomized,0.999
0.1,8.875,8.875,1,1,Randomized,0.999
0.1,8.875,8.875,1,1,Randomized,0.999
0.1,8.875,8.875,1,1,Randomized,0.999
0.1,8.875,8.875,1,1,Randomized,0.999
0.1,8.875,8.875,1,1,Randomized,0.999
0.1,8.875,8.875,1,1,Randomized,0.999
0.1,8.875,8.875,1,1,Randomized,0.999
0.1,8.875,8.875,1,1,Randomized,0.999
0.1,8.875,8.875,1,1,Randomized,0.999
0.1,8.875,8.875,1,1,Randomized,0.999
0.1,8.875,8.875,1,1,Randomized,0.999
0.1,8.875,8.875,1,1,Randomized,0.999
0.1,8.875,8.875,1,1,Randomized,0.999
0.1,8.875,8.875,1,1,Randomized,0.999
0.1,8.875,8.875,1,1,Randomized,0.999
0.1,8.875,8.875,1,1,Randomized,0.999
0.1,8.875,8.875,1,1,Randomized,0.999
0.1,8.875,8.875,1,1,Randomized,0.999
0.1,8.875,8.875,1,1,Randomized,0.999
0.1,8.875,8.875,1,1,Randomized,0.999
0.1,8.875,8.875,1,1,Randomized,0.999
0.1,8.875,8.875,1,1,Randomized,0.999
0.1,8.875,8.875,1,1,Randomized,0.999
0.1,8.875,8.875,1,1,Randomized,0.999
0.1,8.875,8.875,1,1,Randomized,0.999
0.1,8.875,8.875,1,1,Randomized,0.999
0.1,8.875,8.875,1,1,Randomized,0.999
0.1,8.875,8.875,1,1,Randomized,0.999
0.1,8.875,8.875,1,1,Randomized,0.999
0.1,8.875,8.875,1,1,Randomized,0.999
0.1,8.875,8.875,1,1,Randomized,0.999
0.1,8.875,8.875,1,0,Randomized,0.999
0.1,8.875,8.875,1,1,Randomized,0.999
0.1,8.875,8.875,1,0,Randomized,0.999
0.1,8.875,8.875,1,1,Randomized,0.999
0.1,8.875,8.875,1,1,Randomized,0.999
0.1,8.875,8.875,1,1,Randomized,0.999
0.1,8.875,8.875,1,1,Randomized,0.999
0.1,8.875,8.875,1,1,Randomized,0.999
0.1,8.875,8.875,1,0,Randomized,0.999
0.1,8.875,8.875,1,1,Randomized,0.999
0.1,8.875,8.875,1,1,Randomized,0.999
0.1,8.875,8.875,1,1,Randomized,0.999
0.1,8.875,8.875,1,1,Randomized,0.999
0.1,8.875,8.875,1,1,Randomized,0.999
0.1,8.875,8.875,1,1,Randomized,0.999
0.1,8.875,8.875,1,1,Randomized,0.999
0.1,8.875,8.875,1,1,Randomized,0.999
0.1,8.875,8.875,1,1,Randomized,0.999
0.1,8.875,8.875,1,1,Randomized,0.999
0.1,8.875,8.875,1,1,Randomized,0.999
0.1,8.875,8.875,1,1,Randomized,0.999
0.1,8.875,8.875,1,1,Randomized,0.999
0.1,8.875,8.875,1,1,Randomized,0.999
0.1,8.875,8.875,1,1,Randomized,0.999
0.1,8.875,8.875,1,1,Randomized,0.999
0.1,8.875,8.875,1,1,Randomized,0.999
0.1,8.875,8.875,1,1,Randomized,0.999
0.1,8.875,8.875,1,1,Randomized,0.999
0.1,8.875,8.875,1,1,Randomized,0.999
0.1,8.875,8.875,1,1,Randomized,0.999
0.1,8.875,8.875,1,1,Randomized,0.999
0.1,8.875,8.875,1,1,Randomized,0.999
0.1,8.875,8.875,1,1,Randomized,0.999
0.1,8.875,8.875,1,1,Randomized,0.999
0.1,8.875,8.875,1,1,Randomized,0.999
0.1,8.875,8.875,1,1,Randomized,0.999
0.1,8.875,8.875,1,1,Randomized,0.999
0.1,8.875,8.875,1,1,Randomized,0.999
0.1,8.875,8.875,1,1,Randomized,0.999
0.1,8.875,8.875,1,1,Randomized,0.999
0.1,8.875,8.875,1,1,Randomized,0.999
0.1,8.875,8.875,1,1,Randomized,0.999
0.1,8.875,8.875,1,1,Randomized,0.999
0.1,8.875,8.875,1,1,Randomized,0.999
0.1,8.875,8.875,1,1,Randomized,0.999
0.1,8.875,8.875,1,1,Randomized,0.999
0.1,8.875,8.875,1,1,Randomized,0.999
0.1,8.875,8.875,1,1,Randomized,0.999
0.1,8.875,8.875,1,1,Randomized,0.999
0.1,8.875,8.875,1,1,Randomized,0.999
0.1,8.875,8.875,1,1,Randomized,0.999
0.1,8.875,8.875,1,1,Randomized,0.999
0.1,8.875,8.875,1,1,Randomized,0.999
0.1,8.875,8.875,1,1,Randomized,0.999
0.1,8.875,8.875,1,1,Randomized,0.999
0.1,8.875,8.875,1,1,Randomized,0.999
0.1,8.875,8.875,1,1,Randomized,0.999
0.1,8.875,8.875,1,1,Randomized,0.999
0.1,8.875,8.875,1,1,Randomized,0.999
0.1,8.875,8.875,1,1,Randomized,0.999
0.1,8.875,8.875,1,1,Randomized,0.999
0.1,8.875,8.875,1,1,Randomized,0.999
0.1,8.875,8.875,1,1,Randomized,0.999
0.1,8.875,8.875,1,1,Randomized,0.999
0.1,8.875,8.875,1,1,Randomized,0.999
0.1,8.875,8.875,1,1,Randomized,0.999
0.1,8.875,8.875,1,1,Randomized,0.999
0.1,8.875,8.068181818181818,1,0,Randomized,0.999
0.1,8.875,8.875,1,1,Randomized,0.999
0.1,8.875,8.875,1,1,Randomized,0.999
0.1,8.875,8.875,1,1,Randomized,0.999
0.1,8.875,8.875,1,1,Randomized,0.999
0.1,8.875,8.875,1,1,Randomized,0.999
0.1,8.875,8.875,1,1,Randomized,0.999
0.1,8.875,8.875,1,1,Randomized,0.999
0.1,8.875,8.875,1,1,Randomized,0.999
0.1,8.875,8.875,1,1,Randomized,0.999
0.1,8.875,8.875,1,1,Randomized,0.999
0.1,8.875,8.875,1,1,Randomized,0.999
0.1,8.875,8.875,1,1,Randomized,0.999
0.1,8.875,8.875,1,1,Randomized,0.999
0.1,8.875,8.875,1,1,Randomized,0.999
0.1,8.875,8.875,1,1,Randomized,0.999
0.1,8.875,8.875,1,1,Randomized,0.999
0.1,8.875,8.875,1,1,Randomized,0.999
0.1,8.875,8.875,1,1,Randomized,0.999
0.1,8.875,8.875,1,1,Randomized,0.999
0.1,8.875,8.875,1,1,Randomized,0.999
0.1,8.875,8.875,1,1,Randomized,0.999
0.1,8.875,8.875,1,1,Randomized,0.999
0.1,8.875,8.875,1,1,Randomized,0.999
0.1,8.875,8.875,1,1,Randomized,0.999
0.1,8.875,8.875,1,1,Randomized,0.999
0.1,8.875,8.875,1,1,Randomized,0.999
0.1,8.875,8.875,1,1,Randomized,0.999
0.1,8.875,8.875,1,1,Randomized,0.999
0.1,8.875,8.875,1,1,Randomized,0.999
0.1,8.875,8.875,1,1,Randomized,0.999
0.1,8.875,8.875,1,1,Randomized,0.999
0.1,8.875,8.875,1,1,Randomized,0.999
0.1,8.875,8.875,1,1,Randomized,0.999
0.1,8.875,8.875,1,1,Randomized,0.999
0.1,8.875,8.875,1,1,Randomized,0.999
0.1,8.875,8.875,1,1,Randomized,0.999
0.1,8.875,8.875,1,1,Randomized,0.999
0.1,8.875,8.875,1,1,Randomized,0.999
0.1,8.875,8.875,1,1,Randomized,0.999
0.1,8.875,8.875,1,1,Randomized,0.999
0.1,8.875,8.875,1,1,Randomized,0.999
0.1,8.875,8.875,1,1,Randomized,0.999
0.1,8.875,8.875,1,1,Randomized,0.999
0.1,8.875,8.875,1,1,Randomized,0.999
0.1,8.875,8.875,1,1,Randomized,0.999
0.1,8.875,8.875,1,1,Randomized,0.999
0.1,8.875,8.875,1,1,Randomized,0.999
0.1,8.875,8.875,1,1,Randomized,0.999
0.1,8.875,8.875,1,1,Randomized,0.999
0.1,8.875,8.875,1,1,Randomized,0.999
0.1,8.875,8.875,1,1,Randomized,0.999
0.1,8.875,8.875,1,1,Randomized,0.999
0.1,8.875,8.875,1,1,Randomized,0.999
0.1,8.875,8.875,1,1,Randomized,0.999
0.1,8.875,8.875,1,1,Randomized,0.999
0.1,8.875,8.875,1,1,Randomized,0.999
0.1,8.875,8.875,1,1,Randomized,0.999
0.1,8.875,8.875,1,1,Randomized,0.999
0.1,8.875,8.875,1,1,Randomized,0.999
0.1,8.875,8.875,1,1,Randomized,0.999
0.1,8.875,8.875,1,1,Randomized,0.999
0.1,8.875,8.875,1,1,Randomized,0.999
0.1,8.875,8.875,1,1,Randomized,0.999
0.1,8.875,8.875,1,1,Randomized,0.999
0.1,8.875,8.875,1,1,Randomized,0.999
0.1,8.875,8.875,1,1,Randomized,0.999
0.1,8.875,8.875,1,1,Randomized,0.999
0.1,8.875,8.875,1,1,Randomized,0.999
0.1,8.875,8.875,1,1,Randomized,0.999
0.1,8.875,8.875,1,1,Randomized,0.999
0.1,8.875,8.875,1,1,Randomized,0.999
0.1,8.875,8.875,1,1,Randomized,0.999
0.1,8.875,8.875,1,1,Randomized,0.999
0.1,8.875,8.875,1,1,Randomized,0.999
0.1,8.875,8.875,1,1,Randomized,0.999
0.1,8.875,8.875,1,1,Randomized,0.999
0.1,8.875,8.875,1,1,Randomized,0.999
0.1,8.875,8.875,1,1,Randomized,0.999
0.1,8.875,8.875,1,1,Randomized,0.999
0.1,8.875,8.875,1,1,Randomized,0.999
0.1,8.875,8.875,1,1,Randomized,0.999
0.1,8.875,8.875,1,1,Randomized,0.999
0.1,8.875,8.875,1,1,Randomized,0.999
0.1,8.875,8.875,1,1,Randomized,0.999
0.1,8.875,8.875,1,1,Randomized,0.999
0.1,8.875,8.875,1,1,Randomized,0.999
0.1,8.875,8.875,1,1,Randomized,0.999
0.1,8.875,8.875,1,1,Randomized,0.999
0.1,8.875,8.875,1,1,Randomized,0.999
0.1,8.875,8.875,1,0,Randomized,0.999
0.1,8.875,8.875,1,1,Randomized,0.999
0.1,8.875,8.875,1,1,Randomized,0.999
0.1,8.875,8.875,1,1,Randomized,0.999
0.1,8.875,8.875,1,1,Randomized,0.999
0.1,8.875,8.875,1,1,Randomized,0.999
0.1,8.875,8.875,1,1,Randomized,0.999
0.1,8.875,8.875,1,1,Randomized,0.999
0.1,8.875,8.875,1,1,Randomized,0.999
0.1,8.875,8.875,1,1,Randomized,0.999
0.1,8.875,8.875,1,1,Randomized,0.999
0.1,8.875,8.875,1,1,Randomized,0.999
0.1,8.875,8.875,1,1,Randomized,0.999
0.1,8.875,8.875,1,1,Randomized,0.999
0.1,8.875,8.875,1,1,Randomized,0.999
0.1,8.875,8.875,1,1,Randomized,0.999
0.1,8.875,8.875,1,1,Randomized,0.999
0.1,8.875,8.875,1,1,Randomized,0.999
0.1,8.875,8.875,1,1,Randomized,0.999
0.1,8.875,8.875,1,1,Randomized,0.999
0.1,8.875,8.875,1,1,Randomized,0.999
0.1,8.875,8.875,1,1,Randomized,0.999
0.1,8.875,8.875,1,1,Randomized,0.999
0.1,8.875,8.875,1,1,Randomized,0.999
0.1,8.875,8.875,1,1,Randomized,0.999
0.1,8.875,8.875,1,1,Randomized,0.999
0.1,8.875,8.875,1,1,Randomized,0.999
0.1,8.875,8.875,1,1,Randomized,0.999
0.1,8.875,8.875,1,1,Randomized,0.999
0.1,8.875,8.875,1,1,Randomized,0.999
0.1,8.875,8.875,1,1,Randomized,0.999
0.1,8.875,8.875,1,1,Randomized,0.999
0.1,8.875,8.875,1,1,Randomized,0.999
0.1,8.875,8.875,1,1,Randomized,0.999
0.1,8.875,8.875,1,1,Randomized,0.999
0.1,8.875,8.875,1,1,Randomized,0.999
0.1,8.875,8.875,1,1,Randomized,0.999
0.1,8.875,8.875,1,1,Randomized,0.999
0.1,8.875,8.875,1,1,Randomized,0.999
0.1,8.875,8.875,1,0,Randomized,0.999
0.1,8.875,8.875,1,1,Randomized,0.999
0.1,8.875,8.875,1,1,Randomized,0.999
0.1,8.875,8.875,1,1,Randomized,0.999
0.1,8.875,8.875,1,1,Randomized,0.999
0.1,8.875,8.875,1,1,Randomized,0.999
0.1,8.875,8.875,1,1,Randomized,0.999
0.1,8.875,8.875,1,1,Randomized,0.999
0.1,8.875,8.875,1,1,Randomized,0.999
0.1,8.875,8.875,1,1,Randomized,0.999
0.1,8.875,8.875,1,1,Randomized,0.999
0.1,8.875,8.875,1,1,Randomized,0.999
0.1,8.875,8.875,1,1,Randomized,0.999
0.1,8.875,8.875,1,1,Randomized,0.999
0.1,8.875,8.875,1,1,Randomized,0.999
0.1,8.875,8.875,1,1,Randomized,0.999
0.1,8.875,8.875,1,1,Randomized,0.999
0.1,8.875,8.875,1,1,Randomized,0.999
0.1,8.875,8.875,1,1,Randomized,0.999
0.1,8.875,8.875,1,1,Randomized,0.999
0.1,8.875,8.875,1,1,Randomized,0.999
0.1,8.875,8.875,1,1,Randomized,0.999
0.1,8.875,8.875,1,1,Randomized,0.999
0.1,8.875,8.875,1,1,Randomized,0.999
0.1,8.875,8.875,1,1,Randomized,0.999
0.1,8.875,8.875,1,1,Randomized,0.999
0.1,8.875,8.875,1,1,Randomized,0.999
0.1,8.875,8.875,1,1,Randomized,0.999
0.1,8.875,8.875,1,1,Randomized,0.999
0.1,8.875,8.875,1,1,Randomized,0.999
0.1,8.875,8.875,1,1,Randomized,0.999
0.1,8.875,8.875,1,1,Randomized,0.999
0.1,8.875,8.875,1,1,Randomized,0.999
0.1,8.875,8.875,1,1,Randomized,0.999
0.1,8.875,8.875,1,1,Randomized,0.999
0.1,8.875,8.875,1,1,Randomized,0.999
0.1,8.875,8.875,1,1,Randomized,0.999
0.1,8.875,8.875,1,1,Randomized,0.999
0.1,8.875,8.875,1,1,Randomized,0.999
0.1,8.875,8.875,1,1,Randomized,0.999
0.1,8.875,8.875,1,1,Randomized,0.999
0.1,8.875,8.875,1,1,Randomized,0.999
0.1,8.875,8.875,1,1,Randomized,0.999
0.1,8.875,8.875,1,1,Randomized,0.999
0.1,8.875,8.875,1,1,Randomized,0.999
0.1,8.875,8.875,1,1,Randomized,0.999
0.1,8.875,8.875,1,1,Randomized,0.999
0.1,8.875,8.875,1,1,Randomized,0.999
0.1,8.875,8.875,1,1,Randomized,0.999
0.1,8.875,8.875,1,1,Randomized,0.999
0.1,8.875,8.875,1,1,Randomized,0.999
0.1,8.875,8.875,1,1,Randomized,0.999
0.1,8.875,8.875,1,1,Randomized,0.999
0.1,8.875,8.875,1,1,Randomized,0.999
0.1,10.0,10.0,1,1,Randomized,1.0
0.1,10.0,10.0,1,1,Randomized,1.0
0.1,10.0,10.0,1,1,Randomized,1.0
0.1,10.0,10.0,1,1,Randomized,1.0
0.1,10.0,10.0,1,1,Randomized,1.0
0.1,10.0,10.0,1,1,Randomized,1.0
0.1,10.0,10.0,1,1,Randomized,1.0
0.1,10.0,10.0,1,1,Randomized,1.0
0.1,10.0,10.0,1,1,Randomized,1.0
0.1,10.0,10.0,1,1,Randomized,1.0
0.1,10.0,10.0,1,1,Randomized,1.0
0.1,10.0,10.0,1,1,Randomized,1.0
0.1,10.0,10.0,1,1,Randomized,1.0
0.1,10.0,10.0,1,1,Randomized,1.0
0.1,10.0,10.0,1,1,Randomized,1.0
0.1,10.0,10.0,1,1,Randomized,1.0
0.1,10.0,10.0,1,1,Randomized,1.0
0.1,10.0,10.0,1,1,Randomized,1.0
0.1,10.0,10.0,1,1,Randomized,1.0
0.1,10.0,10.0,1,1,Randomized,1.0
0.1,10.0,10.0,1,1,Randomized,1.0
0.1,10.0,10.0,1,1,Randomized,1.0
0.1,10.0,10.0,1,1,Randomized,1.0
0.1,10.0,10.0,1,1,Randomized,1.0
0.1,10.0,10.0,1,1,Randomized,1.0
0.1,10.0,10.0,1,1,Randomized,1.0
0.1,10.0,10.0,1,1,Randomized,1.0
0.1,10.0,10.0,1,1,Randomized,1.0
0.1,10.0,10.0,1,1,Randomized,1.0
0.1,10.0,10.0,1,1,Randomized,1.0
0.1,10.0,10.0,1,1,Randomized,1.0
0.1,10.0,10.0,1,1,Randomized,1.0
0.1,10.0,10.0,1,1,Randomized,1.0
0.1,10.0,10.0,1,1,Randomized,1.0
0.1,10.0,10.0,1,1,Randomized,1.0
0.1,10.0,10.0,1,1,Randomized,1.0
0.1,10.0,10.0,1,1,Randomized,1.0
0.1,10.0,10.0,1,1,Randomized,1.0
0.1,10.0,10.0,1,1,Randomized,1.0
0.1,10.0,10.0,1,1,Randomized,1.0
0.1,10.0,10.0,1,1,Randomized,1.0
0.1,10.0,10.0,1,1,Randomized,1.0
0.1,10.0,10.0,1,1,Randomized,1.0
0.1,10.0,10.0,1,1,Randomized,1.0
0.1,10.0,10.0,1,1,Randomized,1.0
0.1,10.0,10.0,1,1,Randomized,1.0
0.1,10.0,10.0,1,1,Randomized,1.0
0.1,10.0,10.0,1,1,Randomized,1.0
0.1,10.0,10.0,1,1,Randomized,1.0
0.1,10.0,10.0,1,1,Randomized,1.0
0.1,10.0,10.0,1,1,Randomized,1.0
0.1,10.0,10.0,1,1,Randomized,1.0
0.1,10.0,10.0,1,1,Randomized,1.0
0.1,10.0,10.0,1,1,Randomized,1.0
0.1,10.0,10.0,1,1,Randomized,1.0
0.1,10.0,10.0,1,1,Randomized,1.0
0.1,10.0,10.0,1,1,Randomized,1.0
0.1,10.0,10.0,1,1,Randomized,1.0
0.1,10.0,10.0,1,1,Randomized,1.0
0.1,10.0,10.0,1,1,Randomized,1.0
0.1,10.0,10.0,1,1,Randomized,1.0
0.1,10.0,10.0,1,1,Randomized,1.0
0.1,10.0,10.0,1,1,Randomized,1.0
0.1,10.0,10.0,1,1,Randomized,1.0
0.1,10.0,10.0,1,1,Randomized,1.0
0.1,10.0,10.0,1,1,Randomized,1.0
0.1,10.0,10.0,1,1,Randomized,1.0
0.1,10.0,10.0,1,1,Randomized,1.0
0.1,10.0,10.0,1,1,Randomized,1.0
0.1,10.0,10.0,1,1,Randomized,1.0
0.1,10.0,10.0,1,1,Randomized,1.0
0.1,10.0,10.0,1,1,Randomized,1.0
0.1,10.0,10.0,1,1,Randomized,1.0
0.1,10.0,10.0,1,1,Randomized,1.0
0.1,10.0,10.0,1,1,Randomized,1.0
0.1,10.0,10.0,1,1,Randomized,1.0
0.1,10.0,10.0,1,1,Randomized,1.0
0.1,10.0,10.0,1,1,Randomized,1.0
0.1,10.0,10.0,1,1,Randomized,1.0
0.1,10.0,10.0,1,1,Randomized,1.0
0.1,10.0,10.0,1,1,Randomized,1.0
0.1,10.0,10.0,1,1,Randomized,1.0
0.1,10.0,10.0,1,1,Randomized,1.0
0.1,10.0,10.0,1,1,Randomized,1.0
0.1,10.0,10.0,1,1,Randomized,1.0
0.1,10.0,10.0,1,1,Randomized,1.0
0.1,10.0,10.0,1,1,Randomized,1.0
0.1,10.0,10.0,1,1,Randomized,1.0
0.1,10.0,10.0,1,1,Randomized,1.0
0.1,10.0,10.0,1,1,Randomized,1.0
0.1,10.0,10.0,1,1,Randomized,1.0
0.1,10.0,10.0,1,1,Randomized,1.0
0.1,10.0,10.0,1,1,Randomized,1.0
0.1,10.0,10.0,1,1,Randomized,1.0
0.1,10.0,10.0,1,1,Randomized,1.0
0.1,10.0,10.0,1,1,Randomized,1.0
0.1,10.0,10.0,1,1,Randomized,1.0
0.1,10.0,10.0,1,1,Randomized,1.0
0.1,10.0,10.0,1,1,Randomized,1.0
0.1,10.0,10.0,1,1,Randomized,1.0
0.1,10.0,10.0,1,1,Randomized,1.0
0.1,10.0,10.0,1,1,Randomized,1.0
0.1,10.0,10.0,1,1,Randomized,1.0
0.1,10.0,10.0,1,1,Randomized,1.0
0.1,10.0,10.0,1,1,Randomized,1.0
0.1,10.0,10.0,1,1,Randomized,1.0
0.1,10.0,10.0,1,1,Randomized,1.0
0.1,10.0,10.0,1,1,Randomized,1.0
0.1,10.0,10.0,1,1,Randomized,1.0
0.1,10.0,10.0,1,1,Randomized,1.0
0.1,10.0,10.0,1,1,Randomized,1.0
0.1,10.0,10.0,1,1,Randomized,1.0
0.1,10.0,10.0,1,1,Randomized,1.0
0.1,10.0,10.0,1,1,Randomized,1.0
0.1,10.0,10.0,1,1,Randomized,1.0
0.1,10.0,10.0,1,1,Randomized,1.0
0.1,10.0,10.0,1,1,Randomized,1.0
0.1,10.0,10.0,1,1,Randomized,1.0
0.1,10.0,10.0,1,1,Randomized,1.0
0.1,10.0,10.0,1,1,Randomized,1.0
0.1,10.0,10.0,1,1,Randomized,1.0
0.1,10.0,10.0,1,1,Randomized,1.0
0.1,10.0,10.0,1,1,Randomized,1.0
0.1,10.0,10.0,1,1,Randomized,1.0
0.1,10.0,10.0,1,1,Randomized,1.0
0.1,10.0,10.0,1,1,Randomized,1.0
0.1,10.0,10.0,1,1,Randomized,1.0
0.1,10.0,10.0,1,1,Randomized,1.0
0.1,10.0,10.0,1,1,Randomized,1.0
0.1,10.0,10.0,1,1,Randomized,1.0
0.1,10.0,10.0,1,1,Randomized,1.0
0.1,10.0,10.0,1,1,Randomized,1.0
0.1,10.0,10.0,1,1,Randomized,1.0
0.1,10.0,10.0,1,1,Randomized,1.0
0.1,10.0,10.0,1,1,Randomized,1.0
0.1,10.0,10.0,1,1,Randomized,1.0
0.1,10.0,10.0,1,1,Randomized,1.0
0.1,10.0,10.0,1,1,Randomized,1.0
0.1,10.0,10.0,1,1,Randomized,1.0
0.1,10.0,10.0,1,1,Randomized,1.0
0.1,10.0,10.0,1,1,Randomized,1.0
0.1,10.0,10.0,1,1,Randomized,1.0
0.1,10.0,10.0,1,1,Randomized,1.0
0.1,10.0,10.0,1,1,Randomized,1.0
0.1,10.0,10.0,1,1,Randomized,1.0
0.1,10.0,10.0,1,1,Randomized,1.0
0.1,10.0,10.0,1,1,Randomized,1.0
0.1,10.0,10.0,1,1,Randomized,1.0
0.1,10.0,10.0,1,1,Randomized,1.0
0.1,10.0,10.0,1,1,Randomized,1.0
0.1,10.0,10.0,1,1,Randomized,1.0
0.1,10.0,10.0,1,1,Randomized,1.0
0.1,10.0,10.0,1,1,Randomized,1.0
0.1,10.0,10.0,1,1,Randomized,1.0
0.1,10.0,10.0,1,1,Randomized,1.0
0.1,10.0,10.0,1,1,Randomized,1.0
0.1,10.0,10.0,1,1,Randomized,1.0
0.1,10.0,10.0,1,1,Randomized,1.0
0.1,10.0,10.0,1,1,Randomized,1.0
0.1,10.0,10.0,1,1,Randomized,1.0
0.1,10.0,10.0,1,1,Randomized,1.0
0.1,10.0,10.0,1,1,Randomized,1.0
0.1,10.0,10.0,1,1,Randomized,1.0
0.1,10.0,10.0,1,1,Randomized,1.0
0.1,10.0,10.0,1,1,Randomized,1.0
0.1,10.0,10.0,1,1,Randomized,1.0
0.1,10.0,10.0,1,1,Randomized,1.0
0.1,10.0,10.0,1,1,Randomized,1.0
0.1,10.0,10.0,1,1,Randomized,1.0
0.1,10.0,10.0,1,1,Randomized,1.0
0.1,10.0,10.0,1,1,Randomized,1.0
0.1,10.0,10.0,1,1,Randomized,1.0
0.1,10.0,10.0,1,1,Randomized,1.0
0.1,10.0,10.0,1,0,Randomized,1.0
0.1,10.0,10.0,1,1,Randomized,1.0
0.1,10.0,10.0,1,1,Randomized,1.0
0.1,10.0,10.0,1,1,Randomized,1.0
0.1,10.0,10.0,1,1,Randomized,1.0
0.1,10.0,10.0,1,1,Randomized,1.0
0.1,10.0,10.0,1,1,Randomized,1.0
0.1,10.0,10.0,1,1,Randomized,1.0
0.1,10.0,10.0,1,1,Randomized,1.0
0.1,10.0,10.0,1,1,Randomized,1.0
0.1,10.0,10.0,1,1,Randomized,1.0
0.1,10.0,10.0,1,1,Randomized,1.0
0.1,10.0,10.0,1,1,Randomized,1.0
0.1,10.0,10.0,1,1,Randomized,1.0
0.1,10.0,10.0,1,1,Randomized,1.0
0.1,10.0,10.0,1,1,Randomized,1.0
0.1,10.0,10.0,1,1,Randomized,1.0
0.1,10.0,10.0,1,1,Randomized,1.0
0.1,10.0,10.0,1,1,Randomized,1.0
0.1,10.0,10.0,1,1,Randomized,1.0
0.1,10.0,10.0,1,1,Randomized,1.0
0.1,10.0,10.0,1,1,Randomized,1.0
0.1,10.0,10.0,1,1,Randomized,1.0
0.1,10.0,10.0,1,1,Randomized,1.0
0.1,10.0,10.0,1,1,Randomized,1.0
0.1,10.0,10.0,1,1,Randomized,1.0
0.1,10.0,10.0,1,1,Randomized,1.0
0.1,10.0,10.0,1,1,Randomized,1.0
0.1,10.0,10.0,1,1,Randomized,1.0
0.1,10.0,10.0,1,1,Randomized,1.0
0.1,10.0,10.0,1,1,Randomized,1.0
0.1,10.0,10.0,1,1,Randomized,1.0
0.1,10.0,10.0,1,1,Randomized,1.0
0.1,10.0,10.0,1,1,Randomized,1.0
0.1,10.0,10.0,1,1,Randomized,1.0
0.1,10.0,10.0,1,1,Randomized,1.0
0.1,10.0,10.0,1,1,Randomized,1.0
0.1,10.0,10.0,1,1,Randomized,1.0
0.1,10.0,10.0,1,0,Randomized,1.0
0.1,10.0,10.0,1,1,Randomized,1.0
0.1,10.0,10.0,1,1,Randomized,1.0
0.1,10.0,10.0,1,1,Randomized,1.0
0.1,10.0,10.0,1,1,Randomized,1.0
0.1,10.0,10.0,1,1,Randomized,1.0
0.1,10.0,10.0,1,1,Randomized,1.0
0.1,10.0,10.0,1,1,Randomized,1.0
0.1,10.0,10.0,1,1,Randomized,1.0
0.1,10.0,10.0,1,1,Randomized,1.0
0.1,10.0,10.0,1,1,Randomized,1.0
0.1,10.0,10.0,1,1,Randomized,1.0
0.1,10.0,10.0,1,1,Randomized,1.0
0.1,10.0,10.0,1,1,Randomized,1.0
0.1,10.0,10.0,1,1,Randomized,1.0
0.1,10.0,10.0,1,1,Randomized,1.0
0.1,10.0,10.0,1,1,Randomized,1.0
0.1,10.0,10.0,1,1,Randomized,1.0
0.1,10.0,10.0,1,1,Randomized,1.0
0.1,10.0,10.0,1,1,Randomized,1.0
0.1,10.0,10.0,1,1,Randomized,1.0
0.1,10.0,10.0,1,1,Randomized,1.0
0.1,10.0,10.0,1,1,Randomized,1.0
0.1,10.0,10.0,1,1,Randomized,1.0
0.1,10.0,10.0,1,1,Randomized,1.0
0.1,10.0,10.0,1,1,Randomized,1.0
0.1,10.0,10.0,1,1,Randomized,1.0
0.1,10.0,10.0,1,1,Randomized,1.0
0.1,10.0,10.0,1,1,Randomized,1.0
0.1,10.0,10.0,1,1,Randomized,1.0
0.1,10.0,10.0,1,1,Randomized,1.0
0.1,10.0,10.0,1,1,Randomized,1.0
0.1,10.0,10.0,1,1,Randomized,1.0
0.1,10.0,10.0,1,1,Randomized,1.0
0.1,10.0,10.0,1,0,Randomized,1.0
0.1,10.0,10.0,1,1,Randomized,1.0
0.1,10.0,10.0,1,1,Randomized,1.0
0.1,10.0,10.0,1,1,Randomized,1.0
0.1,10.0,10.0,1,1,Randomized,1.0
0.1,10.0,10.0,1,1,Randomized,1.0
0.1,10.0,10.0,1,1,Randomized,1.0
0.1,10.0,10.0,1,1,Randomized,1.0
0.1,10.0,10.0,1,1,Randomized,1.0
0.1,10.0,10.0,1,1,Randomized,1.0
0.1,10.0,10.0,1,1,Randomized,1.0
0.1,10.0,10.0,1,1,Randomized,1.0
0.1,10.0,10.0,1,1,Randomized,1.0
0.1,10.0,10.0,1,1,Randomized,1.0
0.1,10.0,10.0,1,1,Randomized,1.0
0.1,10.0,10.0,1,1,Randomized,1.0
0.1,10.0,10.0,1,1,Randomized,1.0
0.1,10.0,10.0,1,1,Randomized,1.0
0.1,10.0,10.0,1,1,Randomized,1.0
0.1,10.0,10.0,1,1,Randomized,1.0
0.1,10.0,10.0,1,1,Randomized,1.0
0.1,10.0,10.0,1,1,Randomized,1.0
0.1,10.0,10.0,1,1,Randomized,1.0
0.1,10.0,10.0,1,1,Randomized,1.0
0.1,10.0,10.0,1,1,Randomized,1.0
0.1,10.0,10.0,1,1,Randomized,1.0
0.1,10.0,10.0,1,1,Randomized,1.0
0.1,10.0,10.0,1,1,Randomized,1.0
0.1,10.0,10.0,1,1,Randomized,1.0
0.1,10.0,10.0,1,1,Randomized,1.0
0.1,10.0,10.0,1,1,Randomized,1.0
0.1,10.0,10.0,1,1,Randomized,1.0
0.1,10.0,10.0,1,1,Randomized,1.0
0.1,10.0,10.0,1,1,Randomized,1.0
0.1,10.0,10.0,1,1,Randomized,1.0
0.1,10.0,10.0,1,1,Randomized,1.0
0.1,10.0,10.0,1,1,Randomized,1.0
0.1,10.0,10.0,1,1,Randomized,1.0
0.1,10.0,10.0,1,1,Randomized,1.0
0.1,10.0,10.0,1,1,Randomized,1.0
0.1,10.0,10.0,1,1,Randomized,1.0
0.1,10.0,10.0,1,1,Randomized,1.0
0.1,10.0,10.0,1,1,Randomized,1.0
0.1,10.0,10.0,1,1,Randomized,1.0
0.1,10.0,10.0,1,1,Randomized,1.0
0.1,10.0,10.0,1,1,Randomized,1.0
0.1,10.0,10.0,1,1,Randomized,1.0
0.1,10.0,10.0,1,1,Randomized,1.0
0.1,10.0,10.0,1,1,Randomized,1.0
0.1,10.0,10.0,1,1,Randomized,1.0
0.1,10.0,10.0,1,1,Randomized,1.0
0.1,10.0,10.0,1,1,Randomized,1.0
0.1,10.0,10.0,1,1,Randomized,1.0
0.1,10.0,10.0,1,1,Randomized,1.0
0.1,10.0,10.0,1,1,Randomized,1.0
0.1,10.0,10.0,1,1,Randomized,1.0
0.1,10.0,10.0,1,1,Randomized,1.0
0.1,10.0,10.0,1,1,Randomized,1.0
0.1,10.0,10.0,1,1,Randomized,1.0
0.1,10.0,10.0,1,1,Randomized,1.0
0.1,10.0,10.0,1,1,Randomized,1.0
0.1,10.0,10.0,1,1,Randomized,1.0
0.1,10.0,10.0,1,1,Randomized,1.0
0.1,10.0,10.0,1,1,Randomized,1.0
0.1,10.0,10.0,1,1,Randomized,1.0
0.1,10.0,10.0,1,1,Randomized,1.0
0.1,10.0,10.0,1,1,Randomized,1.0
0.1,10.0,10.0,1,1,Randomized,1.0
0.1,10.0,10.0,1,1,Randomized,1.0
0.1,10.0,10.0,1,1,Randomized,1.0
0.1,10.0,10.0,1,1,Randomized,1.0
0.1,10.0,10.0,1,1,Randomized,1.0
0.1,10.0,10.0,1,1,Randomized,1.0
0.1,10.0,10.0,1,1,Randomized,1.0
0.1,10.0,10.0,1,1,Randomized,1.0
0.1,10.0,10.0,1,1,Randomized,1.0
0.1,10.0,10.0,1,1,Randomized,1.0
0.1,10.0,10.0,1,1,Randomized,1.0
0.1,10.0,10.0,1,1,Randomized,1.0
0.1,10.0,10.0,1,1,Randomized,1.0
0.1,10.0,10.0,1,1,Randomized,1.0
0.1,10.0,10.0,1,1,Randomized,1.0
0.1,10.0,10.0,1,1,Randomized,1.0
0.1,10.0,10.0,1,1,Randomized,1.0
0.1,10.0,10.0,1,1,Randomized,1.0
0.1,10.0,10.0,1,1,Randomized,1.0
0.1,10.0,10.0,1,1,Randomized,1.0
0.1,10.0,10.0,1,1,Randomized,1.0
0.1,10.0,10.0,1,1,Randomized,1.0
0.1,10.0,10.0,1,1,Randomized,1.0
0.1,10.0,10.0,1,1,Randomized,1.0
0.1,10.0,10.0,1,1,Randomized,1.0
0.1,10.0,10.0,1,1,Randomized,1.0
0.1,10.0,10.0,1,1,Randomized,1.0
0.1,10.0,10.0,1,1,Randomized,1.0
0.1,10.0,10.0,1,1,Randomized,1.0
0.1,10.0,10.0,1,1,Randomized,1.0
0.1,10.0,10.0,1,1,Randomized,1.0
0.1,10.0,10.0,1,1,Randomized,1.0
0.1,10.0,10.0,1,1,Randomized,1.0
0.1,10.0,10.0,1,1,Randomized,1.0
0.1,10.0,10.0,1,1,Randomized,1.0
0.1,10.0,10.0,1,1,Randomized,1.0
0.1,10.0,10.0,1,1,Randomized,1.0
0.1,10.0,10.0,1,1,Randomized,1.0
0.1,10.0,10.0,1,1,Randomized,1.0
0.1,10.0,10.0,1,1,Randomized,1.0
0.1,10.0,10.0,1,1,Randomized,1.0
0.1,10.0,10.0,1,1,Randomized,1.0
0.1,10.0,10.0,1,1,Randomized,1.0
0.1,10.0,10.0,1,1,Randomized,1.0
0.1,10.0,10.0,1,1,Randomized,1.0
0.1,10.0,10.0,1,1,Randomized,1.0
0.1,10.0,10.0,1,1,Randomized,1.0
0.1,10.0,10.0,1,1,Randomized,1.0
0.1,10.0,10.0,1,1,Randomized,1.0
0.1,10.0,10.0,1,1,Randomized,1.0
0.1,10.0,10.0,1,0,Randomized,1.0
0.1,10.0,10.0,1,1,Randomized,1.0
0.1,10.0,10.0,1,1,Randomized,1.0
0.1,10.0,10.0,1,1,Randomized,1.0
0.1,10.0,10.0,1,1,Randomized,1.0
0.1,10.0,10.0,1,0,Randomized,1.0
0.1,10.0,10.0,1,1,Randomized,1.0
0.1,10.0,10.0,1,1,Randomized,1.0
0.1,10.0,10.0,1,1,Randomized,1.0
0.1,10.0,10.0,1,1,Randomized,1.0
0.1,10.0,10.0,1,1,Randomized,1.0
0.1,10.0,10.0,1,1,Randomized,1.0
0.1,10.0,10.0,1,1,Randomized,1.0
0.1,10.0,10.0,1,1,Randomized,1.0
0.1,10.0,10.0,1,1,Randomized,1.0
0.1,10.0,10.0,1,1,Randomized,1.0
0.1,10.0,10.0,1,1,Randomized,1.0
0.1,10.0,10.0,1,1,Randomized,1.0
0.1,10.0,10.0,1,1,Randomized,1.0
0.1,10.0,10.0,1,1,Randomized,1.0
0.1,10.0,10.0,1,1,Randomized,1.0
0.1,10.0,10.0,1,1,Randomized,1.0
0.1,10.0,10.0,1,1,Randomized,1.0
0.1,10.0,10.0,1,1,Randomized,1.0
0.1,10.0,10.0,1,1,Randomized,1.0
0.1,10.0,10.0,1,1,Randomized,1.0
0.1,10.0,10.0,1,1,Randomized,1.0
0.1,10.0,10.0,1,1,Randomized,1.0
0.1,10.0,10.0,1,1,Randomized,1.0
0.1,10.0,10.0,1,1,Randomized,1.0
0.1,10.0,10.0,1,1,Randomized,1.0
0.1,10.0,10.0,1,1,Randomized,1.0
0.1,10.0,10.0,1,1,Randomized,1.0
0.1,10.0,10.0,1,1,Randomized,1.0
0.1,10.0,10.0,1,1,Randomized,1.0
0.1,10.0,10.0,1,1,Randomized,1.0
0.1,10.0,10.0,1,1,Randomized,1.0
0.1,10.0,10.0,1,1,Randomized,1.0
0.1,10.0,10.0,1,1,Randomized,1.0
0.1,10.0,10.0,1,1,Randomized,1.0
0.1,10.0,10.0,1,1,Randomized,1.0
0.1,10.0,10.0,1,1,Randomized,1.0
0.1,10.0,10.0,1,1,Randomized,1.0
0.1,10.0,10.0,1,1,Randomized,1.0
0.1,10.0,10.0,1,1,Randomized,1.0
0.1,10.0,10.0,1,1,Randomized,1.0
0.1,10.0,10.0,1,1,Randomized,1.0
0.1,10.0,10.0,1,1,Randomized,1.0
0.1,10.0,10.0,1,1,Randomized,1.0
0.1,10.0,10.0,1,1,Randomized,1.0
0.1,10.0,10.0,1,1,Randomized,1.0
0.1,10.0,10.0,1,1,Randomized,1.0
0.1,10.0,10.0,1,1,Randomized,1.0
0.1,10.0,10.0,1,1,Randomized,1.0
0.1,10.0,10.0,1,1,Randomized,1.0
0.1,10.0,10.0,1,1,Randomized,1.0
0.1,10.0,10.0,1,1,Randomized,1.0
0.1,10.0,10.0,1,1,Randomized,1.0
0.1,10.0,10.0,1,1,Randomized,1.0
0.1,10.0,10.0,1,1,Randomized,1.0
0.1,10.0,10.0,1,1,Randomized,1.0
0.1,10.0,10.0,1,1,Randomized,1.0
0.1,10.0,10.0,1,1,Randomized,1.0
0.1,10.0,10.0,1,1,Randomized,1.0
0.1,10.0,10.0,1,1,Randomized,1.0
0.1,10.0,10.0,1,1,Randomized,1.0
0.1,10.0,10.0,1,1,Randomized,1.0
0.1,10.0,10.0,1,1,Randomized,1.0
0.1,10.0,10.0,1,1,Randomized,1.0
0.1,10.0,10.0,1,1,Randomized,1.0
0.1,10.0,10.0,1,1,Randomized,1.0
0.1,10.0,10.0,1,1,Randomized,1.0
0.1,10.0,10.0,1,1,Randomized,1.0
0.1,10.0,10.0,1,1,Randomized,1.0
0.1,10.0,10.0,1,1,Randomized,1.0
0.1,10.0,10.0,1,1,Randomized,1.0
0.1,10.0,10.0,1,1,Randomized,1.0
0.1,10.0,10.0,1,1,Randomized,1.0
0.1,10.0,10.0,1,1,Randomized,1.0
0.1,10.0,10.0,1,1,Randomized,1.0
0.1,10.0,10.0,1,1,Randomized,1.0
0.1,10.0,10.0,1,1,Randomized,1.0
0.1,10.0,10.0,1,1,Randomized,1.0
0.1,10.0,10.0,1,1,Randomized,1.0
0.1,10.0,10.0,1,1,Randomized,1.0
0.1,10.0,10.0,1,1,Randomized,1.0
0.1,10.0,10.0,1,1,Randomized,1.0
0.1,10.0,10.0,1,1,Randomized,1.0
0.1,10.0,10.0,1,1,Randomized,1.0
0.1,10.0,10.0,1,1,Randomized,1.0
0.1,10.0,10.0,1,1,Randomized,1.0
0.1,10.0,10.0,1,1,Randomized,1.0
0.1,10.0,10.0,1,1,Randomized,1.0
0.1,10.0,10.0,1,1,Randomized,1.0
0.1,10.0,10.0,1,1,Randomized,1.0
0.1,10.0,10.0,1,1,Randomized,1.0
0.1,10.0,10.0,1,1,Randomized,1.0
0.1,10.0,10.0,1,1,Randomized,1.0
0.1,10.0,10.0,1,1,Randomized,1.0
0.1,10.0,10.0,1,1,Randomized,1.0
0.1,10.0,10.0,1,1,Randomized,1.0
0.1,10.0,10.0,1,1,Randomized,1.0
0.1,10.0,10.0,1,1,Randomized,1.0
0.1,10.0,10.0,1,1,Randomized,1.0
0.1,10.0,10.0,1,1,Randomized,1.0
0.1,10.0,10.0,1,1,Randomized,1.0
0.1,10.0,10.0,1,1,Randomized,1.0
0.1,10.0,10.0,1,1,Randomized,1.0
0.1,10.0,10.0,1,1,Randomized,1.0
0.1,10.0,10.0,1,1,Randomized,1.0
0.1,10.0,10.0,1,1,Randomized,1.0
0.1,10.0,10.0,1,1,Randomized,1.0
0.1,10.0,10.0,1,1,Randomized,1.0
0.1,10.0,10.0,1,1,Randomized,1.0
0.1,10.0,10.0,1,1,Randomized,1.0
0.1,10.0,10.0,1,1,Randomized,1.0
0.1,10.0,10.0,1,1,Randomized,1.0
0.1,10.0,10.0,1,1,Randomized,1.0
0.1,10.0,10.0,1,1,Randomized,1.0
0.1,10.0,10.0,1,1,Randomized,1.0
0.1,10.0,10.0,1,1,Randomized,1.0
0.1,10.0,10.0,1,1,Randomized,1.0
0.1,10.0,10.0,1,1,Randomized,1.0
0.1,10.0,10.0,1,1,Randomized,1.0
0.1,10.0,10.0,1,1,Randomized,1.0
0.1,10.0,10.0,1,1,Randomized,1.0
0.1,10.0,10.0,1,1,Randomized,1.0
0.1,10.0,10.0,1,1,Randomized,1.0
0.1,10.0,10.0,1,1,Randomized,1.0
0.1,10.0,10.0,1,1,Randomized,1.0
0.1,10.0,10.0,1,0,Randomized,1.0
0.1,10.0,10.0,1,1,Randomized,1.0
0.1,10.0,10.0,1,1,Randomized,1.0
0.1,10.0,10.0,1,1,Randomized,1.0
0.1,10.0,10.0,1,1,Randomized,1.0
0.1,10.0,10.0,1,1,Randomized,1.0
0.1,10.0,10.0,1,1,Randomized,1.0
0.1,10.0,10.0,1,0,Randomized,1.0
0.1,10.0,10.0,1,1,Randomized,1.0
0.1,10.0,10.0,1,1,Randomized,1.0
0.1,10.0,10.0,1,1,Randomized,1.0
0.1,10.0,10.0,1,1,Randomized,1.0
0.1,10.0,10.0,1,1,Randomized,1.0
0.1,10.0,10.0,1,1,Randomized,1.0
0.1,10.0,10.0,1,1,Randomized,1.0
0.1,10.0,10.0,1,1,Randomized,1.0
0.1,10.0,10.0,1,1,Randomized,1.0
0.1,10.0,10.0,1,1,Randomized,1.0
0.1,10.0,10.0,1,1,Randomized,1.0
0.1,10.0,10.0,1,1,Randomized,1.0
0.1,10.0,10.0,1,1,Randomized,1.0
0.1,10.0,10.0,1,1,Randomized,1.0
0.1,10.0,10.0,1,1,Randomized,1.0
0.1,10.0,10.0,1,1,Randomized,1.0
0.1,10.0,10.0,1,1,Randomized,1.0
0.1,10.0,10.0,1,1,Randomized,1.0
0.1,10.0,10.0,1,1,Randomized,1.0
0.1,10.0,10.0,1,1,Randomized,1.0
0.1,10.0,10.0,1,1,Randomized,1.0
0.1,10.0,10.0,1,1,Randomized,1.0
0.1,10.0,10.0,1,1,Randomized,1.0
0.1,10.0,10.0,1,1,Randomized,1.0
0.1,10.0,10.0,1,1,Randomized,1.0
0.1,10.0,10.0,1,1,Randomized,1.0
0.1,10.0,10.0,1,1,Randomized,1.0
0.1,10.0,10.0,1,1,Randomized,1.0
0.1,10.0,10.0,1,1,Randomized,1.0
0.1,10.0,10.0,1,1,Randomized,1.0
0.1,10.0,10.0,1,1,Randomized,1.0
0.1,10.0,10.0,1,1,Randomized,1.0
0.1,10.0,10.0,1,1,Randomized,1.0
0.1,10.0,10.0,1,1,Randomized,1.0
0.1,10.0,10.0,1,1,Randomized,1.0
0.1,10.0,10.0,1,1,Randomized,1.0
0.1,10.0,10.0,1,1,Randomized,1.0
0.1,10.0,10.0,1,1,Randomized,1.0
0.1,10.0,10.0,1,1,Randomized,1.0
0.1,10.0,10.0,1,1,Randomized,1.0
0.1,10.0,10.0,1,1,Randomized,1.0
0.1,10.0,10.0,1,1,Randomized,1.0
0.1,10.0,10.0,1,1,Randomized,1.0
0.1,10.0,10.0,1,1,Randomized,1.0
0.1,10.0,10.0,1,1,Randomized,1.0
0.1,10.0,10.0,1,1,Randomized,1.0
0.1,10.0,10.0,1,1,Randomized,1.0
0.1,10.0,10.0,1,1,Randomized,1.0
0.1,10.0,10.0,1,1,Randomized,1.0
0.1,10.0,10.0,1,1,Randomized,1.0
0.1,10.0,10.0,1,1,Randomized,1.0
0.1,10.0,10.0,1,1,Randomized,1.0
0.1,10.0,10.0,1,1,Randomized,1.0
0.1,10.0,10.0,1,1,Randomized,1.0
0.1,10.0,10.0,1,1,Randomized,1.0
0.1,10.0,10.0,1,1,Randomized,1.0
0.1,10.0,10.0,1,1,Randomized,1.0
0.1,10.0,10.0,1,1,Randomized,1.0
0.1,10.0,10.0,1,1,Randomized,1.0
0.1,10.0,10.0,1,1,Randomized,1.0
0.1,10.0,10.0,1,1,Randomized,1.0
0.1,10.0,10.0,1,1,Randomized,1.0
0.1,10.0,10.0,1,1,Randomized,1.0
0.1,10.0,10.0,1,1,Randomized,1.0
0.1,10.0,10.0,1,1,Randomized,1.0
0.1,10.0,10.0,1,1,Randomized,1.0
0.1,10.0,10.0,1,0,Randomized,1.0
0.1,10.0,10.0,1,1,Randomized,1.0
0.1,10.0,10.0,1,1,Randomized,1.0
0.1,10.0,10.0,1,1,Randomized,1.0
0.1,10.0,10.0,1,1,Randomized,1.0
0.1,10.0,10.0,1,1,Randomized,1.0
0.1,10.0,10.0,1,1,Randomized,1.0
0.1,10.0,10.0,1,1,Randomized,1.0
0.1,10.0,10.0,1,1,Randomized,1.0
0.1,10.0,10.0,1,1,Randomized,1.0
0.1,10.0,10.0,1,1,Randomized,1.0
0.1,10.0,10.0,1,1,Randomized,1.0
0.1,10.0,10.0,1,1,Randomized,1.0
0.1,10.0,10.0,1,1,Randomized,1.0
0.1,10.0,10.0,1,1,Randomized,1.0
0.1,10.0,10.0,1,1,Randomized,1.0
0.1,10.0,10.0,1,1,Randomized,1.0
0.1,10.0,10.0,1,1,Randomized,1.0
0.1,10.0,10.0,1,1,Randomized,1.0
0.1,10.0,10.0,1,1,Randomized,1.0
0.1,10.0,10.0,1,1,Randomized,1.0
0.1,10.0,10.0,1,1,Randomized,1.0
0.1,10.0,10.0,1,1,Randomized,1.0
0.1,10.0,10.0,1,1,Randomized,1.0
0.1,10.0,10.0,1,1,Randomized,1.0
0.1,10.0,10.0,1,1,Randomized,1.0
0.1,10.0,10.0,1,1,Randomized,1.0
0.1,10.0,10.0,1,0,Randomized,1.0
0.1,10.0,10.0,1,1,Randomized,1.0
0.1,10.0,10.0,1,1,Randomized,1.0
0.1,10.0,10.0,1,1,Randomized,1.0
0.1,10.0,10.0,1,1,Randomized,1.0
0.1,10.0,10.0,1,1,Randomized,1.0
0.1,10.0,10.0,1,1,Randomized,1.0
0.1,10.0,10.0,1,1,Randomized,1.0
0.1,10.0,10.0,1,1,Randomized,1.0
0.1,10.0,10.0,1,1,Randomized,1.0
0.1,10.0,10.0,1,1,Randomized,1.0
0.1,10.0,10.0,1,1,Randomized,1.0
0.1,10.0,10.0,1,1,Randomized,1.0
0.1,10.0,10.0,1,1,Randomized,1.0
0.1,10.0,10.0,1,1,Randomized,1.0
0.1,10.0,10.0,1,1,Randomized,1.0
0.1,10.0,10.0,1,1,Randomized,1.0
0.1,10.0,10.0,1,1,Randomized,1.0
0.1,10.0,10.0,1,1,Randomized,1.0
0.1,10.0,10.0,1,1,Randomized,1.0
0.1,10.0,10.0,1,1,Randomized,1.0
0.1,10.0,10.0,1,1,Randomized,1.0
0.1,10.0,10.0,1,1,Randomized,1.0
0.1,10.0,10.0,1,1,Randomized,1.0
0.1,10.0,10.0,1,1,Randomized,1.0
0.1,10.0,10.0,1,1,Randomized,1.0
0.1,10.0,10.0,1,1,Randomized,1.0
0.1,10.0,10.0,1,1,Randomized,1.0
0.1,10.0,10.0,1,1,Randomized,1.0
0.1,10.0,10.0,1,1,Randomized,1.0
0.1,10.0,10.0,1,1,Randomized,1.0
0.1,10.0,10.0,1,1,Randomized,1.0
0.1,10.0,10.0,1,1,Randomized,1.0
0.1,10.0,10.0,1,1,Randomized,1.0
0.1,10.0,10.0,1,1,Randomized,1.0
0.1,10.0,10.0,1,1,Randomized,1.0
0.1,10.0,10.0,1,1,Randomized,1.0
0.1,10.0,10.0,1,1,Randomized,1.0
0.1,10.0,10.0,1,1,Randomized,1.0
0.1,10.0,10.0,1,1,Randomized,1.0
0.1,10.0,10.0,1,1,Randomized,1.0
0.1,10.0,10.0,1,1,Randomized,1.0
0.1,10.0,10.0,1,1,Randomized,1.0
0.1,10.0,10.0,1,1,Randomized,1.0
0.1,10.0,10.0,1,1,Randomized,1.0
0.1,10.0,10.0,1,1,Randomized,1.0
0.1,10.0,10.0,1,1,Randomized,1.0
0.1,10.0,10.0,1,1,Randomized,1.0
0.1,10.0,10.0,1,1,Randomized,1.0
0.1,10.0,10.0,1,1,Randomized,1.0
0.1,10.0,10.0,1,1,Randomized,1.0
0.1,10.0,10.0,1,1,Randomized,1.0
0.1,10.0,10.0,1,1,Randomized,1.0
0.1,10.0,10.0,1,1,Randomized,1.0
0.1,10.0,10.0,1,1,Randomized,1.0
0.1,10.0,10.0,1,1,Randomized,1.0
0.1,10.0,10.0,1,1,Randomized,1.0
0.1,10.0,10.0,1,1,Randomized,1.0
0.1,10.0,10.0,1,1,Randomized,1.0
0.1,10.0,10.0,1,1,Randomized,1.0
0.1,10.0,10.0,1,1,Randomized,1.0
0.1,10.0,10.0,1,1,Randomized,1.0
0.1,10.0,10.0,1,1,Randomized,1.0
0.1,10.0,10.0,1,1,Randomized,1.0
0.1,10.0,10.0,1,1,Randomized,1.0
0.1,10.0,10.0,1,1,Randomized,1.0
0.1,10.0,10.0,1,1,Randomized,1.0
0.1,10.0,10.0,1,1,Randomized,1.0
0.1,10.0,10.0,1,1,Randomized,1.0
0.1,10.0,10.0,1,1,Randomized,1.0
0.1,10.0,10.0,1,1,Randomized,1.0
0.1,10.0,10.0,1,1,Randomized,1.0
0.1,10.0,10.0,1,1,Randomized,1.0
0.1,10.0,10.0,1,1,Randomized,1.0
0.1,10.0,10.0,1,1,Randomized,1.0
0.1,10.0,10.0,1,1,Randomized,1.0
0.1,10.0,10.0,1,0,Randomized,1.0
0.1,10.0,10.0,1,1,Randomized,1.0
0.1,10.0,10.0,1,1,Randomized,1.0
0.1,10.0,10.0,1,1,Randomized,1.0
0.1,10.0,10.0,1,1,Randomized,1.0
0.1,10.0,10.0,1,1,Randomized,1.0
0.1,10.0,10.0,1,1,Randomized,1.0
0.1,10.0,10.0,1,1,Randomized,1.0
0.1,10.0,10.0,1,1,Randomized,1.0
0.1,10.0,10.0,1,1,Randomized,1.0
0.1,10.0,10.0,1,1,Randomized,1.0
0.1,10.0,10.0,1,1,Randomized,1.0
0.1,10.0,10.0,1,1,Randomized,1.0
0.1,10.0,10.0,1,1,Randomized,1.0
0.1,10.0,10.0,1,1,Randomized,1.0
0.1,10.0,10.0,1,1,Randomized,1.0
0.1,10.0,10.0,1,1,Randomized,1.0
0.1,10.0,10.0,1,1,Randomized,1.0
0.1,10.0,10.0,1,1,Randomized,1.0
0.1,10.0,10.0,1,1,Randomized,1.0
0.1,10.0,10.0,1,1,Randomized,1.0
0.1,10.0,10.0,1,1,Randomized,1.0
0.1,10.0,10.0,1,1,Randomized,1.0
0.1,10.0,10.0,1,1,Randomized,1.0
0.1,10.0,10.0,1,1,Randomized,1.0
0.1,10.0,10.0,1,1,Randomized,1.0
0.1,10.0,10.0,1,1,Randomized,1.0
0.1,10.0,10.0,1,1,Randomized,1.0
0.1,10.0,10.0,1,1,Randomized,1.0
0.1,10.0,10.0,1,1,Randomized,1.0
0.1,10.0,10.0,1,1,Randomized,1.0
0.1,10.0,10.0,1,1,Randomized,1.0
0.1,10.0,10.0,1,1,Randomized,1.0
0.1,10.0,10.0,1,1,Randomized,1.0
0.1,10.0,10.0,1,1,Randomized,1.0
0.1,10.0,10.0,1,1,Randomized,1.0
0.1,10.0,10.0,1,1,Randomized,1.0
0.1,10.0,10.0,1,1,Randomized,1.0
0.1,10.0,10.0,1,1,Randomized,1.0
0.1,10.0,10.0,1,1,Randomized,1.0
0.1,10.0,10.0,1,1,Randomized,1.0
0.1,10.0,10.0,1,1,Randomized,1.0
0.1,10.0,10.0,1,1,Randomized,1.0
0.1,10.0,10.0,1,1,Randomized,1.0
0.1,10.0,10.0,1,1,Randomized,1.0
0.1,10.0,10.0,1,1,Randomized,1.0
0.1,10.0,10.0,1,1,Randomized,1.0
0.1,10.0,10.0,1,1,Randomized,1.0
0.1,10.0,10.0,1,1,Randomized,1.0
0.1,10.0,10.0,1,1,Randomized,1.0
0.1,10.0,10.0,1,1,Randomized,1.0
0.1,10.0,10.0,1,1,Randomized,1.0
0.1,10.0,10.0,1,1,Randomized,1.0
0.1,10.0,10.0,1,1,Randomized,1.0
0.1,10.0,10.0,1,1,Randomized,1.0
0.1,10.0,10.0,1,1,Randomized,1.0
0.1,10.0,10.0,1,1,Randomized,1.0
0.1,10.0,10.0,1,1,Randomized,1.0
0.1,10.0,10.0,1,1,Randomized,1.0
0.1,10.0,10.0,1,1,Randomized,1.0
0.1,10.0,10.0,1,1,Randomized,1.0
0.1,10.0,10.0,1,1,Randomized,1.0
0.1,10.0,10.0,1,1,Randomized,1.0
0.1,10.0,10.0,1,1,Randomized,1.0
0.1,10.0,10.0,1,1,Randomized,1.0
0.1,10.0,10.0,1,1,Randomized,1.0
0.1,10.0,10.0,1,1,Randomized,1.0
0.1,10.0,10.0,1,1,Randomized,1.0
0.1,10.0,10.0,1,1,Randomized,1.0
0.1,10.0,10.0,1,1,Randomized,1.0
0.1,10.0,10.0,1,1,Randomized,1.0
0.1,10.0,10.0,1,1,Randomized,1.0
0.1,10.0,10.0,1,1,Randomized,1.0
0.1,10.0,10.0,1,1,Randomized,1.0
0.1,10.0,10.0,1,1,Randomized,1.0
0.1,10.0,10.0,1,1,Randomized,1.0
0.1,10.0,10.0,1,1,Randomized,1.0
0.1,10.0,10.0,1,1,Randomized,1.0
0.1,10.0,10.0,1,1,Randomized,1.0
0.1,10.0,10.0,1,1,Randomized,1.0
0.1,10.0,10.0,1,1,Randomized,1.0
0.1,10.0,10.0,1,1,Randomized,1.0
0.1,10.0,10.0,1,1,Randomized,1.0
0.1,10.0,10.0,1,1,Randomized,1.0
0.1,10.0,10.0,1,1,Randomized,1.0
0.1,10.0,10.0,1,1,Randomized,1.0
0.1,10.0,10.0,1,1,Randomized,1.0
0.1,10.0,10.0,1,1,Randomized,1.0
0.1,10.0,10.0,1,1,Randomized,1.0
0.1,10.0,10.0,1,1,Randomized,1.0
0.1,10.0,10.0,1,1,Randomized,1.0
0.1,10.0,10.0,1,1,Randomized,1.0
0.1,10.0,10.0,1,1,Randomized,1.0
0.1,10.0,10.0,1,1,Randomized,1.0
0.1,10.0,10.0,1,1,Randomized,1.0
0.1,10.0,10.0,1,1,Randomized,1.0
0.1,10.0,10.0,1,1,Randomized,1.0
0.1,10.0,10.0,1,1,Randomized,1.0
0.1,10.0,10.0,1,1,Randomized,1.0
0.1,10.0,10.0,1,1,Randomized,1.0
0.1,10.0,10.0,1,1,Randomized,1.0
0.1,10.0,10.0,1,1,Randomized,1.0
0.1,10.0,10.0,1,1,Randomized,1.0
0.1,10.0,10.0,1,1,Randomized,1.0
0.1,10.0,10.0,1,1,Randomized,1.0
0.1,10.0,10.0,1,1,Randomized,1.0
0.1,10.0,10.0,1,1,Randomized,1.0
0.1,10.0,10.0,1,1,Randomized,1.0
0.1,10.0,10.0,1,1,Randomized,1.0
0.1,10.0,10.0,1,1,Randomized,1.0
0.1,10.0,10.0,1,1,Randomized,1.0
0.1,10.0,10.0,1,1,Randomized,1.0
0.1,10.0,10.0,1,1,Randomized,1.0
0.1,10.0,10.0,1,1,Randomized,1.0
0.1,10.0,10.0,1,1,Randomized,1.0
0.1,10.0,10.0,1,1,Randomized,1.0
0.1,10.0,10.0,1,1,Randomized,1.0
0.1,10.0,10.0,1,1,Randomized,1.0
0.1,10.0,10.0,1,1,Randomized,1.0
0.1,10.0,10.0,1,1,Randomized,1.0
0.1,10.0,10.0,1,1,Randomized,1.0
0.1,10.0,10.0,1,1,Randomized,1.0
0.1,10.0,10.0,1,1,Randomized,1.0
0.1,10.0,10.0,1,1,Randomized,1.0
0.1,10.0,10.0,1,1,Randomized,1.0
0.1,10.0,10.0,1,1,Randomized,1.0
0.1,10.0,10.0,1,1,Randomized,1.0
0.1,10.0,10.0,1,1,Randomized,1.0
0.1,10.0,10.0,1,1,Randomized,1.0
0.1,10.0,10.0,1,1,Randomized,1.0
0.1,10.0,10.0,1,1,Randomized,1.0
0.1,10.0,10.0,1,1,Randomized,1.0
0.1,10.0,10.0,1,1,Randomized,1.0
0.1,10.0,10.0,1,1,Randomized,1.0
0.1,10.0,10.0,1,1,Randomized,1.0
0.1,10.0,10.0,1,1,Randomized,1.0
0.1,10.0,10.0,1,1,Randomized,1.0
0.1,10.0,10.0,1,1,Randomized,1.0
0.1,10.0,10.0,1,1,Randomized,1.0
0.1,10.0,10.0,1,1,Randomized,1.0
0.1,10.0,10.0,1,1,Randomized,1.0
0.1,10.0,10.0,1,1,Randomized,1.0
0.1,10.0,10.0,1,1,Randomized,1.0
0.1,10.0,10.0,1,1,Randomized,1.0
0.1,10.0,10.0,1,1,Randomized,1.0
0.1,10.0,10.0,1,1,Randomized,1.0
0.1,10.0,10.0,1,1,Randomized,1.0
0.1,10.0,10.0,1,1,Randomized,1.0
0.1,10.0,10.0,1,1,Randomized,1.0
0.1,10.0,10.0,1,1,Randomized,1.0
0.1,10.0,10.0,1,1,Randomized,1.0
0.1,10.0,10.0,1,1,Randomized,1.0
0.1,10.0,10.0,1,1,Randomized,1.0
0.1,10.0,10.0,1,1,Randomized,1.0
0.1,10.0,10.0,1,1,Randomized,1.0
0.1,10.0,10.0,1,1,Randomized,1.0
0.1,10.0,10.0,1,1,Randomized,1.0
0.1,10.0,10.0,1,1,Randomized,1.0
0.1,10.0,10.0,1,1,Randomized,1.0
0.1,10.0,10.0,1,1,Randomized,1.0
0.1,10.0,10.0,1,1,Randomized,1.0
0.1,10.0,10.0,1,1,Randomized,1.0
0.1,10.0,10.0,1,1,Randomized,1.0
0.1,10.0,10.0,1,1,Randomized,1.0
0.1,10.0,10.0,1,1,Randomized,1.0
0.1,10.0,10.0,1,1,Randomized,1.0
0.1,10.0,10.0,1,1,Randomized,1.0
0.1,10.0,10.0,1,1,Randomized,1.0
0.1,10.0,10.0,1,1,Randomized,1.0
0.1,10.0,10.0,1,1,Randomized,1.0
0.1,10.0,10.0,1,1,Randomized,1.0
0.1,10.0,10.0,1,1,Randomized,1.0
0.1,10.0,10.0,1,1,Randomized,1.0
0.1,10.0,10.0,1,1,Randomized,1.0
0.1,10.0,10.0,1,1,Randomized,1.0
0.1,10.0,10.0,1,1,Randomized,1.0
0.1,10.0,10.0,1,1,Randomized,1.0
0.1,10.0,10.0,1,1,Randomized,1.0
0.1,10.0,10.0,1,1,Randomized,1.0
0.1,10.0,10.0,1,1,Randomized,1.0
0.1,10.0,10.0,1,1,Randomized,1.0
0.1,10.0,10.0,1,1,Randomized,1.0
0.1,10.0,10.0,1,1,Randomized,1.0
0.1,10.0,10.0,1,1,Randomized,1.0
0.1,10.0,10.0,1,1,Randomized,1.0
0.1,10.0,10.0,1,1,Randomized,1.0
0.1,10.0,10.0,1,1,Randomized,1.0
0.1,10.0,10.0,1,1,Randomized,1.0
0.1,10.0,10.0,1,1,Randomized,1.0
0.1,10.0,10.0,1,1,Randomized,1.0
0.1,10.0,10.0,1,1,Randomized,1.0
0.1,10.0,10.0,1,1,Randomized,1.0
0.1,10.0,10.0,1,1,Randomized,1.0
0.1,10.0,10.0,1,1,Randomized,1.0
0.1,10.0,10.0,1,1,Randomized,1.0
0.1,10.0,10.0,1,1,Randomized,1.0
0.1,10.0,10.0,1,1,Randomized,1.0
0.1,10.0,10.0,1,1,Randomized,1.0
0.1,10.0,10.0,1,1,Randomized,1.0
0.1,10.0,10.0,1,1,Randomized,1.0
0.1,10.0,10.0,1,1,Randomized,1.0
0.1,10.0,10.0,1,1,Randomized,1.0
0.1,10.0,10.0,1,1,Randomized,1.0
0.1,10.0,10.0,1,1,Randomized,1.0
0.1,10.0,10.0,1,1,Randomized,1.0
0.1,10.0,10.0,1,1,Randomized,1.0
0.1,10.0,10.0,1,1,Randomized,1.0
0.1,10.0,10.0,1,1,Randomized,1.0
0.1,10.0,10.0,1,1,Randomized,1.0
0.1,10.0,10.0,1,1,Randomized,1.0
0.1,10.0,10.0,1,1,Randomized,1.0
0.1,10.0,10.0,1,1,Randomized,1.0
0.1,10.0,10.0,1,1,Randomized,1.0
0.1,10.0,9.090909090909092,0,0,Randomized,1.0
0.1,10.0,10.0,1,1,Randomized,1.0
0.1,10.0,10.0,1,1,Randomized,1.0
0.1,10.0,10.0,1,1,Randomized,1.0
0.1,10.0,10.0,1,1,Randomized,1.0
0.1,10.0,10.0,1,1,Randomized,1.0
0.1,10.0,10.0,1,1,Randomized,1.0
0.1,10.0,10.0,1,1,Randomized,1.0
0.1,10.0,10.0,1,1,Randomized,1.0
0.1,10.0,10.0,1,1,Randomized,1.0
0.1,10.0,10.0,1,1,Randomized,1.0
0.1,10.0,10.0,1,1,Randomized,1.0
0.1,10.0,10.0,1,1,Randomized,1.0
0.1,10.0,10.0,1,1,Randomized,1.0
0.1,10.0,10.0,1,1,Randomized,1.0
0.1,10.0,10.0,1,1,Randomized,1.0
0.1,10.0,10.0,1,1,Randomized,1.0
0.1,10.0,10.0,1,1,Randomized,1.0
0.1,10.0,10.0,1,1,Randomized,1.0
0.1,10.0,10.0,1,1,Randomized,1.0
0.1,10.0,10.0,1,1,Randomized,1.0
0.1,10.0,10.0,1,1,Randomized,1.0
0.1,10.0,10.0,1,1,Randomized,1.0
0.1,10.0,10.0,1,1,Randomized,1.0
0.1,10.0,10.0,1,1,Randomized,1.0
0.1,10.0,10.0,1,1,Randomized,1.0
0.1,10.0,10.0,1,1,Randomized,1.0
0.1,10.0,10.0,1,1,Randomized,1.0
0.1,10.0,10.0,1,1,Randomized,1.0
0.1,10.0,10.0,1,1,Randomized,1.0
0.1,10.0,10.0,1,1,Randomized,1.0
0.1,10.0,10.0,1,1,Randomized,1.0
0.1,10.0,10.0,1,1,Randomized,1.0
0.1,10.0,10.0,1,1,Randomized,1.0
0.1,10.0,10.0,1,1,Randomized,1.0
0.1,10.0,10.0,1,1,Randomized,1.0
0.1,10.0,10.0,1,1,Randomized,1.0
0.1,10.0,10.0,1,1,Randomized,1.0
0.1,10.0,10.0,1,1,Randomized,1.0
0.1,10.0,10.0,1,1,Randomized,1.0
0.1,10.0,10.0,1,1,Randomized,1.0
0.1,10.0,10.0,1,1,Randomized,1.0
0.1,10.0,10.0,1,1,Randomized,1.0
0.1,10.0,10.0,1,1,Randomized,1.0
0.1,10.0,10.0,1,1,Randomized,1.0
0.1,10.0,10.0,1,1,Randomized,1.0
0.1,10.0,10.0,1,1,Randomized,1.0
0.1,10.0,10.0,1,0,Randomized,1.0
0.1,10.0,10.0,1,1,Randomized,1.0
0.1,10.0,10.0,1,1,Randomized,1.0
0.1,10.0,10.0,1,1,Randomized,1.0
0.1,10.0,10.0,1,1,Randomized,1.0
0.1,10.0,10.0,1,1,Randomized,1.0
0.1,10.0,10.0,1,1,Randomized,1.0
0.1,10.0,10.0,1,1,Randomized,1.0
0.1,10.0,10.0,1,1,Randomized,1.0
0.1,10.0,10.0,1,1,Randomized,1.0
0.1,10.0,10.0,1,1,Randomized,1.0
0.1,10.0,10.0,1,1,Randomized,1.0
0.1,10.0,10.0,1,1,Randomized,1.0
0.1,10.0,10.0,1,1,Randomized,1.0
0.1,10.0,10.0,1,1,Randomized,1.0
0.1,10.0,10.0,1,1,Randomized,1.0
0.1,10.0,10.0,1,1,Randomized,1.0
0.1,10.0,10.0,1,1,Randomized,1.0
0.1,10.0,10.0,1,1,Randomized,1.0
0.1,10.0,10.0,1,1,Randomized,1.0
0.1,10.0,10.0,1,1,Randomized,1.0
0.1,10.0,10.0,1,1,Randomized,1.0
0.1,10.0,10.0,1,1,Randomized,1.0
0.1,10.0,10.0,1,1,Randomized,1.0
0.1,10.0,10.0,1,1,Randomized,1.0
0.1,10.0,10.0,1,1,Randomized,1.0
0.1,10.0,10.0,1,1,Randomized,1.0
0.1,10.0,10.0,1,1,Randomized,1.0
0.1,10.0,10.0,1,1,Randomized,1.0
0.1,10.0,10.0,1,1,Randomized,1.0
0.1,10.0,10.0,1,1,Randomized,1.0
0.1,10.0,10.0,1,1,Randomized,1.0
0.1,10.0,10.0,1,1,Randomized,1.0
0.1,10.0,10.0,1,1,Randomized,1.0
0.1,10.0,10.0,1,1,Randomized,1.0
0.1,10.0,10.0,1,1,Randomized,1.0
0.1,10.0,10.0,1,1,Randomized,1.0
0.1,10.0,10.0,1,1,Randomized,1.0
0.1,10.0,10.0,1,1,Randomized,1.0
0.1,10.0,10.0,1,1,Randomized,1.0
0.1,10.0,10.0,1,1,Randomized,1.0
0.1,10.0,10.0,1,1,Randomized,1.0
0.1,10.0,10.0,1,1,Randomized,1.0
0.1,10.0,10.0,1,1,Randomized,1.0
0.1,10.0,10.0,1,1,Randomized,1.0
0.1,10.0,10.0,1,1,Randomized,1.0
0.1,10.0,10.0,1,1,Randomized,1.0
0.1,10.0,10.0,1,1,Randomized,1.0
0.1,10.0,10.0,1,1,Randomized,1.0
0.1,10.0,10.0,1,1,Randomized,1.0
0.1,10.0,10.0,1,1,Randomized,1.0
0.1,10.0,10.0,1,1,Randomized,1.0
0.1,10.0,10.0,1,1,Randomized,1.0
0.1,10.0,10.0,1,1,Randomized,1.0
0.1,10.0,10.0,1,1,Randomized,1.0
0.1,10.0,10.0,1,1,Randomized,1.0
0.1,10.0,10.0,1,1,Randomized,1.0
0.1,10.0,10.0,1,1,Randomized,1.0
0.1,10.0,10.0,1,1,Randomized,1.0
0.1,10.0,10.0,1,1,Randomized,1.0
0.1,10.0,10.0,1,1,Randomized,1.0
0.1,10.0,10.0,1,1,Randomized,1.0
0.1,10.0,10.0,1,1,Randomized,1.0
0.1,10.0,10.0,1,1,Randomized,1.0
0.1,10.0,10.0,1,1,Randomized,1.0
0.1,10.0,10.0,1,1,Randomized,1.0
0.1,10.0,10.0,1,1,Randomized,1.0
0.1,10.0,10.0,1,1,Randomized,1.0
0.1,10.0,10.0,1,1,Randomized,1.0
0.1,10.0,10.0,1,1,Randomized,1.0
0.1,10.0,10.0,1,1,Randomized,1.0
0.1,10.0,10.0,1,1,Randomized,1.0
0.1,10.0,10.0,1,1,Randomized,1.0
0.1,10.0,10.0,1,1,Randomized,1.0
0.1,10.0,10.0,1,1,Randomized,1.0
0.1,10.0,10.0,1,1,Randomized,1.0
0.1,10.0,10.0,1,1,Randomized,1.0
0.1,10.0,10.0,1,1,Randomized,1.0
0.1,10.0,10.0,1,1,Randomized,1.0
0.1,10.0,10.0,1,1,Randomized,1.0
0.1,10.0,10.0,1,1,Randomized,1.0
0.1,10.0,10.0,1,1,Randomized,1.0
0.1,10.0,10.0,1,1,Randomized,1.0
0.1,10.0,10.0,1,1,Randomized,1.0
0.1,10.0,10.0,1,1,Randomized,1.0
0.1,10.0,10.0,1,0,Randomized,1.0
0.1,10.0,10.0,1,1,Randomized,1.0
0.1,10.0,10.0,1,1,Randomized,1.0
0.1,10.0,10.0,1,1,Randomized,1.0
0.1,10.0,10.0,1,1,Randomized,1.0
0.1,10.0,10.0,1,1,Randomized,1.0
0.1,10.0,10.0,1,1,Randomized,1.0
0.1,10.0,10.0,1,1,Randomized,1.0
0.1,10.0,10.0,1,1,Randomized,1.0
0.1,10.0,10.0,1,1,Randomized,1.0
0.1,10.0,10.0,1,1,Randomized,1.0
0.1,10.0,10.0,1,1,Randomized,1.0
0.1,10.0,10.0,1,1,Randomized,1.0
0.1,10.0,10.0,1,1,Randomized,1.0
0.1,10.0,10.0,1,1,Randomized,1.0
0.1,10.0,10.0,1,1,Randomized,1.0
0.1,10.0,10.0,1,1,Randomized,1.0
0.1,10.0,10.0,1,1,Randomized,1.0
0.1,10.0,10.0,1,1,Randomized,1.0
0.1,10.0,10.0,1,1,Randomized,1.0
0.1,10.0,10.0,1,0,Randomized,1.0
0.1,10.0,10.0,1,1,Randomized,1.0
0.1,10.0,10.0,1,1,Randomized,1.0
0.1,10.0,10.0,1,1,Randomized,1.0
0.1,10.0,10.0,1,1,Randomized,1.0
0.1,10.0,10.0,1,1,Randomized,1.0
0.1,10.0,10.0,1,1,Randomized,1.0
0.1,10.0,10.0,1,1,Randomized,1.0
0.1,10.0,10.0,1,1,Randomized,1.0
0.1,10.0,10.0,1,1,Randomized,1.0
0.1,10.0,10.0,1,1,Randomized,1.0
0.1,10.0,10.0,1,1,Randomized,1.0
0.1,10.0,10.0,1,1,Randomized,1.0
0.1,10.0,10.0,1,1,Randomized,1.0
0.1,10.0,10.0,1,1,Randomized,1.0
0.1,10.0,10.0,1,1,Randomized,1.0
0.1,10.0,10.0,1,1,Randomized,1.0
0.1,10.0,10.0,1,1,Randomized,1.0
0.1,10.0,10.0,1,1,Randomized,1.0
0.1,10.0,10.0,1,1,Randomized,1.0
0.1,10.0,10.0,1,1,Randomized,1.0
0.1,10.0,10.0,1,1,Randomized,1.0
0.1,10.0,10.0,1,1,Randomized,1.0
0.1,10.0,10.0,1,1,Randomized,1.0
0.1,10.0,10.0,1,1,Randomized,1.0
0.1,10.0,10.0,1,1,Randomized,1.0
0.1,10.0,10.0,1,1,Randomized,1.0
0.1,10.0,10.0,1,1,Randomized,1.0
0.1,10.0,10.0,1,1,Randomized,1.0
0.1,10.0,10.0,1,1,Randomized,1.0
0.1,10.0,10.0,1,0,Randomized,1.0
0.1,10.0,10.0,1,1,Randomized,1.0
0.1,10.0,10.0,1,1,Randomized,1.0
0.1,10.0,10.0,1,1,Randomized,1.0
0.1,10.0,10.0,1,1,Randomized,1.0
0.1,10.0,10.0,1,1,Randomized,1.0
0.1,10.0,10.0,1,1,Randomized,1.0
0.1,10.0,10.0,1,1,Randomized,1.0
0.1,10.0,10.0,1,1,Randomized,1.0
0.1,10.0,10.0,1,0,Randomized,1.0
0.1,10.0,10.0,1,1,Randomized,1.0
0.1,10.0,10.0,1,1,Randomized,1.0
0.1,10.0,10.0,1,1,Randomized,1.0
0.1,10.0,10.0,1,1,Randomized,1.0
0.1,10.0,10.0,1,1,Randomized,1.0
0.1,10.0,10.0,1,1,Randomized,1.0
0.1,10.0,10.0,1,1,Randomized,1.0
0.1,10.0,10.0,1,1,Randomized,1.0
0.1,10.0,10.0,1,1,Randomized,1.0
0.1,10.0,10.0,1,1,Randomized,1.0
0.1,10.0,10.0,1,1,Randomized,1.0
0.1,10.0,10.0,1,1,Randomized,1.0
0.1,10.0,10.0,1,1,Randomized,1.0
0.1,10.0,10.0,1,1,Randomized,1.0
0.1,10.0,10.0,1,1,Randomized,1.0
0.1,10.0,10.0,1,1,Randomized,1.0
0.1,10.0,10.0,1,1,Randomized,1.0
0.1,10.0,10.0,1,1,Randomized,1.0
0.1,10.0,10.0,1,1,Randomized,1.0
0.1,10.0,10.0,1,1,Randomized,1.0
0.1,10.0,10.0,1,1,Randomized,1.0
0.1,10.0,10.0,1,1,Randomized,1.0
0.1,10.0,10.0,1,1,Randomized,1.0
0.1,10.0,10.0,1,1,Randomized,1.0
0.1,10.0,10.0,1,1,Randomized,1.0
0.1,10.0,10.0,1,1,Randomized,1.0
0.1,10.0,10.0,1,1,Randomized,1.0
0.1,10.0,10.0,1,1,Randomized,1.0
0.1,10.0,10.0,1,1,Randomized,1.0
0.1,10.0,10.0,1,1,Randomized,1.0
0.1,10.0,10.0,1,1,Randomized,1.0
0.1,10.0,10.0,1,1,Randomized,1.0
0.1,10.0,10.0,1,1,Randomized,1.0
0.1,10.0,10.0,1,1,Randomized,1.0
0.1,10.0,10.0,1,1,Randomized,1.0
0.1,10.0,10.0,1,1,Randomized,1.0
0.1,10.0,10.0,1,1,Randomized,1.0
0.1,10.0,10.0,1,1,Randomized,1.0
0.1,10.0,10.0,1,1,Randomized,1.0
0.1,10.0,10.0,1,1,Randomized,1.0
0.1,10.0,10.0,1,1,Randomized,1.0
0.1,10.0,10.0,1,1,Randomized,1.0
0.1,10.0,10.0,1,1,Randomized,1.0
0.1,10.0,10.0,1,1,Randomized,1.0
0.1,10.0,10.0,1,1,Randomized,1.0
0.1,10.0,10.0,1,1,Randomized,1.0
0.1,10.0,10.0,1,1,Randomized,1.0
0.1,10.0,10.0,1,1,Randomized,1.0
0.1,10.0,10.0,1,1,Randomized,1.0
0.1,10.0,10.0,1,1,Randomized,1.0
0.1,10.0,10.0,1,1,Randomized,1.0
0.1,10.0,10.0,1,1,Randomized,1.0
0.1,10.0,10.0,1,1,Randomized,1.0
0.1,10.0,10.0,1,1,Randomized,1.0
0.1,10.0,10.0,1,1,Randomized,1.0
0.1,10.0,10.0,1,1,Randomized,1.0
0.1,10.0,10.0,1,1,Randomized,1.0
0.1,10.0,10.0,1,1,Randomized,1.0
0.1,10.0,10.0,1,1,Randomized,1.0
0.1,10.0,10.0,1,1,Randomized,1.0
0.1,10.0,10.0,1,1,Randomized,1.0
0.1,10.0,10.0,1,1,Randomized,1.0
0.1,10.0,10.0,1,1,Randomized,1.0
0.1,10.0,10.0,1,1,Randomized,1.0
0.1,10.0,10.0,1,1,Randomized,1.0
0.1,10.0,10.0,1,1,Randomized,1.0
0.1,10.0,10.0,1,1,Randomized,1.0
0.1,10.0,10.0,1,1,Randomized,1.0
0.1,10.0,10.0,1,1,Randomized,1.0
0.1,10.0,10.0,1,1,Randomized,1.0
0.1,10.0,10.0,1,1,Randomized,1.0
0.1,10.0,10.0,1,1,Randomized,1.0
0.1,10.0,10.0,1,1,Randomized,1.0
0.1,10.0,10.0,1,1,Randomized,1.0
0.1,10.0,10.0,1,1,Randomized,1.0
0.1,10.0,10.0,1,1,Randomized,1.0
0.1,10.0,10.0,1,1,Randomized,1.0
0.1,10.0,10.0,1,1,Randomized,1.0
0.1,10.0,10.0,1,1,Randomized,1.0
0.1,10.0,10.0,1,1,Randomized,1.0
0.1,10.0,10.0,1,1,Randomized,1.0
0.1,10.0,10.0,1,1,Randomized,1.0
0.1,10.0,10.0,1,1,Randomized,1.0
0.1,10.0,10.0,1,1,Randomized,1.0
0.1,10.0,10.0,1,1,Randomized,1.0
0.1,10.0,10.0,1,1,Randomized,1.0
0.1,10.0,10.0,1,1,Randomized,1.0
0.1,10.0,10.0,1,1,Randomized,1.0
0.1,10.0,10.0,1,1,Randomized,1.0
0.1,10.0,10.0,1,1,Randomized,1.0
0.1,10.0,10.0,1,1,Randomized,1.0
0.1,10.0,10.0,1,1,Randomized,1.0
0.1,10.0,10.0,1,1,Randomized,1.0
0.1,10.0,10.0,1,1,Randomized,1.0
0.1,10.0,10.0,1,1,Randomized,1.0
0.1,10.0,10.0,1,1,Randomized,1.0
0.1,10.0,10.0,1,1,Randomized,1.0
0.1,10.0,10.0,1,1,Randomized,1.0
0.1,10.0,10.0,1,1,Randomized,1.0
0.1,10.0,10.0,1,1,Randomized,1.0
0.1,10.0,10.0,1,1,Randomized,1.0
0.1,10.0,10.0,1,1,Randomized,1.0
0.1,10.0,10.0,1,1,Randomized,1.0
0.1,10.0,10.0,1,1,Randomized,1.0
0.1,10.0,10.0,1,1,Randomized,1.0
0.1,10.0,10.0,1,1,Randomized,1.0
0.1,10.0,10.0,1,1,Randomized,1.0
0.1,10.0,10.0,1,1,Randomized,1.0
0.1,10.0,10.0,1,1,Randomized,1.0
0.1,10.0,10.0,1,1,Randomized,1.0
0.1,10.0,10.0,1,1,Randomized,1.0
0.1,10.0,10.0,1,1,Randomized,1.0
0.1,10.0,10.0,1,1,Randomized,1.0
0.1,10.0,10.0,1,1,Randomized,1.0
0.1,10.0,10.0,1,1,Randomized,1.0
0.1,10.0,10.0,1,1,Randomized,1.0
0.1,10.0,10.0,1,1,Randomized,1.0
0.1,10.0,10.0,1,1,Randomized,1.0
0.1,10.0,10.0,1,1,Randomized,1.0
0.1,10.0,10.0,1,1,Randomized,1.0
0.1,10.0,10.0,1,0,Randomized,1.0
0.1,10.0,10.0,1,1,Randomized,1.0
0.1,10.0,10.0,1,1,Randomized,1.0
0.1,10.0,10.0,1,1,Randomized,1.0
0.1,10.0,10.0,1,1,Randomized,1.0
0.1,10.0,10.0,1,1,Randomized,1.0
0.1,10.0,10.0,1,1,Randomized,1.0
0.1,10.0,10.0,1,1,Randomized,1.0
0.1,10.0,10.0,1,1,Randomized,1.0
0.1,10.0,10.0,1,1,Randomized,1.0
0.1,10.0,10.0,1,1,Randomized,1.0
0.1,10.0,10.0,1,1,Randomized,1.0
0.1,10.0,10.0,1,1,Randomized,1.0
0.1,10.0,10.0,1,1,Randomized,1.0
0.1,10.0,10.0,1,1,Randomized,1.0
0.1,10.0,10.0,1,1,Randomized,1.0
0.1,10.0,10.0,1,1,Randomized,1.0
0.1,10.0,10.0,1,1,Randomized,1.0
0.1,10.0,10.0,1,1,Randomized,1.0
0.1,10.0,10.0,1,1,Randomized,1.0
0.1,10.0,10.0,1,1,Randomized,1.0
0.1,10.0,10.0,1,1,Randomized,1.0
0.1,10.0,10.0,1,1,Randomized,1.0
0.1,10.0,10.0,1,1,Randomized,1.0
0.1,10.0,10.0,1,1,Randomized,1.0
0.1,10.0,10.0,1,1,Randomized,1.0
0.1,10.0,10.0,1,1,Randomized,1.0
0.1,10.0,10.0,1,1,Randomized,1.0
0.1,10.0,10.0,1,1,Randomized,1.0
0.1,10.0,10.0,1,1,Randomized,1.0
0.1,10.0,10.0,1,1,Randomized,1.0
0.1,10.0,10.0,1,1,Randomized,1.0
0.1,10.0,10.0,1,1,Randomized,1.0
0.1,10.0,10.0,1,1,Randomized,1.0
0.1,10.0,10.0,1,1,Randomized,1.0
0.1,10.0,10.0,1,1,Randomized,1.0
0.1,10.0,10.0,1,1,Randomized,1.0
0.1,10.0,10.0,1,1,Randomized,1.0
0.1,10.0,10.0,1,1,Randomized,1.0
0.1,10.0,10.0,1,1,Randomized,1.0
0.1,10.0,10.0,1,1,Randomized,1.0
0.1,10.0,10.0,1,1,Randomized,1.0
0.1,10.0,10.0,1,1,Randomized,1.0
0.1,10.0,10.0,1,1,Randomized,1.0
0.1,10.0,10.0,1,1,Randomized,1.0
0.1,10.0,10.0,1,1,Randomized,1.0
0.1,10.0,10.0,1,1,Randomized,1.0
0.1,10.0,10.0,1,1,Randomized,1.0
0.1,10.0,10.0,1,1,Randomized,1.0
0.1,10.0,10.0,1,1,Randomized,1.0
0.1,10.0,10.0,1,1,Randomized,1.0
0.1,10.0,10.0,1,1,Randomized,1.0
0.1,10.0,10.0,1,1,Randomized,1.0
0.1,10.0,10.0,1,1,Randomized,1.0
0.1,10.0,10.0,1,1,Randomized,1.0
0.1,10.0,10.0,1,1,Randomized,1.0
0.1,10.0,10.0,1,1,Randomized,1.0
0.1,10.0,10.0,1,1,Randomized,1.0
0.1,10.0,10.0,1,1,Randomized,1.0
0.1,10.0,10.0,1,1,Randomized,1.0
0.1,10.0,10.0,1,1,Randomized,1.0
0.1,10.0,10.0,1,1,Randomized,1.0
0.1,10.0,10.0,1,1,Randomized,1.0
0.1,10.0,10.0,1,1,Randomized,1.0
0.1,10.0,10.0,1,1,Randomized,1.0
0.1,10.0,10.0,1,1,Randomized,1.0
0.1,10.0,10.0,1,1,Randomized,1.0
0.1,10.0,10.0,1,1,Randomized,1.0
0.1,10.0,10.0,1,1,Randomized,1.0
0.1,10.0,10.0,1,1,Randomized,1.0
0.1,10.0,10.0,1,1,Randomized,1.0
0.1,10.0,10.0,1,1,Randomized,1.0
0.1,10.0,10.0,1,1,Randomized,1.0
0.1,10.0,10.0,1,1,Randomized,1.0
0.1,10.0,10.0,1,1,Randomized,1.0
0.1,10.0,10.0,1,1,Randomized,1.0
0.1,10.0,10.0,1,1,Randomized,1.0
0.1,10.0,10.0,1,1,Randomized,1.0
0.1,10.0,10.0,1,1,Randomized,1.0
0.1,10.0,10.0,1,1,Randomized,1.0
0.1,10.0,10.0,1,1,Randomized,1.0
0.1,10.0,10.0,1,1,Randomized,1.0
0.1,10.0,10.0,1,1,Randomized,1.0
0.1,10.0,10.0,1,1,Randomized,1.0
0.1,10.0,10.0,1,1,Randomized,1.0
0.1,10.0,10.0,1,1,Randomized,1.0
0.1,10.0,10.0,1,1,Randomized,1.0
0.1,10.0,10.0,1,1,Randomized,1.0
0.1,10.0,10.0,1,1,Randomized,1.0
0.1,10.0,10.0,1,1,Randomized,1.0
0.1,10.0,10.0,1,1,Randomized,1.0
0.1,10.0,10.0,1,1,Randomized,1.0
0.1,10.0,10.0,1,1,Randomized,1.0
0.1,10.0,10.0,1,1,Randomized,1.0
0.1,10.0,10.0,1,1,Randomized,1.0
0.1,10.0,10.0,1,1,Randomized,1.0
0.1,10.0,10.0,1,1,Randomized,1.0
0.1,10.0,10.0,1,1,Randomized,1.0
0.1,10.0,10.0,1,1,Randomized,1.0
0.1,10.0,10.0,1,1,Randomized,1.0
0.1,10.0,10.0,1,1,Randomized,1.0
0.1,10.0,10.0,1,1,Randomized,1.0
0.1,10.0,10.0,1,1,Randomized,1.0
0.1,10.0,10.0,1,1,Randomized,1.0
0.1,10.0,10.0,1,1,Randomized,1.0
0.1,10.0,10.0,1,1,Randomized,1.0
0.1,10.0,10.0,1,1,Randomized,1.0
0.1,10.0,10.0,1,1,Randomized,1.0
0.1,10.0,10.0,1,1,Randomized,1.0
0.1,10.0,10.0,1,1,Randomized,1.0
0.1,10.0,10.0,1,1,Randomized,1.0
0.1,10.0,10.0,1,1,Randomized,1.0
0.1,10.0,10.0,1,1,Randomized,1.0
0.1,10.0,10.0,1,1,Randomized,1.0
0.1,10.0,10.0,1,1,Randomized,1.0
0.1,10.0,10.0,1,1,Randomized,1.0
0.1,10.0,10.0,1,1,Randomized,1.0
0.1,10.0,10.0,1,1,Randomized,1.0
0.1,10.0,10.0,1,1,Randomized,1.0
0.1,10.0,10.0,1,1,Randomized,1.0
0.1,10.0,10.0,1,1,Randomized,1.0
0.1,10.0,10.0,1,1,Randomized,1.0
0.1,10.0,10.0,1,1,Randomized,1.0
0.1,10.0,10.0,1,1,Randomized,1.0
0.1,10.0,10.0,1,1,Randomized,1.0
0.1,10.0,10.0,1,1,Randomized,1.0
0.1,10.0,10.0,1,1,Randomized,1.0
0.1,10.0,10.0,1,1,Randomized,1.0
0.1,10.0,10.0,1,1,Randomized,1.0
0.1,10.0,10.0,1,1,Randomized,1.0
0.1,10.0,10.0,1,1,Randomized,1.0
0.1,10.0,10.0,1,1,Randomized,1.0
0.1,10.0,10.0,1,1,Randomized,1.0
0.1,10.0,10.0,1,1,Randomized,1.0
0.1,10.0,10.0,1,1,Randomized,1.0
0.1,10.0,10.0,1,1,Randomized,1.0
0.1,10.0,10.0,1,1,Randomized,1.0
0.1,10.0,10.0,1,1,Randomized,1.0
0.1,10.0,10.0,1,1,Randomized,1.0
0.1,10.0,10.0,1,1,Randomized,1.0
0.1,10.0,10.0,1,1,Randomized,1.0
0.1,10.0,10.0,1,1,Randomized,1.0
0.1,10.0,10.0,1,1,Randomized,1.0
0.1,10.0,10.0,1,1,Randomized,1.0
0.1,10.0,10.0,1,1,Randomized,1.0
0.1,10.0,10.0,1,1,Randomized,1.0
0.1,10.0,10.0,1,1,Randomized,1.0
0.1,10.0,10.0,1,1,Randomized,1.0
0.1,10.0,10.0,1,1,Randomized,1.0
0.1,10.0,10.0,1,1,Randomized,1.0
0.1,10.0,10.0,1,1,Randomized,1.0
0.1,10.0,10.0,1,1,Randomized,1.0
0.1,10.0,10.0,1,1,Randomized,1.0
0.1,10.0,10.0,1,1,Randomized,1.0
0.1,10.0,10.0,1,1,Randomized,1.0
0.1,10.0,10.0,1,1,Randomized,1.0
0.1,10.0,10.0,1,1,Randomized,1.0
0.1,10.0,10.0,1,1,Randomized,1.0
0.1,10.0,10.0,1,1,Randomized,1.0
0.1,10.0,10.0,1,1,Randomized,1.0
0.1,10.0,10.0,1,1,Randomized,1.0
0.1,10.0,10.0,1,1,Randomized,1.0
0.1,10.0,10.0,1,1,Randomized,1.0
0.1,10.0,10.0,1,1,Randomized,1.0
0.1,10.0,10.0,1,1,Randomized,1.0
0.1,10.0,10.0,1,1,Randomized,1.0
0.1,10.0,10.0,1,1,Randomized,1.0
0.1,10.0,10.0,1,1,Randomized,1.0
0.1,10.0,10.0,1,1,Randomized,1.0
0.1,10.0,10.0,1,1,Randomized,1.0
0.1,10.0,10.0,1,1,Randomized,1.0
0.1,10.0,10.0,1,1,Randomized,1.0
0.1,10.0,10.0,1,1,Randomized,1.0
0.1,10.0,10.0,1,1,Randomized,1.0
0.1,10.0,10.0,1,1,Randomized,1.0
0.1,10.0,10.0,1,1,Randomized,1.0
0.1,10.0,10.0,1,1,Randomized,1.0
0.1,10.0,10.0,1,1,Randomized,1.0
0.1,10.0,10.0,1,1,Randomized,1.0
0.1,10.0,10.0,1,1,Randomized,1.0
0.1,10.0,10.0,1,1,Randomized,1.0
0.1,10.0,10.0,1,1,Randomized,1.0
0.1,10.0,10.0,1,1,Randomized,1.0
0.1,10.0,10.0,1,1,Randomized,1.0
0.1,10.0,10.0,1,1,Randomized,1.0
0.1,10.0,10.0,1,1,Randomized,1.0
0.1,10.0,10.0,1,1,Randomized,1.0
0.1,10.0,10.0,1,1,Randomized,1.0
0.1,10.0,10.0,1,1,Randomized,1.0
0.1,10.0,10.0,1,1,Randomized,1.0
0.1,10.0,10.0,1,1,Randomized,1.0
0.1,10.0,10.0,1,1,Randomized,1.0
0.1,10.0,10.0,1,1,Randomized,1.0
0.1,10.0,10.0,1,1,Randomized,1.0
0.1,10.0,10.0,1,1,Randomized,1.0
0.1,10.0,10.0,1,1,Randomized,1.0
0.1,10.0,10.0,1,1,Randomized,1.0
0.1,10.0,10.0,1,1,Randomized,1.0
0.1,10.0,10.0,1,1,Randomized,1.0
0.1,10.0,10.0,1,1,Randomized,1.0
0.1,10.0,10.0,1,1,Randomized,1.0
0.1,10.0,10.0,1,1,Randomized,1.0
0.1,10.0,10.0,1,1,Randomized,1.0
0.1,10.0,10.0,1,1,Randomized,1.0
0.1,10.0,10.0,1,1,Randomized,1.0
0.1,10.0,10.0,1,1,Randomized,1.0
0.1,10.0,10.0,1,1,Randomized,1.0
0.1,10.0,10.0,1,1,Randomized,1.0
0.1,10.0,10.0,1,1,Randomized,1.0
0.1,10.0,10.0,1,1,Randomized,1.0
0.1,10.0,10.0,1,1,Randomized,1.0
0.1,10.0,10.0,1,1,Randomized,1.0
0.1,10.0,10.0,1,1,Randomized,1.0
0.1,10.0,10.0,1,1,Randomized,1.0
0.1,10.0,10.0,1,1,Randomized,1.0
0.1,10.0,10.0,1,1,Randomized,1.0
0.1,10.0,10.0,1,1,Randomized,1.0
0.1,10.0,10.0,1,1,Randomized,1.0
0.1,10.0,10.0,1,1,Randomized,1.0
0.1,10.0,10.0,1,1,Randomized,1.0
0.1,10.0,10.0,1,1,Randomized,1.0
0.1,10.0,10.0,1,1,Randomized,1.0
0.1,10.0,10.0,1,1,Randomized,1.0
0.1,10.0,10.0,1,1,Randomized,1.0
0.1,10.0,10.0,1,1,Randomized,1.0
0.1,10.0,10.0,1,1,Randomized,1.0
0.1,10.0,10.0,1,1,Randomized,1.0
0.1,10.0,10.0,1,1,Randomized,1.0
0.1,10.0,10.0,1,1,Randomized,1.0
0.1,10.0,10.0,1,1,Randomized,1.0
0.1,10.0,10.0,1,1,Randomized,1.0
0.1,10.0,10.0,1,1,Randomized,1.0
0.1,10.0,10.0,1,1,Randomized,1.0
0.1,10.0,10.0,1,1,Randomized,1.0
0.1,10.0,10.0,1,1,Randomized,1.0
0.1,10.0,10.0,1,1,Randomized,1.0
0.1,10.0,10.0,1,1,Randomized,1.0
0.1,10.0,10.0,1,1,Randomized,1.0
0.1,10.0,10.0,1,1,Randomized,1.0
0.1,10.0,10.0,1,1,Randomized,1.0
0.1,10.0,10.0,1,1,Randomized,1.0
0.1,10.0,10.0,1,1,Randomized,1.0
0.1,10.0,10.0,1,1,Randomized,1.0
0.1,10.0,10.0,1,1,Randomized,1.0
0.1,10.0,10.0,1,1,Randomized,1.0
0.1,10.0,10.0,1,1,Randomized,1.0
0.1,10.0,10.0,1,1,Randomized,1.0
0.1,10.0,10.0,1,1,Randomized,1.0
0.1,10.0,10.0,1,1,Randomized,1.0
0.1,10.0,10.0,1,1,Randomized,1.0
0.1,10.0,10.0,1,1,Randomized,1.0
0.1,10.0,10.0,1,1,Randomized,1.0
0.1,10.0,10.0,1,1,Randomized,1.0
0.1,10.0,10.0,1,1,Randomized,1.0
0.1,10.0,10.0,1,1,Randomized,1.0
0.1,10.0,10.0,1,1,Randomized,1.0
0.1,10.0,10.0,1,1,Randomized,1.0
0.1,10.0,10.0,1,1,Randomized,1.0
0.1,10.0,10.0,1,1,Randomized,1.0
0.1,10.0,10.0,1,1,Randomized,1.0
0.1,10.0,10.0,1,1,Randomized,1.0
0.1,10.0,10.0,1,1,Randomized,1.0
0.1,10.0,10.0,1,1,Randomized,1.0
0.1,10.0,10.0,1,1,Randomized,1.0
0.1,10.0,10.0,1,0,Randomized,1.0
0.1,10.0,10.0,1,1,Randomized,1.0
0.1,10.0,10.0,1,1,Randomized,1.0
0.1,10.0,10.0,1,1,Randomized,1.0
0.1,10.0,10.0,1,1,Randomized,1.0
0.1,10.0,10.0,1,1,Randomized,1.0
0.1,10.0,10.0,1,1,Randomized,1.0
0.1,10.0,10.0,1,1,Randomized,1.0
0.1,10.0,10.0,1,1,Randomized,1.0
0.1,10.0,10.0,1,1,Randomized,1.0
0.1,10.0,10.0,1,1,Randomized,1.0
0.1,10.0,10.0,1,1,Randomized,1.0
0.1,10.0,10.0,1,1,Randomized,1.0
0.1,10.0,10.0,1,1,Randomized,1.0
0.1,10.0,10.0,1,1,Randomized,1.0
0.1,10.0,10.0,1,1,Randomized,1.0
0.1,10.0,10.0,1,1,Randomized,1.0
0.1,10.0,10.0,1,1,Randomized,1.0
0.1,10.0,10.0,1,1,Randomized,1.0
0.1,10.0,10.0,1,1,Randomized,1.0
0.1,10.0,10.0,1,1,Randomized,1.0
0.1,10.0,10.0,1,1,Randomized,1.0
0.1,10.0,10.0,1,1,Randomized,1.0
0.1,10.0,10.0,1,1,Randomized,1.0
0.1,10.0,10.0,1,1,Randomized,1.0
0.1,10.0,10.0,1,1,Randomized,1.0
0.1,10.0,10.0,1,1,Randomized,1.0
0.1,10.0,10.0,1,1,Randomized,1.0
0.1,10.0,10.0,1,1,Randomized,1.0
0.1,10.0,10.0,1,1,Randomized,1.0
0.1,10.0,10.0,1,1,Randomized,1.0
0.1,10.0,10.0,1,1,Randomized,1.0
0.1,10.0,10.0,1,1,Randomized,1.0
0.1,10.0,10.0,1,1,Randomized,1.0
0.1,10.0,10.0,1,1,Randomized,1.0
0.1,10.0,10.0,1,1,Randomized,1.0
0.1,10.0,10.0,1,1,Randomized,1.0
0.1,10.0,10.0,1,1,Randomized,1.0
0.1,10.0,10.0,1,1,Randomized,1.0
0.1,10.0,10.0,1,1,Randomized,1.0
0.1,10.0,10.0,1,1,Randomized,1.0
0.1,10.0,10.0,1,1,Randomized,1.0
0.1,10.0,10.0,1,1,Randomized,1.0
0.1,10.0,10.0,1,1,Randomized,1.0
0.1,10.0,10.0,1,1,Randomized,1.0
0.1,10.0,10.0,1,1,Randomized,1.0
0.1,10.0,10.0,1,1,Randomized,1.0
0.1,10.0,10.0,1,1,Randomized,1.0
0.1,10.0,10.0,1,1,Randomized,1.0
0.1,10.0,10.0,1,1,Randomized,1.0
0.1,10.0,10.0,1,1,Randomized,1.0
0.1,10.0,10.0,1,1,Randomized,1.0
0.1,10.0,10.0,1,1,Randomized,1.0
0.1,10.0,10.0,1,1,Randomized,1.0
0.1,10.0,10.0,1,1,Randomized,1.0
0.1,10.0,10.0,1,1,Randomized,1.0
0.1,10.0,10.0,1,1,Randomized,1.0
0.1,10.0,10.0,1,1,Randomized,1.0
0.1,10.0,10.0,1,1,Randomized,1.0
0.1,10.0,10.0,1,1,Randomized,1.0
0.1,10.0,10.0,1,1,Randomized,1.0
0.1,10.0,10.0,1,1,Randomized,1.0
0.1,10.0,10.0,1,1,Randomized,1.0
0.1,10.0,10.0,1,1,Randomized,1.0
0.1,10.0,10.0,1,1,Randomized,1.0
0.1,10.0,10.0,1,1,Randomized,1.0
0.1,10.0,10.0,1,1,Randomized,1.0
0.1,10.0,10.0,1,1,Randomized,1.0
0.1,10.0,10.0,1,1,Randomized,1.0
0.1,10.0,10.0,1,1,Randomized,1.0
0.1,10.0,10.0,1,1,Randomized,1.0
0.1,10.0,10.0,1,1,Randomized,1.0
0.1,10.0,10.0,1,0,Randomized,1.0
0.1,10.0,10.0,1,1,Randomized,1.0
0.1,10.0,10.0,1,1,Randomized,1.0
0.1,10.0,10.0,1,1,Randomized,1.0
0.1,10.0,10.0,1,1,Randomized,1.0
0.1,10.0,10.0,1,1,Randomized,1.0
0.1,10.0,10.0,1,1,Randomized,1.0
0.1,10.0,10.0,1,1,Randomized,1.0
0.1,10.0,10.0,1,1,Randomized,1.0
0.1,10.0,10.0,1,1,Randomized,1.0
0.1,10.0,10.0,1,1,Randomized,1.0
0.1,10.0,10.0,1,1,Randomized,1.0
0.1,10.0,10.0,1,1,Randomized,1.0
0.1,10.0,10.0,1,1,Randomized,1.0
0.1,10.0,10.0,1,1,Randomized,1.0
0.1,10.0,10.0,1,1,Randomized,1.0
0.1,10.0,10.0,1,1,Randomized,1.0
0.1,10.0,10.0,1,1,Randomized,1.0
0.1,10.0,10.0,1,1,Randomized,1.0
0.1,10.0,10.0,1,1,Randomized,1.0
0.1,10.0,10.0,1,1,Randomized,1.0
0.1,10.0,10.0,1,1,Randomized,1.0
0.1,10.0,10.0,1,1,Randomized,1.0
0.1,10.0,10.0,1,1,Randomized,1.0
0.1,10.0,10.0,1,1,Randomized,1.0
0.1,10.0,10.0,1,1,Randomized,1.0
0.1,10.0,10.0,1,1,Randomized,1.0
0.1,10.0,10.0,1,1,Randomized,1.0
0.1,10.0,10.0,1,1,Randomized,1.0
0.1,10.0,10.0,1,1,Randomized,1.0
0.1,10.0,10.0,1,1,Randomized,1.0
0.1,10.0,10.0,1,1,Randomized,1.0
0.1,10.0,10.0,1,1,Randomized,1.0
0.1,10.0,10.0,1,1,Randomized,1.0
0.1,10.0,10.0,1,1,Randomized,1.0
0.1,10.0,10.0,1,1,Randomized,1.0
0.1,10.0,10.0,1,1,Randomized,1.0
0.1,10.0,10.0,1,1,Randomized,1.0
0.1,10.0,10.0,1,1,Randomized,1.0
0.1,10.0,10.0,1,1,Randomized,1.0
0.1,10.0,10.0,1,1,Randomized,1.0
0.1,10.0,10.0,1,1,Randomized,1.0
0.1,10.0,10.0,1,1,Randomized,1.0
0.1,10.0,10.0,1,1,Randomized,1.0
0.1,10.0,10.0,1,1,Randomized,1.0
0.1,10.0,10.0,1,1,Randomized,1.0
0.1,10.0,10.0,1,1,Randomized,1.0
0.1,10.0,10.0,1,1,Randomized,1.0
0.1,10.0,10.0,1,1,Randomized,1.0
0.1,10.0,10.0,1,1,Randomized,1.0
0.1,10.0,10.0,1,1,Randomized,1.0
0.1,10.0,10.0,1,1,Randomized,1.0
0.1,10.0,10.0,1,1,Randomized,1.0
0.1,10.0,10.0,1,1,Randomized,1.0
0.1,10.0,10.0,1,1,Randomized,1.0
0.1,10.0,10.0,1,1,Randomized,1.0
0.1,10.0,10.0,1,1,Randomized,1.0
0.1,10.0,10.0,1,1,Randomized,1.0
0.1,10.0,10.0,1,1,Randomized,1.0
0.1,10.0,10.0,1,1,Randomized,1.0
0.1,10.0,10.0,1,1,Randomized,1.0
0.1,10.0,10.0,1,1,Randomized,1.0
0.1,10.0,10.0,1,1,Randomized,1.0
0.1,10.0,10.0,1,1,Randomized,1.0
0.1,10.0,10.0,1,1,Randomized,1.0
0.1,10.0,10.0,1,1,Randomized,1.0
0.1,10.0,10.0,1,1,Randomized,1.0
0.1,10.0,10.0,1,1,Randomized,1.0
0.1,10.0,10.0,1,1,Randomized,1.0
0.1,10.0,10.0,1,1,Randomized,1.0
0.1,10.0,10.0,1,1,Randomized,1.0
0.1,10.0,10.0,1,1,Randomized,1.0
0.1,10.0,10.0,1,1,Randomized,1.0
0.1,10.0,10.0,1,1,Randomized,1.0
0.1,10.0,10.0,1,1,Randomized,1.0
0.1,10.0,10.0,1,1,Randomized,1.0
0.1,10.0,10.0,1,1,Randomized,1.0
0.1,10.0,10.0,1,1,Randomized,1.0
0.1,10.0,10.0,1,1,Randomized,1.0
0.1,10.0,10.0,1,1,Randomized,1.0
0.1,10.0,10.0,1,1,Randomized,1.0
0.1,10.0,10.0,1,1,Randomized,1.0
0.1,10.0,10.0,1,1,Randomized,1.0
0.1,10.0,10.0,1,1,Randomized,1.0
0.1,10.0,10.0,1,1,Randomized,1.0
0.1,10.0,10.0,1,1,Randomized,1.0
0.1,10.0,10.0,1,1,Randomized,1.0
0.1,10.0,10.0,1,1,Randomized,1.0
0.1,10.0,10.0,1,1,Randomized,1.0
0.1,10.0,10.0,1,1,Randomized,1.0
0.1,10.0,10.0,1,1,Randomized,1.0
0.1,10.0,10.0,1,1,Randomized,1.0
0.1,10.0,10.0,1,1,Randomized,1.0
0.1,10.0,10.0,1,1,Randomized,1.0
0.1,10.0,10.0,1,1,Randomized,1.0
0.1,10.0,10.0,1,1,Randomized,1.0
0.1,10.0,10.0,1,1,Randomized,1.0
0.1,10.0,10.0,1,1,Randomized,1.0
0.1,10.0,10.0,1,1,Randomized,1.0
0.1,10.0,10.0,1,1,Randomized,1.0
0.1,10.0,10.0,1,1,Randomized,1.0
0.1,10.0,10.0,1,0,Randomized,1.0
0.1,10.0,10.0,1,1,Randomized,1.0
0.1,10.0,10.0,1,1,Randomized,1.0
0.1,10.0,10.0,1,1,Randomized,1.0
0.1,10.0,10.0,1,1,Randomized,1.0
0.1,10.0,10.0,1,1,Randomized,1.0
0.1,10.0,10.0,1,1,Randomized,1.0
0.1,10.0,10.0,1,1,Randomized,1.0
0.1,10.0,10.0,1,1,Randomized,1.0
0.1,10.0,10.0,1,1,Randomized,1.0
0.1,10.0,10.0,1,1,Randomized,1.0
0.1,10.0,10.0,1,1,Randomized,1.0
0.1,10.0,10.0,1,1,Randomized,1.0
0.1,10.0,10.0,1,1,Randomized,1.0
0.1,10.0,10.0,1,1,Randomized,1.0
0.1,10.0,10.0,1,1,Randomized,1.0
0.1,10.0,10.0,1,1,Randomized,1.0
0.1,10.0,10.0,1,1,Randomized,1.0
0.1,10.0,10.0,1,1,Randomized,1.0
0.1,10.0,10.0,1,1,Randomized,1.0
0.1,10.0,10.0,1,1,Randomized,1.0
0.1,10.0,10.0,1,0,Randomized,1.0
0.1,10.0,10.0,1,1,Randomized,1.0
0.1,10.0,10.0,1,1,Randomized,1.0
0.1,10.0,10.0,1,1,Randomized,1.0
0.1,10.0,10.0,1,1,Randomized,1.0
0.1,10.0,10.0,1,1,Randomized,1.0
0.1,10.0,10.0,1,1,Randomized,1.0
0.1,10.0,10.0,1,1,Randomized,1.0
0.1,10.0,10.0,1,1,Randomized,1.0
0.1,10.0,10.0,1,1,Randomized,1.0
0.1,10.0,10.0,1,1,Randomized,1.0
0.1,10.0,10.0,1,1,Randomized,1.0
0.1,10.0,10.0,1,1,Randomized,1.0
0.1,10.0,10.0,1,1,Randomized,1.0
0.1,10.0,10.0,1,1,Randomized,1.0
0.1,10.0,10.0,1,1,Randomized,1.0
0.1,10.0,10.0,1,1,Randomized,1.0
0.1,10.0,10.0,1,1,Randomized,1.0
0.1,10.0,10.0,1,1,Randomized,1.0
0.1,10.0,10.0,1,1,Randomized,1.0
0.1,10.0,10.0,1,1,Randomized,1.0
0.1,10.0,10.0,1,1,Randomized,1.0
0.1,10.0,10.0,1,1,Randomized,1.0
0.1,10.0,10.0,1,1,Randomized,1.0
0.1,10.0,10.0,1,1,Randomized,1.0
0.1,10.0,10.0,1,1,Randomized,1.0
0.1,10.0,10.0,1,1,Randomized,1.0
0.1,10.0,10.0,1,1,Randomized,1.0
0.1,10.0,10.0,1,1,Randomized,1.0
0.1,10.0,10.0,1,1,Randomized,1.0
0.1,10.0,10.0,1,1,Randomized,1.0
0.1,10.0,10.0,1,1,Randomized,1.0
0.1,10.0,10.0,1,1,Randomized,1.0
0.1,10.0,10.0,1,1,Randomized,1.0
0.1,10.0,10.0,1,1,Randomized,1.0
0.1,10.0,10.0,1,1,Randomized,1.0
0.1,10.0,10.0,1,1,Randomized,1.0
0.1,10.0,10.0,1,1,Randomized,1.0
0.1,10.0,10.0,1,1,Randomized,1.0
0.1,10.0,10.0,1,1,Randomized,1.0
0.1,10.0,10.0,1,1,Randomized,1.0
0.1,10.0,10.0,1,1,Randomized,1.0
0.1,10.0,10.0,1,1,Randomized,1.0
0.1,10.0,10.0,1,1,Randomized,1.0
0.1,10.0,10.0,1,1,Randomized,1.0
0.1,10.0,10.0,1,1,Randomized,1.0
0.1,10.0,10.0,1,1,Randomized,1.0
0.1,10.0,10.0,1,1,Randomized,1.0
0.1,10.0,10.0,1,1,Randomized,1.0
0.1,10.0,10.0,1,1,Randomized,1.0
0.1,10.0,10.0,1,1,Randomized,1.0
0.1,10.0,10.0,1,1,Randomized,1.0
0.1,10.0,9.090909090909092,0,0,Randomized,1.0
0.1,10.0,10.0,1,1,Randomized,1.0
0.1,10.0,10.0,1,1,Randomized,1.0
0.1,10.0,10.0,1,1,Randomized,1.0
0.1,10.0,10.0,1,1,Randomized,1.0
0.1,10.0,10.0,1,1,Randomized,1.0
0.1,10.0,10.0,1,1,Randomized,1.0
0.1,10.0,10.0,1,1,Randomized,1.0
0.1,10.0,10.0,1,1,Randomized,1.0
0.1,10.0,10.0,1,1,Randomized,1.0
0.1,10.0,10.0,1,1,Randomized,1.0
0.1,10.0,10.0,1,1,Randomized,1.0
0.1,10.0,10.0,1,1,Randomized,1.0
0.1,10.0,10.0,1,1,Randomized,1.0
0.1,10.0,10.0,1,1,Randomized,1.0
0.1,10.0,10.0,1,1,Randomized,1.0
0.1,10.0,10.0,1,1,Randomized,1.0
0.1,10.0,10.0,1,1,Randomized,1.0
0.1,10.0,10.0,1,1,Randomized,1.0
0.1,10.0,10.0,1,1,Randomized,1.0
0.1,10.0,10.0,1,1,Randomized,1.0
0.1,10.0,10.0,1,1,Randomized,1.0
0.1,10.0,10.0,1,1,Randomized,1.0
0.1,10.0,10.0,1,1,Randomized,1.0
0.1,10.0,10.0,1,1,Randomized,1.0
0.1,10.0,10.0,1,1,Randomized,1.0
0.1,10.0,10.0,1,1,Randomized,1.0
0.1,10.0,10.0,1,1,Randomized,1.0
0.1,10.0,10.0,1,1,Randomized,1.0
0.1,10.0,10.0,1,1,Randomized,1.0
0.1,10.0,10.0,1,1,Randomized,1.0
0.1,10.0,10.0,1,1,Randomized,1.0
0.1,10.0,10.0,1,1,Randomized,1.0
0.1,10.0,10.0,1,1,Randomized,1.0
0.1,10.0,10.0,1,1,Randomized,1.0
0.1,10.0,10.0,1,1,Randomized,1.0
0.1,10.0,10.0,1,1,Randomized,1.0
0.1,10.0,10.0,1,1,Randomized,1.0
0.1,10.0,10.0,1,1,Randomized,1.0
0.1,10.0,10.0,1,1,Randomized,1.0
0.1,10.0,10.0,1,1,Randomized,1.0
0.1,10.0,10.0,1,1,Randomized,1.0
0.1,10.0,10.0,1,1,Randomized,1.0
0.1,10.0,10.0,1,1,Randomized,1.0
0.1,10.0,10.0,1,1,Randomized,1.0
0.1,10.0,10.0,1,1,Randomized,1.0
0.1,10.0,10.0,1,1,Randomized,1.0
0.1,10.0,10.0,1,1,Randomized,1.0
0.1,10.0,10.0,1,1,Randomized,1.0
0.1,10.0,10.0,1,1,Randomized,1.0
0.1,10.0,10.0,1,1,Randomized,1.0
0.1,10.0,10.0,1,1,Randomized,1.0
0.1,10.0,10.0,1,1,Randomized,1.0
0.1,10.0,10.0,1,1,Randomized,1.0
0.1,10.0,10.0,1,1,Randomized,1.0
0.1,10.0,10.0,1,1,Randomized,1.0
0.1,10.0,10.0,1,1,Randomized,1.0
0.1,10.0,10.0,1,1,Randomized,1.0
0.1,10.0,10.0,1,1,Randomized,1.0
0.1,10.0,10.0,1,1,Randomized,1.0
0.1,10.0,10.0,1,1,Randomized,1.0
0.1,10.0,10.0,1,1,Randomized,1.0
0.1,10.0,10.0,1,1,Randomized,1.0
0.1,10.0,10.0,1,1,Randomized,1.0
0.1,10.0,10.0,1,1,Randomized,1.0
0.1,10.0,10.0,1,1,Randomized,1.0
0.1,10.0,10.0,1,1,Randomized,1.0
0.1,10.0,10.0,1,1,Randomized,1.0
0.1,10.0,10.0,1,1,Randomized,1.0
0.1,10.0,10.0,1,1,Randomized,1.0
0.1,10.0,10.0,1,1,Randomized,1.0
0.1,10.0,10.0,1,1,Randomized,1.0
0.1,10.0,10.0,1,1,Randomized,1.0
0.1,10.0,10.0,1,1,Randomized,1.0
0.1,10.0,10.0,1,1,Randomized,1.0
0.1,10.0,10.0,1,1,Randomized,1.0
0.1,10.0,10.0,1,1,Randomized,1.0
0.1,10.0,10.0,1,1,Randomized,1.0
0.1,10.0,10.0,1,1,Randomized,1.0
0.1,10.0,10.0,1,1,Randomized,1.0
0.1,10.0,10.0,1,1,Randomized,1.0
0.1,10.0,10.0,1,1,Randomized,1.0
0.1,10.0,10.0,1,1,Randomized,1.0
0.1,10.0,10.0,1,1,Randomized,1.0
0.1,10.0,10.0,1,1,Randomized,1.0
0.1,10.0,10.0,1,1,Randomized,1.0
0.1,10.0,10.0,1,1,Randomized,1.0
0.1,10.0,10.0,1,1,Randomized,1.0
0.1,10.0,10.0,1,1,Randomized,1.0
0.1,10.0,10.0,1,1,Randomized,1.0
0.1,10.0,10.0,1,1,Randomized,1.0
0.1,10.0,10.0,1,1,Randomized,1.0
0.1,10.0,10.0,1,1,Randomized,1.0
0.1,10.0,10.0,1,1,Randomized,1.0
0.1,10.0,10.0,1,1,Randomized,1.0
0.1,10.0,10.0,1,1,Randomized,1.0
0.1,10.0,10.0,1,1,Randomized,1.0
0.1,10.0,10.0,1,1,Randomized,1.0
0.1,10.0,10.0,1,1,Randomized,1.0
0.1,10.0,10.0,1,1,Randomized,1.0
0.1,10.0,10.0,1,1,Randomized,1.0
0.1,10.0,10.0,1,1,Randomized,1.0
0.1,10.0,10.0,1,1,Randomized,1.0
0.1,10.0,10.0,1,1,Randomized,1.0
0.1,10.0,10.0,1,1,Randomized,1.0
0.1,10.0,10.0,1,1,Randomized,1.0
0.1,10.0,10.0,1,1,Randomized,1.0
0.1,10.0,10.0,1,1,Randomized,1.0
0.1,10.0,10.0,1,1,Randomized,1.0
0.1,10.0,10.0,1,1,Randomized,1.0
0.1,10.0,10.0,1,1,Randomized,1.0
0.1,10.0,10.0,1,1,Randomized,1.0
0.1,10.0,10.0,1,1,Randomized,1.0
0.1,10.0,10.0,1,1,Randomized,1.0
0.1,10.0,10.0,1,1,Randomized,1.0
0.1,10.0,10.0,1,1,Randomized,1.0
0.1,10.0,10.0,1,1,Randomized,1.0
0.1,10.0,10.0,1,1,Randomized,1.0
0.1,10.0,10.0,1,1,Randomized,1.0
0.1,10.0,10.0,1,1,Randomized,1.0
0.1,10.0,10.0,1,1,Randomized,1.0
0.1,10.0,10.0,1,1,Randomized,1.0
0.1,10.0,10.0,1,1,Randomized,1.0
0.1,10.0,10.0,1,1,Randomized,1.0
0.1,10.0,10.0,1,1,Randomized,1.0
0.1,10.0,10.0,1,1,Randomized,1.0
0.1,10.0,10.0,1,1,Randomized,1.0
0.1,10.0,10.0,1,1,Randomized,1.0
0.1,10.0,10.0,1,1,Randomized,1.0
0.1,10.0,10.0,1,1,Randomized,1.0
0.1,10.0,10.0,1,1,Randomized,1.0
0.1,10.0,10.0,1,1,Randomized,1.0
0.1,10.0,10.0,1,1,Randomized,1.0
0.1,10.0,10.0,1,1,Randomized,1.0
0.1,10.0,10.0,1,1,Randomized,1.0
0.1,10.0,10.0,1,1,Randomized,1.0
0.1,10.0,10.0,1,1,Randomized,1.0
0.1,10.0,10.0,1,1,Randomized,1.0
0.1,10.0,10.0,1,1,Randomized,1.0
0.1,10.0,10.0,1,1,Randomized,1.0
0.1,10.0,10.0,1,1,Randomized,1.0
0.1,10.0,10.0,1,1,Randomized,1.0
0.1,10.0,10.0,1,1,Randomized,1.0
0.1,10.0,10.0,1,1,Randomized,1.0
0.1,10.0,10.0,1,1,Randomized,1.0
0.1,10.0,10.0,1,1,Randomized,1.0
0.1,10.0,10.0,1,1,Randomized,1.0
0.1,10.0,10.0,1,1,Randomized,1.0
0.1,10.0,10.0,1,1,Randomized,1.0
0.1,10.0,10.0,1,1,Randomized,1.0
0.1,10.0,10.0,1,1,Randomized,1.0
0.1,10.0,10.0,1,1,Randomized,1.0
0.1,10.0,10.0,1,1,Randomized,1.0
0.1,10.0,10.0,1,1,Randomized,1.0
0.1,10.0,10.0,1,1,Randomized,1.0
0.1,10.0,10.0,1,1,Randomized,1.0
0.1,10.0,10.0,1,1,Randomized,1.0
0.1,10.0,10.0,1,1,Randomized,1.0
0.1,10.0,10.0,1,1,Randomized,1.0
0.1,10.0,10.0,1,1,Randomized,1.0
0.1,10.0,10.0,1,1,Randomized,1.0
0.1,10.0,10.0,1,1,Randomized,1.0
0.1,10.0,10.0,1,1,Randomized,1.0
0.1,10.0,10.0,1,1,Randomized,1.0
0.1,10.0,10.0,1,1,Randomized,1.0
0.1,10.0,10.0,1,1,Randomized,1.0
0.1,10.0,10.0,1,1,Randomized,1.0
0.1,10.0,10.0,1,1,Randomized,1.0
0.1,10.0,10.0,1,1,Randomized,1.0
0.1,10.0,10.0,1,1,Randomized,1.0
0.1,10.0,10.0,1,1,Randomized,1.0
0.1,10.0,10.0,1,1,Randomized,1.0
0.1,10.0,10.0,1,1,Randomized,1.0
0.1,10.0,10.0,1,1,Randomized,1.0
0.1,10.0,10.0,1,1,Randomized,1.0
0.1,10.0,10.0,1,1,Randomized,1.0
0.1,10.0,10.0,1,1,Randomized,1.0
0.1,10.0,10.0,1,1,Randomized,1.0
0.1,10.0,10.0,1,1,Randomized,1.0
0.1,10.0,10.0,1,1,Randomized,1.0
0.1,10.0,10.0,1,1,Randomized,1.0
0.1,10.0,10.0,1,1,Randomized,1.0
0.1,10.0,10.0,1,1,Randomized,1.0
0.1,10.0,10.0,1,1,Randomized,1.0
0.1,10.0,10.0,1,1,Randomized,1.0
0.1,10.0,10.0,1,0,Randomized,1.0
0.1,10.0,10.0,1,1,Randomized,1.0
0.1,10.0,10.0,1,1,Randomized,1.0
0.1,10.0,10.0,1,1,Randomized,1.0
0.1,10.0,10.0,1,1,Randomized,1.0
0.1,10.0,10.0,1,1,Randomized,1.0
0.1,10.0,10.0,1,1,Randomized,1.0
0.1,10.0,10.0,1,1,Randomized,1.0
0.1,10.0,10.0,1,1,Randomized,1.0
0.1,10.0,10.0,1,1,Randomized,1.0
0.1,10.0,10.0,1,1,Randomized,1.0
0.1,10.0,10.0,1,1,Randomized,1.0
0.1,10.0,10.0,1,1,Randomized,1.0
0.1,10.0,10.0,1,1,Randomized,1.0
0.1,10.0,10.0,1,1,Randomized,1.0
0.1,10.0,10.0,1,1,Randomized,1.0
0.1,10.0,10.0,1,1,Randomized,1.0
0.1,10.0,10.0,1,1,Randomized,1.0
0.1,10.0,10.0,1,1,Randomized,1.0
0.1,10.0,10.0,1,1,Randomized,1.0
0.1,10.0,10.0,1,1,Randomized,1.0
0.1,10.0,10.0,1,1,Randomized,1.0
0.1,10.0,10.0,1,1,Randomized,1.0
0.1,10.0,10.0,1,1,Randomized,1.0
0.1,10.0,10.0,1,1,Randomized,1.0
0.1,10.0,10.0,1,1,Randomized,1.0
0.1,10.0,10.0,1,1,Randomized,1.0
0.1,10.0,10.0,1,1,Randomized,1.0
0.1,10.0,10.0,1,1,Randomized,1.0
0.1,10.0,10.0,1,1,Randomized,1.0
0.1,10.0,10.0,1,1,Randomized,1.0
0.1,10.0,10.0,1,1,Randomized,1.0
0.1,10.0,10.0,1,1,Randomized,1.0
0.1,10.0,10.0,1,1,Randomized,1.0
0.1,10.0,10.0,1,1,Randomized,1.0
0.1,10.0,10.0,1,1,Randomized,1.0
0.1,10.0,10.0,1,1,Randomized,1.0
0.1,10.0,10.0,1,1,Randomized,1.0
0.1,10.0,10.0,1,1,Randomized,1.0
0.1,10.0,10.0,1,1,Randomized,1.0
0.1,10.0,10.0,1,1,Randomized,1.0
0.1,10.0,10.0,1,1,Randomized,1.0
0.1,10.0,10.0,1,1,Randomized,1.0
0.1,10.0,10.0,1,1,Randomized,1.0
0.1,10.0,10.0,1,1,Randomized,1.0
0.1,10.0,10.0,1,1,Randomized,1.0
0.1,10.0,10.0,1,1,Randomized,1.0
0.1,10.0,10.0,1,1,Randomized,1.0
0.1,10.0,10.0,1,1,Randomized,1.0
0.1,10.0,10.0,1,1,Randomized,1.0
0.1,10.0,10.0,1,1,Randomized,1.0
0.1,10.0,10.0,1,1,Randomized,1.0
0.1,10.0,10.0,1,1,Randomized,1.0
0.1,10.0,10.0,1,1,Randomized,1.0
0.1,10.0,10.0,1,1,Randomized,1.0
0.1,10.0,10.0,1,1,Randomized,1.0
0.1,10.0,10.0,1,1,Randomized,1.0
0.1,10.0,10.0,1,1,Randomized,1.0
0.1,10.0,10.0,1,1,Randomized,1.0
0.1,10.0,10.0,1,1,Randomized,1.0
0.1,10.0,10.0,1,1,Randomized,1.0
0.1,10.0,10.0,1,1,Randomized,1.0
0.1,10.0,10.0,1,1,Randomized,1.0
0.1,10.0,10.0,1,1,Randomized,1.0
0.1,10.0,10.0,1,1,Randomized,1.0
0.1,10.0,10.0,1,1,Randomized,1.0
0.1,10.0,10.0,1,1,Randomized,1.0
0.1,10.0,10.0,1,1,Randomized,1.0
0.1,10.0,10.0,1,1,Randomized,1.0
0.1,10.0,10.0,1,1,Randomized,1.0
0.1,10.0,10.0,1,1,Randomized,1.0
0.1,10.0,10.0,1,1,Randomized,1.0
0.1,10.0,10.0,1,1,Randomized,1.0
0.1,10.0,10.0,1,1,Randomized,1.0
0.1,10.0,10.0,1,1,Randomized,1.0
0.1,10.0,10.0,1,1,Randomized,1.0
0.1,10.0,10.0,1,1,Randomized,1.0
0.1,10.0,10.0,1,1,Randomized,1.0
0.1,10.0,10.0,1,1,Randomized,1.0
0.1,10.0,10.0,1,1,Randomized,1.0
0.1,10.0,10.0,1,1,Randomized,1.0
0.1,10.0,10.0,1,1,Randomized,1.0
0.1,10.0,10.0,1,1,Randomized,1.0
0.1,10.0,10.0,1,1,Randomized,1.0
0.1,10.0,10.0,1,1,Randomized,1.0
0.1,10.0,10.0,1,1,Randomized,1.0
0.1,10.0,10.0,1,1,Randomized,1.0
0.1,10.0,10.0,1,1,Randomized,1.0
0.1,10.0,10.0,1,1,Randomized,1.0
0.1,10.0,10.0,1,1,Randomized,1.0
0.1,10.0,10.0,1,1,Randomized,1.0
0.1,10.0,10.0,1,1,Randomized,1.0
0.1,10.0,10.0,1,1,Randomized,1.0
0.1,10.0,10.0,1,1,Randomized,1.0
0.1,10.0,10.0,1,1,Randomized,1.0
0.1,10.0,10.0,1,1,Randomized,1.0
0.1,10.0,10.0,1,1,Randomized,1.0
0.1,10.0,10.0,1,1,Randomized,1.0
0.1,10.0,10.0,1,1,Randomized,1.0
0.1,10.0,10.0,1,1,Randomized,1.0
0.1,10.0,10.0,1,1,Randomized,1.0
0.1,10.0,10.0,1,1,Randomized,1.0
0.1,10.0,10.0,1,1,Randomized,1.0
0.1,10.0,10.0,1,1,Randomized,1.0
0.1,10.0,10.0,1,1,Randomized,1.0
0.1,10.0,9.090909090909092,1,0,Randomized,1.0
0.1,10.0,10.0,1,1,Randomized,1.0
0.1,10.0,10.0,1,1,Randomized,1.0
0.1,10.0,10.0,1,1,Randomized,1.0
0.1,10.0,10.0,1,1,Randomized,1.0
0.1,10.0,10.0,1,1,Randomized,1.0
