tau,delta,effect_size,reject,min_size>=10,method,linkage
NA,1.0,0.6518518518518518,0,0,Barber,average
NA,1.0,0.6956521739130435,0,0,Barber,average
NA,1.0,0.6923076923076923,0,0,Barber,average
NA,1.0,0.7345679012345678,0,0,Barber,average
NA,1.0,0.575,0,0,Barber,average
NA,1.0,0.5952380952380952,0,0,Barber,average
NA,1.0,0.6888888888888889,0,0,Barber,average
NA,1.0,0.7676767676767676,0,1,Barber,average
NA,1.0,0.7142857142857142,0,0,Barber,average
NA,1.0,0.7032967032967032,0,1,Barber,average
NA,1.0,0.7532467532467532,0,0,Barber,average
NA,1.0,0.6993006993006993,0,1,Barber,average
NA,1.0,0.7698412698412698,0,0,Barber,average
NA,1.0,0.6785714285714285,0,0,Barber,average
NA,1.0,0.6538461538461539,0,0,Barber,average
NA,1.0,0.7165775401069518,0,1,Barber,average
NA,1.0,0.7727272727272727,0,0,Barber,average
NA,1.0,0.9047619047619048,0,0,Barber,average
NA,1.0,0.7,0,1,Barber,average
NA,1.0,0.7083333333333333,0,0,Barber,average
NA,1.0,0.7,0,0,Barber,average
NA,1.0,0.6904761904761905,0,1,Barber,average
NA,1.0,0.6363636363636364,0,0,Barber,average
NA,1.0,0.7142857142857142,0,1,Barber,average
NA,1.0,0.6722689075630252,0,0,Barber,average
NA,1.0,0.6746031746031745,0,0,Barber,average
NA,1.0,0.5,0,0,Barber,average
NA,1.0,0.6799999999999999,0,0,Barber,average
NA,1.0,0.6666666666666666,0,0,Barber,average
NA,1.0,0.6847826086956521,0,0,Barber,average
NA,1.0,0.6842105263157894,0,0,Barber,average
NA,1.0,0.6538461538461537,0,0,Barber,average
NA,1.0,0.6888888888888889,0,0,Barber,average
NA,1.0,0.703030303030303,0,1,Barber,average
NA,1.0,0.8214285714285714,0,0,Barber,average
NA,1.0,0.6666666666666666,0,0,Barber,average
NA,1.0,0.7333333333333333,0,1,Barber,average
NA,1.0,0.6794871794871794,0,1,Barber,average
NA,1.0,0.6333333333333333,0,0,Barber,average
NA,1.0,0.6666666666666666,0,0,Barber,average
NA,1.0,0.6538461538461539,0,0,Barber,average
NA,1.0,0.7094017094017093,0,0,Barber,average
NA,1.0,0.75,0,0,Barber,average
NA,1.0,0.7105263157894737,0,0,Barber,average
NA,1.0,0.6845238095238094,0,0,Barber,average
NA,1.0,0.7142857142857142,0,0,Barber,average
NA,1.0,0.7708333333333333,0,1,Barber,average
NA,1.0,0.725,0,0,Barber,average
NA,1.0,0.72,0,0,Barber,average
NA,1.0,0.7333333333333333,0,0,Barber,average
NA,1.0,0.5909090909090908,0,0,Barber,average
NA,1.0,0.8061224489795918,0,0,Barber,average
NA,1.0,0.7583333333333333,0,0,Barber,average
NA,1.0,0.7575757575757576,0,0,Barber,average
NA,1.0,0.6944444444444444,0,0,Barber,average
NA,1.0,0.6666666666666666,0,0,Barber,average
NA,1.0,0.6923076923076923,0,0,Barber,average
NA,1.0,0.6785714285714285,0,0,Barber,average
NA,1.0,0.6904761904761905,0,0,Barber,average
NA,1.0,0.7076923076923076,1,0,Barber,average
NA,1.0,0.6956521739130435,0,0,Barber,average
NA,1.0,0.7261904761904762,0,1,Barber,average
NA,1.0,0.6666666666666666,0,1,Barber,average
NA,1.0,0.625,0,0,Barber,average
NA,1.0,0.7165775401069518,0,1,Barber,average
NA,1.0,0.7304347826086957,0,0,Barber,average
NA,1.0,0.6916666666666667,0,0,Barber,average
NA,1.0,0.6785714285714285,0,0,Barber,average
NA,1.0,0.6799999999999999,0,0,Barber,average
NA,1.0,0.72,0,0,Barber,average
NA,1.0,0.6666666666666666,0,0,Barber,average
NA,1.0,0.4727272727272727,0,0,Barber,average
NA,1.0,0.6785714285714285,0,0,Barber,average
NA,1.0,0.72,0,0,Barber,average
NA,1.0,0.6979166666666666,1,1,Barber,average
NA,1.0,0.7555555555555555,0,0,Barber,average
NA,1.0,0.696078431372549,0,1,Barber,average
NA,1.0,0.75,0,0,Barber,average
NA,1.0,0.7999999999999999,0,0,Barber,average
NA,1.0,0.7037037037037037,0,0,Barber,average
NA,1.0,0.5263157894736842,0,0,Barber,average
NA,1.0,0.7037037037037037,0,0,Barber,average
NA,1.0,0.8076923076923076,0,0,Barber,average
NA,1.0,0.8205128205128205,0,1,Barber,average
NA,1.0,0.6538461538461539,0,0,Barber,average
NA,1.0,0.7101449275362318,0,0,Barber,average
NA,1.0,0.5499999999999999,0,0,Barber,average
NA,1.0,0.7307692307692307,0,1,Barber,average
NA,1.0,0.7083333333333333,0,0,Barber,average
NA,1.0,0.7083333333333333,0,0,Barber,average
NA,1.0,0.5964912280701754,0,0,Barber,average
NA,1.0,0.6363636363636364,0,0,Barber,average
NA,1.0,0.7368421052631579,0,0,Barber,average
NA,1.0,0.6666666666666666,0,1,Barber,average
NA,1.0,0.6428571428571428,1,0,Barber,average
NA,1.0,0.6739130434782609,0,0,Barber,average
NA,1.0,0.6956521739130435,0,0,Barber,average
NA,1.0,0.7826086956521738,0,0,Barber,average
NA,1.0,0.6538461538461539,0,0,Barber,average
NA,1.0,0.6884057971014492,0,0,Barber,average
NA,1.0,0.72,0,0,Barber,average
NA,1.0,0.7058823529411764,0,0,Barber,average
NA,1.0,0.39999999999999997,1,0,Barber,average
NA,1.0,0.6785714285714285,0,0,Barber,average
NA,1.0,0.725,0,0,Barber,average
NA,1.0,0.7070707070707071,0,1,Barber,average
NA,1.0,0.6785714285714285,0,0,Barber,average
NA,1.0,0.6785714285714285,0,0,Barber,average
NA,1.0,0.6666666666666666,0,0,Barber,average
NA,1.0,0.7156862745098038,0,1,Barber,average
NA,1.0,0.6956521739130435,0,0,Barber,average
NA,1.0,0.6782608695652174,0,0,Barber,average
NA,1.0,0.7692307692307692,0,1,Barber,average
NA,1.0,0.7037037037037037,0,0,Barber,average
NA,1.0,0.838235294117647,0,0,Barber,average
NA,1.0,0.7176470588235293,0,0,Barber,average
NA,1.0,0.6527777777777778,0,0,Barber,average
NA,1.0,0.6923076923076923,0,0,Barber,average
NA,1.0,0.6785714285714285,0,0,Barber,average
NA,1.0,0.6833333333333332,0,0,Barber,average
NA,1.0,0.75,0,0,Barber,average
NA,1.0,0.6574074074074073,0,0,Barber,average
NA,1.0,0.7101449275362318,0,0,Barber,average
NA,1.0,0.6587301587301587,0,0,Barber,average
NA,1.0,0.6785714285714285,0,0,Barber,average
NA,1.0,0.7,0,0,Barber,average
NA,1.0,0.75,0,0,Barber,average
NA,1.0,0.6785714285714285,0,0,Barber,average
NA,1.0,0.6931818181818181,0,0,Barber,average
NA,1.0,0.6944444444444444,1,0,Barber,average
NA,1.0,0.6699999999999999,0,0,Barber,average
NA,1.0,0.7215909090909091,0,1,Barber,average
NA,1.0,0.6993464052287581,0,0,Barber,average
NA,1.0,0.8571428571428571,0,0,Barber,average
NA,1.0,0.75,0,0,Barber,average
NA,1.0,0.6785714285714285,0,0,Barber,average
NA,1.0,0.6470588235294117,0,0,Barber,average
NA,1.0,0.7799999999999999,0,1,Barber,average
NA,1.0,0.71,0,0,Barber,average
NA,1.0,0.6833333333333332,0,0,Barber,average
NA,1.0,0.8333333333333333,0,0,Barber,average
NA,1.0,0.7692307692307692,0,1,Barber,average
NA,1.0,0.6875,0,0,Barber,average
NA,1.0,0.72,0,0,Barber,average
NA,1.0,0.6666666666666666,0,0,Barber,average
NA,1.0,0.6851851851851851,0,0,Barber,average
NA,1.0,0.7083333333333333,0,0,Barber,average
NA,1.0,0.6785714285714285,0,0,Barber,average
NA,1.0,0.7543859649122806,1,0,Barber,average
NA,1.0,0.6833333333333332,0,1,Barber,average
NA,1.0,0.6794871794871794,0,0,Barber,average
NA,1.0,0.64,0,0,Barber,average
NA,1.0,0.7028985507246376,0,0,Barber,average
NA,1.0,0.5555555555555556,0,0,Barber,average
NA,1.0,0.6507936507936508,0,0,Barber,average
NA,1.0,0.711111111111111,0,0,Barber,average
NA,1.0,0.6799999999999999,0,0,Barber,average
NA,1.0,0.65,0,0,Barber,average
NA,1.0,0.7320261437908496,0,0,Barber,average
NA,1.0,0.7142857142857142,0,0,Barber,average
NA,1.0,0.7051282051282051,1,0,Barber,average
NA,1.0,0.7142857142857142,0,0,Barber,average
NA,1.0,0.608695652173913,0,0,Barber,average
NA,1.0,0.7727272727272727,0,0,Barber,average
NA,1.0,0.6527777777777777,0,0,Barber,average
NA,1.0,0.7261904761904762,0,0,Barber,average
NA,1.0,0.7307692307692307,0,0,Barber,average
NA,1.0,0.7291666666666666,0,1,Barber,average
NA,1.0,0.6884057971014492,0,0,Barber,average
NA,1.0,0.6726190476190476,0,0,Barber,average
NA,1.0,0.72,0,0,Barber,average
NA,1.0,0.6249999999999999,0,0,Barber,average
NA,1.0,0.6666666666666666,0,0,Barber,average
NA,1.0,0.6851851851851851,0,0,Barber,average
NA,1.0,0.7,0,0,Barber,average
NA,1.0,0.625,0,0,Barber,average
NA,1.0,0.7727272727272727,0,0,Barber,average
NA,1.0,0.6818181818181818,0,1,Barber,average
NA,1.0,0.681159420289855,0,0,Barber,average
NA,1.0,0.6842105263157894,1,1,Barber,average
NA,1.0,0.7669172932330827,0,0,Barber,average
NA,1.0,0.6666666666666666,0,0,Barber,average
NA,1.0,0.6593406593406593,0,1,Barber,average
NA,1.0,0.7551020408163265,0,0,Barber,average
NA,1.0,0.6399999999999999,0,0,Barber,average
NA,1.0,0.6573426573426573,0,1,Barber,average
NA,1.0,0.625,0,0,Barber,average
NA,1.0,0.6802721088435374,0,0,Barber,average
NA,1.0,0.6599999999999999,0,0,Barber,average
NA,1.0,0.783625730994152,0,0,Barber,average
NA,1.0,0.6825396825396824,0,0,Barber,average
NA,1.0,0.6785714285714285,0,0,Barber,average
NA,1.0,0.625,0,0,Barber,average
NA,1.0,0.71,0,0,Barber,average
NA,1.0,0.6666666666666666,1,0,Barber,average
NA,1.0,0.6900584795321637,0,0,Barber,average
NA,1.0,0.75,0,0,Barber,average
NA,1.0,0.6666666666666666,0,0,Barber,average
NA,1.0,0.6590909090909091,0,0,Barber,average
NA,1.0,0.5,0,0,Barber,average
NA,1.0,0.7619047619047619,0,1,Barber,average
NA,1.0,0.7,0,0,Barber,average
NA,1.0,0.738095238095238,0,1,Barber,average
NA,1.0,0.7738095238095237,0,0,Barber,average
NA,1.0,0.728395061728395,0,0,Barber,average
NA,1.0,0.6959064327485379,0,0,Barber,average
NA,1.0,0.7272727272727272,0,0,Barber,average
NA,1.0,0.681159420289855,0,0,Barber,average
NA,1.0,0.7894736842105262,0,0,Barber,average
NA,1.0,0.6785714285714285,0,0,Barber,average
NA,1.0,0.7424242424242423,0,0,Barber,average
NA,1.0,0.7291666666666666,0,0,Barber,average
NA,1.0,0.8541666666666666,0,0,Barber,average
NA,1.0,0.7037037037037037,0,0,Barber,average
NA,1.0,0.6813186813186812,0,0,Barber,average
NA,1.0,0.7304347826086955,0,0,Barber,average
NA,1.0,0.7307692307692307,0,0,Barber,average
NA,1.0,0.7582417582417582,0,1,Barber,average
NA,1.0,0.73,0,0,Barber,average
NA,1.0,0.6538461538461539,0,0,Barber,average
NA,1.0,0.7037037037037036,0,0,Barber,average
NA,1.0,0.71,0,0,Barber,average
NA,1.0,0.7,0,0,Barber,average
NA,1.0,0.712121212121212,0,1,Barber,average
NA,1.0,0.6666666666666666,0,0,Barber,average
NA,1.0,0.6666666666666666,0,0,Barber,average
NA,1.0,0.7426470588235293,0,0,Barber,average
NA,1.0,0.7857142857142856,0,0,Barber,average
NA,1.0,0.6666666666666666,0,0,Barber,average
NA,1.0,0.6923076923076923,0,0,Barber,average
NA,1.0,0.7142857142857142,0,0,Barber,average
NA,1.0,0.25,0,0,Barber,average
NA,1.0,0.6499999999999999,0,0,Barber,average
NA,1.0,0.673076923076923,1,0,Barber,average
NA,1.0,0.7156862745098038,0,1,Barber,average
NA,1.0,0.676470588235294,0,0,Barber,average
NA,1.0,0.7045454545454545,0,0,Barber,average
NA,1.0,0.7548076923076923,0,1,Barber,average
NA,1.0,0.6704545454545454,0,0,Barber,average
NA,1.0,0.6538461538461539,0,0,Barber,average
NA,1.0,0.64,0,0,Barber,average
NA,1.0,0.6809523809523809,0,1,Barber,average
NA,1.0,0.8125,0,0,Barber,average
NA,1.0,0.6666666666666666,0,0,Barber,average
NA,1.0,0.7467532467532467,0,0,Barber,average
NA,1.0,0.6666666666666666,0,0,Barber,average
NA,1.0,0.6527777777777777,0,0,Barber,average
NA,1.0,0.7,0,0,Barber,average
NA,1.0,0.6704545454545454,0,1,Barber,average
NA,1.0,0.819047619047619,1,1,Barber,average
NA,1.0,0.6666666666666666,0,0,Barber,average
NA,1.0,0.6929824561403508,0,0,Barber,average
NA,1.0,0.6363636363636364,0,0,Barber,average
NA,1.0,0.744047619047619,0,0,Barber,average
NA,1.0,0.6956521739130435,0,0,Barber,average
NA,1.0,0.8431372549019607,0,1,Barber,average
NA,1.0,0.7,0,0,Barber,average
NA,1.0,0.7083333333333333,0,0,Barber,average
NA,1.0,0.7589743589743589,1,1,Barber,average
NA,1.0,0.6617647058823529,0,0,Barber,average
NA,1.0,0.6521739130434782,1,0,Barber,average
NA,1.0,0.7307692307692307,0,0,Barber,average
NA,1.0,0.6875,0,1,Barber,average
NA,1.0,0.7,0,1,Barber,average
NA,1.0,0.69375,0,0,Barber,average
NA,1.0,0.7619047619047619,0,0,Barber,average
NA,1.0,0.7333333333333333,0,0,Barber,average
NA,1.0,0.5909090909090909,0,0,Barber,average
NA,1.0,0.8285714285714285,0,0,Barber,average
NA,1.0,0.6599999999999999,0,0,Barber,average
NA,1.0,0.6923076923076923,0,0,Barber,average
NA,1.0,0.7548076923076923,0,1,Barber,average
NA,1.0,0.6399999999999999,0,0,Barber,average
NA,1.0,0.7163461538461537,0,1,Barber,average
NA,1.0,0.7037037037037037,0,0,Barber,average
NA,1.0,0.6599999999999999,0,0,Barber,average
NA,1.0,0.763157894736842,0,0,Barber,average
NA,1.0,0.7412587412587412,0,1,Barber,average
NA,1.0,0.6444444444444444,0,0,Barber,average
NA,1.0,0.71875,0,0,Barber,average
NA,1.0,0.6785714285714285,0,0,Barber,average
NA,1.0,0.7705882352941176,0,1,Barber,average
NA,1.0,0.7738095238095237,0,0,Barber,average
NA,1.0,0.6847826086956521,0,0,Barber,average
NA,1.0,0.6785714285714285,0,0,Barber,average
NA,1.0,0.6666666666666666,1,0,Barber,average
NA,1.0,0.6666666666666666,0,0,Barber,average
NA,1.0,0.6813725490196078,0,1,Barber,average
NA,1.0,0.7619047619047619,0,0,Barber,average
NA,1.0,0.6785714285714285,0,0,Barber,average
NA,1.0,0.6969696969696969,0,0,Barber,average
NA,1.0,0.6428571428571428,0,0,Barber,average
NA,1.0,0.75,0,0,Barber,average
NA,1.0,0.7181818181818181,0,1,Barber,average
NA,1.0,0.7551020408163265,0,0,Barber,average
NA,1.0,0.7142857142857142,0,0,Barber,average
NA,1.0,0.7878787878787878,0,1,Barber,average
NA,1.0,0.875,0,1,Barber,average
NA,1.0,0.631578947368421,0,0,Barber,average
NA,1.0,0.6785714285714285,0,0,Barber,average
NA,1.0,0.6363636363636364,0,0,Barber,average
NA,1.0,0.5555555555555555,0,0,Barber,average
NA,1.0,0.6785714285714285,0,0,Barber,average
NA,1.0,0.7407407407407407,0,0,Barber,average
NA,1.0,0.6599999999999999,0,0,Barber,average
NA,1.0,0.7,0,0,Barber,average
NA,1.0,0.7272727272727272,0,1,Barber,average
NA,1.0,0.7051282051282051,0,0,Barber,average
NA,1.0,0.7403846153846153,0,1,Barber,average
NA,1.0,0.7727272727272727,0,0,Barber,average
NA,1.0,0.6785714285714285,0,0,Barber,average
NA,1.0,0.6851851851851851,0,0,Barber,average
NA,1.0,0.736111111111111,0,0,Barber,average
NA,1.0,0.7163461538461537,0,1,Barber,average
NA,1.0,0.75,0,1,Barber,average
NA,1.0,0.6499999999999999,0,0,Barber,average
NA,1.0,0.7217391304347825,0,0,Barber,average
NA,1.0,0.7074829931972788,0,0,Barber,average
NA,1.0,0.7222222222222222,0,0,Barber,average
NA,1.0,0.6923076923076923,0,0,Barber,average
NA,1.0,0.6777777777777777,0,0,Barber,average
NA,1.0,0.7678571428571428,0,0,Barber,average
NA,1.0,0.6666666666666666,0,0,Barber,average
NA,1.0,0.6785714285714285,0,0,Barber,average
NA,1.0,0.6544117647058824,0,0,Barber,average
NA,1.0,0.7047619047619047,0,0,Barber,average
NA,1.0,0.6875,0,0,Barber,average
NA,1.0,0.6799999999999999,0,0,Barber,average
NA,1.0,0.6933333333333332,0,0,Barber,average
NA,1.0,0.6964285714285714,0,0,Barber,average
NA,1.0,0.75,0,0,Barber,average
NA,1.0,0.7037037037037036,0,0,Barber,average
NA,1.0,0.608695652173913,0,0,Barber,average
NA,1.0,0.6904761904761905,0,0,Barber,average
NA,1.0,0.6565656565656566,0,0,Barber,average
NA,1.0,0.7357142857142857,0,0,Barber,average
NA,1.0,0.7037037037037037,0,0,Barber,average
NA,1.0,0.711111111111111,0,0,Barber,average
NA,1.0,0.7142857142857142,0,0,Barber,average
NA,1.0,0.734375,0,0,Barber,average
NA,1.0,0.7307692307692307,0,1,Barber,average
NA,1.0,0.8011363636363635,1,1,Barber,average
NA,1.0,0.6938775510204082,0,0,Barber,average
NA,1.0,0.7460317460317459,0,0,Barber,average
NA,1.0,0.6875,0,0,Barber,average
NA,1.0,0.7076923076923076,0,1,Barber,average
NA,1.0,0.6666666666666666,0,0,Barber,average
NA,1.0,0.6785714285714285,0,0,Barber,average
NA,1.0,0.6842105263157894,0,1,Barber,average
NA,1.0,0.6964285714285714,0,0,Barber,average
NA,1.0,0.0,0,0,Barber,average
NA,1.0,0.7115384615384615,1,1,Barber,average
NA,1.0,0.7532467532467532,0,1,Barber,average
NA,1.0,0.6142857142857142,0,0,Barber,average
NA,1.0,0.7499999999999999,0,0,Barber,average
NA,1.0,0.7625,0,0,Barber,average
NA,1.0,0.6785714285714285,0,0,Barber,average
NA,1.0,0.7337662337662337,0,0,Barber,average
NA,1.0,0.7916666666666666,0,0,Barber,average
NA,1.0,0.6799999999999999,0,0,Barber,average
NA,1.0,0.6611570247933883,0,1,Barber,average
NA,1.0,0.725,0,0,Barber,average
NA,1.0,0.6499999999999999,0,0,Barber,average
NA,1.0,0.6851851851851851,0,0,Barber,average
NA,1.0,0.6666666666666666,0,0,Barber,average
NA,1.0,0.7391304347826086,0,0,Barber,average
NA,1.0,0.6666666666666666,0,0,Barber,average
NA,1.0,0.6825396825396824,0,0,Barber,average
NA,1.0,0.712121212121212,0,0,Barber,average
NA,1.0,0.7944444444444444,0,0,Barber,average
NA,1.0,0.6904761904761905,0,1,Barber,average
NA,1.0,0.73,0,0,Barber,average
NA,1.0,0.738095238095238,0,0,Barber,average
NA,1.0,0.6923076923076923,0,0,Barber,average
NA,1.0,0.6884057971014492,0,0,Barber,average
NA,1.0,0.6833333333333332,0,1,Barber,average
NA,1.0,0.7181818181818181,0,0,Barber,average
NA,1.0,0.6785714285714285,0,0,Barber,average
NA,1.0,0.7187499999999999,0,0,Barber,average
NA,1.0,0.6739130434782608,0,0,Barber,average
NA,1.0,0.7065217391304347,0,0,Barber,average
NA,1.0,0.71,0,0,Barber,average
NA,1.0,0.7307692307692307,0,0,Barber,average
NA,1.0,0.6782608695652174,0,0,Barber,average
NA,1.0,0.753968253968254,0,0,Barber,average
NA,1.0,0.6971153846153846,0,1,Barber,average
NA,1.0,0.6964285714285714,0,0,Barber,average
NA,1.0,0.7115384615384615,0,0,Barber,average
NA,1.0,0.6521739130434783,0,0,Barber,average
NA,1.0,0.6583333333333333,0,0,Barber,average
NA,1.0,0.6538461538461539,0,0,Barber,average
NA,1.0,0.6666666666666666,0,0,Barber,average
NA,1.0,0.75,0,0,Barber,average
NA,1.0,0.625,0,0,Barber,average
NA,1.0,0.6176470588235293,0,0,Barber,average
NA,1.0,0.6722222222222222,0,0,Barber,average
NA,1.0,0.6802721088435374,0,0,Barber,average
NA,1.0,0.7214285714285714,0,0,Barber,average
NA,1.0,0.6799999999999999,0,0,Barber,average
NA,1.0,0.7625,0,0,Barber,average
NA,1.0,0.6521739130434783,0,0,Barber,average
NA,1.0,0.8571428571428571,0,0,Barber,average
NA,1.0,0.65625,0,0,Barber,average
NA,1.0,0.7662337662337662,0,0,Barber,average
NA,1.0,0.7115384615384615,0,1,Barber,average
NA,1.0,0.6,1,0,Barber,average
NA,1.0,0.6851851851851851,0,0,Barber,average
NA,1.0,0.6883116883116882,0,0,Barber,average
NA,1.0,0.7403846153846153,0,1,Barber,average
NA,1.0,0.7714285714285714,0,0,Barber,average
NA,1.0,0.6,0,0,Barber,average
NA,1.0,0.608695652173913,0,0,Barber,average
NA,1.0,0.7307692307692307,0,0,Barber,average
NA,1.0,0.7777777777777777,0,0,Barber,average
NA,1.0,0.6833333333333333,0,0,Barber,average
NA,1.0,0.7684210526315789,0,1,Barber,average
NA,1.0,0.7083333333333333,0,0,Barber,average
NA,1.0,0.7032967032967032,0,0,Barber,average
NA,1.0,0.6499999999999999,0,0,Barber,average
NA,1.0,0.7261904761904762,0,0,Barber,average
NA,1.0,0.7473684210526316,0,1,Barber,average
NA,1.0,0.72,0,0,Barber,average
NA,1.0,0.6590909090909091,0,0,Barber,average
NA,1.0,0.6931818181818181,0,1,Barber,average
NA,1.0,0.5714285714285714,0,0,Barber,average
NA,1.0,0.7171717171717171,0,1,Barber,average
NA,1.0,0.7767857142857142,0,0,Barber,average
NA,1.0,0.7142857142857142,0,0,Barber,average
NA,1.0,0.6499999999999999,0,0,Barber,average
NA,1.0,0.725,0,0,Barber,average
NA,1.0,0.7166666666666666,0,0,Barber,average
NA,1.0,0.7083333333333333,0,0,Barber,average
NA,1.0,0.6749999999999999,0,0,Barber,average
NA,1.0,0.7714285714285714,0,0,Barber,average
NA,1.0,0.736111111111111,0,0,Barber,average
NA,1.0,0.7142857142857142,0,0,Barber,average
NA,1.0,0.6799999999999999,0,0,Barber,average
NA,1.0,0.7467532467532467,0,0,Barber,average
NA,1.0,0.6739130434782609,0,0,Barber,average
NA,1.0,0.6956521739130435,0,0,Barber,average
NA,1.0,0.7,0,0,Barber,average
NA,1.0,0.7714285714285714,0,1,Barber,average
NA,1.0,0.6794871794871794,0,0,Barber,average
NA,1.0,0.6923076923076923,0,0,Barber,average
NA,1.0,0.725,0,0,Barber,average
NA,1.0,0.6666666666666666,0,0,Barber,average
NA,1.0,0.7619047619047619,0,0,Barber,average
NA,1.0,0.6822916666666666,0,1,Barber,average
NA,1.0,0.6666666666666666,0,0,Barber,average
NA,1.0,0.7941176470588235,0,1,Barber,average
NA,1.0,0.8403361344537814,0,0,Barber,average
NA,1.0,0.8055555555555555,0,0,Barber,average
NA,1.0,0.7222222222222222,0,0,Barber,average
NA,1.0,0.6666666666666666,0,0,Barber,average
NA,1.0,0.6785714285714285,0,0,Barber,average
NA,1.0,0.7037037037037037,0,0,Barber,average
NA,1.0,0.6805555555555555,0,0,Barber,average
NA,1.0,0.8666666666666666,0,0,Barber,average
NA,1.0,0.72,0,0,Barber,average
NA,1.0,0.6923076923076923,0,0,Barber,average
NA,1.0,0.72,0,1,Barber,average
NA,1.0,0.7134502923976608,0,0,Barber,average
NA,1.0,0.676470588235294,0,1,Barber,average
NA,1.0,0.7,0,0,Barber,average
NA,1.0,0.6799999999999999,0,0,Barber,average
NA,1.0,0.2222222222222222,0,0,Barber,average
NA,1.0,0.7818181818181817,0,0,Barber,average
NA,1.0,0.7952380952380952,0,1,Barber,average
NA,1.0,0.8095238095238095,0,0,Barber,average
NA,1.0,0.7846153846153846,0,1,Barber,average
NA,1.0,0.7235294117647059,0,1,Barber,average
NA,1.0,0.7083333333333333,0,0,Barber,average
NA,1.0,0.7333333333333333,0,0,Barber,average
NA,1.0,0.6851851851851851,0,0,Barber,average
NA,1.0,0.8222222222222222,0,0,Barber,average
NA,1.0,0.6190476190476191,0,0,Barber,average
NA,1.0,0.6699999999999999,0,0,Barber,average
NA,1.0,0.7023809523809523,0,0,Barber,average
NA,1.0,0.6666666666666666,0,0,Barber,average
NA,1.0,0.6851851851851851,0,0,Barber,average
NA,1.0,0.7777777777777777,0,0,Barber,average
NA,1.0,0.8263157894736841,0,1,Barber,average
NA,1.0,0.7583333333333333,0,0,Barber,average
NA,1.0,0.7611111111111111,0,0,Barber,average
NA,1.0,0.809090909090909,0,0,Barber,average
NA,1.0,0.625,0,0,Barber,average
NA,1.0,0.7115384615384615,1,1,Barber,average
NA,1.0,0.6666666666666666,0,0,Barber,average
NA,1.0,0.6923076923076923,0,1,Barber,average
NA,1.0,0.8269230769230769,0,1,Barber,average
NA,1.0,0.7037037037037037,0,0,Barber,average
NA,1.0,0.6666666666666666,0,0,Barber,average
NA,1.0,0.8571428571428571,0,0,Barber,average
NA,1.0,0.6666666666666666,0,1,Barber,average
NA,1.0,0.7476190476190475,0,1,Barber,average
NA,1.0,0.6923076923076923,0,0,Barber,average
NA,1.0,0.7333333333333333,0,1,Barber,average
NA,1.0,0.6666666666666666,0,0,Barber,average
NA,1.0,0.6666666666666666,0,0,Barber,average
NA,1.0,0.717948717948718,0,0,Barber,average
NA,1.0,0.7904761904761904,0,1,Barber,average
NA,1.0,0.7259615384615384,0,1,Barber,average
NA,1.0,0.7,0,0,Barber,average
NA,1.0,0.6978021978021978,0,1,Barber,average
NA,1.0,0.7307692307692307,0,1,Barber,average
NA,1.0,0.6904761904761905,0,0,Barber,average
NA,1.0,0.75,0,0,Barber,average
NA,1.0,0.49999999999999994,0,0,Barber,average
NA,1.0,0.6190476190476191,0,0,Barber,average
NA,1.0,0.7142857142857142,0,0,Barber,average
NA,1.0,0.5555555555555556,0,0,Barber,average
NA,1.0,0.7210526315789473,0,1,Barber,average
NA,1.0,0.6904761904761905,0,0,Barber,average
NA,1.0,0.6714285714285714,0,0,Barber,average
NA,1.0,0.7401960784313725,0,1,Barber,average
NA,1.0,0.8624999999999999,0,0,Barber,average
NA,1.0,0.6666666666666666,0,0,Barber,average
NA,1.0,0.8095238095238095,1,0,Barber,average
NA,1.0,0.7272727272727272,0,0,Barber,average
NA,1.0,0.6923076923076923,0,0,Barber,average
NA,1.0,0.6527777777777778,0,0,Barber,average
NA,1.0,0.6826923076923076,0,1,Barber,average
NA,1.0,0.7083333333333333,0,0,Barber,average
NA,1.0,0.6818181818181818,1,0,Barber,average
NA,1.0,0.7,0,1,Barber,average
NA,1.0,0.7083333333333333,0,0,Barber,average
NA,1.0,0.6944444444444444,0,0,Barber,average
NA,1.0,0.8086419753086419,0,0,Barber,average
NA,1.0,0.6882352941176471,0,1,Barber,average
NA,1.0,0.7083333333333333,0,1,Barber,average
NA,1.0,0.6705882352941176,0,1,Barber,average
NA,1.0,0.6948051948051948,0,0,Barber,average
NA,1.0,0.6666666666666666,0,0,Barber,average
NA,1.0,0.5499999999999999,0,0,Barber,average
NA,1.0,0.7032967032967032,0,1,Barber,average
NA,1.0,0.719298245614035,0,0,Barber,average
NA,1.0,0.5909090909090908,0,0,Barber,average
NA,1.0,0.7727272727272727,0,0,Barber,average
NA,1.0,0.6785714285714285,0,0,Barber,average
NA,1.0,0.712121212121212,1,0,Barber,average
NA,1.0,0.6794871794871794,0,0,Barber,average
NA,1.0,0.75,0,0,Barber,average
NA,1.0,0.725,0,0,Barber,average
NA,1.0,0.7051282051282051,0,1,Barber,average
NA,1.0,0.6956521739130435,0,0,Barber,average
NA,1.0,0.7,0,0,Barber,average
NA,1.0,0.5555555555555555,0,0,Barber,average
NA,1.0,0.7417582417582417,0,1,Barber,average
NA,1.0,0.6785714285714285,0,0,Barber,average
NA,1.0,0.676470588235294,0,1,Barber,average
NA,1.0,0.66875,0,0,Barber,average
NA,1.0,0.64,0,0,Barber,average
NA,1.0,0.7157894736842105,0,0,Barber,average
NA,1.0,0.6477272727272727,0,0,Barber,average
NA,1.0,0.7666666666666666,0,1,Barber,average
NA,1.0,0.6666666666666666,0,0,Barber,average
NA,1.0,0.6909090909090909,0,0,Barber,average
NA,1.0,0.7083333333333333,0,0,Barber,average
NA,1.0,0.7407407407407407,0,0,Barber,average
NA,1.0,0.7337662337662337,0,0,Barber,average
NA,1.0,0.6782608695652174,0,0,Barber,average
NA,1.0,0.7738095238095237,0,0,Barber,average
NA,1.0,0.7692307692307692,0,0,Barber,average
NA,1.0,0.783625730994152,0,0,Barber,average
NA,1.0,0.7402597402597402,0,1,Barber,average
NA,1.0,0.6617647058823529,0,0,Barber,average
NA,1.0,0.6666666666666666,0,0,Barber,average
NA,1.0,0.7999999999999999,0,0,Barber,average
NA,1.0,0.706766917293233,0,0,Barber,average
NA,1.0,0.6588235294117647,0,0,Barber,average
NA,1.0,0.6666666666666666,0,0,Barber,average
NA,1.0,0.6785714285714285,0,0,Barber,average
NA,1.0,0.75,0,0,Barber,average
NA,1.0,0.6521739130434783,0,0,Barber,average
NA,1.0,0.783625730994152,0,0,Barber,average
NA,1.0,0.7210884353741496,0,0,Barber,average
NA,1.0,0.7037037037037037,0,0,Barber,average
NA,1.0,0.6753246753246753,0,0,Barber,average
NA,1.0,0.611111111111111,0,0,Barber,average
NA,1.0,0.7407407407407407,0,0,Barber,average
NA,1.0,0.7596153846153846,0,1,Barber,average
NA,1.0,0.7619047619047619,0,0,Barber,average
NA,1.0,0.7142857142857142,0,0,Barber,average
NA,1.0,0.6782608695652174,0,0,Barber,average
NA,1.0,0.6372549019607843,1,0,Barber,average
NA,1.0,0.7307692307692307,0,0,Barber,average
NA,1.0,0.6761904761904761,0,0,Barber,average
NA,1.0,0.6923076923076923,0,0,Barber,average
NA,1.0,0.7777777777777777,0,0,Barber,average
NA,1.0,0.6956521739130435,0,0,Barber,average
NA,1.0,0.6666666666666666,0,0,Barber,average
NA,1.0,0.7559523809523809,0,0,Barber,average
NA,1.0,0.6538461538461539,0,0,Barber,average
NA,1.0,0.6222222222222221,0,0,Barber,average
NA,1.0,0.6805555555555555,0,0,Barber,average
NA,1.0,0.788235294117647,0,0,Barber,average
NA,1.0,0.7142857142857142,0,0,Barber,average
NA,1.0,0.6767676767676767,0,1,Barber,average
NA,1.0,0.6754385964912281,0,0,Barber,average
NA,1.0,0.6916666666666667,0,0,Barber,average
NA,1.0,0.7051282051282051,0,0,Barber,average
NA,1.0,0.7205882352941176,0,1,Barber,average
NA,1.0,0.7134502923976608,0,0,Barber,average
NA,1.0,0.7058823529411764,0,0,Barber,average
NA,1.0,0.66875,0,1,Barber,average
NA,1.0,0.6794871794871794,0,0,Barber,average
NA,1.0,0.7037037037037037,0,0,Barber,average
NA,1.0,0.625,0,0,Barber,average
NA,1.0,0.7176470588235294,0,0,Barber,average
NA,1.0,0.75,0,0,Barber,average
NA,1.0,0.717948717948718,0,1,Barber,average
NA,1.0,0.6916666666666667,0,0,Barber,average
NA,1.0,0.8194444444444444,0,0,Barber,average
NA,1.0,0.4666666666666666,0,0,Barber,average
NA,1.0,0.6785714285714285,0,0,Barber,average
NA,1.0,0.7222222222222222,0,0,Barber,average
NA,1.0,0.6785714285714285,0,0,Barber,average
NA,1.0,0.7303921568627451,0,1,Barber,average
NA,1.0,0.6515151515151515,0,0,Barber,average
NA,1.0,0.5714285714285714,0,0,Barber,average
NA,1.0,0.7037037037037036,0,0,Barber,average
NA,1.0,0.7320261437908496,0,0,Barber,average
NA,1.0,0.6491228070175438,0,0,Barber,average
NA,1.0,0.6666666666666666,0,1,Barber,average
NA,1.0,0.681159420289855,0,0,Barber,average
NA,1.0,0.6527777777777777,0,0,Barber,average
NA,1.0,0.6749999999999999,0,0,Barber,average
NA,1.0,0.7017543859649122,0,0,Barber,average
NA,1.0,0.7142857142857142,0,0,Barber,average
NA,1.0,0.7166666666666666,0,1,Barber,average
NA,1.0,0.6785714285714285,0,0,Barber,average
NA,1.0,0.7,0,0,Barber,average
NA,1.0,0.7619047619047619,0,0,Barber,average
NA,1.0,0.7254901960784313,0,1,Barber,average
NA,1.0,0.6777777777777777,0,1,Barber,average
NA,1.0,0.6875,0,1,Barber,average
NA,1.0,0.8181818181818181,1,0,Barber,average
NA,1.0,0.7538461538461538,0,0,Barber,average
NA,1.0,0.8174603174603173,0,0,Barber,average
NA,1.0,0.6746031746031745,0,0,Barber,average
NA,1.0,0.6787878787878787,0,1,Barber,average
NA,1.0,0.625,0,0,Barber,average
NA,1.0,0.8333333333333333,0,0,Barber,average
NA,1.0,0.6688311688311688,1,1,Barber,average
NA,1.0,0.7028985507246376,0,0,Barber,average
NA,1.0,0.6874999999999999,0,0,Barber,average
NA,1.0,0.7163461538461537,0,1,Barber,average
NA,1.0,0.7051282051282051,0,0,Barber,average
NA,1.0,0.738095238095238,0,1,Barber,average
NA,1.0,0.6363636363636364,0,0,Barber,average
NA,1.0,0.6339285714285714,0,0,Barber,average
NA,1.0,0.608695652173913,0,0,Barber,average
NA,1.0,0.6833333333333332,0,1,Barber,average
NA,1.0,0.7777777777777777,0,1,Barber,average
NA,1.0,0.6875,0,1,Barber,average
NA,1.0,0.6973684210526315,0,0,Barber,average
NA,1.0,0.6458333333333333,0,0,Barber,average
NA,1.0,0.7976190476190476,0,0,Barber,average
NA,1.0,0.7023809523809523,1,0,Barber,average
NA,1.0,0.6851851851851851,0,0,Barber,average
NA,1.0,0.6782608695652174,0,0,Barber,average
NA,1.0,0.8214285714285714,0,1,Barber,average
NA,1.0,0.7272727272727272,0,0,Barber,average
NA,1.0,0.7051282051282051,0,0,Barber,average
NA,1.0,0.7246376811594203,0,0,Barber,average
NA,1.0,0.7142857142857142,0,0,Barber,average
NA,1.0,0.717391304347826,0,0,Barber,average
NA,1.0,0.66875,0,0,Barber,average
NA,1.0,0.7215909090909091,1,1,Barber,average
NA,1.0,0.6363636363636364,0,0,Barber,average
NA,1.0,0.6909090909090908,0,1,Barber,average
NA,1.0,0.717391304347826,0,0,Barber,average
NA,1.0,0.6785714285714285,1,0,Barber,average
NA,1.0,0.7,0,0,Barber,average
NA,1.0,0.6363636363636364,0,0,Barber,average
NA,1.0,0.7642857142857142,0,0,Barber,average
NA,1.0,0.6833333333333332,0,0,Barber,average
NA,1.0,0.7156862745098038,0,1,Barber,average
NA,1.0,0.6851851851851851,0,0,Barber,average
NA,1.0,0.7352941176470588,0,0,Barber,average
NA,1.0,0.6666666666666666,0,0,Barber,average
NA,1.0,0.7,0,0,Barber,average
NA,1.0,0.7307692307692307,0,1,Barber,average
NA,1.0,0.6643356643356643,0,1,Barber,average
NA,1.0,0.6726190476190476,0,0,Barber,average
NA,1.0,0.6666666666666666,0,0,Barber,average
NA,1.0,0.7,0,0,Barber,average
NA,1.0,0.7608695652173912,0,0,Barber,average
NA,1.0,0.6851851851851851,0,0,Barber,average
NA,1.0,0.6787878787878787,0,1,Barber,average
NA,1.0,0.6956521739130435,0,0,Barber,average
NA,1.0,0.6794871794871794,0,0,Barber,average
NA,1.0,0.6948051948051948,0,0,Barber,average
NA,1.0,0.6923076923076923,0,1,Barber,average
NA,1.0,0.6883116883116883,0,0,Barber,average
NA,1.0,0.6785714285714285,0,0,Barber,average
NA,1.0,0.7115384615384615,0,1,Barber,average
NA,1.0,0.6666666666666666,0,0,Barber,average
NA,1.0,0.9047619047619048,0,0,Barber,average
NA,1.0,0.7142857142857142,0,0,Barber,average
NA,1.0,0.6799999999999999,0,0,Barber,average
NA,1.0,0.7407407407407407,0,0,Barber,average
NA,1.0,0.6666666666666666,0,0,Barber,average
NA,1.0,0.7142857142857142,0,0,Barber,average
NA,1.0,0.6785714285714285,1,0,Barber,average
NA,1.0,0.6666666666666666,0,0,Barber,average
NA,1.0,0.717391304347826,0,0,Barber,average
NA,1.0,0.7407407407407407,0,0,Barber,average
NA,1.0,0.7352941176470588,0,0,Barber,average
NA,1.0,0.8102564102564102,0,1,Barber,average
NA,1.0,0.6794871794871794,0,0,Barber,average
NA,1.0,0.7,0,0,Barber,average
NA,1.0,0.6923076923076923,0,0,Barber,average
NA,1.0,0.6883116883116882,0,0,Barber,average
NA,1.0,0.7291666666666666,0,0,Barber,average
NA,1.0,0.7083333333333333,0,0,Barber,average
NA,1.0,0.6770833333333333,0,0,Barber,average
NA,1.0,0.763157894736842,0,1,Barber,average
NA,1.0,0.6704545454545454,0,1,Barber,average
NA,1.0,0.6969696969696969,0,0,Barber,average
NA,1.0,0.6739130434782609,0,0,Barber,average
NA,1.0,0.7307692307692307,0,0,Barber,average
NA,1.0,0.6790123456790123,0,0,Barber,average
NA,1.0,0.7037037037037036,0,0,Barber,average
NA,1.0,0.8263157894736841,0,1,Barber,average
NA,1.0,0.6923076923076923,0,0,Barber,average
NA,1.0,0.7777777777777777,0,1,Barber,average
NA,1.0,0.6590909090909091,0,0,Barber,average
NA,1.0,0.7307692307692307,0,0,Barber,average
NA,1.0,0.6599999999999999,0,0,Barber,average
NA,1.0,0.6521739130434783,0,0,Barber,average
NA,1.0,0.6599999999999999,0,0,Barber,average
NA,1.0,0.6766917293233082,0,0,Barber,average
NA,1.0,0.7,0,0,Barber,average
NA,1.0,0.71,0,0,Barber,average
NA,1.0,0.6739130434782609,0,0,Barber,average
NA,1.0,0.6737967914438502,0,1,Barber,average
NA,1.0,0.6842105263157895,0,0,Barber,average
NA,1.0,0.6136363636363635,0,0,Barber,average
NA,1.0,0.7166666666666666,1,0,Barber,average
NA,1.0,0.8333333333333333,0,1,Barber,average
NA,1.0,0.7142857142857143,0,0,Barber,average
NA,1.0,0.6753246753246753,0,0,Barber,average
NA,1.0,0.7083333333333333,0,0,Barber,average
NA,1.0,0.675,0,0,Barber,average
NA,1.0,0.695187165775401,0,1,Barber,average
NA,1.0,0.7272727272727272,0,0,Barber,average
NA,1.0,0.7333333333333333,0,0,Barber,average
NA,1.0,0.7379679144385026,0,1,Barber,average
NA,1.0,0.6923076923076923,0,0,Barber,average
NA,1.0,0.6833333333333333,0,0,Barber,average
NA,1.0,0.6521739130434783,0,0,Barber,average
NA,1.0,0.71875,0,1,Barber,average
NA,1.0,0.7826086956521738,0,0,Barber,average
NA,1.0,0.7222222222222222,0,0,Barber,average
NA,1.0,0.6666666666666666,0,0,Barber,average
NA,1.0,0.7246376811594203,0,0,Barber,average
NA,1.0,0.5833333333333333,1,0,Barber,average
NA,1.0,0.7058823529411764,0,0,Barber,average
NA,1.0,0.7077922077922078,0,0,Barber,average
NA,1.0,0.7058823529411764,0,0,Barber,average
NA,1.0,0.6833333333333332,0,0,Barber,average
NA,1.0,0.6666666666666666,0,0,Barber,average
NA,1.0,0.6699999999999999,0,0,Barber,average
NA,1.0,0.7448979591836734,0,1,Barber,average
NA,1.0,0.7847222222222222,0,0,Barber,average
NA,1.0,0.6813725490196078,0,1,Barber,average
NA,1.0,0.7291666666666666,0,1,Barber,average
NA,1.0,0.5555555555555556,0,0,Barber,average
NA,1.0,0.6749999999999999,0,0,Barber,average
NA,1.0,0.6923076923076923,0,0,Barber,average
NA,1.0,0.7575757575757575,0,1,Barber,average
NA,1.0,0.6717171717171717,0,1,Barber,average
NA,1.0,0.7321428571428571,0,0,Barber,average
NA,1.0,0.6785714285714285,0,0,Barber,average
NA,1.0,0.7487179487179486,0,1,Barber,average
NA,1.0,0.7157894736842105,0,1,Barber,average
NA,1.0,0.6666666666666666,0,0,Barber,average
NA,1.0,0.7,0,0,Barber,average
NA,1.0,0.6666666666666666,0,0,Barber,average
NA,1.0,0.7,0,0,Barber,average
NA,1.0,0.6933333333333332,0,0,Barber,average
NA,1.0,0.85625,0,0,Barber,average
NA,1.0,0.6695652173913043,0,0,Barber,average
NA,1.0,0.6923076923076923,0,0,Barber,average
NA,1.0,0.6742424242424242,0,1,Barber,average
NA,1.0,0.738095238095238,0,0,Barber,average
NA,1.0,0.6833333333333332,0,0,Barber,average
NA,1.0,0.7171052631578947,1,0,Barber,average
NA,1.0,0.6785714285714285,0,0,Barber,average
NA,1.0,0.625,0,0,Barber,average
NA,1.0,0.7210526315789473,0,1,Barber,average
NA,1.0,0.6833333333333332,0,0,Barber,average
NA,1.0,0.6988636363636364,0,1,Barber,average
NA,1.0,0.7222222222222222,0,0,Barber,average
NA,1.0,0.6521739130434783,0,0,Barber,average
NA,1.0,0.75,0,0,Barber,average
NA,1.0,0.6736842105263158,0,0,Barber,average
NA,1.0,0.6666666666666666,0,0,Barber,average
NA,1.0,0.7052631578947368,0,0,Barber,average
NA,1.0,0.64,0,0,Barber,average
NA,1.0,0.7555555555555555,0,0,Barber,average
NA,1.0,0.6547619047619047,1,0,Barber,average
NA,1.0,0.625,0,0,Barber,average
NA,1.0,0.725,0,0,Barber,average
NA,1.0,0.6785714285714285,0,0,Barber,average
NA,1.0,0.7142857142857142,0,0,Barber,average
NA,1.0,0.5952380952380952,0,0,Barber,average
NA,1.0,0.6491228070175438,0,0,Barber,average
NA,1.0,0.6785714285714285,0,0,Barber,average
NA,1.0,0.7,0,0,Barber,average
NA,1.0,0.7051282051282051,1,0,Barber,average
NA,1.0,0.76,0,0,Barber,average
NA,1.0,0.6923076923076923,0,0,Barber,average
NA,1.0,0.6785714285714285,0,0,Barber,average
NA,1.0,0.6666666666666666,1,0,Barber,average
NA,1.0,0.7613636363636364,0,1,Barber,average
NA,1.0,0.6785714285714285,0,0,Barber,average
NA,1.0,0.6666666666666666,0,0,Barber,average
NA,1.0,0.6727272727272726,0,1,Barber,average
NA,1.0,0.6851851851851851,0,0,Barber,average
NA,1.0,0.6666666666666666,0,0,Barber,average
NA,1.0,0.6666666666666666,0,0,Barber,average
NA,1.0,0.6666666666666666,0,0,Barber,average
NA,1.0,0.7037037037037036,0,0,Barber,average
NA,1.0,0.6666666666666666,0,0,Barber,average
NA,1.0,0.6799999999999999,0,0,Barber,average
NA,1.0,0.7272727272727273,0,0,Barber,average
NA,1.0,0.7142857142857142,0,0,Barber,average
NA,1.0,0.6785714285714285,0,0,Barber,average
NA,1.0,0.7434210526315789,0,0,Barber,average
NA,1.0,0.7954545454545454,0,0,Barber,average
NA,1.0,0.7037037037037037,0,0,Barber,average
NA,1.0,0.6794871794871794,0,0,Barber,average
NA,1.0,0.6833333333333332,0,0,Barber,average
NA,1.0,0.7045454545454545,0,0,Barber,average
NA,1.0,0.7,0,0,Barber,average
NA,1.0,0.625,0,0,Barber,average
NA,1.0,0.6844919786096256,0,1,Barber,average
NA,1.0,0.6785714285714285,0,0,Barber,average
NA,1.0,0.7051282051282051,0,0,Barber,average
NA,1.0,0.72,0,0,Barber,average
NA,1.0,0.7142857142857142,0,0,Barber,average
NA,1.0,0.7171717171717171,1,1,Barber,average
NA,1.0,0.7083333333333333,0,0,Barber,average
NA,1.0,0.6746031746031745,0,0,Barber,average
NA,1.0,0.6845238095238094,0,0,Barber,average
NA,1.0,0.6666666666666666,0,0,Barber,average
NA,1.0,0.7619047619047619,0,0,Barber,average
NA,1.0,0.6666666666666666,0,0,Barber,average
NA,1.0,0.64,0,0,Barber,average
NA,1.0,0.76,0,0,Barber,average
NA,1.0,0.735042735042735,0,0,Barber,average
NA,1.0,0.7,0,1,Barber,average
NA,1.0,0.611111111111111,0,0,Barber,average
NA,1.0,0.6590909090909091,1,0,Barber,average
NA,1.0,0.7051282051282051,0,0,Barber,average
NA,1.0,0.7037037037037036,0,0,Barber,average
NA,1.0,0.6862745098039215,0,1,Barber,average
NA,1.0,0.6785714285714285,0,0,Barber,average
NA,1.0,0.7045454545454545,0,0,Barber,average
NA,1.0,0.64,0,0,Barber,average
NA,1.0,0.7238095238095238,0,0,Barber,average
NA,1.0,0.6799999999999999,0,0,Barber,average
NA,1.0,0.6794871794871794,0,0,Barber,average
NA,1.0,0.7058823529411764,0,1,Barber,average
NA,1.0,0.7455621301775147,0,1,Barber,average
NA,1.0,0.71,0,0,Barber,average
NA,1.0,0.6666666666666666,0,0,Barber,average
NA,1.0,0.7532467532467532,0,0,Barber,average
NA,1.0,0.6888888888888889,0,0,Barber,average
NA,1.0,0.6666666666666666,0,0,Barber,average
NA,1.0,0.7,1,0,Barber,average
NA,1.0,0.7678571428571428,0,0,Barber,average
NA,1.0,0.6782608695652174,1,0,Barber,average
NA,1.0,0.7301587301587301,0,0,Barber,average
NA,1.0,0.8730158730158729,0,0,Barber,average
NA,1.0,0.7999999999999999,0,0,Barber,average
NA,1.0,0.7450980392156862,0,0,Barber,average
NA,1.0,0.608695652173913,0,0,Barber,average
NA,1.0,0.6666666666666666,0,0,Barber,average
NA,1.0,0.7222222222222222,0,1,Barber,average
NA,1.0,0.6799999999999999,0,0,Barber,average
NA,1.0,0.7083333333333333,0,0,Barber,average
NA,1.0,0.6979166666666666,0,0,Barber,average
NA,1.0,0.7532467532467532,0,0,Barber,average
NA,1.0,0.6818181818181818,0,0,Barber,average
NA,1.0,0.6749999999999999,0,0,Barber,average
NA,1.0,0.7238095238095238,0,0,Barber,average
NA,1.0,0.7407407407407407,1,0,Barber,average
NA,1.0,0.6971153846153846,0,1,Barber,average
NA,1.0,0.6851851851851851,0,0,Barber,average
NA,1.0,0.6785714285714285,0,0,Barber,average
NA,1.0,0.7124999999999999,0,0,Barber,average
NA,1.0,0.6470588235294117,0,0,Barber,average
NA,1.0,0.6590909090909091,0,0,Barber,average
NA,1.0,0.6785714285714285,0,0,Barber,average
NA,1.0,0.7261904761904762,0,1,Barber,average
NA,1.0,0.6666666666666666,0,0,Barber,average
NA,1.0,0.7266666666666666,0,1,Barber,average
NA,1.0,0.6785714285714285,0,0,Barber,average
NA,1.0,0.7037037037037036,0,0,Barber,average
NA,1.0,0.6527777777777777,0,0,Barber,average
NA,1.0,0.7142857142857142,0,0,Barber,average
NA,1.0,0.6666666666666666,0,0,Barber,average
NA,1.0,0.6666666666666666,0,0,Barber,average
NA,1.0,0.6,0,0,Barber,average
NA,1.0,0.7279411764705882,0,0,Barber,average
NA,1.0,0.6794871794871794,1,0,Barber,average
NA,1.0,0.6785714285714285,0,0,Barber,average
NA,1.0,0.6802721088435374,0,0,Barber,average
NA,1.0,0.7134502923976608,0,0,Barber,average
NA,1.0,0.7460317460317459,1,0,Barber,average
NA,1.0,0.6538461538461539,0,0,Barber,average
NA,1.0,0.717948717948718,0,0,Barber,average
NA,1.0,0.6666666666666666,0,0,Barber,average
NA,1.0,0.6767676767676767,0,1,Barber,average
NA,1.0,0.6851851851851851,0,0,Barber,average
NA,1.0,0.6666666666666666,0,0,Barber,average
NA,1.0,0.6666666666666666,0,0,Barber,average
NA,1.0,0.7037037037037037,0,0,Barber,average
NA,1.0,0.6933333333333332,0,0,Barber,average
NA,1.0,0.7916666666666666,1,0,Barber,average
NA,1.0,0.6948051948051948,0,0,Barber,average
NA,1.0,0.72,0,0,Barber,average
NA,1.0,0.6527777777777777,0,0,Barber,average
NA,1.0,0.7916666666666666,0,0,Barber,average
NA,1.0,0.6818181818181818,0,0,Barber,average
NA,1.0,0.7307692307692307,0,0,Barber,average
NA,1.0,0.6769230769230768,0,1,Barber,average
NA,1.0,0.6923076923076923,0,0,Barber,average
NA,1.0,0.7142857142857142,1,0,Barber,average
NA,1.0,0.7176470588235294,0,1,Barber,average
NA,1.0,0.6969696969696969,0,0,Barber,average
NA,1.0,0.7083333333333333,0,0,Barber,average
NA,1.0,0.7549019607843137,0,1,Barber,average
NA,1.0,0.7333333333333333,0,0,Barber,average
NA,1.0,0.6695652173913043,0,0,Barber,average
NA,1.0,0.7333333333333333,0,1,Barber,average
NA,1.0,0.8058823529411764,0,1,Barber,average
NA,1.0,0.6888888888888889,0,0,Barber,average
NA,1.0,0.6666666666666666,0,1,Barber,average
NA,1.0,0.7391304347826086,0,0,Barber,average
NA,1.0,0.6884057971014492,0,0,Barber,average
NA,1.0,0.6923076923076923,0,0,Barber,average
NA,1.0,0.6875,0,0,Barber,average
NA,1.0,0.6583333333333333,0,1,Barber,average
NA,1.0,0.7142857142857142,0,0,Barber,average
NA,1.0,0.6785714285714285,0,0,Barber,average
NA,1.0,0.7037037037037036,0,0,Barber,average
NA,1.0,0.725,0,0,Barber,average
NA,1.0,0.6799999999999999,0,0,Barber,average
NA,1.0,0.6349206349206349,0,0,Barber,average
NA,1.0,0.7,0,0,Barber,average
NA,1.0,0.838235294117647,0,0,Barber,average
NA,1.0,0.6948051948051948,0,0,Barber,average
NA,1.0,0.6363636363636364,0,1,Barber,average
NA,1.0,0.6893939393939393,0,0,Barber,average
NA,1.0,0.6785714285714285,0,0,Barber,average
NA,1.0,0.7428571428571428,1,1,Barber,average
NA,1.0,0.7777777777777778,0,0,Barber,average
NA,1.0,0.7,0,1,Barber,average
NA,1.0,0.7407407407407407,0,0,Barber,average
NA,1.0,0.7637362637362637,0,1,Barber,average
NA,1.0,0.619047619047619,0,0,Barber,average
NA,1.0,0.7666666666666666,1,0,Barber,average
NA,1.0,0.6785714285714285,0,0,Barber,average
NA,1.0,0.6666666666666666,0,0,Barber,average
NA,1.0,0.744360902255639,0,0,Barber,average
NA,1.0,0.7058823529411764,0,1,Barber,average
NA,1.0,0.6870748299319728,0,0,Barber,average
NA,1.0,0.6785714285714285,0,0,Barber,average
NA,1.0,0.6909090909090908,0,0,Barber,average
NA,1.0,0.5,0,0,Barber,average
NA,1.0,0.7625,0,0,Barber,average
NA,1.0,0.6785714285714285,0,0,Barber,average
NA,1.0,0.6794871794871794,0,0,Barber,average
NA,1.0,0.7272727272727272,0,0,Barber,average
NA,1.0,0.6818181818181818,0,0,Barber,average
NA,1.0,0.73,0,0,Barber,average
NA,1.0,0.7259615384615384,0,1,Barber,average
NA,1.0,0.7307692307692307,0,0,Barber,average
NA,1.0,0.7037037037037037,0,0,Barber,average
NA,1.0,0.6888888888888889,0,0,Barber,average
NA,1.0,0.5555555555555555,0,0,Barber,average
NA,1.0,0.7101449275362318,0,0,Barber,average
NA,1.0,0.7738095238095237,0,0,Barber,average
NA,1.0,0.7157894736842104,0,1,Barber,average
NA,1.0,0.7272727272727272,0,0,Barber,average
NA,1.0,0.6931818181818181,0,1,Barber,average
NA,1.0,0.7589743589743589,0,1,Barber,average
NA,1.0,0.76,0,0,Barber,average
NA,1.0,0.6833333333333332,0,0,Barber,average
NA,1.0,0.7142857142857142,0,0,Barber,average
NA,1.0,0.7777777777777778,0,0,Barber,average
NA,1.0,0.7163461538461537,0,1,Barber,average
NA,1.0,0.6785714285714285,0,0,Barber,average
NA,1.0,0.706766917293233,0,0,Barber,average
NA,1.0,0.7219251336898396,0,1,Barber,average
NA,1.0,0.6785714285714285,0,0,Barber,average
NA,1.0,0.6544117647058822,0,0,Barber,average
NA,1.0,0.7083333333333333,0,0,Barber,average
NA,1.0,0.7499999999999999,0,0,Barber,average
NA,1.0,0.7142857142857142,0,0,Barber,average
NA,1.0,0.7333333333333333,0,0,Barber,average
NA,1.0,0.6545454545454545,0,1,Barber,average
NA,1.0,0.7083333333333333,0,0,Barber,average
NA,1.0,0.6842105263157894,0,0,Barber,average
NA,1.0,0.7142857142857142,0,0,Barber,average
NA,1.0,0.6304347826086956,0,0,Barber,average
NA,1.0,0.6833333333333332,0,0,Barber,average
NA,1.0,0.6904761904761905,0,0,Barber,average
NA,1.0,0.6785714285714285,0,0,Barber,average
NA,1.0,0.7,0,0,Barber,average
NA,1.0,0.6666666666666666,0,0,Barber,average
NA,1.0,0.6928571428571428,0,0,Barber,average
NA,1.0,0.6538461538461539,0,0,Barber,average
NA,1.0,0.6515151515151515,0,0,Barber,average
NA,1.0,0.6794871794871794,0,0,Barber,average
NA,1.0,0.7037037037037036,0,0,Barber,average
NA,1.0,0.6753246753246753,0,0,Barber,average
NA,1.0,0.8095238095238095,1,0,Barber,average
NA,1.0,0.6794871794871794,0,0,Barber,average
NA,1.0,0.7578124999999999,0,0,Barber,average
NA,1.0,0.7487179487179486,0,1,Barber,average
NA,1.0,0.6630434782608695,0,0,Barber,average
NA,1.0,0.6714285714285714,0,0,Barber,average
NA,1.0,0.73,0,0,Barber,average
NA,1.0,0.7052631578947368,0,0,Barber,average
NA,1.0,0.7037037037037037,0,0,Barber,average
NA,1.0,0.7581699346405228,0,0,Barber,average
NA,1.0,0.6785714285714285,0,0,Barber,average
NA,1.0,0.7,0,0,Barber,average
NA,1.0,0.6749999999999999,0,0,Barber,average
NA,1.0,0.7407407407407407,0,0,Barber,average
NA,1.0,0.7692307692307692,0,0,Barber,average
NA,1.0,0.7,0,0,Barber,average
NA,1.0,0.7548076923076923,0,1,Barber,average
NA,1.0,0.6666666666666666,0,0,Barber,average
NA,1.0,0.0,0,0,Barber,average
NA,1.0,0.7083333333333333,0,0,Barber,average
NA,1.0,0.6666666666666666,0,0,Barber,average
NA,1.0,0.6785714285714285,0,0,Barber,average
NA,1.0,0.6538461538461539,0,0,Barber,average
NA,1.0,0.7717391304347825,0,0,Barber,average
NA,1.0,0.7058823529411764,0,0,Barber,average
NA,1.0,0.6875,0,1,Barber,average
NA,1.0,0.6833333333333332,0,1,Barber,average
NA,1.0,0.7006802721088434,1,0,Barber,average
NA,1.0,0.7411764705882352,0,1,Barber,average
NA,1.0,0.7857142857142857,0,0,Barber,average
NA,1.0,0.6666666666666666,0,0,Barber,average
NA,1.0,0.7261904761904762,0,0,Barber,average
NA,1.0,0.6916666666666667,0,0,Barber,average
NA,1.0,0.76,0,0,Barber,average
NA,1.0,0.6818181818181818,0,0,Barber,average
NA,1.0,0.7788461538461539,0,0,Barber,average
NA,1.0,0.76,1,0,Barber,average
NA,1.0,0.7575757575757576,0,1,Barber,average
NA,1.0,0.7337662337662337,0,0,Barber,average
NA,1.0,0.7428571428571428,0,1,Barber,average
NA,1.0,0.681159420289855,1,0,Barber,average
NA,1.0,0.7023809523809523,0,1,Barber,average
NA,1.0,0.6993006993006993,0,1,Barber,average
NA,1.0,0.6833333333333332,0,0,Barber,average
NA,1.0,0.6785714285714285,0,0,Barber,average
NA,1.0,0.75,0,0,Barber,average
NA,1.0,0.6987179487179487,0,1,Barber,average
NA,1.0,0.6956521739130435,0,0,Barber,average
NA,1.0,0.7407407407407407,0,0,Barber,average
NA,1.0,0.7,0,0,Barber,average
NA,1.0,0.6699999999999999,0,0,Barber,average
NA,1.0,0.6923076923076923,0,0,Barber,average
NA,1.0,0.7210526315789473,0,1,Barber,average
NA,1.0,0.6699999999999999,0,0,Barber,average
NA,1.0,0.6785714285714285,0,0,Barber,average
NA,1.0,0.6521739130434782,0,0,Barber,average
NA,1.0,0.7071428571428571,0,1,Barber,average
NA,1.0,0.7499999999999999,0,0,Barber,average
NA,1.0,0.6785714285714285,0,0,Barber,average
NA,1.0,0.7619047619047619,0,0,Barber,average
NA,1.0,0.7214285714285714,0,0,Barber,average
NA,1.0,0.7115384615384615,0,1,Barber,average
NA,1.0,0.7163461538461537,0,1,Barber,average
NA,1.0,0.7238095238095238,0,0,Barber,average
NA,1.0,0.7076923076923076,0,1,Barber,average
NA,1.0,0.6818181818181818,0,0,Barber,average
NA,1.0,0.6666666666666666,0,0,Barber,average
NA,1.0,0.6666666666666666,0,0,Barber,average
NA,1.0,0.7407407407407407,0,0,Barber,average
NA,1.0,0.7789473684210526,0,0,Barber,average
NA,1.0,0.6696428571428571,0,0,Barber,average
NA,1.0,0.6799999999999999,0,0,Barber,average
NA,1.0,0.7583333333333333,0,0,Barber,average
NA,1.0,0.6666666666666666,0,0,Barber,average
NA,1.0,0.7608695652173912,0,0,Barber,average
NA,1.0,0.6973684210526315,0,0,Barber,average
NA,1.0,0.65625,0,0,Barber,average
NA,1.0,0.7857142857142857,0,0,Barber,average
NA,1.0,0.6666666666666666,0,0,Barber,average
NA,1.0,0.6818181818181818,0,0,Barber,average
NA,1.0,0.6944444444444444,0,0,Barber,average
NA,1.0,0.6688311688311688,0,0,Barber,average
NA,1.0,0.71,0,0,Barber,average
NA,1.0,0.6666666666666666,0,0,Barber,average
NA,1.0,0.7037037037037036,0,0,Barber,average
NA,1.0,0.5833333333333333,0,0,Barber,average
NA,1.0,0.7428571428571428,0,1,Barber,average
NA,1.0,0.6767676767676767,0,0,Barber,average
NA,1.0,0.6944444444444444,0,0,Barber,average
NA,1.0,0.7063492063492063,0,0,Barber,average
NA,1.0,0.7142857142857142,0,1,Barber,average
NA,1.0,0.6851851851851851,0,0,Barber,average
NA,1.0,0.6888888888888889,0,0,Barber,average
NA,1.0,0.8421052631578947,0,0,Barber,average
NA,1.0,0.6785714285714285,0,0,Barber,average
NA,1.0,0.7337662337662337,0,0,Barber,average
NA,1.0,0.7967914438502673,0,1,Barber,average
NA,1.0,0.6538461538461539,0,0,Barber,average
NA,1.0,0.6666666666666666,0,0,Barber,average
NA,1.0,0.6964285714285714,0,0,Barber,average
NA,1.0,0.7602339181286549,0,0,Barber,average
NA,1.0,0.7083333333333333,0,0,Barber,average
NA,1.0,0.6666666666666666,0,0,Barber,average
NA,1.0,0.6783625730994152,0,0,Barber,average
NA,1.0,0.6403508771929824,0,0,Barber,average
NA,1.0,0.6782608695652174,0,0,Barber,average
NA,1.0,0.6666666666666666,0,0,Barber,average
NA,1.0,0.712121212121212,0,0,Barber,average
NA,1.0,0.6666666666666666,0,0,Barber,average
NA,1.0,0.6458333333333333,0,0,Barber,average
NA,1.0,0.6666666666666666,0,0,Barber,average
NA,1.0,0.6714285714285714,0,1,Barber,average
NA,1.0,0.8397435897435896,0,1,Barber,average
NA,1.0,0.717391304347826,0,0,Barber,average
NA,1.0,0.6363636363636364,0,0,Barber,average
NA,1.0,0.7037037037037037,0,0,Barber,average
NA,1.0,0.7058823529411764,1,1,Barber,average
NA,1.0,0.6666666666666666,0,0,Barber,average
NA,1.0,0.69375,0,0,Barber,average
NA,1.0,0.6868686868686869,0,0,Barber,average
NA,1.0,0.625,0,0,Barber,average
NA,1.0,0.7083333333333333,0,0,Barber,average
NA,1.0,0.6666666666666666,0,0,Barber,average
NA,1.0,0.6666666666666666,0,0,Barber,average
NA,1.0,0.6923076923076923,0,0,Barber,average
NA,1.0,0.7037037037037037,0,0,Barber,average
NA,1.0,0.7,0,0,Barber,average
NA,1.0,0.64,0,0,Barber,average
NA,1.0,0.7466666666666666,0,0,Barber,average
NA,1.0,0.7053571428571428,0,0,Barber,average
NA,1.0,0.6944444444444444,0,1,Barber,average
NA,1.0,0.6947368421052631,0,0,Barber,average
NA,1.0,0.680473372781065,0,1,Barber,average
NA,1.0,0.7,1,0,Barber,average
NA,1.0,0.7373737373737373,0,0,Barber,average
NA,1.0,0.7037037037037036,0,0,Barber,average
NA,1.0,0.7083333333333333,0,0,Barber,average
NA,1.0,0.7,0,1,Barber,average
NA,1.0,0.6984126984126984,0,0,Barber,average
NA,1.0,0.6799999999999999,0,0,Barber,average
NA,1.0,0.7238095238095238,0,0,Barber,average
NA,1.0,0.6688311688311688,0,0,Barber,average
NA,1.0,0.7391304347826086,0,0,Barber,average
NA,1.0,0.6190476190476191,0,0,Barber,average
NA,1.0,0.7,0,1,Barber,average
NA,1.0,0.7142857142857142,0,0,Barber,average
NA,1.0,0.7028985507246376,0,0,Barber,average
NA,1.0,0.47619047619047616,0,0,Barber,average
NA,1.0,0.6923076923076923,0,0,Barber,average
NA,1.0,0.725,1,0,Barber,average
NA,1.0,0.625,0,0,Barber,average
NA,1.0,0.6944444444444444,0,0,Barber,average
NA,1.0,0.7417582417582417,0,1,Barber,average
NA,1.0,0.6666666666666666,0,0,Barber,average
NA,1.0,0.7727272727272727,0,0,Barber,average
NA,1.0,0.7863247863247863,0,0,Barber,average
NA,1.0,0.671875,0,1,Barber,average
NA,1.0,0.6666666666666666,0,0,Barber,average
NA,1.0,0.7548076923076923,0,1,Barber,average
NA,1.0,0.6666666666666666,0,1,Barber,average
NA,1.0,0.6323529411764706,0,0,Barber,average
NA,1.0,0.6444444444444444,0,0,Barber,average
NA,1.0,0.7407407407407407,0,0,Barber,average
NA,1.0,0.8070175438596491,0,0,Barber,average
NA,1.0,0.6590909090909091,0,0,Barber,average
NA,1.0,0.7596153846153846,0,1,Barber,average
NA,1.0,0.7142857142857142,0,0,Barber,average
NA,1.0,0.72,0,0,Barber,average
NA,1.0,0.744360902255639,0,0,Barber,average
NA,1.0,0.7083333333333333,0,0,Barber,average
NA,1.0,0.6428571428571428,0,0,Barber,average
NA,1.0,0.6956521739130435,0,0,Barber,average
NA,1.0,0.7,0,0,Barber,average
NA,1.0,0.763157894736842,0,1,Barber,average
NA,1.0,0.6785714285714285,0,0,Barber,average
NA,1.0,0.6875,0,0,Barber,average
NA,1.0,0.7142857142857142,0,0,Barber,average
NA,1.0,0.7101449275362318,0,0,Barber,average
NA,1.0,0.75,0,0,Barber,average
NA,1.0,0.7708333333333333,0,0,Barber,average
NA,1.0,0.6666666666666666,0,0,Barber,average
NA,1.0,0.7666666666666666,0,0,Barber,average
NA,1.0,0.7727272727272727,0,0,Barber,average
NA,1.0,0.7023809523809523,0,1,Barber,average
NA,1.0,0.6875,0,0,Barber,average
NA,1.0,0.7307692307692307,0,0,Barber,average
NA,1.0,0.6923076923076923,0,0,Barber,average
NA,1.0,0.6851851851851851,0,0,Barber,average
NA,1.0,0.6785714285714285,0,0,Barber,average
NA,1.0,0.6888888888888889,0,0,Barber,average
NA,1.0,0.681159420289855,0,0,Barber,average
NA,1.0,0.7826086956521738,0,0,Barber,average
NA,1.0,0.7959183673469387,0,1,Barber,average
NA,1.0,0.6666666666666666,0,0,Barber,average
NA,1.0,0.6875,0,1,Barber,average
NA,1.0,0.7,0,0,Barber,average
NA,1.0,0.6777777777777777,0,0,Barber,average
NA,1.0,0.65,0,0,Barber,average
NA,1.0,0.6499999999999999,0,0,Barber,average
NA,1.0,0.6769230769230768,0,1,Barber,average
NA,1.0,0.6749999999999999,0,0,Barber,average
NA,1.0,0.7157894736842104,0,0,Barber,average
NA,1.0,0.6785714285714285,0,0,Barber,average
NA,1.0,0.7105263157894737,0,0,Barber,average
NA,1.0,0.7575757575757576,0,0,Barber,average
NA,1.0,0.7028985507246376,0,0,Barber,average
NA,1.0,0.6933333333333332,0,0,Barber,average
NA,1.0,0.7789473684210526,0,1,Barber,average
NA,1.0,0.7037037037037036,0,0,Barber,average
NA,1.0,0.6666666666666666,0,0,Barber,average
NA,1.0,0.6458333333333333,0,0,Barber,average
NA,1.0,0.7210526315789473,0,1,Barber,average
NA,1.0,0.7037037037037037,0,0,Barber,average
NA,1.0,0.6794871794871794,0,0,Barber,average
NA,1.0,0.7999999999999999,0,1,Barber,average
NA,1.0,0.6862745098039216,0,0,Barber,average
NA,1.0,0.7,0,0,Barber,average
NA,1.0,0.7142857142857142,0,0,Barber,average
NA,1.0,0.7,0,0,Barber,average
NA,1.0,0.7362637362637362,0,0,Barber,average
NA,1.0,0.6802721088435374,0,0,Barber,average
NA,1.0,0.6593406593406593,0,0,Barber,average
NA,1.0,0.6969696969696969,0,0,Barber,average
NA,1.0,0.6833333333333332,0,0,Barber,average
NA,1.0,0.7407407407407407,0,0,Barber,average
NA,1.0,0.6538461538461539,0,0,Barber,average
NA,1.0,0.6521739130434783,0,0,Barber,average
NA,1.0,0.7307692307692307,0,0,Barber,average
NA,1.0,0.7857142857142857,0,0,Barber,average
NA,1.0,0.7714285714285714,0,0,Barber,average
NA,1.0,0.6666666666666666,0,0,Barber,average
NA,1.0,0.7142857142857142,0,0,Barber,average
NA,1.0,0.6714285714285714,0,0,Barber,average
NA,1.0,0.6785714285714285,0,0,Barber,average
NA,1.0,0.828125,0,0,Barber,average
NA,1.0,0.6458333333333333,0,0,Barber,average
NA,1.0,0.6666666666666666,0,1,Barber,average
NA,1.0,0.6749999999999999,0,0,Barber,average
NA,1.0,0.7552083333333333,0,1,Barber,average
NA,1.0,0.6666666666666666,0,0,Barber,average
NA,1.0,0.75,0,1,Barber,average
NA,1.0,0.7333333333333333,0,0,Barber,average
NA,1.0,0.6825396825396824,0,0,Barber,average
NA,1.0,0.5909090909090908,1,0,Barber,average
NA,1.0,0.6933333333333332,1,0,Barber,average
NA,1.0,0.7037037037037037,0,0,Barber,average
NA,1.0,0.6923076923076923,0,0,Barber,average
NA,1.0,0.7142857142857142,0,0,Barber,average
NA,1.0,0.6538461538461539,0,0,Barber,average
NA,1.0,0.6923076923076923,0,0,Barber,average
NA,1.0,0.6666666666666666,1,0,Barber,average
NA,1.0,0.6799999999999999,0,0,Barber,average
NA,1.0,0.6851851851851851,0,0,Barber,average
NA,1.0,0.6842105263157894,0,0,Barber,average
NA,1.0,0.7482993197278911,0,0,Barber,average
NA,1.0,0.7023809523809523,0,0,Barber,average
NA,1.0,0.7307692307692307,0,1,Barber,average
NA,1.0,0.7037037037037036,0,0,Barber,average
NA,1.0,0.6375,0,0,Barber,average
NA,1.0,0.7142857142857142,0,0,Barber,average
NA,1.0,0.7391304347826086,0,0,Barber,average
NA,1.0,0.6666666666666666,0,1,Barber,average
NA,1.0,0.75,0,0,Barber,average
NA,1.0,0.7777777777777777,0,0,Barber,average
NA,1.0,0.6538461538461539,0,0,Barber,average
NA,1.0,0.65625,0,0,Barber,average
NA,1.0,0.6923076923076923,0,0,Barber,average
NA,1.0,0.6894736842105262,0,1,Barber,average
NA,1.0,0.676470588235294,0,0,Barber,average
NA,1.0,0.6739130434782609,0,0,Barber,average
NA,1.0,0.6538461538461539,0,0,Barber,average
NA,1.0,0.7307692307692307,0,0,Barber,average
NA,1.0,0.6,0,0,Barber,average
NA,1.0,0.6956521739130435,0,0,Barber,average
NA,1.0,0.75,0,0,Barber,average
NA,1.0,0.8266666666666665,0,1,Barber,average
NA,1.0,0.6599999999999999,0,0,Barber,average
NA,1.0,0.7215909090909091,0,1,Barber,average
NA,1.0,0.7857142857142856,0,0,Barber,average
NA,1.0,0.738095238095238,0,0,Barber,average
NA,1.0,0.6666666666666666,0,0,Barber,average
NA,1.0,0.7499999999999999,1,0,Barber,average
NA,1.0,0.6883116883116882,0,0,Barber,average
NA,1.0,0.64,0,0,Barber,average
NA,1.0,0.6785714285714285,0,0,Barber,average
NA,1.0,0.7210526315789473,0,1,Barber,average
NA,1.0,0.16666666666666666,0,0,Barber,average
NA,1.0,0.681159420289855,0,0,Barber,average
NA,1.0,0.64,0,0,Barber,average
NA,1.0,0.7575757575757576,0,1,Barber,average
NA,1.0,0.7277777777777777,0,0,Barber,average
NA,1.0,0.7555555555555555,0,0,Barber,average
NA,1.0,0.6923076923076923,0,0,Barber,average
NA,1.0,0.6688311688311688,1,0,Barber,average
NA,1.0,0.65,0,0,Barber,average
NA,1.0,0.6071428571428571,0,0,Barber,average
NA,1.0,0.735042735042735,0,0,Barber,average
NA,1.0,0.6616541353383458,0,0,Barber,average
NA,1.0,0.75,0,0,Barber,average
NA,1.0,0.6833333333333332,0,0,Barber,average
NA,1.0,0.6647058823529411,0,1,Barber,average
NA,1.0,0.6923076923076923,0,0,Barber,average
NA,1.0,0.6666666666666666,0,0,Barber,average
NA,1.0,0.49999999999999994,0,0,Barber,average
NA,1.0,0.6666666666666666,0,0,Barber,average
NA,1.0,0.7454545454545454,0,0,Barber,average
NA,1.0,0.8333333333333333,0,0,Barber,average
NA,1.0,0.6884057971014492,0,0,Barber,average
NA,1.0,0.6938775510204082,0,0,Barber,average
NA,1.0,0.7407407407407407,0,0,Barber,average
NA,1.0,0.6785714285714285,0,0,Barber,average
NA,1.0,0.5777777777777777,0,0,Barber,average
NA,1.0,0.6666666666666666,0,0,Barber,average
NA,1.0,0.71,0,0,Barber,average
NA,1.0,0.6785714285714285,0,0,Barber,average
NA,1.0,0.7592592592592592,0,0,Barber,average
NA,1.0,0.7538461538461538,0,1,Barber,average
NA,1.0,0.7058823529411764,0,0,Barber,average
NA,1.0,0.7777777777777777,0,0,Barber,average
NA,1.0,0.7407407407407407,0,0,Barber,average
NA,1.0,0.7028985507246376,0,0,Barber,average
NA,1.0,0.7142857142857142,0,0,Barber,average
NA,1.0,0.7608695652173912,0,0,Barber,average
NA,1.0,0.7976190476190476,0,0,Barber,average
NA,1.0,0.7083333333333333,0,0,Barber,average
NA,1.0,0.7070707070707071,0,1,Barber,average
NA,1.0,0.6666666666666666,0,0,Barber,average
NA,1.0,0.7051282051282051,0,0,Barber,average
NA,1.0,0.6944444444444444,0,0,Barber,average
NA,1.0,0.7320261437908496,0,0,Barber,average
NA,1.0,0.8125,0,1,Barber,average
NA,1.0,0.608695652173913,0,0,Barber,average
NA,1.0,0.7999999999999999,0,0,Barber,average
NA,1.0,0.7210526315789473,1,1,Barber,average
NA,1.0,0.7222222222222222,0,0,Barber,average
NA,1.0,0.7460317460317459,0,0,Barber,average
NA,1.0,0.6857142857142856,0,0,Barber,average
NA,1.0,0.6666666666666666,0,1,Barber,average
NA,1.0,0.7333333333333333,0,0,Barber,average
NA,1.0,0.7222222222222222,0,0,Barber,average
NA,1.0,0.6739130434782609,0,0,Barber,average
NA,1.0,0.7076923076923076,0,1,Barber,average
NA,1.0,0.7,0,0,Barber,average
NA,1.0,0.6739130434782609,0,0,Barber,average
NA,1.0,0.6363636363636362,0,0,Barber,average
NA,1.0,0.66875,0,0,Barber,average
NA,1.0,0.7604166666666666,0,1,Barber,average
NA,1.0,0.7142857142857142,0,0,Barber,average
NA,1.0,0.7083333333333333,0,0,Barber,average
NA,1.0,0.6799999999999999,0,0,Barber,average
NA,1.0,0.7259615384615384,0,1,Barber,average
NA,1.0,0.734375,0,1,Barber,average
NA,1.0,0.7083333333333333,0,0,Barber,average
NA,1.0,0.875,0,0,Barber,average
NA,1.0,0.7321428571428571,0,1,Barber,average
NA,1.0,0.6538461538461537,0,0,Barber,average
NA,1.0,0.6911764705882353,0,1,Barber,average
NA,1.0,0.6785714285714285,0,0,Barber,average
NA,1.0,0.6851851851851851,0,0,Barber,average
NA,1.0,0.7323232323232323,0,1,Barber,average
NA,1.0,0.7058823529411764,0,0,Barber,average
NA,1.0,0.696078431372549,0,1,Barber,average
NA,1.0,0.7,0,0,Barber,average
NA,1.0,0.7070707070707071,0,1,Barber,average
NA,1.0,0.7109375,0,0,Barber,average
NA,1.0,0.6749999999999999,0,0,Barber,average
NA,1.0,0.7051282051282051,0,0,Barber,average
NA,1.0,0.6666666666666666,0,0,Barber,average
NA,1.0,0.6944444444444444,1,1,Barber,average
NA,1.0,0.6794871794871794,0,0,Barber,average
NA,1.0,0.6699999999999999,0,0,Barber,average
NA,1.0,0.7857142857142857,0,0,Barber,average
NA,1.0,0.6923076923076923,0,0,Barber,average
NA,1.0,0.6785714285714285,0,0,Barber,average
NA,1.0,0.6938775510204082,0,0,Barber,average
NA,1.0,0.7037037037037037,0,0,Barber,average
NA,1.0,0.7142857142857142,0,0,Barber,average
NA,1.0,0.7179487179487178,0,1,Barber,average
NA,1.0,0.7217391304347825,0,0,Barber,average
NA,1.0,0.7165775401069518,0,1,Barber,average
NA,1.0,0.725,0,0,Barber,average
NA,1.0,0.7548076923076923,0,1,Barber,average
NA,1.0,0.7333333333333333,0,0,Barber,average
NA,1.0,0.7363636363636363,0,0,Barber,average
NA,1.0,0.7157894736842105,0,1,Barber,average
NA,1.0,0.6785714285714285,0,0,Barber,average
NA,1.0,0.7124999999999999,0,0,Barber,average
NA,1.0,0.6923076923076923,0,0,Barber,average
NA,1.0,0.7727272727272726,0,0,Barber,average
NA,1.0,0.7307692307692307,0,0,Barber,average
NA,1.0,0.7972027972027972,0,1,Barber,average
NA,1.0,0.7065217391304347,0,0,Barber,average
NA,1.0,0.7714285714285714,0,1,Barber,average
NA,1.0,0.5555555555555555,0,0,Barber,average
NA,1.0,0.7307692307692307,0,0,Barber,average
NA,1.0,0.72,0,0,Barber,average
NA,1.0,0.6666666666666666,0,0,Barber,average
NA,1.0,0.7435897435897435,0,0,Barber,average
NA,1.0,0.6363636363636364,0,0,Barber,average
NA,1.0,0.7514792899408284,0,1,Barber,average
NA,1.0,0.6868686868686869,0,0,Barber,average
NA,1.0,0.6875,0,0,Barber,average
NA,1.0,0.625,0,0,Barber,average
NA,1.0,0.7272727272727272,0,0,Barber,average
NA,1.0,0.7142857142857142,0,0,Barber,average
NA,1.0,0.6894736842105262,0,1,Barber,average
NA,1.0,0.608695652173913,0,0,Barber,average
NA,1.0,0.7444444444444445,0,0,Barber,average
NA,1.0,0.5909090909090908,0,0,Barber,average
NA,1.0,0.696078431372549,0,1,Barber,average
NA,1.0,0.7530864197530863,0,0,Barber,average
NA,1.0,0.7,0,0,Barber,average
NA,1.0,0.7916666666666666,0,0,Barber,average
NA,1.0,0.7065217391304347,0,0,Barber,average
NA,1.0,0.6883116883116882,0,0,Barber,average
NA,1.0,0.6923076923076923,1,1,Barber,average
NA,1.0,0.673076923076923,0,0,Barber,average
NA,1.0,0.6625,0,0,Barber,average
NA,1.0,0.6782608695652174,0,0,Barber,average
NA,1.0,0.7051282051282051,0,0,Barber,average
NA,1.0,0.6923076923076923,0,0,Barber,average
NA,1.0,0.7037037037037037,0,0,Barber,average
NA,1.0,0.7142857142857142,0,0,Barber,average
NA,1.0,0.6666666666666666,0,0,Barber,average
NA,1.0,0.6851851851851851,0,0,Barber,average
NA,1.0,0.7142857142857143,0,0,Barber,average
NA,1.0,0.6590909090909091,0,0,Barber,average
NA,1.0,0.6538461538461539,0,0,Barber,average
NA,1.0,0.6884057971014492,0,0,Barber,average
NA,1.0,0.7222222222222222,0,0,Barber,average
NA,1.0,0.7045454545454545,0,0,Barber,average
NA,1.0,0.7692307692307692,0,0,Barber,average
NA,1.0,0.6900584795321637,0,0,Barber,average
NA,1.0,0.7101449275362318,0,0,Barber,average
NA,1.0,0.73125,0,1,Barber,average
NA,1.0,0.7559523809523809,0,0,Barber,average
NA,1.0,0.7307692307692307,0,0,Barber,average
NA,1.0,0.6833333333333332,0,0,Barber,average
NA,1.0,0.7373737373737373,0,0,Barber,average
NA,1.0,0.625,0,0,Barber,average
NA,1.0,0.6904761904761905,0,0,Barber,average
NA,1.0,0.6785714285714285,0,0,Barber,average
NA,1.0,0.6785714285714285,0,0,Barber,average
NA,1.0,0.8214285714285714,0,0,Barber,average
NA,1.0,0.676470588235294,0,0,Barber,average
NA,1.0,0.7134502923976608,0,0,Barber,average
NA,1.0,0.72,0,0,Barber,average
NA,1.0,0.6866666666666666,0,1,Barber,average
NA,1.0,0.7700534759358288,0,1,Barber,average
NA,1.0,0.7142857142857142,0,0,Barber,average
NA,1.0,0.7407407407407407,0,0,Barber,average
NA,1.0,0.7083333333333333,0,1,Barber,average
NA,1.0,0.7,0,0,Barber,average
NA,1.0,0.7166666666666666,0,0,Barber,average
NA,1.0,0.7037037037037036,0,0,Barber,average
NA,1.0,0.7,0,0,Barber,average
NA,1.0,0.7142857142857142,0,0,Barber,average
NA,1.0,0.6916666666666667,0,0,Barber,average
NA,1.0,0.6971153846153846,0,1,Barber,average
NA,1.0,0.825,0,0,Barber,average
NA,1.0,0.7596153846153846,0,1,Barber,average
NA,1.0,0.7407407407407407,0,0,Barber,average
NA,1.0,0.6682692307692307,0,1,Barber,average
NA,1.0,0.75,0,0,Barber,average
NA,1.0,0.6857142857142856,0,1,Barber,average
NA,1.0,0.6666666666666666,0,0,Barber,average
NA,1.0,0.7037037037037037,0,0,Barber,average
NA,1.0,0.6666666666666666,0,0,Barber,average
NA,1.0,0.7789473684210526,0,1,Barber,average
NA,1.0,0.6984126984126984,0,0,Barber,average
NA,1.0,0.64,0,0,Barber,average
NA,1.0,0.65,0,0,Barber,average
NA,1.0,0.7619047619047619,0,0,Barber,average
NA,1.0,0.7424242424242424,0,0,Barber,average
NA,1.0,0.7166666666666666,0,0,Barber,average
NA,1.0,0.7142857142857142,0,0,Barber,average
NA,1.0,0.7593582887700534,0,1,Barber,average
NA,1.0,0.6714285714285714,0,1,Barber,average
NA,1.0,0.55,0,0,Barber,average
NA,1.0,0.6916666666666667,0,0,Barber,average
NA,1.0,0.6363636363636364,0,0,Barber,average
NA,1.0,0.7028985507246376,0,0,Barber,average
NA,1.0,0.7051282051282051,0,0,Barber,average
NA,1.0,0.71,0,0,Barber,average
NA,1.0,0.7548076923076923,0,1,Barber,average
NA,1.0,0.6825396825396824,0,0,Barber,average
NA,1.0,0.7285714285714285,0,1,Barber,average
NA,1.0,0.7083333333333333,0,0,Barber,average
NA,1.0,0.7625,0,0,Barber,average
NA,1.0,0.6785714285714285,0,0,Barber,average
NA,1.0,0.7,0,0,Barber,average
NA,1.0,0.75,0,0,Barber,average
NA,1.0,0.6844919786096256,0,1,Barber,average
NA,1.0,0.6833333333333332,0,1,Barber,average
NA,1.0,0.6599999999999999,0,0,Barber,average
NA,1.0,0.7307692307692307,0,0,Barber,average
NA,1.0,0.7181818181818181,0,0,Barber,average
NA,1.0,0.7368421052631579,0,0,Barber,average
NA,1.0,0.7037037037037037,0,0,Barber,average
NA,1.0,0.8070175438596491,0,0,Barber,average
NA,1.0,0.6923076923076923,1,1,Barber,average
NA,1.0,0.7,0,1,Barber,average
NA,1.0,0.6739130434782609,0,0,Barber,average
NA,1.0,0.6666666666666666,0,0,Barber,average
NA,1.0,0.7,1,0,Barber,average
NA,1.0,0.608695652173913,0,0,Barber,average
NA,1.0,0.9047619047619047,0,0,Barber,average
NA,1.0,0.75,0,0,Barber,average
NA,1.0,0.6785714285714285,0,0,Barber,average
NA,1.0,0.71,0,0,Barber,average
NA,1.0,0.8421052631578947,1,1,Barber,average
NA,1.0,0.725,0,0,Barber,average
NA,1.0,0.7045454545454545,0,1,Barber,average
NA,1.0,0.7755102040816326,0,0,Barber,average
NA,1.0,0.7083333333333333,0,0,Barber,average
NA,1.0,0.75,0,0,Barber,average
NA,1.0,0.7684210526315789,0,1,Barber,average
NA,1.0,0.6833333333333332,0,0,Barber,average
NA,1.0,0.6888888888888889,1,1,Barber,average
NA,1.0,0.6964285714285714,0,0,Barber,average
NA,1.0,0.7142857142857143,0,0,Barber,average
NA,1.0,0.6916666666666667,0,0,Barber,average
NA,1.0,0.76,0,0,Barber,average
NA,1.0,0.7843137254901961,0,0,Barber,average
NA,1.0,0.6538461538461539,0,0,Barber,average
NA,1.0,0.7532467532467532,0,1,Barber,average
NA,1.0,0.7999999999999999,0,0,Barber,average
NA,1.0,0.7196969696969696,0,1,Barber,average
NA,1.0,0.6794871794871794,0,0,Barber,average
NA,1.0,0.7272727272727272,0,0,Barber,average
NA,1.0,0.7447916666666666,0,1,Barber,average
NA,1.0,0.72,0,0,Barber,average
NA,1.0,0.6875,0,0,Barber,average
NA,1.0,0.71,0,0,Barber,average
NA,1.0,0.7159090909090908,0,0,Barber,average
NA,1.0,0.6971153846153846,0,1,Barber,average
NA,1.0,0.7,0,0,Barber,average
NA,1.0,0.6785714285714285,0,0,Barber,average
NA,1.0,0.625,0,0,Barber,average
NA,1.0,0.7037037037037037,1,0,Barber,average
NA,1.0,0.5714285714285714,0,0,Barber,average
NA,1.0,0.7272727272727273,0,0,Barber,average
NA,1.0,0.3636363636363636,0,0,Barber,average
NA,1.0,0.7058823529411764,0,1,Barber,average
NA,1.0,0.7391304347826086,0,0,Barber,average
NA,1.0,0.6666666666666666,0,0,Barber,average
NA,1.0,0.71,0,0,Barber,average
NA,1.0,0.6785714285714285,0,0,Barber,average
NA,1.0,0.7045454545454545,0,0,Barber,average
NA,1.0,0.6904761904761905,0,1,Barber,average
NA,1.0,0.7157894736842104,0,1,Barber,average
NA,1.0,0.6666666666666666,0,0,Barber,average
NA,1.0,0.7205882352941176,0,1,Barber,average
NA,1.0,0.7999999999999999,0,0,Barber,average
NA,1.0,0.5714285714285714,0,0,Barber,average
NA,1.0,0.6785714285714285,0,0,Barber,average
NA,1.0,0.7,0,0,Barber,average
NA,1.0,0.6458333333333333,0,0,Barber,average
NA,1.0,0.6029411764705882,0,0,Barber,average
NA,1.0,0.6923076923076923,0,0,Barber,average
NA,1.0,0.6847826086956521,0,0,Barber,average
NA,1.0,0.6952380952380952,0,1,Barber,average
NA,1.0,0.7037037037037036,0,0,Barber,average
NA,1.0,0.7083333333333333,0,0,Barber,average
NA,1.0,0.7272727272727272,0,1,Barber,average
NA,1.0,0.69,0,1,Barber,average
NA,1.0,0.6666666666666666,0,0,Barber,average
NA,1.0,0.7142857142857142,0,1,Barber,average
NA,1.0,0.6923076923076923,0,0,Barber,average
NA,1.0,0.6538461538461537,0,0,Barber,average
NA,1.0,0.6813725490196078,0,1,Barber,average
NA,1.0,0.6749999999999999,0,0,Barber,average
NA,1.0,0.7142857142857142,0,0,Barber,average
NA,1.0,0.6833333333333332,0,0,Barber,average
NA,1.0,0.6666666666666666,0,1,Barber,average
NA,1.0,0.6842105263157894,1,0,Barber,average
NA,1.0,0.6782608695652174,0,0,Barber,average
NA,1.0,0.6799999999999999,0,0,Barber,average
NA,1.0,0.71,0,0,Barber,average
NA,1.0,0.6785714285714285,0,0,Barber,average
NA,1.0,0.7142857142857142,0,0,Barber,average
NA,1.0,0.6875,0,0,Barber,average
NA,1.0,0.7833333333333332,0,1,Barber,average
NA,1.0,0.6782608695652174,0,0,Barber,average
NA,1.0,0.7115384615384615,0,0,Barber,average
NA,1.0,0.7142857142857142,0,0,Barber,average
NA,1.0,0.6666666666666666,0,0,Barber,average
NA,1.0,0.7,0,0,Barber,average
NA,1.0,0.6890756302521008,0,0,Barber,average
NA,1.0,0.7592592592592592,0,0,Barber,average
NA,1.0,0.5333333333333333,0,0,Barber,average
NA,1.0,0.6785714285714285,0,0,Barber,average
NA,1.0,0.7424242424242424,0,1,Barber,average
NA,1.0,0.673076923076923,0,0,Barber,average
NA,1.0,0.6785714285714285,0,0,Barber,average
NA,1.0,0.711111111111111,0,0,Barber,average
NA,1.0,0.7727272727272727,0,0,Barber,average
NA,1.0,0.7291666666666666,0,0,Barber,average
NA,1.0,0.5384615384615384,0,0,Barber,average
NA,1.0,0.7272727272727272,0,0,Barber,average
NA,1.0,0.6666666666666666,0,0,Barber,average
NA,1.0,0.7619047619047619,0,0,Barber,average
NA,1.0,0.6124999999999999,0,0,Barber,average
NA,1.0,0.702020202020202,0,1,Barber,average
NA,1.0,0.6785714285714285,0,0,Barber,average
NA,1.0,0.6722222222222222,0,0,Barber,average
NA,1.0,0.825,1,1,Barber,average
NA,1.0,0.7388888888888888,0,0,Barber,average
NA,1.0,0.6944444444444444,0,0,Barber,average
NA,1.0,0.6794871794871794,0,0,Barber,average
NA,1.0,0.8238095238095238,0,1,Barber,average
NA,1.0,0.6931818181818181,0,0,Barber,average
NA,1.0,0.7803030303030303,0,0,Barber,average
NA,1.0,0.6818181818181818,0,0,Barber,average
NA,1.0,0.7826086956521738,0,0,Barber,average
NA,1.0,0.6933333333333332,0,0,Barber,average
NA,1.0,0.6785714285714285,0,0,Barber,average
NA,1.0,0.673611111111111,1,0,Barber,average
NA,1.0,0.5499999999999999,0,0,Barber,average
NA,1.0,0.6875,0,1,Barber,average
NA,1.0,0.7083333333333333,0,0,Barber,average
NA,1.0,0.6517857142857142,0,0,Barber,average
NA,1.0,0.7205882352941176,0,1,Barber,average
NA,1.0,0.6785714285714285,0,0,Barber,average
NA,1.0,0.6875,0,1,Barber,average
NA,1.0,0.6,1,0,Barber,average
NA,1.0,0.6376811594202898,0,0,Barber,average
NA,1.0,0.7083333333333333,0,0,Barber,average
NA,1.0,0.6833333333333332,0,0,Barber,average
NA,1.0,0.6590909090909091,0,0,Barber,average
NA,1.0,0.7051282051282051,0,0,Barber,average
NA,1.0,0.7660818713450291,0,0,Barber,average
NA,1.0,0.71,0,0,Barber,average
NA,1.0,0.7045454545454545,0,0,Barber,average
NA,1.0,0.6666666666666666,0,0,Barber,average
NA,1.0,0.6715686274509803,0,1,Barber,average
NA,1.0,0.8429752066115702,0,1,Barber,average
NA,1.0,0.6851851851851851,0,0,Barber,average
NA,1.0,0.7304347826086955,0,0,Barber,average
NA,1.0,0.7142857142857142,0,0,Barber,average
NA,1.0,0.6785714285714285,0,0,Barber,average
NA,1.0,0.8666666666666667,0,0,Barber,average
NA,1.0,0.711111111111111,0,1,Barber,average
NA,1.0,0.7529411764705882,0,1,Barber,average
NA,1.0,0.7037037037037037,0,0,Barber,average
NA,1.0,0.6428571428571428,0,0,Barber,average
NA,1.0,0.7407407407407407,0,0,Barber,average
NA,1.0,0.8246753246753246,0,0,Barber,average
NA,1.0,0.6851851851851851,0,0,Barber,average
NA,1.0,0.625,0,0,Barber,average
NA,1.0,0.6666666666666666,0,0,Barber,average
NA,1.0,0.7714285714285714,0,1,Barber,average
NA,1.0,0.5263157894736842,0,0,Barber,average
NA,1.0,0.611111111111111,0,0,Barber,average
NA,1.0,0.6794871794871794,0,0,Barber,average
NA,1.0,0.8888888888888888,0,0,Barber,average
NA,1.0,0.6666666666666666,0,0,Barber,average
NA,1.0,0.7023809523809523,0,0,Barber,average
NA,1.0,0.7037037037037036,0,0,Barber,average
NA,1.0,0.7070707070707071,0,1,Barber,average
NA,1.0,0.6862745098039216,0,0,Barber,average
NA,1.0,0.6923076923076923,0,0,Barber,average
NA,1.0,0.7142857142857142,0,0,Barber,average
NA,1.0,0.7478260869565216,0,0,Barber,average
NA,1.0,0.6923076923076923,0,0,Barber,average
NA,1.0,0.6956521739130435,0,0,Barber,average
NA,1.0,0.7794117647058822,0,1,Barber,average
NA,1.0,0.7968749999999999,0,0,Barber,average
NA,1.0,0.7,0,0,Barber,average
NA,1.0,0.7428571428571428,0,0,Barber,average
NA,1.0,0.6538461538461539,0,0,Barber,average
NA,1.0,0.7037037037037037,0,0,Barber,average
NA,1.0,0.731578947368421,0,1,Barber,average
NA,1.0,0.6666666666666666,0,0,Barber,average
NA,1.0,0.6476190476190475,0,0,Barber,average
NA,1.0,0.7599999999999999,0,1,Barber,average
NA,1.0,0.6333333333333333,0,0,Barber,average
NA,1.0,0.7304347826086957,0,0,Barber,average
NA,1.0,0.7,0,0,Barber,average
NA,1.0,0.7142857142857142,0,0,Barber,average
NA,1.0,0.7142857142857142,0,0,Barber,average
NA,1.0,0.7333333333333333,0,0,Barber,average
NA,1.0,0.5909090909090909,0,0,Barber,average
NA,1.0,0.6739130434782609,0,0,Barber,average
NA,1.0,0.7083333333333333,0,0,Barber,average
NA,1.0,0.734375,0,1,Barber,average
NA,1.0,0.6799999999999999,0,0,Barber,average
NA,1.0,0.6956521739130435,0,0,Barber,average
NA,1.0,0.6491228070175439,0,0,Barber,average
NA,1.0,0.6785714285714285,0,0,Barber,average
NA,1.0,0.7005347593582887,0,1,Barber,average
NA,1.0,0.625,0,0,Barber,average
NA,1.0,0.8636363636363635,0,0,Barber,average
NA,1.0,0.6666666666666666,0,0,Barber,average
NA,1.0,0.6,0,0,Barber,average
NA,1.0,0.6952380952380952,0,1,Barber,average
NA,1.0,0.6736842105263158,1,1,Barber,average
NA,1.0,0.7142857142857142,0,1,Barber,average
NA,1.0,0.7857142857142857,1,0,Barber,average
NA,1.0,0.7142857142857142,0,0,Barber,average
NA,1.0,0.736111111111111,0,0,Barber,average
NA,1.0,0.6458333333333333,0,0,Barber,average
NA,1.0,0.7947368421052631,0,1,Barber,average
NA,1.0,0.69375,0,0,Barber,average
NA,1.0,0.6521739130434783,0,0,Barber,average
NA,1.0,0.6,0,0,Barber,average
NA,1.0,0.7481481481481481,0,0,Barber,average
NA,1.0,0.7142857142857142,0,0,Barber,average
NA,1.0,0.7222222222222222,0,1,Barber,average
NA,1.0,0.7379679144385026,0,1,Barber,average
NA,1.0,0.6399999999999999,0,0,Barber,average
NA,1.0,0.8222222222222222,0,1,Barber,average
NA,1.0,0.7407407407407407,0,0,Barber,average
NA,1.0,0.6666666666666666,0,0,Barber,average
NA,1.0,0.6797385620915032,0,0,Barber,average
NA,1.0,0.7102272727272727,0,1,Barber,average
NA,1.0,0.6874999999999999,0,0,Barber,average
NA,1.0,0.7916666666666666,0,0,Barber,average
NA,1.0,0.6785714285714285,0,0,Barber,average
NA,1.0,0.6666666666666666,0,0,Barber,average
NA,1.0,0.6666666666666666,0,0,Barber,average
NA,1.0,0.6875,0,1,Barber,average
NA,1.0,0.7083333333333333,0,0,Barber,average
NA,1.0,0.7407407407407407,0,0,Barber,average
NA,1.0,0.6770833333333333,0,0,Barber,average
NA,1.0,0.736111111111111,0,0,Barber,average
NA,1.0,0.72,0,0,Barber,average
NA,1.0,0.7222222222222222,0,1,Barber,average
NA,1.0,0.7222222222222222,0,0,Barber,average
NA,1.0,0.6470588235294117,0,0,Barber,average
NA,1.0,0.7077922077922078,0,1,Barber,average
NA,1.0,0.6726190476190476,0,0,Barber,average
NA,1.0,0.6352941176470588,0,0,Barber,average
NA,1.0,0.7333333333333333,0,0,Barber,average
NA,1.0,0.7619047619047619,0,0,Barber,average
NA,1.0,0.6761904761904761,0,1,Barber,average
NA,1.0,0.5789473684210527,1,0,Barber,average
NA,1.0,0.7529411764705882,0,1,Barber,average
NA,1.0,0.7210884353741496,0,0,Barber,average
NA,1.0,0.7583333333333333,0,0,Barber,average
NA,1.0,0.6739130434782609,0,0,Barber,average
NA,1.0,0.6527777777777777,0,0,Barber,average
NA,1.0,0.6785714285714285,0,0,Barber,average
NA,1.0,0.6851851851851851,0,0,Barber,average
NA,1.0,0.6919191919191918,0,1,Barber,average
NA,1.0,0.7142857142857142,0,0,Barber,average
NA,1.0,0.6785714285714285,0,0,Barber,average
NA,1.0,0.7037037037037037,0,0,Barber,average
NA,1.0,0.625,0,0,Barber,average
NA,1.0,0.6696428571428571,0,0,Barber,average
NA,1.0,0.6833333333333332,0,0,Barber,average
NA,1.0,0.8333333333333333,0,0,Barber,average
NA,1.0,0.6666666666666666,0,0,Barber,average
NA,1.0,0.6916666666666667,0,0,Barber,average
NA,1.0,0.7826086956521738,0,0,Barber,average
NA,1.0,0.6666666666666666,0,0,Barber,average
NA,1.0,0.6969696969696969,0,0,Barber,average
NA,1.0,0.7692307692307692,0,0,Barber,average
NA,1.0,0.738095238095238,0,1,Barber,average
NA,1.0,0.7277777777777777,1,0,Barber,average
NA,1.0,0.6428571428571428,0,0,Barber,average
NA,1.0,0.5714285714285714,0,0,Barber,average
NA,1.0,0.7619047619047619,0,0,Barber,average
NA,1.0,0.6851851851851851,0,0,Barber,average
NA,1.0,0.7051282051282051,0,0,Barber,average
NA,1.0,0.6666666666666666,0,0,Barber,average
NA,1.0,0.71,0,0,Barber,average
NA,1.0,0.7564102564102564,0,1,Barber,average
NA,1.0,0.711111111111111,0,1,Barber,average
NA,1.0,0.706766917293233,0,0,Barber,average
NA,1.0,0.6818181818181818,0,0,Barber,average
NA,1.0,0.6769230769230768,0,0,Barber,average
NA,1.0,0.6888888888888889,0,1,Barber,average
NA,1.0,0.7142857142857143,0,0,Barber,average
NA,1.0,0.6521739130434783,0,0,Barber,average
NA,1.0,0.6470588235294117,0,0,Barber,average
NA,1.0,0.6526315789473683,0,0,Barber,average
NA,1.0,0.7794117647058822,0,1,Barber,average
NA,1.0,0.7999999999999999,0,1,Barber,average
NA,1.0,0.7142857142857142,0,0,Barber,average
NA,1.0,0.6969696969696969,0,0,Barber,average
NA,1.0,0.6813186813186812,0,0,Barber,average
NA,1.0,0.6304347826086956,0,0,Barber,average
NA,1.0,0.6666666666666666,0,0,Barber,average
NA,1.0,0.7023809523809523,0,0,Barber,average
NA,1.0,0.6578947368421052,0,0,Barber,average
NA,1.0,0.6894736842105262,0,1,Barber,average
NA,1.0,0.7037037037037037,0,0,Barber,average
NA,1.0,0.6630434782608695,0,0,Barber,average
NA,1.0,0.6851851851851851,0,0,Barber,average
NA,1.0,0.7745098039215685,0,1,Barber,average
NA,1.0,0.7065217391304347,0,0,Barber,average
NA,1.0,0.7333333333333333,0,0,Barber,average
NA,1.0,0.6938775510204082,1,0,Barber,average
NA,1.0,0.75,0,0,Barber,average
NA,1.0,0.6722222222222222,0,0,Barber,average
NA,1.0,0.6904761904761905,1,1,Barber,average
NA,1.0,0.7307692307692307,0,0,Barber,average
NA,1.0,0.8021978021978021,0,1,Barber,average
NA,1.0,0.6739130434782609,0,0,Barber,average
NA,1.0,0.6851851851851851,1,0,Barber,average
NA,1.0,0.6851851851851851,0,0,Barber,average
NA,1.0,0.7678571428571428,0,0,Barber,average
NA,1.0,0.6923076923076923,0,0,Barber,average
NA,1.0,0.6923076923076923,0,0,Barber,average
NA,1.0,0.72,0,0,Barber,average
NA,1.0,0.6777777777777777,0,1,Barber,average
NA,1.0,0.7,0,0,Barber,average
NA,1.0,0.6785714285714285,0,0,Barber,average
NA,1.0,0.7,0,0,Barber,average
NA,1.0,0.6785714285714285,1,0,Barber,average
NA,1.0,0.744047619047619,0,0,Barber,average
NA,1.0,0.6666666666666666,0,0,Barber,average
NA,1.0,0.7379679144385026,0,1,Barber,average
NA,1.0,0.6352941176470588,0,0,Barber,average
NA,1.0,0.7529411764705882,1,0,Barber,average
NA,1.0,0.6825396825396824,0,0,Barber,average
NA,1.0,0.681159420289855,0,0,Barber,average
NA,1.0,0.7578124999999999,0,0,Barber,average
NA,1.0,0.7037037037037037,0,0,Barber,average
NA,1.0,0.72,0,0,Barber,average
NA,1.0,0.7523809523809524,0,1,Barber,average
NA,1.0,0.7403846153846153,0,1,Barber,average
NA,1.0,0.6666666666666666,0,0,Barber,average
NA,1.0,0.7142857142857142,0,0,Barber,average
NA,1.0,0.7142857142857142,0,1,Barber,average
NA,1.0,0.6805555555555555,0,0,Barber,average
NA,1.0,0.6785714285714285,0,0,Barber,average
NA,1.0,0.6666666666666666,0,0,Barber,average
NA,1.0,0.673076923076923,0,0,Barber,average
NA,1.0,0.6428571428571428,0,0,Barber,average
NA,1.0,0.6833333333333333,0,0,Barber,average
NA,1.0,0.7303921568627451,0,1,Barber,average
NA,1.0,0.6969696969696969,0,0,Barber,average
NA,1.0,0.6754385964912281,0,0,Barber,average
NA,1.0,0.6666666666666666,0,0,Barber,average
NA,1.0,0.7083333333333333,1,1,Barber,average
NA,1.0,0.7037037037037036,0,0,Barber,average
NA,1.0,0.7333333333333333,0,0,Barber,average
NA,1.0,0.75,0,0,Barber,average
NA,1.0,0.7755102040816326,0,0,Barber,average
NA,1.0,0.7684210526315789,0,1,Barber,average
NA,1.0,0.7037037037037037,0,0,Barber,average
NA,1.0,0.71,0,0,Barber,average
NA,1.0,0.6785714285714285,0,0,Barber,average
NA,1.0,0.6538461538461539,0,0,Barber,average
NA,1.0,0.7083333333333333,0,1,Barber,average
NA,1.0,0.6785714285714285,0,0,Barber,average
NA,1.0,0.7062499999999999,0,0,Barber,average
NA,1.0,0.7272727272727272,0,0,Barber,average
NA,1.0,0.7662337662337662,0,0,Barber,average
NA,1.0,0.676470588235294,1,1,Barber,average
NA,1.0,0.6666666666666666,0,0,Barber,average
NA,1.0,0.7124183006535947,0,0,Barber,average
NA,1.0,0.588235294117647,0,0,Barber,average
NA,1.0,0.6805555555555555,0,0,Barber,average
NA,1.0,0.5757575757575757,0,0,Barber,average
NA,1.0,0.7638888888888888,0,0,Barber,average
NA,1.0,0.7692307692307692,0,0,Barber,average
NA,1.0,0.7222222222222222,0,0,Barber,average
NA,1.0,0.6799999999999999,0,0,Barber,average
NA,1.0,0.7916666666666666,0,0,Barber,average
NA,1.0,0.6785714285714285,0,0,Barber,average
NA,1.0,0.673469387755102,0,1,Barber,average
NA,1.0,0.6739130434782609,0,0,Barber,average
NA,1.0,0.706766917293233,0,0,Barber,average
NA,1.0,0.6851851851851851,0,0,Barber,average
NA,1.0,0.7499999999999999,0,0,Barber,average
NA,1.0,0.6818181818181818,0,0,Barber,average
NA,1.0,0.7583333333333333,0,0,Barber,average
NA,1.0,0.6696428571428571,0,0,Barber,average
NA,1.0,0.6875,0,0,Barber,average
NA,1.0,0.6923076923076923,0,0,Barber,average
NA,1.0,0.6838235294117646,0,0,Barber,average
NA,1.0,0.7070707070707071,0,1,Barber,average
NA,1.0,0.7518796992481203,0,0,Barber,average
NA,1.0,0.7521367521367521,0,0,Barber,average
NA,1.0,0.71,0,0,Barber,average
NA,1.0,0.7857142857142857,0,0,Barber,average
NA,1.0,0.6666666666666666,0,0,Barber,average
NA,1.0,0.7142857142857142,0,0,Barber,average
NA,1.0,0.6,0,0,Barber,average
NA,1.0,0.6666666666666666,0,0,Barber,average
NA,1.0,0.7857142857142857,0,0,Barber,average
NA,1.0,0.7307692307692307,0,0,Barber,average
NA,1.0,0.6923076923076923,0,0,Barber,average
NA,1.0,0.619047619047619,0,0,Barber,average
NA,1.0,0.6785714285714285,0,0,Barber,average
NA,1.0,0.6785714285714285,1,0,Barber,average
NA,1.0,0.7307692307692307,0,0,Barber,average
NA,1.0,0.7217391304347825,0,0,Barber,average
NA,1.0,0.7142857142857142,0,0,Barber,average
NA,1.0,0.6794871794871794,0,0,Barber,average
NA,1.0,0.6794871794871794,0,0,Barber,average
NA,1.0,0.6785714285714285,0,0,Barber,average
NA,1.0,0.6938775510204082,0,0,Barber,average
NA,1.0,0.75,0,0,Barber,average
NA,1.0,0.7083333333333333,0,0,Barber,average
NA,1.0,0.7,0,0,Barber,average
NA,1.0,0.6590909090909091,0,0,Barber,average
NA,1.0,0.6547619047619048,0,0,Barber,average
NA,1.0,0.7285714285714285,0,1,Barber,average
NA,1.0,0.6833333333333332,1,0,Barber,average
NA,1.0,0.6944444444444444,0,0,Barber,average
NA,1.0,0.6900584795321637,0,0,Barber,average
NA,1.0,0.6923076923076923,0,0,Barber,average
NA,1.0,0.6785714285714285,0,0,Barber,average
NA,1.0,0.6666666666666666,0,0,Barber,average
NA,1.0,0.5555555555555556,0,0,Barber,average
NA,1.0,0.6923076923076923,0,0,Barber,average
NA,1.0,0.7028985507246376,0,0,Barber,average
NA,1.0,0.7058823529411764,0,0,Barber,average
NA,1.0,0.6833333333333333,0,0,Barber,average
NA,1.0,0.7196969696969696,0,0,Barber,average
NA,1.0,0.5499999999999999,0,0,Barber,average
NA,1.0,0.6666666666666666,1,0,Barber,average
NA,1.0,0.7037037037037036,0,0,Barber,average
NA,1.0,0.6785714285714285,0,0,Barber,average
NA,1.0,0.7307692307692307,0,0,Barber,average
NA,1.0,0.6923076923076923,0,0,Barber,average
NA,1.0,0.6785714285714285,0,0,Barber,average
NA,1.0,0.7333333333333333,0,0,Barber,average
NA,1.0,0.6842105263157894,0,0,Barber,average
NA,1.0,0.6526315789473683,0,0,Barber,average
NA,1.0,0.725,0,0,Barber,average
NA,1.0,0.6533333333333333,0,0,Barber,average
NA,1.0,0.6666666666666666,1,0,Barber,average
NA,1.0,0.7142857142857142,0,0,Barber,average
NA,1.0,0.7647058823529411,0,0,Barber,average
NA,1.0,0.7051282051282051,1,0,Barber,average
NA,1.0,0.6888888888888889,0,1,Barber,average
NA,1.0,0.725,0,1,Barber,average
NA,1.0,0.7304347826086957,0,0,Barber,average
NA,1.0,0.6631578947368421,0,0,Barber,average
NA,1.0,0.7368421052631579,0,0,Barber,average
NA,1.0,0.7719298245614035,0,0,Barber,average
NA,1.0,0.7388888888888888,0,0,Barber,average
NA,1.0,0.6666666666666666,0,0,Barber,average
NA,1.0,0.738095238095238,0,0,Barber,average
NA,1.0,0.6948051948051948,0,0,Barber,average
NA,1.0,0.6538461538461539,1,0,Barber,average
NA,1.0,0.7039473684210525,0,0,Barber,average
NA,1.0,0.6799999999999999,0,1,Barber,average
NA,1.0,0.7727272727272727,0,0,Barber,average
NA,1.0,0.7611111111111111,0,0,Barber,average
NA,1.0,0.7,0,0,Barber,average
NA,1.0,0.7037037037037037,0,0,Barber,average
NA,1.0,0.7337662337662337,0,0,Barber,average
NA,1.0,0.6916666666666667,0,0,Barber,average
NA,1.0,0.8538011695906432,0,0,Barber,average
NA,1.0,0.7222222222222222,0,0,Barber,average
NA,1.0,0.813131313131313,0,1,Barber,average
NA,1.0,0.7272727272727272,0,0,Barber,average
NA,1.0,0.7692307692307692,0,1,Barber,average
NA,1.0,0.6909090909090908,0,0,Barber,average
NA,1.0,0.7407407407407407,0,0,Barber,average
NA,1.0,0.7,0,0,Barber,average
NA,1.0,0.6916666666666667,0,0,Barber,average
NA,1.0,0.7532467532467532,0,1,Barber,average
NA,1.0,0.6428571428571428,0,0,Barber,average
NA,1.0,0.6785714285714285,1,0,Barber,average
NA,1.0,0.731578947368421,0,1,Barber,average
NA,1.0,0.7777777777777777,0,0,Barber,average
NA,1.0,0.6499999999999999,0,0,Barber,average
NA,1.0,0.7692307692307692,0,0,Barber,average
NA,1.0,0.7151515151515151,0,1,Barber,average
NA,1.0,0.6739130434782609,0,0,Barber,average
NA,1.0,0.7105263157894737,0,0,Barber,average
NA,1.0,0.8552631578947367,0,0,Barber,average
NA,1.0,0.7083333333333333,0,0,Barber,average
NA,1.0,0.6527777777777778,0,0,Barber,average
NA,1.0,0.6785714285714285,0,0,Barber,average
NA,1.0,0.6799999999999999,0,0,Barber,average
NA,1.0,0.6363636363636364,0,0,Barber,average
NA,1.0,0.7124999999999999,0,0,Barber,average
NA,1.0,0.7037037037037037,0,0,Barber,average
NA,1.0,0.7272727272727272,0,0,Barber,average
NA,1.0,0.6868686868686869,0,1,Barber,average
NA,1.0,0.6499999999999999,0,0,Barber,average
NA,2.125,1.16875,0,0,Barber,average
NA,2.125,1.6652046783625731,0,0,Barber,average
NA,2.125,1.6696428571428572,0,0,Barber,average
NA,2.125,1.8214285714285714,0,1,Barber,average
NA,2.125,1.6388888888888888,0,0,Barber,average
NA,2.125,1.9318181818181819,0,0,Barber,average
NA,2.125,1.6428571428571428,0,0,Barber,average
NA,2.125,1.4841269841269842,0,0,Barber,average
NA,2.125,1.6949404761904763,0,0,Barber,average
NA,2.125,1.53,0,0,Barber,average
NA,2.125,1.2142857142857142,0,0,Barber,average
NA,2.125,1.4166666666666667,0,0,Barber,average
NA,2.125,1.7061298076923077,0,1,Barber,average
NA,2.125,0.9444444444444444,0,0,Barber,average
NA,2.125,1.8352272727272727,0,0,Barber,average
NA,2.125,1.0625,0,0,Barber,average
NA,2.125,1.693609022556391,0,0,Barber,average
NA,2.125,1.6443452380952381,0,0,Barber,average
NA,2.125,1.7554347826086956,0,0,Barber,average
NA,2.125,1.4539473684210527,0,0,Barber,average
NA,2.125,1.7,0,0,Barber,average
NA,2.125,1.4166666666666667,0,0,Barber,average
NA,2.125,1.4419642857142858,0,0,Barber,average
NA,2.125,1.615,1,0,Barber,average
NA,2.125,1.3894230769230769,0,0,Barber,average
NA,2.125,1.7554347826086956,0,0,Barber,average
NA,2.125,1.5052083333333333,0,0,Barber,average
NA,2.125,1.328125,0,0,Barber,average
NA,2.125,1.4166666666666667,0,0,Barber,average
NA,2.125,1.328125,0,0,Barber,average
NA,2.125,1.5261363636363636,0,0,Barber,average
NA,2.125,1.6822916666666667,0,0,Barber,average
NA,2.125,1.5178571428571428,0,1,Barber,average
NA,2.125,1.3894230769230769,0,0,Barber,average
NA,2.125,1.0625,0,0,Barber,average
NA,2.125,1.730357142857143,0,0,Barber,average
NA,2.125,1.5657894736842106,0,1,Barber,average
NA,2.125,1.5819444444444444,0,0,Barber,average
NA,2.125,1.6055555555555556,0,0,Barber,average
NA,2.125,1.5528846153846154,0,0,Barber,average
NA,2.125,1.6822916666666667,0,0,Barber,average
NA,2.125,2.0,0,0,Barber,average
NA,2.125,1.5347222222222223,1,0,Barber,average
NA,2.125,1.8214285714285714,0,0,Barber,average
NA,2.125,1.8416666666666666,0,0,Barber,average
NA,2.125,1.4782608695652173,0,0,Barber,average
NA,2.125,1.92578125,1,0,Barber,average
NA,2.125,1.9318181818181819,0,0,Barber,average
NA,2.125,1.4609375,1,0,Barber,average
NA,2.125,1.8525641025641026,0,1,Barber,average
NA,2.125,1.1805555555555556,0,0,Barber,average
NA,2.125,1.6527777777777777,0,0,Barber,average
NA,2.125,1.36,0,0,Barber,average
NA,2.125,1.573051948051948,0,0,Barber,average
NA,2.125,1.36,0,0,Barber,average
NA,2.125,1.9318181818181819,0,0,Barber,average
NA,2.125,1.9375,0,1,Barber,average
NA,2.125,1.6291666666666667,0,0,Barber,average
NA,2.125,1.4166666666666667,0,0,Barber,average
NA,2.125,1.5811011904761905,0,0,Barber,average
NA,2.125,1.4419642857142858,0,0,Barber,average
NA,2.125,1.814327485380117,0,0,Barber,average
NA,2.125,1.9479166666666667,0,0,Barber,average
NA,2.125,1.9975,0,1,Barber,average
NA,2.125,1.5,0,0,Barber,average
NA,2.125,1.9479166666666667,0,1,Barber,average
NA,2.125,1.3154761904761905,0,0,Barber,average
NA,2.125,1.747532894736842,0,0,Barber,average
NA,2.125,1.7472222222222222,0,1,Barber,average
NA,2.125,1.8781565656565657,0,1,Barber,average
NA,2.125,1.6822916666666667,0,0,Barber,average
NA,2.125,1.4166666666666667,0,0,Barber,average
NA,2.125,1.230263157894737,0,0,Barber,average
NA,2.125,1.4419642857142858,0,0,Barber,average
NA,2.125,1.8011904761904762,0,1,Barber,average
NA,2.125,1.5454545454545454,0,0,Barber,average
NA,2.125,1.4166666666666667,0,0,Barber,average
NA,2.125,1.5528846153846154,0,0,Barber,average
NA,2.125,1.328125,0,0,Barber,average
NA,2.125,1.5747767857142858,0,0,Barber,average
NA,2.125,1.3894230769230769,0,0,Barber,average
NA,2.125,1.5052083333333333,0,0,Barber,average
NA,2.125,1.6784420289855073,0,0,Barber,average
NA,2.125,1.75,1,0,Barber,average
NA,2.125,1.6552631578947368,0,1,Barber,average
NA,2.125,1.3858695652173914,0,0,Barber,average
NA,2.125,1.6527777777777777,0,0,Barber,average
NA,2.125,1.4074675324675325,0,0,Barber,average
NA,2.125,1.6203125,0,1,Barber,average
NA,2.125,1.4711538461538463,0,0,Barber,average
NA,2.125,1.6806818181818182,0,1,Barber,average
NA,2.125,1.5740740740740742,0,0,Barber,average
NA,2.125,1.7,0,1,Barber,average
NA,2.125,1.753125,0,0,Barber,average
NA,2.125,1.9226190476190477,0,1,Barber,average
NA,2.125,1.5,0,0,Barber,average
NA,2.125,1.2934782608695652,0,0,Barber,average
NA,2.125,1.4711538461538463,0,0,Barber,average
NA,2.125,1.7299679487179487,0,1,Barber,average
NA,2.125,1.5819444444444444,0,0,Barber,average
NA,2.125,1.6316964285714286,0,0,Barber,average
NA,2.125,1.5583333333333333,0,0,Barber,average
NA,2.125,1.540625,0,0,Barber,average
NA,2.125,2.125,0,1,Barber,average
NA,2.125,1.7581845238095237,0,0,Barber,average
NA,2.125,1.615,0,0,Barber,average
NA,2.125,1.6859504132231404,0,1,Barber,average
NA,2.125,1.0625,0,0,Barber,average
NA,2.125,1.6388888888888888,0,0,Barber,average
NA,2.125,1.615,0,0,Barber,average
NA,2.125,1.5583333333333333,0,0,Barber,average
NA,2.125,1.8298611111111112,0,1,Barber,average
NA,2.125,1.689102564102564,0,0,Barber,average
NA,2.125,1.6380208333333333,0,0,Barber,average
NA,2.125,0.30357142857142855,0,0,Barber,average
NA,2.125,1.4875,0,0,Barber,average
NA,2.125,1.4166666666666667,0,0,Barber,average
NA,2.125,1.5583333333333333,0,0,Barber,average
NA,2.125,2.0804195804195804,0,1,Barber,average
NA,2.125,1.6527777777777777,0,0,Barber,average
NA,2.125,1.8352272727272727,0,0,Barber,average
NA,2.125,1.3858695652173914,0,0,Barber,average
NA,2.125,1.2556818181818181,0,0,Barber,average
NA,2.125,1.4953703703703705,0,0,Barber,average
NA,2.125,1.6822916666666667,0,0,Barber,average
NA,2.125,1.5454545454545454,0,1,Barber,average
NA,2.125,1.4875,1,0,Barber,average
NA,2.125,1.8287878787878789,0,1,Barber,average
NA,2.125,1.3894230769230769,0,0,Barber,average
NA,2.125,1.8214285714285714,0,1,Barber,average
NA,2.125,1.7202380952380953,1,0,Barber,average
NA,2.125,1.0,0,0,Barber,average
NA,2.125,1.739766081871345,0,0,Barber,average
NA,2.125,1.9833333333333334,0,0,Barber,average
NA,2.125,1.7265625,0,0,Barber,average
NA,2.125,1.4711538461538463,1,0,Barber,average
NA,2.125,1.4953703703703705,0,0,Barber,average
NA,2.125,1.8298611111111112,0,0,Barber,average
NA,2.125,1.7944444444444445,0,1,Barber,average
NA,2.125,1.38125,0,0,Barber,average
NA,2.125,1.6241071428571427,0,0,Barber,average
NA,2.125,1.4419642857142858,0,0,Barber,average
NA,2.125,1.9479166666666667,0,0,Barber,average
NA,2.125,1.79296875,0,1,Barber,average
NA,2.125,1.53,0,0,Barber,average
NA,2.125,1.649671052631579,0,0,Barber,average
NA,2.125,1.825925925925926,0,0,Barber,average
NA,2.125,1.2142857142857142,0,0,Barber,average
NA,2.125,1.5178571428571428,0,0,Barber,average
NA,2.125,1.6055555555555556,0,0,Barber,average
NA,2.125,1.7265625,0,0,Barber,average
NA,2.125,1.5844298245614035,0,0,Barber,average
NA,2.125,1.36,0,0,Barber,average
NA,2.125,1.6168478260869565,0,0,Barber,average
NA,2.125,1.4166666666666667,0,0,Barber,average
NA,2.125,1.445,0,0,Barber,average
NA,2.125,1.6114583333333334,0,0,Barber,average
NA,2.125,1.8352272727272727,0,0,Barber,average
NA,2.125,1.53,0,1,Barber,average
NA,2.125,1.4295454545454545,0,1,Barber,average
NA,2.125,1.8835227272727273,0,1,Barber,average
NA,2.125,1.59375,0,0,Barber,average
NA,2.125,1.5178571428571428,1,0,Barber,average
NA,2.125,1.7491496598639455,0,0,Barber,average
NA,2.125,1.7396978021978022,0,1,Barber,average
NA,2.125,1.328125,0,0,Barber,average
NA,2.125,1.6957070707070707,0,1,Barber,average
NA,2.125,1.3522727272727273,0,0,Barber,average
NA,2.125,1.5278925619834711,0,1,Barber,average
NA,2.125,1.6380208333333333,0,0,Barber,average
NA,2.125,1.3522727272727273,0,0,Barber,average
NA,2.125,1.7708333333333333,0,0,Barber,average
NA,2.125,1.615,0,0,Barber,average
NA,2.125,1.6063988095238095,0,0,Barber,average
NA,2.125,1.4953703703703705,0,0,Barber,average
NA,2.125,1.7265625,0,1,Barber,average
NA,2.125,1.7386363636363635,0,0,Barber,average
NA,2.125,1.4782608695652173,0,0,Barber,average
NA,2.125,1.4875,0,0,Barber,average
NA,2.125,1.230263157894737,0,0,Barber,average
NA,2.125,1.53,0,0,Barber,average
NA,2.125,1.8003472222222223,0,0,Barber,average
NA,2.125,1.0625,0,0,Barber,average
NA,2.125,1.5528846153846154,0,0,Barber,average
NA,2.125,1.3543956043956045,0,0,Barber,average
NA,2.125,1.36,0,0,Barber,average
NA,2.125,1.9732142857142858,0,0,Barber,average
NA,2.125,1.7265625,0,1,Barber,average
NA,2.125,1.625,0,0,Barber,average
NA,2.125,1.6359126984126984,0,0,Barber,average
NA,2.125,1.2142857142857142,0,0,Barber,average
NA,2.125,1.580128205128205,0,0,Barber,average
NA,2.125,1.815909090909091,0,1,Barber,average
NA,2.125,1.6039663461538463,0,1,Barber,average
NA,2.125,1.445,0,0,Barber,average
NA,2.125,1.25,0,0,Barber,average
NA,2.125,1.9226190476190477,1,1,Barber,average
NA,2.125,1.4419642857142858,0,0,Barber,average
NA,2.125,1.5152173913043478,0,0,Barber,average
NA,2.125,1.7265625,0,1,Barber,average
NA,2.125,2.0364583333333335,0,0,Barber,average
NA,2.125,1.7052469135802468,0,0,Barber,average
NA,2.125,1.7,0,1,Barber,average
NA,2.125,1.708916083916084,0,1,Barber,average
NA,2.125,1.6443452380952381,0,0,Barber,average
NA,2.125,1.6479591836734695,0,0,Barber,average
NA,2.125,1.433531746031746,0,0,Barber,average
NA,2.125,1.0625,0,0,Barber,average
NA,2.125,0.6678571428571428,0,0,Barber,average
NA,2.125,1.59375,0,0,Barber,average
NA,2.125,1.6849747474747474,0,1,Barber,average
NA,2.125,1.2986111111111112,0,0,Barber,average
NA,2.125,1.615,0,0,Barber,average
NA,2.125,1.526851851851852,0,0,Barber,average
NA,2.125,1.5740740740740742,0,0,Barber,average
NA,2.125,1.7265625,0,1,Barber,average
NA,2.125,1.4971590909090908,0,0,Barber,average
NA,2.125,1.486013986013986,0,1,Barber,average
NA,2.125,1.6014492753623188,0,0,Barber,average
NA,2.125,1.5706521739130435,0,0,Barber,average
NA,2.125,1.670940170940171,0,0,Barber,average
NA,2.125,1.36,0,0,Barber,average
NA,2.125,1.5706521739130435,0,0,Barber,average
NA,2.125,1.9451923076923077,0,1,Barber,average
NA,2.125,1.5776515151515151,0,0,Barber,average
NA,2.125,1.7815656565656566,0,0,Barber,average
NA,2.125,1.5,0,0,Barber,average
NA,2.125,1.3033333333333332,0,0,Barber,average
NA,2.125,1.7938311688311688,0,1,Barber,average
NA,2.125,1.7777777777777777,1,0,Barber,average
NA,2.125,1.5454545454545454,0,0,Barber,average
NA,2.125,0.425,0,0,Barber,average
NA,2.125,1.803030303030303,0,1,Barber,average
NA,2.125,1.433531746031746,0,0,Barber,average
NA,2.125,1.7141666666666666,0,1,Barber,average
NA,2.125,1.4419642857142858,0,0,Barber,average
NA,2.125,1.5140625,0,0,Barber,average
NA,2.125,1.5178571428571428,0,0,Barber,average
NA,2.125,1.7265625,0,1,Barber,average
NA,2.125,1.5583333333333333,0,0,Barber,average
NA,2.125,1.409438775510204,0,0,Barber,average
NA,2.125,1.646875,0,0,Barber,average
NA,2.125,1.36,0,0,Barber,average
NA,2.125,1.230263157894737,0,0,Barber,average
NA,2.125,1.59375,0,0,Barber,average
NA,2.125,1.6875,0,1,Barber,average
NA,2.125,1.9318181818181819,0,0,Barber,average
NA,2.125,1.615,0,0,Barber,average
NA,2.125,1.4419642857142858,0,0,Barber,average
NA,2.125,1.6420454545454546,0,0,Barber,average
NA,2.125,1.4166666666666667,0,0,Barber,average
NA,2.125,1.8566919191919191,0,1,Barber,average
NA,2.125,1.6098484848484849,0,1,Barber,average
NA,2.125,1.4953703703703705,0,0,Barber,average
NA,2.125,1.4711538461538463,0,0,Barber,average
NA,2.125,1.7727272727272727,0,1,Barber,average
NA,2.125,1.6645833333333333,0,0,Barber,average
NA,2.125,1.6527777777777777,0,0,Barber,average
NA,2.125,1.5178571428571428,1,0,Barber,average
NA,2.125,1.4419642857142858,0,0,Barber,average
NA,2.125,1.7052469135802468,0,0,Barber,average
NA,2.125,1.39453125,0,0,Barber,average
NA,2.125,1.5178571428571428,0,0,Barber,average
NA,2.125,1.4609375,0,0,Barber,average
NA,2.125,1.1805555555555556,0,0,Barber,average
NA,2.125,1.4953703703703705,0,0,Barber,average
NA,2.125,1.7386363636363635,0,0,Barber,average
NA,2.125,1.59375,0,0,Barber,average
NA,2.125,1.40625,0,0,Barber,average
NA,2.125,1.5040584415584415,0,0,Barber,average
NA,2.125,2.125,0,1,Barber,average
NA,2.125,1.375,0,0,Barber,average
NA,2.125,1.6346153846153846,0,0,Barber,average
NA,2.125,1.4971590909090908,0,0,Barber,average
NA,2.125,1.6696428571428572,0,0,Barber,average
NA,2.125,1.4697916666666666,0,0,Barber,average
NA,2.125,1.5347222222222223,0,1,Barber,average
NA,2.125,1.3136363636363637,0,0,Barber,average
NA,2.125,1.6613636363636364,0,1,Barber,average
NA,2.125,1.6696428571428572,1,0,Barber,average
NA,2.125,1.9206730769230769,0,1,Barber,average
NA,2.125,1.8307692307692307,0,1,Barber,average
NA,2.125,1.5558035714285714,0,0,Barber,average
NA,2.125,1.9125,0,1,Barber,average
NA,2.125,1.5977443609022557,0,0,Barber,average
NA,2.125,1.6134259259259258,0,0,Barber,average
NA,2.125,1.7,0,0,Barber,average
NA,2.125,1.4953703703703705,0,0,Barber,average
NA,2.125,1.6014492753623188,0,0,Barber,average
NA,2.125,1.7772727272727273,0,1,Barber,average
NA,2.125,1.703125,0,0,Barber,average
NA,2.125,1.6822916666666667,1,0,Barber,average
NA,2.125,1.5178571428571428,0,0,Barber,average
NA,2.125,1.5881578947368422,0,0,Barber,average
NA,2.125,1.5103305785123966,0,1,Barber,average
NA,2.125,1.6227272727272728,0,1,Barber,average
NA,2.125,1.0625,0,0,Barber,average
NA,2.125,1.4166666666666667,0,0,Barber,average
NA,2.125,1.6550480769230769,0,0,Barber,average
NA,2.125,1.3421052631578947,0,0,Barber,average
NA,2.125,1.5336956521739131,0,0,Barber,average
NA,2.125,1.8471153846153847,0,1,Barber,average
NA,2.125,1.1987179487179487,0,0,Barber,average
NA,2.125,1.4875,0,0,Barber,average
NA,2.125,1.5977443609022557,0,0,Barber,average
NA,2.125,1.36,0,0,Barber,average
NA,2.125,1.4302884615384615,0,0,Barber,average
NA,2.125,1.540625,0,0,Barber,average
NA,2.125,1.5454545454545454,1,0,Barber,average
NA,2.125,1.2142857142857142,0,0,Barber,average
NA,2.125,1.445,0,0,Barber,average
NA,2.125,1.5515873015873016,0,0,Barber,average
NA,2.125,1.6114583333333334,1,1,Barber,average
NA,2.125,1.5474358974358975,0,1,Barber,average
NA,2.125,1.9125,0,0,Barber,average
NA,2.125,1.4439102564102564,0,0,Barber,average
NA,2.125,1.814327485380117,0,0,Barber,average
NA,2.125,1.328125,0,0,Barber,average
NA,2.125,1.5,0,1,Barber,average
NA,2.125,0.2125,0,0,Barber,average
NA,2.125,1.4166666666666667,0,0,Barber,average
NA,2.125,1.7894736842105263,0,0,Barber,average
NA,2.125,1.2934782608695652,0,0,Barber,average
NA,2.125,1.7894736842105263,0,0,Barber,average
NA,2.125,1.6346153846153846,0,0,Barber,average
NA,2.125,1.5178571428571428,0,0,Barber,average
NA,2.125,1.4782608695652173,0,0,Barber,average
NA,2.125,1.6768707482993197,0,0,Barber,average
NA,2.125,1.3154761904761905,0,0,Barber,average
NA,2.125,1.50875,1,0,Barber,average
NA,2.125,2.0069444444444446,0,0,Barber,average
NA,2.125,1.3522727272727273,0,0,Barber,average
NA,2.125,1.7455357142857142,0,0,Barber,average
NA,2.125,1.6696428571428572,0,1,Barber,average
NA,2.125,1.50875,0,0,Barber,average
NA,2.125,1.7328869047619047,0,1,Barber,average
NA,2.125,1.53,0,0,Barber,average
NA,2.125,1.4419642857142858,0,0,Barber,average
NA,2.125,1.4166666666666667,0,0,Barber,average
NA,2.125,1.6696428571428572,0,0,Barber,average
NA,2.125,1.4711538461538463,0,0,Barber,average
NA,2.125,1.6089285714285715,0,1,Barber,average
NA,2.125,1.4419642857142858,0,0,Barber,average
NA,2.125,1.7708333333333333,0,0,Barber,average
NA,2.125,1.2395833333333333,0,0,Barber,average
NA,2.125,1.7980769230769231,0,1,Barber,average
NA,2.125,1.8416666666666666,0,0,Barber,average
NA,2.125,1.4488636363636365,0,1,Barber,average
NA,2.125,1.4419642857142858,0,0,Barber,average
NA,2.125,1.8298611111111112,0,0,Barber,average
NA,2.125,1.4520833333333334,0,0,Barber,average
NA,2.125,1.5454545454545454,0,0,Barber,average
NA,2.125,1.6241071428571427,0,0,Barber,average
NA,2.125,1.5178571428571428,0,0,Barber,average
NA,2.125,1.445,0,0,Barber,average
NA,2.125,1.9411057692307692,0,1,Barber,average
NA,2.125,1.7894736842105263,0,0,Barber,average
NA,2.125,1.4711538461538463,0,0,Barber,average
NA,2.125,1.5528846153846154,0,0,Barber,average
NA,2.125,1.4320652173913044,0,0,Barber,average
NA,2.125,1.4830729166666667,0,0,Barber,average
NA,2.125,1.4419642857142858,0,0,Barber,average
NA,2.125,1.8287259615384615,0,1,Barber,average
NA,2.125,1.78125,0,1,Barber,average
NA,2.125,1.6158854166666667,0,0,Barber,average
NA,2.125,2.01875,0,0,Barber,average
NA,2.125,1.6797619047619048,0,1,Barber,average
NA,2.125,1.4711538461538463,0,0,Barber,average
NA,2.125,1.4166666666666667,0,0,Barber,average
NA,2.125,1.5583333333333333,0,0,Barber,average
NA,2.125,1.8416666666666666,0,0,Barber,average
NA,2.125,1.3136363636363637,0,1,Barber,average
NA,2.125,1.5583333333333333,0,0,Barber,average
NA,2.125,1.4520833333333334,0,0,Barber,average
NA,2.125,1.7265625,0,0,Barber,average
NA,2.125,1.9791666666666667,1,1,Barber,average
NA,2.125,1.7961309523809523,0,1,Barber,average
NA,2.125,1.8391812865497077,0,0,Barber,average
NA,2.125,1.814327485380117,0,0,Barber,average
NA,2.125,1.59375,0,0,Barber,average
NA,2.125,1.493659420289855,0,0,Barber,average
NA,2.125,1.9511363636363637,0,1,Barber,average
NA,2.125,1.2934782608695652,0,0,Barber,average
NA,2.125,1.6316964285714286,0,1,Barber,average
NA,2.125,1.328125,0,0,Barber,average
NA,2.125,1.59375,0,0,Barber,average
NA,2.125,1.4419642857142858,0,0,Barber,average
NA,2.125,1.6822916666666667,0,1,Barber,average
NA,2.125,1.59375,0,0,Barber,average
NA,2.125,1.4953703703703705,0,0,Barber,average
NA,2.125,1.4875,0,0,Barber,average
NA,2.125,1.5098684210526316,0,0,Barber,average
NA,2.125,1.6550480769230769,0,0,Barber,average
NA,2.125,1.7045454545454546,0,1,Barber,average
NA,2.125,1.7299679487179487,0,1,Barber,average
NA,2.125,1.4875,0,0,Barber,average
NA,2.125,1.4625,0,1,Barber,average
NA,2.125,1.6420454545454546,0,1,Barber,average
NA,2.125,1.5592532467532467,0,0,Barber,average
NA,2.125,1.5431547619047619,0,0,Barber,average
NA,2.125,1.9732142857142858,0,0,Barber,average
NA,2.125,1.6822916666666667,0,0,Barber,average
NA,2.125,1.59375,0,1,Barber,average
NA,2.125,1.6818181818181819,0,1,Barber,average
NA,2.125,1.4439102564102564,0,0,Barber,average
NA,2.125,1.6822916666666667,0,0,Barber,average
NA,2.125,1.275,0,0,Barber,average
NA,2.125,1.4841269841269842,0,0,Barber,average
NA,2.125,1.8352272727272727,0,0,Barber,average
NA,2.125,1.9361111111111111,0,1,Barber,average
NA,2.125,1.5782163742690059,0,0,Barber,average
NA,2.125,1.5740740740740742,0,0,Barber,average
NA,2.125,1.5178571428571428,0,0,Barber,average
NA,2.125,1.6428571428571428,0,0,Barber,average
NA,2.125,1.59375,0,0,Barber,average
NA,2.125,1.6388888888888888,0,0,Barber,average
NA,2.125,1.5052083333333333,0,0,Barber,average
NA,2.125,1.5583333333333333,0,1,Barber,average
NA,2.125,1.5052083333333333,0,0,Barber,average
NA,2.125,1.3421052631578947,0,0,Barber,average
NA,2.125,1.4025,0,0,Barber,average
NA,2.125,1.6071428571428572,0,0,Barber,average
NA,2.125,1.7455357142857142,0,0,Barber,average
NA,2.125,1.7708333333333333,1,0,Barber,average
NA,2.125,1.6098484848484849,0,0,Barber,average
NA,2.125,1.5431547619047619,0,1,Barber,average
NA,2.125,1.4419642857142858,0,0,Barber,average
NA,2.125,1.4609375,0,0,Barber,average
NA,2.125,1.59375,0,0,Barber,average
NA,2.125,0.0,0,0,Barber,average
NA,2.125,1.5178571428571428,0,0,Barber,average
NA,2.125,1.50875,0,0,Barber,average
NA,2.125,1.6527777777777777,0,0,Barber,average
NA,2.125,1.4419642857142858,0,0,Barber,average
NA,2.125,1.6158854166666667,0,0,Barber,average
NA,2.125,1.831547619047619,0,1,Barber,average
NA,2.125,1.55125,0,0,Barber,average
NA,2.125,1.5528846153846154,0,0,Barber,average
NA,2.125,1.6458333333333333,0,1,Barber,average
NA,2.125,1.7855902777777777,0,0,Barber,average
NA,2.125,1.6898809523809524,0,1,Barber,average
NA,2.125,1.4166666666666667,0,0,Barber,average
NA,2.125,1.615,0,1,Barber,average
NA,2.125,1.4609375,0,0,Barber,average
NA,2.125,1.3894230769230769,0,0,Barber,average
NA,2.125,1.445,0,0,Barber,average
NA,2.125,2.125,0,1,Barber,average
NA,2.125,1.7491496598639455,0,0,Barber,average
NA,2.125,1.481907894736842,0,0,Barber,average
NA,2.125,1.5132575757575757,0,1,Barber,average
NA,2.125,1.75,0,1,Barber,average
NA,2.125,1.36,0,0,Barber,average
NA,2.125,1.6834415584415585,0,0,Barber,average
NA,2.125,1.9226190476190477,0,0,Barber,average
NA,2.125,1.5853174603174602,0,0,Barber,average
NA,2.125,1.7855029585798816,0,1,Barber,average
NA,2.125,1.9125,0,0,Barber,average
NA,2.125,1.8551587301587302,0,0,Barber,average
NA,2.125,1.9732142857142858,0,0,Barber,average
NA,2.125,1.7118055555555556,0,0,Barber,average
NA,2.125,1.6903409090909092,0,1,Barber,average
NA,2.125,1.5528846153846154,0,0,Barber,average
NA,2.125,1.0625,0,0,Barber,average
NA,2.125,1.4609375,0,0,Barber,average
NA,2.125,1.834077380952381,0,0,Barber,average
NA,2.125,2.0898760330578514,0,1,Barber,average
NA,2.125,1.59375,0,0,Barber,average
NA,2.125,1.6666666666666667,0,0,Barber,average
NA,2.125,1.5431547619047619,0,0,Barber,average
NA,2.125,1.8214285714285714,0,0,Barber,average
NA,2.125,1.5868506493506493,0,0,Barber,average
NA,2.125,1.6822916666666667,1,0,Barber,average
NA,2.125,1.5454545454545454,0,0,Barber,average
NA,2.125,1.6696428571428572,0,0,Barber,average
NA,2.125,2.125,1,0,Barber,average
NA,2.125,0.53125,0,0,Barber,average
NA,2.125,1.8478260869565217,0,0,Barber,average
NA,2.125,1.9348684210526317,0,1,Barber,average
NA,2.125,1.5052083333333333,0,0,Barber,average
NA,2.125,1.7708333333333333,0,0,Barber,average
NA,2.125,2.0069444444444446,0,1,Barber,average
NA,2.125,1.5256410256410255,0,0,Barber,average
NA,2.125,2.00546875,0,1,Barber,average
NA,2.125,1.0625,0,0,Barber,average
NA,2.125,1.6055555555555556,0,0,Barber,average
NA,2.125,1.9408333333333334,0,1,Barber,average
NA,2.125,1.6282467532467533,0,0,Barber,average
NA,2.125,1.4539473684210527,0,0,Barber,average
NA,2.125,1.4953703703703705,0,0,Barber,average
NA,2.125,1.3660714285714286,0,0,Barber,average
NA,2.125,1.6071428571428572,0,0,Barber,average
NA,2.125,1.5543981481481481,0,0,Barber,average
NA,2.125,1.445,0,0,Barber,average
NA,2.125,1.4875,0,1,Barber,average
NA,2.125,1.50875,0,0,Barber,average
NA,2.125,1.445,0,0,Barber,average
NA,2.125,1.328125,0,0,Barber,average
NA,2.125,1.59375,0,0,Barber,average
NA,2.125,1.36,0,0,Barber,average
NA,2.125,1.4953703703703705,0,0,Barber,average
NA,2.125,1.4875,0,0,Barber,average
NA,2.125,1.6380208333333333,0,1,Barber,average
NA,2.125,1.53,0,0,Barber,average
NA,2.125,1.53,0,0,Barber,average
NA,2.125,1.3154761904761905,0,0,Barber,average
NA,2.125,1.3522727272727273,0,0,Barber,average
NA,2.125,1.328125,0,0,Barber,average
NA,2.125,1.4166666666666667,0,0,Barber,average
NA,2.125,1.36,0,0,Barber,average
NA,2.125,1.445,0,0,Barber,average
NA,2.125,1.445,0,0,Barber,average
NA,2.125,1.6282467532467533,0,1,Barber,average
NA,2.125,1.59375,0,0,Barber,average
NA,2.125,1.7572115384615385,0,0,Barber,average
NA,2.125,1.843112244897959,0,1,Barber,average
NA,2.125,2.0525568181818183,0,1,Barber,average
NA,2.125,1.7072649572649572,0,0,Barber,average
NA,2.125,1.5132575757575757,0,0,Barber,average
NA,2.125,1.4350649350649352,0,0,Barber,average
NA,2.125,1.4711538461538463,0,0,Barber,average
NA,2.125,1.689102564102564,0,1,Barber,average
NA,2.125,1.4953703703703705,0,0,Barber,average
NA,2.125,1.5740740740740742,0,0,Barber,average
NA,2.125,1.16875,1,0,Barber,average
NA,2.125,1.5454545454545454,0,0,Barber,average
NA,2.125,1.7980769230769231,0,1,Barber,average
NA,2.125,1.6458333333333333,1,1,Barber,average
NA,2.125,1.4419642857142858,0,0,Barber,average
NA,2.125,1.6552631578947368,0,1,Barber,average
NA,2.125,1.615,0,0,Barber,average
NA,2.125,1.59375,1,0,Barber,average
NA,2.125,1.8566919191919191,0,1,Barber,average
NA,2.125,1.7472222222222222,0,1,Barber,average
NA,2.125,1.78125,0,1,Barber,average
NA,2.125,1.3403846153846153,0,0,Barber,average
NA,2.125,0.9916666666666667,0,0,Barber,average
NA,2.125,1.902097902097902,0,1,Barber,average
NA,2.125,1.79296875,0,1,Barber,average
NA,2.125,1.3894230769230769,0,0,Barber,average
NA,2.125,1.614448051948052,0,1,Barber,average
NA,2.125,1.7202380952380953,0,0,Barber,average
NA,2.125,1.275,0,0,Barber,average
NA,2.125,1.4166666666666667,0,0,Barber,average
NA,2.125,1.7554347826086956,0,0,Barber,average
NA,2.125,1.1953125,0,0,Barber,average
NA,2.125,1.5528846153846154,0,0,Barber,average
NA,2.125,1.5706521739130435,0,0,Barber,average
NA,2.125,1.36,0,0,Barber,average
NA,2.125,1.6241071428571427,0,0,Barber,average
NA,2.125,1.6590909090909092,0,1,Barber,average
NA,2.125,1.702724358974359,0,1,Barber,average
NA,2.125,1.53,0,0,Barber,average
NA,2.125,1.4756944444444444,0,0,Barber,average
NA,2.125,1.59375,0,0,Barber,average
NA,2.125,1.7708333333333333,0,0,Barber,average
NA,2.125,1.75,0,1,Barber,average
NA,2.125,1.5528846153846154,0,0,Barber,average
NA,2.125,1.8137626262626263,0,1,Barber,average
NA,2.125,1.7581845238095237,1,0,Barber,average
NA,2.125,1.965625,0,1,Barber,average
NA,2.125,1.7815656565656566,0,0,Barber,average
NA,2.125,1.80625,0,0,Barber,average
NA,2.125,1.4953703703703705,0,0,Barber,average
NA,2.125,1.4166666666666667,0,0,Barber,average
NA,2.125,1.4419642857142858,0,0,Barber,average
NA,2.125,1.6527777777777777,0,1,Barber,average
NA,2.125,1.5178571428571428,0,0,Barber,average
NA,2.125,1.7653846153846153,0,1,Barber,average
NA,2.125,1.6346153846153846,0,0,Barber,average
NA,2.125,1.59375,0,0,Barber,average
NA,2.125,1.6836538461538462,0,1,Barber,average
NA,2.125,1.4560185185185186,0,0,Barber,average
NA,2.125,1.5347222222222223,0,0,Barber,average
NA,2.125,1.6666666666666667,0,0,Barber,average
NA,2.125,1.7,0,0,Barber,average
NA,2.125,1.7335526315789473,0,1,Barber,average
NA,2.125,1.753125,0,0,Barber,average
NA,2.125,1.619047619047619,0,1,Barber,average
NA,2.125,1.59375,0,1,Barber,average
NA,2.125,1.6178977272727273,0,0,Barber,average
NA,2.125,1.4166666666666667,0,0,Barber,average
NA,2.125,2.013157894736842,1,0,Barber,average
NA,2.125,1.445,0,0,Barber,average
NA,2.125,1.7265625,0,1,Barber,average
NA,2.125,1.8214285714285714,0,1,Barber,average
NA,2.125,1.8863636363636365,0,1,Barber,average
NA,2.125,1.4711538461538463,0,0,Barber,average
NA,2.125,1.9236842105263159,0,1,Barber,average
NA,2.125,1.5140625,0,0,Barber,average
NA,2.125,1.3033333333333332,0,0,Barber,average
NA,2.125,1.434375,0,0,Barber,average
NA,2.125,1.5347222222222223,0,0,Barber,average
NA,2.125,0.9107142857142857,0,0,Barber,average
NA,2.125,1.8352272727272727,0,0,Barber,average
NA,2.125,1.7777777777777777,0,0,Barber,average
NA,2.125,1.375,0,0,Barber,average
NA,2.125,1.2648809523809523,0,0,Barber,average
NA,2.125,1.25,0,0,Barber,average
NA,2.125,1.4419642857142858,0,0,Barber,average
NA,2.125,1.708916083916084,0,1,Barber,average
NA,2.125,1.6158854166666667,0,0,Barber,average
NA,2.125,1.8352272727272727,1,0,Barber,average
NA,2.125,1.6346153846153846,0,0,Barber,average
NA,2.125,1.6645833333333333,0,0,Barber,average
NA,2.125,1.5152173913043478,0,0,Barber,average
NA,2.125,1.5583333333333333,0,0,Barber,average
NA,2.125,1.7916666666666667,0,0,Barber,average
NA,2.125,1.8973214285714286,0,1,Barber,average
NA,2.125,1.328125,0,0,Barber,average
NA,2.125,1.7202380952380953,0,0,Barber,average
NA,2.125,1.9348684210526317,0,1,Barber,average
NA,2.125,1.561965811965812,0,0,Barber,average
NA,2.125,1.4166666666666667,0,0,Barber,average
NA,2.125,0.6538461538461539,0,0,Barber,average
NA,2.125,1.1442307692307692,0,0,Barber,average
NA,2.125,1.9479166666666667,0,0,Barber,average
NA,2.125,1.7,0,0,Barber,average
NA,2.125,2.125,1,1,Barber,average
NA,2.125,1.6822916666666667,0,0,Barber,average
NA,2.125,1.7163461538461537,1,0,Barber,average
NA,2.125,1.2142857142857142,0,0,Barber,average
NA,2.125,2.016335227272727,0,1,Barber,average
NA,2.125,1.0625,0,0,Barber,average
NA,2.125,1.8973214285714286,0,1,Barber,average
NA,2.125,1.7,0,0,Barber,average
NA,2.125,1.5528846153846154,0,0,Barber,average
NA,2.125,1.6089285714285715,0,1,Barber,average
NA,2.125,1.7772727272727273,0,1,Barber,average
NA,2.125,1.80625,0,0,Barber,average
NA,2.125,1.6527777777777777,1,0,Barber,average
NA,2.125,1.4166666666666667,0,0,Barber,average
NA,2.125,1.4782608695652173,0,0,Barber,average
NA,2.125,1.4642857142857142,0,0,Barber,average
NA,2.125,2.01875,0,0,Barber,average
NA,2.125,1.2556818181818181,0,0,Barber,average
NA,2.125,1.9125,0,0,Barber,average
NA,2.125,1.540625,0,0,Barber,average
NA,2.125,1.4875,0,0,Barber,average
NA,2.125,1.5178571428571428,0,0,Barber,average
NA,2.125,1.5178571428571428,1,0,Barber,average
NA,2.125,1.4711538461538463,0,0,Barber,average
NA,2.125,1.2986111111111112,0,0,Barber,average
NA,2.125,1.4419642857142858,0,0,Barber,average
NA,2.125,1.875,0,0,Barber,average
NA,2.125,1.8888888888888888,0,0,Barber,average
NA,2.125,1.5454545454545454,0,1,Barber,average
NA,2.125,1.831547619047619,0,1,Barber,average
NA,2.125,0.4722222222222222,0,0,Barber,average
NA,2.125,1.7265625,0,0,Barber,average
NA,2.125,1.9390625,0,1,Barber,average
NA,2.125,1.7052469135802468,0,0,Barber,average
NA,2.125,1.9833333333333334,0,1,Barber,average
NA,2.125,1.7708333333333333,0,0,Barber,average
NA,2.125,1.3858695652173914,0,0,Barber,average
NA,2.125,1.8382936507936507,0,0,Barber,average
NA,2.125,1.647189349112426,0,1,Barber,average
NA,2.125,1.6331018518518519,0,0,Barber,average
NA,2.125,1.5868506493506493,0,0,Barber,average
NA,2.125,1.8352272727272727,0,0,Barber,average
NA,2.125,1.36,0,0,Barber,average
NA,2.125,1.2142857142857142,0,0,Barber,average
NA,2.125,1.6696428571428572,0,0,Barber,average
NA,2.125,1.2986111111111112,0,0,Barber,average
NA,2.125,1.5901360544217686,0,0,Barber,average
NA,2.125,1.6768707482993197,0,0,Barber,average
NA,2.125,1.7708333333333333,0,1,Barber,average
NA,2.125,1.906060606060606,0,1,Barber,average
NA,2.125,1.7033730158730158,0,0,Barber,average
NA,2.125,1.275,0,0,Barber,average
NA,2.125,1.9659090909090908,0,1,Barber,average
NA,2.125,1.6354166666666667,0,1,Barber,average
NA,2.125,1.6114583333333334,1,0,Barber,average
NA,2.125,1.7513736263736264,0,1,Barber,average
NA,2.125,1.7777777777777777,0,0,Barber,average
NA,2.125,1.5454545454545454,0,0,Barber,average
NA,2.125,1.540625,0,1,Barber,average
NA,2.125,1.2556818181818181,0,0,Barber,average
NA,2.125,1.59375,0,0,Barber,average
NA,2.125,1.6822916666666667,0,0,Barber,average
NA,2.125,1.5052083333333333,1,0,Barber,average
NA,2.125,2.074404761904762,0,0,Barber,average
NA,2.125,1.5330357142857143,0,0,Barber,average
NA,2.125,1.7560763888888888,0,0,Barber,average
NA,2.125,1.5583333333333333,0,0,Barber,average
NA,2.125,1.6346153846153846,0,1,Barber,average
NA,2.125,1.5776515151515151,0,1,Barber,average
NA,2.125,1.3154761904761905,0,0,Barber,average
NA,2.125,1.5357142857142858,0,0,Barber,average
NA,2.125,2.028409090909091,0,1,Barber,average
NA,2.125,1.2142857142857142,0,0,Barber,average
NA,2.125,1.0625,0,0,Barber,average
NA,2.125,1.511111111111111,1,1,Barber,average
NA,2.125,1.7314814814814814,0,0,Barber,average
NA,2.125,1.8162393162393162,0,0,Barber,average
NA,2.125,1.4402777777777778,0,0,Barber,average
NA,2.125,1.6380208333333333,0,1,Barber,average
NA,2.125,1.6428571428571428,0,0,Barber,average
NA,2.125,1.498397435897436,1,0,Barber,average
NA,2.125,1.481060606060606,0,0,Barber,average
NA,2.125,1.6630434782608696,0,0,Barber,average
NA,2.125,1.8214285714285714,0,0,Barber,average
NA,2.125,1.619047619047619,0,0,Barber,average
NA,2.125,1.6433333333333333,0,0,Barber,average
NA,2.125,1.734375,0,0,Barber,average
NA,2.125,1.6630434782608696,0,0,Barber,average
NA,2.125,1.4166666666666667,1,0,Barber,average
NA,2.125,1.7202380952380953,0,0,Barber,average
NA,2.125,1.4756944444444444,0,0,Barber,average
NA,2.125,1.4461805555555556,0,0,Barber,average
NA,2.125,1.4166666666666667,0,0,Barber,average
NA,2.125,1.275,0,0,Barber,average
NA,2.125,1.540625,0,0,Barber,average
NA,2.125,1.6696428571428572,0,1,Barber,average
NA,2.125,1.3576388888888888,0,0,Barber,average
NA,2.125,1.4419642857142858,0,0,Barber,average
NA,2.125,1.3871527777777777,0,0,Barber,average
NA,2.125,1.568452380952381,0,0,Barber,average
NA,2.125,1.230263157894737,0,0,Barber,average
NA,2.125,1.5642361111111112,0,0,Barber,average
NA,2.125,1.7425,0,1,Barber,average
NA,2.125,1.6834415584415585,0,0,Barber,average
NA,2.125,1.7,0,0,Barber,average
NA,2.125,1.7265625,0,0,Barber,average
NA,2.125,1.6241071428571427,0,0,Barber,average
NA,2.125,1.7,0,0,Barber,average
NA,2.125,1.7747252747252746,0,1,Barber,average
NA,2.125,1.4166666666666667,0,0,Barber,average
NA,2.125,1.9020061728395061,0,0,Barber,average
NA,2.125,1.7413194444444444,0,0,Barber,average
NA,2.125,1.2556818181818181,0,0,Barber,average
NA,2.125,1.445,0,0,Barber,average
NA,2.125,1.8214285714285714,0,0,Barber,average
NA,2.125,1.6813186813186813,0,1,Barber,average
NA,2.125,1.896694214876033,0,1,Barber,average
NA,2.125,1.849537037037037,0,0,Barber,average
NA,2.125,1.7151785714285714,0,1,Barber,average
NA,2.125,1.6957070707070707,0,1,Barber,average
NA,2.125,1.7265625,0,1,Barber,average
NA,2.125,1.66015625,0,0,Barber,average
NA,2.125,1.8214285714285714,0,0,Barber,average
NA,2.125,1.3421052631578947,0,0,Barber,average
NA,2.125,1.75,0,1,Barber,average
NA,2.125,1.7,0,0,Barber,average
NA,2.125,1.275,0,0,Barber,average
NA,2.125,1.4925595238095237,0,0,Barber,average
NA,2.125,1.4166666666666667,0,0,Barber,average
NA,2.125,1.4419642857142858,0,0,Barber,average
NA,2.125,1.6613636363636364,0,1,Barber,average
NA,2.125,1.6509615384615384,0,1,Barber,average
NA,2.125,1.859375,0,0,Barber,average
NA,2.125,1.59375,0,0,Barber,average
NA,2.125,1.5555555555555556,0,0,Barber,average
NA,2.125,1.4166666666666667,0,0,Barber,average
NA,2.125,1.36,0,0,Barber,average
NA,2.125,1.6168478260869565,0,0,Barber,average
NA,2.125,1.52734375,0,0,Barber,average
NA,2.125,1.6652046783625731,0,0,Barber,average
NA,2.125,1.2142857142857142,0,0,Barber,average
NA,2.125,1.5098684210526316,0,0,Barber,average
NA,2.125,1.7554347826086956,0,0,Barber,average
NA,2.125,2.125,0,0,Barber,average
NA,2.125,1.6063988095238095,0,0,Barber,average
NA,2.125,1.1953125,0,0,Barber,average
NA,2.125,1.4419642857142858,0,0,Barber,average
NA,2.125,1.4638888888888888,0,0,Barber,average
NA,2.125,1.4875,0,0,Barber,average
NA,2.125,1.76375,0,1,Barber,average
NA,2.125,1.4875,0,1,Barber,average
NA,2.125,1.9408333333333334,0,1,Barber,average
NA,2.125,1.5152173913043478,0,0,Barber,average
NA,2.125,1.825925925925926,0,0,Barber,average
NA,2.125,1.4560185185185186,0,0,Barber,average
NA,2.125,0.5795454545454546,0,0,Barber,average
NA,2.125,1.5261363636363636,0,0,Barber,average
NA,2.125,1.2934782608695652,0,0,Barber,average
NA,2.125,1.7118055555555556,0,1,Barber,average
NA,2.125,1.59375,0,0,Barber,average
NA,2.125,1.5178571428571428,0,1,Barber,average
NA,2.125,1.8011904761904762,0,1,Barber,average
NA,2.125,1.4711538461538463,0,0,Barber,average
NA,2.125,1.118421052631579,0,0,Barber,average
NA,2.125,1.275,0,0,Barber,average
NA,2.125,1.59375,0,0,Barber,average
NA,2.125,1.7708333333333333,0,0,Barber,average
NA,2.125,1.5441666666666667,0,1,Barber,average
NA,2.125,1.445,0,0,Barber,average
NA,2.125,1.7,0,0,Barber,average
NA,2.125,1.5,0,0,Barber,average
NA,2.125,1.59375,0,0,Barber,average
NA,2.125,1.2395833333333333,0,0,Barber,average
NA,2.125,1.7,0,1,Barber,average
NA,2.125,1.3871527777777777,0,0,Barber,average
NA,2.125,1.6776315789473684,0,0,Barber,average
NA,2.125,1.672337278106509,0,1,Barber,average
NA,2.125,1.4560185185185186,0,0,Barber,average
NA,2.125,1.4166666666666667,0,0,Barber,average
NA,2.125,1.6103515625,0,0,Barber,average
NA,2.125,1.4419642857142858,0,0,Barber,average
NA,2.125,1.6696428571428572,0,0,Barber,average
NA,2.125,1.427734375,1,0,Barber,average
NA,2.125,1.539855072463768,0,0,Barber,average
NA,2.125,1.6420454545454546,0,1,Barber,average
NA,2.125,1.7572115384615385,0,1,Barber,average
NA,2.125,1.4166666666666667,0,0,Barber,average
NA,2.125,1.4875,0,0,Barber,average
NA,2.125,1.230263157894737,0,0,Barber,average
NA,2.125,1.7149122807017543,0,0,Barber,average
NA,2.125,1.9479166666666667,0,1,Barber,average
NA,2.125,1.4976190476190476,0,0,Barber,average
NA,2.125,1.9597222222222221,0,0,Barber,average
NA,2.125,1.9479166666666667,0,1,Barber,average
NA,2.125,1.9833333333333334,0,0,Barber,average
NA,2.125,1.5811011904761905,0,0,Barber,average
NA,2.125,1.3858695652173914,0,0,Barber,average
NA,2.125,1.2556818181818181,0,0,Barber,average
NA,2.125,1.36,0,0,Barber,average
NA,2.125,1.36,0,0,Barber,average
NA,2.125,1.6098484848484849,0,1,Barber,average
NA,2.125,1.7,0,0,Barber,average
NA,2.125,1.5740740740740742,0,0,Barber,average
NA,2.125,1.3222222222222222,0,0,Barber,average
NA,2.125,1.75,0,1,Barber,average
NA,2.125,1.3894230769230769,0,0,Barber,average
NA,2.125,1.7878605769230769,0,1,Barber,average
NA,2.125,1.4419642857142858,0,0,Barber,average
NA,2.125,1.2934782608695652,0,0,Barber,average
NA,2.125,1.6834415584415585,0,0,Barber,average
NA,2.125,1.275,0,0,Barber,average
NA,2.125,1.7125,0,1,Barber,average
NA,2.125,1.4953703703703705,0,0,Barber,average
NA,2.125,1.9125,0,0,Barber,average
NA,2.125,1.275,0,0,Barber,average
NA,2.125,1.75,0,0,Barber,average
NA,2.125,1.7601010101010102,0,1,Barber,average
NA,2.125,1.2142857142857142,0,0,Barber,average
NA,2.125,1.2648809523809523,0,0,Barber,average
NA,2.125,1.4560185185185186,0,0,Barber,average
NA,2.125,1.859375,0,0,Barber,average
NA,2.125,1.59375,0,0,Barber,average
NA,2.125,1.66015625,0,1,Barber,average
NA,2.125,1.8766233766233766,0,0,Barber,average
NA,2.125,1.6666666666666667,0,0,Barber,average
NA,2.125,1.4166666666666667,0,0,Barber,average
NA,2.125,1.9236842105263159,1,1,Barber,average
NA,2.125,1.59375,0,0,Barber,average
NA,2.125,1.481060606060606,0,0,Barber,average
NA,2.125,1.59375,0,0,Barber,average
NA,2.125,1.53,0,0,Barber,average
NA,2.125,1.4756944444444444,0,0,Barber,average
NA,2.125,1.6346153846153846,0,0,Barber,average
NA,2.125,1.38125,0,0,Barber,average
NA,2.125,1.36,0,0,Barber,average
NA,2.125,1.4904513888888888,0,0,Barber,average
NA,2.125,1.619047619047619,0,0,Barber,average
NA,2.125,1.3894230769230769,0,0,Barber,average
NA,2.125,1.4609375,0,0,Barber,average
NA,2.125,1.2142857142857142,1,0,Barber,average
NA,2.125,1.615,0,0,Barber,average
NA,2.125,1.9390625,0,0,Barber,average
NA,2.125,1.5454545454545454,0,0,Barber,average
NA,2.125,1.55125,0,0,Barber,average
NA,2.125,1.230263157894737,0,0,Barber,average
NA,2.125,1.2934782608695652,0,0,Barber,average
NA,2.125,1.4875,0,0,Barber,average
NA,2.125,1.5642361111111112,0,0,Barber,average
NA,2.125,1.4733333333333334,0,0,Barber,average
NA,2.125,1.328125,0,0,Barber,average
NA,2.125,1.6346153846153846,0,0,Barber,average
NA,2.125,1.625,0,0,Barber,average
NA,2.125,1.59375,0,0,Barber,average
NA,2.125,1.785,0,1,Barber,average
NA,2.125,1.6696428571428572,0,0,Barber,average
NA,2.125,1.3894230769230769,0,0,Barber,average
NA,2.125,1.5591715976331362,0,1,Barber,average
NA,2.125,1.16875,0,0,Barber,average
NA,2.125,1.8888888888888888,0,1,Barber,average
NA,2.125,1.4711538461538463,0,0,Barber,average
NA,2.125,1.8214285714285714,0,0,Barber,average
NA,2.125,1.3793859649122806,0,0,Barber,average
NA,2.125,1.5833333333333333,0,0,Barber,average
NA,2.125,1.7265625,0,0,Barber,average
NA,2.125,1.5706521739130435,0,0,Barber,average
NA,2.125,1.5592532467532467,0,0,Barber,average
NA,2.125,1.6458333333333333,0,1,Barber,average
NA,2.125,1.3141447368421053,0,0,Barber,average
NA,2.125,1.275,0,0,Barber,average
NA,2.125,1.6696428571428572,0,0,Barber,average
NA,2.125,1.8416666666666666,0,0,Barber,average
NA,2.125,1.9479166666666667,0,1,Barber,average
NA,2.125,1.6661931818181819,0,1,Barber,average
NA,2.125,1.859375,0,0,Barber,average
NA,2.125,1.5178571428571428,0,0,Barber,average
NA,2.125,1.9732142857142858,0,0,Barber,average
NA,2.125,1.9479166666666667,0,0,Barber,average
NA,2.125,1.859375,0,0,Barber,average
NA,2.125,1.8214285714285714,0,0,Barber,average
NA,2.125,1.7894736842105263,0,0,Barber,average
NA,2.125,1.59375,0,0,Barber,average
NA,2.125,1.5706521739130435,0,0,Barber,average
NA,2.125,1.6396604938271604,0,0,Barber,average
NA,2.125,1.4166666666666667,0,0,Barber,average
NA,2.125,1.275,0,0,Barber,average
NA,2.125,1.4782608695652173,0,0,Barber,average
NA,2.125,1.6063988095238095,0,0,Barber,average
NA,2.125,1.9125,0,0,Barber,average
NA,2.125,1.36,0,0,Barber,average
NA,2.125,1.8352272727272727,0,0,Barber,average
NA,2.125,1.4419642857142858,0,0,Barber,average
NA,2.125,1.7708333333333333,0,0,Barber,average
NA,2.125,1.53,0,0,Barber,average
NA,2.125,1.25,0,0,Barber,average
NA,2.125,1.9318181818181819,0,1,Barber,average
NA,2.125,1.3458333333333334,0,0,Barber,average
NA,2.125,1.6335034013605443,0,0,Barber,average
NA,2.125,1.4419642857142858,0,0,Barber,average
NA,2.125,1.3894230769230769,0,0,Barber,average
NA,2.125,1.7,0,0,Barber,average
NA,2.125,1.5431547619047619,0,1,Barber,average
NA,2.125,1.6822916666666667,0,1,Barber,average
NA,2.125,1.5657894736842106,0,1,Barber,average
NA,2.125,1.7354166666666666,0,1,Barber,average
NA,2.125,1.6328947368421052,0,0,Barber,average
NA,2.125,1.7671052631578947,0,1,Barber,average
NA,2.125,1.7386363636363635,0,0,Barber,average
NA,2.125,1.540625,0,0,Barber,average
NA,2.125,1.5454545454545454,0,0,Barber,average
NA,2.125,1.5740740740740742,1,0,Barber,average
NA,2.125,1.8214285714285714,1,0,Barber,average
NA,2.125,1.7894736842105263,0,1,Barber,average
NA,2.125,1.59375,0,0,Barber,average
NA,2.125,1.8214285714285714,0,0,Barber,average
NA,2.125,1.494140625,0,0,Barber,average
NA,2.125,1.4711538461538463,0,0,Barber,average
NA,2.125,1.3076923076923077,0,0,Barber,average
NA,2.125,1.6784420289855073,0,0,Barber,average
NA,2.125,1.4166666666666667,0,0,Barber,average
NA,2.125,1.4419642857142858,1,0,Barber,average
NA,2.125,1.9479166666666667,0,1,Barber,average
NA,2.125,1.7,0,0,Barber,average
NA,2.125,1.755921052631579,0,1,Barber,average
NA,2.125,1.4733333333333334,0,0,Barber,average
NA,2.125,1.5583333333333333,0,1,Barber,average
NA,2.125,1.4419642857142858,0,0,Barber,average
NA,2.125,1.5706521739130435,0,0,Barber,average
NA,2.125,1.6696428571428572,1,0,Barber,average
NA,2.125,1.3858695652173914,0,0,Barber,average
NA,2.125,1.2142857142857142,0,0,Barber,average
NA,2.125,1.7183641975308641,0,0,Barber,average
NA,2.125,1.8416666666666666,0,0,Barber,average
NA,2.125,1.7472222222222222,0,1,Barber,average
NA,2.125,1.5178571428571428,0,0,Barber,average
NA,2.125,1.7708333333333333,0,1,Barber,average
NA,2.125,1.7708333333333333,0,0,Barber,average
NA,2.125,1.9125,0,0,Barber,average
NA,2.125,1.7708333333333333,0,0,Barber,average
NA,2.125,1.4711538461538463,0,0,Barber,average
NA,2.125,1.5068181818181818,1,1,Barber,average
NA,2.125,2.0,0,0,Barber,average
NA,2.125,1.4402777777777778,0,0,Barber,average
NA,2.125,1.4166666666666667,0,0,Barber,average
NA,2.125,1.7265625,0,0,Barber,average
NA,2.125,2.125,0,0,Barber,average
NA,2.125,1.5210526315789474,0,1,Barber,average
NA,2.125,1.3858695652173914,0,0,Barber,average
NA,2.125,1.6443452380952381,0,0,Barber,average
NA,2.125,1.6550480769230769,0,0,Barber,average
NA,2.125,1.7855029585798816,0,1,Barber,average
NA,2.125,1.6696428571428572,0,0,Barber,average
NA,2.125,1.498397435897436,0,0,Barber,average
NA,2.125,1.3396739130434783,0,0,Barber,average
NA,2.125,1.3894230769230769,0,0,Barber,average
NA,2.125,1.5441666666666667,0,1,Barber,average
NA,2.125,1.5152173913043478,0,0,Barber,average
NA,2.125,1.3894230769230769,0,0,Barber,average
NA,2.125,1.230263157894737,0,0,Barber,average
NA,2.125,1.79296875,0,0,Barber,average
NA,2.125,1.6346153846153846,0,1,Barber,average
NA,2.125,1.3154761904761905,0,0,Barber,average
NA,2.125,1.4539473684210527,0,0,Barber,average
NA,2.125,1.275,0,0,Barber,average
NA,2.125,1.6696428571428572,0,0,Barber,average
NA,2.125,1.50875,0,0,Barber,average
NA,2.125,1.7,0,0,Barber,average
NA,2.125,1.5528846153846154,0,0,Barber,average
NA,2.125,1.4711538461538463,0,0,Barber,average
NA,2.125,0.5795454545454546,0,0,Barber,average
NA,2.125,1.1953125,0,0,Barber,average
NA,2.125,1.615,0,0,Barber,average
NA,2.125,1.8525641025641026,0,1,Barber,average
NA,2.125,1.4953703703703705,0,0,Barber,average
NA,2.125,1.4953703703703705,0,0,Barber,average
NA,2.125,1.9532828282828283,0,1,Barber,average
NA,2.125,1.4953703703703705,1,0,Barber,average
NA,2.125,1.8674242424242424,0,1,Barber,average
NA,2.125,1.5098684210526316,0,0,Barber,average
NA,2.125,1.0625,0,0,Barber,average
NA,2.125,1.2142857142857142,0,0,Barber,average
NA,2.125,1.6822916666666667,0,0,Barber,average
NA,2.125,1.59375,0,0,Barber,average
NA,2.125,1.5901360544217686,0,0,Barber,average
NA,2.125,1.9732142857142858,1,0,Barber,average
NA,2.125,1.7708333333333333,0,0,Barber,average
NA,2.125,1.6613636363636364,0,1,Barber,average
NA,2.125,1.5454545454545454,0,0,Barber,average
NA,2.125,1.7279040404040404,0,1,Barber,average
NA,2.125,1.6696428571428572,0,1,Barber,average
NA,2.125,1.5178571428571428,0,0,Barber,average
NA,2.125,1.50875,0,0,Barber,average
NA,2.125,1.2556818181818181,0,0,Barber,average
NA,2.125,1.7435897435897436,1,0,Barber,average
NA,2.125,1.5811011904761905,0,0,Barber,average
NA,2.125,1.50875,0,0,Barber,average
NA,2.125,1.5583333333333333,0,0,Barber,average
NA,2.125,1.65625,0,1,Barber,average
NA,2.125,1.7894736842105263,0,0,Barber,average
NA,2.125,1.2986111111111112,0,0,Barber,average
NA,2.125,1.498397435897436,0,0,Barber,average
NA,2.125,1.3858695652173914,0,0,Barber,average
NA,2.125,1.8214285714285714,0,1,Barber,average
NA,2.125,1.55125,0,0,Barber,average
NA,2.125,1.6776315789473684,0,0,Barber,average
NA,2.125,1.7,0,1,Barber,average
NA,2.125,1.6822916666666667,0,1,Barber,average
NA,2.125,1.7265625,0,0,Barber,average
NA,2.125,1.2934782608695652,0,0,Barber,average
NA,2.125,1.59375,0,0,Barber,average
NA,2.125,1.6098484848484849,0,0,Barber,average
NA,2.125,1.7727272727272727,1,1,Barber,average
NA,2.125,1.812937062937063,0,1,Barber,average
NA,2.125,1.4782608695652173,0,0,Barber,average
NA,2.125,1.6313131313131313,0,1,Barber,average
NA,2.125,1.3421052631578947,0,0,Barber,average
NA,2.125,1.8389423076923077,0,1,Barber,average
NA,2.125,1.864795918367347,0,1,Barber,average
NA,2.125,1.328125,0,0,Barber,average
NA,2.125,1.53,0,0,Barber,average
NA,2.125,1.7910714285714286,0,1,Barber,average
NA,2.125,1.4697916666666666,0,0,Barber,average
NA,2.125,1.6607142857142858,0,0,Barber,average
NA,2.125,1.5612244897959184,0,0,Barber,average
NA,2.125,1.8214285714285714,0,1,Barber,average
NA,2.125,1.8214285714285714,0,0,Barber,average
NA,2.125,1.6392857142857142,0,1,Barber,average
NA,2.125,1.5178571428571428,1,0,Barber,average
NA,2.125,1.6241071428571427,0,0,Barber,average
NA,2.125,1.50875,0,0,Barber,average
NA,2.125,1.7118055555555556,0,1,Barber,average
NA,2.125,1.6849747474747474,0,1,Barber,average
NA,2.125,1.38125,0,0,Barber,average
NA,2.125,1.6458333333333333,0,1,Barber,average
NA,2.125,1.5478395061728396,0,0,Barber,average
NA,2.125,1.7708333333333333,0,0,Barber,average
NA,2.125,1.230263157894737,0,0,Barber,average
NA,2.125,1.7524350649350648,0,0,Barber,average
NA,2.125,1.2556818181818181,0,0,Barber,average
NA,2.125,0.9296875,0,0,Barber,average
NA,2.125,2.0090909090909093,0,1,Barber,average
NA,2.125,1.9125,0,1,Barber,average
NA,2.125,1.9479166666666667,1,0,Barber,average
NA,2.125,1.6168478260869565,0,0,Barber,average
NA,2.125,1.689102564102564,0,1,Barber,average
NA,2.125,1.511111111111111,0,0,Barber,average
NA,2.125,1.859375,0,0,Barber,average
NA,2.125,1.8888888888888888,0,0,Barber,average
NA,2.125,1.6420454545454546,0,1,Barber,average
NA,2.125,1.53,0,0,Barber,average
NA,2.125,1.825925925925926,0,0,Barber,average
NA,2.125,1.6055555555555556,0,0,Barber,average
NA,2.125,1.831547619047619,0,1,Barber,average
NA,2.125,1.65625,0,0,Barber,average
NA,2.125,1.7265625,0,1,Barber,average
NA,2.125,1.7,0,1,Barber,average
NA,2.125,1.6630434782608696,0,0,Barber,average
NA,2.125,1.5785714285714285,0,0,Barber,average
NA,2.125,1.7024147727272727,0,1,Barber,average
NA,2.125,1.7855902777777777,0,1,Barber,average
NA,2.125,1.5657894736842106,0,0,Barber,average
NA,2.125,1.4711538461538463,0,0,Barber,average
NA,2.125,1.5740740740740742,0,0,Barber,average
NA,2.125,1.521604938271605,0,0,Barber,average
NA,2.125,1.4875,0,0,Barber,average
NA,2.125,1.6420454545454546,0,0,Barber,average
NA,2.125,1.3894230769230769,0,0,Barber,average
NA,2.125,1.009375,0,0,Barber,average
NA,2.125,1.7910714285714286,0,1,Barber,average
NA,2.125,1.16875,0,0,Barber,average
NA,2.125,1.230263157894737,0,0,Barber,average
NA,2.125,1.3421052631578947,0,0,Barber,average
NA,2.125,1.9318181818181819,0,0,Barber,average
NA,2.125,1.615,0,0,Barber,average
NA,2.125,1.6217105263157894,1,0,Barber,average
NA,2.125,1.375,0,0,Barber,average
NA,2.125,1.5528846153846154,0,0,Barber,average
NA,2.125,2.125,0,0,Barber,average
NA,2.125,1.4953703703703705,0,0,Barber,average
NA,2.125,1.6581439393939394,0,0,Barber,average
NA,2.125,1.619047619047619,0,0,Barber,average
NA,2.125,1.457142857142857,0,0,Barber,average
NA,2.125,1.6039663461538463,0,1,Barber,average
NA,2.125,1.4711538461538463,0,0,Barber,average
NA,2.125,1.4419642857142858,0,0,Barber,average
NA,2.125,1.615,1,0,Barber,average
NA,2.125,1.9479166666666667,0,1,Barber,average
NA,2.125,1.7708333333333333,0,1,Barber,average
NA,2.125,1.5052083333333333,0,0,Barber,average
NA,2.125,1.6776315789473684,0,0,Barber,average
NA,2.125,1.5454545454545454,0,0,Barber,average
NA,2.125,1.4166666666666667,0,0,Barber,average
NA,2.125,1.9226190476190477,0,0,Barber,average
NA,2.125,1.1333333333333333,0,0,Barber,average
NA,2.125,1.6443452380952381,0,0,Barber,average
NA,2.125,1.7455357142857142,0,0,Barber,average
NA,2.125,1.8214285714285714,0,0,Barber,average
NA,2.125,1.6652644230769231,0,1,Barber,average
NA,2.125,1.4166666666666667,0,0,Barber,average
NA,2.125,1.4419642857142858,0,0,Barber,average
NA,2.125,1.4419642857142858,0,0,Barber,average
NA,2.125,1.7832167832167831,1,1,Barber,average
NA,2.125,1.8859375,0,1,Barber,average
NA,2.125,1.3723958333333333,0,0,Barber,average
NA,2.125,1.7,0,0,Barber,average
NA,2.125,1.6782051282051282,0,1,Barber,average
NA,2.125,1.7708333333333333,0,0,Barber,average
NA,2.125,1.3858695652173914,0,0,Barber,average
NA,2.125,2.01875,1,0,Barber,average
NA,2.125,1.9361111111111111,0,0,Barber,average
NA,2.125,1.826171875,0,0,Barber,average
NA,2.125,1.6346153846153846,0,0,Barber,average
NA,2.125,1.9125,0,1,Barber,average
NA,2.125,1.8214285714285714,1,0,Barber,average
NA,2.125,1.59375,0,0,Barber,average
NA,2.125,1.7265625,0,0,Barber,average
NA,2.125,0.7083333333333334,0,0,Barber,average
NA,2.125,1.4166666666666667,0,0,Barber,average
NA,2.125,1.8214285714285714,0,0,Barber,average
NA,2.125,1.7248376623376624,0,1,Barber,average
NA,2.125,1.4419642857142858,0,0,Barber,average
NA,2.125,1.4609375,0,0,Barber,average
NA,2.125,1.8571428571428572,0,0,Barber,average
NA,2.125,1.6063988095238095,0,0,Barber,average
NA,2.125,1.53,0,0,Barber,average
NA,2.125,1.5178571428571428,0,0,Barber,average
NA,2.125,1.4560185185185186,0,0,Barber,average
NA,2.125,1.5521739130434782,0,0,Barber,average
NA,2.125,1.6770833333333333,0,1,Barber,average
NA,2.125,1.7708333333333333,0,1,Barber,average
NA,2.125,1.4539473684210527,0,0,Barber,average
NA,2.125,1.4419642857142858,0,0,Barber,average
NA,2.125,1.8162393162393162,1,0,Barber,average
NA,2.125,1.59375,0,0,Barber,average
NA,2.125,1.812937062937063,0,1,Barber,average
NA,2.125,1.7265625,0,0,Barber,average
NA,2.125,1.7265625,0,0,Barber,average
NA,2.125,1.4953703703703705,0,0,Barber,average
NA,2.125,2.049107142857143,0,0,Barber,average
NA,2.125,1.6666666666666667,0,0,Barber,average
NA,2.125,1.573051948051948,0,0,Barber,average
NA,2.125,1.5347222222222223,0,0,Barber,average
NA,2.125,1.5583333333333333,0,0,Barber,average
NA,2.125,1.4953703703703705,0,0,Barber,average
NA,2.125,1.6661931818181819,0,1,Barber,average
NA,2.125,1.4166666666666667,0,0,Barber,average
NA,2.125,1.5543981481481481,0,0,Barber,average
NA,2.125,1.8352272727272727,0,0,Barber,average
NA,2.125,1.275,0,0,Barber,average
NA,2.125,1.8416666666666666,0,0,Barber,average
NA,2.125,1.7386363636363635,0,0,Barber,average
NA,2.125,1.8214285714285714,0,0,Barber,average
NA,2.125,1.561965811965812,0,0,Barber,average
NA,2.125,1.747532894736842,0,0,Barber,average
NA,2.125,1.5583333333333333,0,0,Barber,average
NA,2.125,1.80625,0,0,Barber,average
NA,2.125,1.5706521739130435,0,0,Barber,average
NA,2.125,1.6380208333333333,0,1,Barber,average
NA,2.125,1.896153846153846,1,1,Barber,average
NA,2.125,1.8287878787878789,0,1,Barber,average
NA,2.125,1.6168478260869565,0,0,Barber,average
NA,2.125,1.4419642857142858,0,0,Barber,average
NA,2.125,1.6114583333333334,0,0,Barber,average
NA,2.125,1.4439102564102564,0,0,Barber,average
NA,2.125,1.6021825396825398,0,0,Barber,average
NA,2.125,1.1805555555555556,0,0,Barber,average
NA,2.125,1.5642361111111112,0,0,Barber,average
NA,2.125,1.118421052631579,0,0,Barber,average
NA,2.125,1.6776315789473684,0,0,Barber,average
NA,2.125,1.4166666666666667,0,1,Barber,average
NA,2.125,1.7980769230769231,0,0,Barber,average
NA,2.125,1.7511574074074074,0,0,Barber,average
NA,2.125,1.6055555555555556,0,1,Barber,average
NA,2.125,1.5977443609022557,0,0,Barber,average
NA,2.125,1.2934782608695652,0,0,Barber,average
NA,2.125,1.5293560606060606,0,1,Barber,average
NA,2.125,1.2395833333333333,0,0,Barber,average
NA,2.125,1.355072463768116,0,0,Barber,average
NA,2.125,1.9704545454545455,0,1,Barber,average
NA,2.125,1.4439102564102564,0,0,Barber,average
NA,2.125,1.3660714285714286,0,0,Barber,average
NA,2.125,1.4166666666666667,0,0,Barber,average
NA,2.125,1.6742424242424243,0,1,Barber,average
NA,2.125,1.7980769230769231,0,0,Barber,average
NA,2.125,1.445,0,0,Barber,average
NA,2.125,1.328125,0,0,Barber,average
NA,2.125,1.5347222222222223,0,0,Barber,average
NA,2.125,1.5583333333333333,0,0,Barber,average
NA,2.125,1.5465277777777777,0,0,Barber,average
NA,2.125,1.2418831168831168,0,0,Barber,average
NA,2.125,1.5178571428571428,0,0,Barber,average
NA,2.125,1.6645833333333333,0,1,Barber,average
NA,2.125,1.511111111111111,0,0,Barber,average
NA,2.125,1.7894736842105263,0,0,Barber,average
NA,2.125,1.7472222222222222,0,0,Barber,average
NA,2.125,1.328125,0,0,Barber,average
NA,2.125,1.4166666666666667,1,0,Barber,average
NA,2.125,1.9282407407407407,0,0,Barber,average
NA,2.125,1.4507211538461537,0,0,Barber,average
NA,2.125,1.59375,1,0,Barber,average
NA,2.125,1.4711538461538463,0,1,Barber,average
NA,2.125,1.6685185185185185,0,0,Barber,average
NA,2.125,1.7590277777777779,0,1,Barber,average
NA,2.125,1.6346153846153846,0,0,Barber,average
NA,2.125,1.7980769230769231,0,0,Barber,average
NA,2.125,1.8333333333333333,0,0,Barber,average
NA,2.125,1.7980769230769231,0,0,Barber,average
NA,2.125,1.3894230769230769,0,0,Barber,average
NA,2.125,1.4711538461538463,0,0,Barber,average
NA,2.125,1.6479591836734695,0,0,Barber,average
NA,2.125,1.7772727272727273,0,1,Barber,average
NA,2.125,1.663510101010101,0,1,Barber,average
NA,2.125,1.80625,0,1,Barber,average
NA,2.125,1.38125,0,0,Barber,average
NA,2.125,1.4166666666666667,0,0,Barber,average
NA,2.125,1.4953703703703705,0,0,Barber,average
NA,2.125,1.580128205128205,0,1,Barber,average
NA,2.125,1.6898809523809524,0,1,Barber,average
NA,2.125,1.6217105263157894,0,1,Barber,average
NA,2.125,1.5762362637362637,0,1,Barber,average
NA,2.125,1.5494791666666667,0,0,Barber,average
NA,2.125,1.6055555555555556,0,1,Barber,average
NA,2.125,1.706439393939394,0,1,Barber,average
NA,2.125,1.9318181818181819,0,1,Barber,average
NA,2.125,1.275,0,0,Barber,average
NA,2.125,1.5431547619047619,0,0,Barber,average
NA,2.125,1.7894736842105263,0,1,Barber,average
NA,2.125,1.59375,0,0,Barber,average
NA,2.125,1.3858695652173914,0,0,Barber,average
NA,2.125,1.7425,0,0,Barber,average
NA,2.125,1.8125,0,1,Barber,average
NA,2.125,1.28125,0,0,Barber,average
NA,2.125,1.5454545454545454,0,0,Barber,average
NA,2.125,1.7265625,0,0,Barber,average
NA,2.125,1.7279040404040404,0,1,Barber,average
NA,2.125,1.6822916666666667,0,0,Barber,average
NA,2.125,1.625,0,0,Barber,average
NA,2.125,1.3894230769230769,0,0,Barber,average
NA,2.125,1.6458333333333333,0,1,Barber,average
NA,2.125,1.59375,0,0,Barber,average
NA,2.125,1.493659420289855,0,0,Barber,average
NA,2.125,1.328125,0,0,Barber,average
NA,2.125,1.6388888888888888,0,0,Barber,average
NA,2.125,1.53,0,1,Barber,average
NA,2.125,1.6006493506493507,0,0,Barber,average
NA,2.125,1.4539473684210527,0,0,Barber,average
NA,2.125,1.6168478260869565,0,0,Barber,average
NA,2.125,1.275,0,0,Barber,average
NA,2.125,1.4875,1,0,Barber,average
NA,2.125,1.2793367346938775,0,0,Barber,average
NA,2.125,1.580128205128205,0,0,Barber,average
NA,2.125,1.481060606060606,0,0,Barber,average
NA,2.125,2.0698051948051948,0,1,Barber,average
NA,2.125,1.8162393162393162,0,0,Barber,average
NA,2.125,1.53,0,0,Barber,average
NA,2.125,1.8214285714285714,0,0,Barber,average
NA,2.125,1.5178571428571428,0,1,Barber,average
NA,2.125,1.1383928571428572,1,0,Barber,average
NA,2.125,1.4166666666666667,0,0,Barber,average
NA,2.125,1.5625,0,0,Barber,average
NA,2.125,1.36,0,0,Barber,average
NA,2.125,1.9408333333333334,0,1,Barber,average
NA,2.125,1.7265625,0,0,Barber,average
NA,2.125,1.4953703703703705,0,0,Barber,average
NA,2.125,1.8133333333333332,0,1,Barber,average
NA,2.125,1.523989898989899,0,0,Barber,average
NA,2.125,1.1130952380952381,0,0,Barber,average
NA,2.125,1.6834415584415585,0,0,Barber,average
NA,2.125,1.7708333333333333,0,0,Barber,average
NA,2.125,1.59375,0,0,Barber,average
NA,2.125,1.8214285714285714,0,0,Barber,average
NA,2.125,1.59375,0,0,Barber,average
NA,2.125,1.6291666666666667,0,0,Barber,average
NA,2.125,1.5696022727272727,0,0,Barber,average
NA,2.125,1.2986111111111112,0,0,Barber,average
NA,2.125,1.7708333333333333,0,0,Barber,average
NA,2.125,1.9479166666666667,0,1,Barber,average
NA,2.125,1.859375,0,0,Barber,average
NA,2.125,1.8298611111111112,0,0,Barber,average
NA,2.125,1.59375,0,0,Barber,average
NA,2.125,1.5706521739130435,0,0,Barber,average
NA,2.125,1.4912280701754386,0,0,Barber,average
NA,2.125,1.65625,0,1,Barber,average
NA,2.125,1.4166666666666667,0,0,Barber,average
NA,2.125,1.6652644230769231,0,1,Barber,average
NA,2.125,1.2395833333333333,1,0,Barber,average
NA,2.125,1.803030303030303,0,1,Barber,average
NA,2.125,1.4953703703703705,0,0,Barber,average
NA,2.125,1.4560185185185186,0,0,Barber,average
NA,2.125,1.7472222222222222,0,1,Barber,average
NA,2.125,1.7118055555555556,0,0,Barber,average
NA,2.125,1.328125,0,0,Barber,average
NA,2.125,1.5152173913043478,0,0,Barber,average
NA,2.125,1.8352272727272727,0,0,Barber,average
NA,2.125,1.1805555555555556,0,0,Barber,average
NA,2.125,1.275,0,0,Barber,average
NA,2.125,1.5347222222222223,0,0,Barber,average
NA,2.125,1.6822916666666667,0,0,Barber,average
NA,2.125,1.2556818181818181,0,0,Barber,average
NA,2.125,1.6822916666666667,0,0,Barber,average
NA,2.125,1.615,0,0,Barber,average
NA,2.125,1.4166666666666667,0,0,Barber,average
NA,2.125,1.8101851851851851,0,0,Barber,average
NA,2.125,1.3894230769230769,0,0,Barber,average
NA,2.125,1.8133333333333332,0,1,Barber,average
NA,2.125,1.3421052631578947,0,0,Barber,average
NA,2.125,1.4166666666666667,0,0,Barber,average
NA,2.125,1.7581845238095237,0,0,Barber,average
NA,2.125,0.9107142857142857,0,0,Barber,average
NA,2.125,2.0759615384615384,1,1,Barber,average
NA,2.125,1.615,0,0,Barber,average
NA,2.125,1.4166666666666667,0,0,Barber,average
NA,2.125,1.7961309523809523,0,0,Barber,average
NA,2.125,1.4419642857142858,0,0,Barber,average
NA,2.125,1.4439102564102564,0,0,Barber,average
NA,2.125,1.6021825396825398,0,0,Barber,average
NA,2.125,1.3421052631578947,0,0,Barber,average
NA,2.125,1.80625,0,0,Barber,average
NA,2.125,1.59375,0,0,Barber,average
NA,2.125,1.5425925925925925,0,0,Barber,average
NA,2.125,1.6527777777777777,0,0,Barber,average
NA,2.125,1.6178977272727273,0,0,Barber,average
NA,2.125,1.803030303030303,0,1,Barber,average
NA,2.125,1.568452380952381,0,1,Barber,average
NA,2.125,1.4166666666666667,0,0,Barber,average
NA,2.125,1.4875,0,0,Barber,average
NA,2.125,1.7708333333333333,0,0,Barber,average
NA,2.125,1.6696428571428572,0,0,Barber,average
NA,2.125,1.6443452380952381,0,0,Barber,average
NA,2.125,1.6103515625,0,0,Barber,average
NA,2.125,1.826171875,0,0,Barber,average
NA,2.125,1.706439393939394,0,1,Barber,average
NA,2.125,1.8447802197802199,0,1,Barber,average
NA,2.125,1.50875,0,0,Barber,average
NA,2.125,1.53,0,0,Barber,average
NA,2.125,1.7265625,0,1,Barber,average
NA,2.125,1.3871527777777777,0,0,Barber,average
NA,2.125,1.7708333333333333,0,1,Barber,average
NA,2.125,1.6291666666666667,0,0,Barber,average
NA,2.125,1.9921875,0,0,Barber,average
NA,2.125,1.6291666666666667,0,0,Barber,average
NA,2.125,1.546875,0,0,Barber,average
NA,2.125,1.53,0,0,Barber,average
NA,2.125,1.7141666666666666,0,1,Barber,average
NA,2.125,1.3894230769230769,0,0,Barber,average
NA,2.125,1.59375,0,0,Barber,average
NA,2.125,1.3958333333333333,0,0,Barber,average
NA,2.125,2.125,0,0,Barber,average
NA,2.125,1.2973684210526315,0,0,Barber,average
NA,2.125,1.6822916666666667,0,1,Barber,average
NA,2.125,1.50875,0,0,Barber,average
NA,2.125,1.8162393162393162,0,0,Barber,average
NA,2.125,1.6696428571428572,0,1,Barber,average
NA,2.125,1.3894230769230769,0,0,Barber,average
NA,2.125,1.9479166666666667,0,1,Barber,average
NA,2.125,1.5178571428571428,0,0,Barber,average
NA,2.125,1.4875,0,0,Barber,average
NA,2.125,1.828125,0,0,Barber,average
NA,2.125,1.7809523809523808,0,1,Barber,average
NA,2.125,1.4166666666666667,0,0,Barber,average
NA,2.125,1.7980769230769231,0,0,Barber,average
NA,2.125,1.4711538461538463,0,0,Barber,average
NA,2.125,1.4560185185185186,0,0,Barber,average
NA,2.125,1.8478260869565217,0,0,Barber,average
NA,2.125,1.8781565656565657,0,1,Barber,average
NA,2.125,1.5740740740740742,0,0,Barber,average
NA,2.125,1.2556818181818181,0,0,Barber,average
NA,2.125,1.3858695652173914,0,0,Barber,average
NA,2.125,1.6282467532467533,0,0,Barber,average
NA,2.125,1.5829081632653061,0,0,Barber,average
NA,2.125,1.9125,0,1,Barber,average
NA,2.125,1.5528846153846154,0,0,Barber,average
NA,2.125,1.7671052631578947,0,1,Barber,average
NA,2.125,1.7524350649350648,0,0,Barber,average
NA,2.125,1.6227272727272728,0,1,Barber,average
NA,2.125,1.7521929824561404,0,0,Barber,average
NA,2.125,1.5583333333333333,0,0,Barber,average
NA,2.125,1.523989898989899,0,0,Barber,average
NA,2.125,1.7045454545454546,0,1,Barber,average
NA,2.125,1.6782051282051282,0,1,Barber,average
NA,2.125,1.8239583333333333,0,0,Barber,average
NA,2.125,1.53,0,0,Barber,average
NA,2.125,1.5454545454545454,0,0,Barber,average
NA,2.125,0.7589285714285714,0,0,Barber,average
NA,2.125,1.6527777777777777,0,1,Barber,average
NA,2.125,1.6949404761904763,0,0,Barber,average
NA,2.125,1.9282407407407407,0,0,Barber,average
NA,2.125,1.4875,1,0,Barber,average
NA,2.125,1.4419642857142858,0,0,Barber,average
NA,2.125,1.6696428571428572,0,0,Barber,average
NA,2.125,1.3858695652173914,0,0,Barber,average
NA,2.125,1.5706521739130435,0,0,Barber,average
NA,2.125,1.5583333333333333,0,0,Barber,average
NA,2.125,1.601923076923077,1,1,Barber,average
NA,2.125,1.7708333333333333,0,0,Barber,average
NA,2.125,1.55125,0,0,Barber,average
NA,2.125,1.7581845238095237,1,0,Barber,average
NA,2.125,1.6428571428571428,1,0,Barber,average
NA,2.125,1.4953703703703705,0,0,Barber,average
NA,2.125,1.3858695652173914,0,0,Barber,average
NA,2.125,1.5132575757575757,0,0,Barber,average
NA,2.125,1.6346153846153846,0,0,Barber,average
NA,2.125,1.7455357142857142,0,1,Barber,average
NA,2.125,1.5454545454545454,0,0,Barber,average
NA,2.125,1.3522727272727273,0,0,Barber,average
NA,2.125,1.4166666666666667,0,0,Barber,average
NA,2.125,1.53,0,0,Barber,average
NA,2.125,1.6666666666666667,0,0,Barber,average
NA,2.125,1.5625,0,0,Barber,average
NA,2.125,1.5555555555555556,0,0,Barber,average
NA,2.125,1.8214285714285714,0,1,Barber,average
NA,2.125,1.5515873015873016,0,0,Barber,average
NA,2.125,1.4539473684210527,0,0,Barber,average
NA,2.125,1.9833333333333334,0,0,Barber,average
NA,2.125,1.615,0,0,Barber,average
NA,2.125,1.36,0,0,Barber,average
NA,2.125,1.6822916666666667,0,1,Barber,average
NA,2.125,1.4166666666666667,0,0,Barber,average
NA,2.125,1.7,1,0,Barber,average
NA,2.125,1.457142857142857,0,0,Barber,average
NA,2.125,1.50875,0,0,Barber,average
NA,2.125,1.7,0,0,Barber,average
NA,2.125,1.675,0,1,Barber,average
NA,2.125,1.7,0,0,Barber,average
NA,2.125,1.52734375,0,0,Barber,average
NA,2.125,1.828125,0,0,Barber,average
NA,2.125,1.0625,0,0,Barber,average
NA,2.125,1.6346153846153846,0,1,Barber,average
NA,2.125,1.0625,0,0,Barber,average
NA,2.125,1.4166666666666667,0,0,Barber,average
NA,2.125,1.2934782608695652,0,0,Barber,average
NA,2.125,1.7141666666666666,0,1,Barber,average
NA,2.125,1.36,0,0,Barber,average
NA,2.125,1.5844298245614035,0,0,Barber,average
NA,2.125,1.7033730158730158,0,0,Barber,average
NA,2.125,1.6098484848484849,0,1,Barber,average
NA,2.125,1.7075892857142858,0,0,Barber,average
NA,2.125,1.615,0,0,Barber,average
NA,2.125,1.8214285714285714,1,1,Barber,average
NA,2.125,1.646875,0,0,Barber,average
NA,2.125,1.6014492753623188,0,0,Barber,average
NA,2.125,1.6134259259259258,0,0,Barber,average
NA,2.125,1.409438775510204,0,0,Barber,average
NA,2.125,1.5583333333333333,0,0,Barber,average
NA,2.125,1.3894230769230769,0,0,Barber,average
NA,2.125,1.6527777777777777,0,0,Barber,average
NA,2.125,1.5,0,0,Barber,average
NA,2.125,1.6696428571428572,0,0,Barber,average
NA,2.125,1.7772727272727273,0,1,Barber,average
NA,2.125,1.4419642857142858,0,0,Barber,average
NA,2.125,1.384469696969697,0,0,Barber,average
NA,2.125,1.5052083333333333,0,0,Barber,average
NA,2.125,1.7777777777777777,0,0,Barber,average
NA,2.125,1.6328947368421052,0,1,Barber,average
NA,2.125,1.615,0,0,Barber,average
NA,2.125,1.8101851851851851,0,0,Barber,average
NA,2.125,1.7354166666666666,0,0,Barber,average
NA,2.125,1.6957070707070707,0,1,Barber,average
NA,2.125,1.59375,0,0,Barber,average
NA,2.125,1.59375,0,0,Barber,average
NA,2.125,1.560546875,0,0,Barber,average
NA,2.125,1.8888888888888888,1,0,Barber,average
NA,2.125,1.560956790123457,0,0,Barber,average
NA,2.125,1.4953703703703705,0,0,Barber,average
NA,2.125,1.7607142857142857,0,1,Barber,average
NA,2.125,1.570138888888889,0,1,Barber,average
NA,2.125,1.50875,0,0,Barber,average
NA,2.125,1.328125,0,0,Barber,average
NA,2.125,1.7163461538461537,0,0,Barber,average
NA,2.125,1.4166666666666667,0,0,Barber,average
NA,2.125,1.275,0,0,Barber,average
NA,2.125,1.7386363636363635,0,0,Barber,average
NA,2.125,1.3522727272727273,0,0,Barber,average
NA,2.125,1.6346153846153846,0,0,Barber,average
NA,2.125,1.52734375,0,0,Barber,average
NA,2.125,1.6822916666666667,0,0,Barber,average
NA,2.125,1.6673076923076924,0,1,Barber,average
NA,2.125,1.6380208333333333,0,0,Barber,average
NA,2.125,1.328125,0,0,Barber,average
NA,2.125,1.6696428571428572,0,0,Barber,average
NA,2.125,1.5052083333333333,0,0,Barber,average
NA,2.125,1.5494791666666667,0,0,Barber,average
NA,2.125,1.6849747474747474,0,1,Barber,average
NA,2.125,1.8416666666666666,0,0,Barber,average
NA,2.125,1.4672619047619047,1,0,Barber,average
NA,2.125,1.4166666666666667,0,0,Barber,average
NA,2.125,2.022727272727273,0,1,Barber,average
NA,2.125,1.1805555555555556,0,0,Barber,average
NA,2.125,1.8352272727272727,0,0,Barber,average
NA,2.125,1.9125,0,1,Barber,average
NA,2.125,1.856578947368421,0,1,Barber,average
NA,2.125,1.59375,0,0,Barber,average
NA,2.125,1.6014492753623188,0,0,Barber,average
NA,2.125,1.8798076923076923,0,1,Barber,average
NA,2.125,1.4166666666666667,0,0,Barber,average
NA,2.125,1.59375,0,0,Barber,average
NA,2.125,1.5583333333333333,0,0,Barber,average
NA,2.125,1.9921875,0,0,Barber,average
NA,2.125,1.2793367346938775,0,0,Barber,average
NA,2.125,1.859375,0,0,Barber,average
NA,2.125,1.6346153846153846,0,0,Barber,average
NA,2.125,1.7590277777777779,0,1,Barber,average
NA,2.125,1.9615384615384615,0,0,Barber,average
NA,2.125,1.7171717171717171,0,1,Barber,average
NA,2.125,1.4782608695652173,0,0,Barber,average
NA,2.125,1.80625,0,0,Barber,average
NA,2.125,1.7386363636363635,0,0,Barber,average
NA,2.125,1.6328947368421052,0,1,Barber,average
NA,2.125,1.7708333333333333,0,0,Barber,average
NA,2.125,1.8352272727272727,0,0,Barber,average
NA,2.125,1.6822916666666667,0,1,Barber,average
NA,2.125,1.7,0,0,Barber,average
NA,2.125,1.6836538461538462,0,1,Barber,average
NA,2.125,1.7,0,1,Barber,average
NA,2.125,1.619047619047619,0,0,Barber,average
NA,2.125,1.8214285714285714,1,1,Barber,average
NA,2.125,1.4419642857142858,0,0,Barber,average
NA,2.125,1.7265625,0,1,Barber,average
NA,2.125,1.646875,0,0,Barber,average
NA,2.125,1.7,0,1,Barber,average
NA,2.125,1.615,1,0,Barber,average
NA,2.125,1.7386363636363635,0,1,Barber,average
NA,2.125,1.8298611111111112,0,0,Barber,average
NA,2.125,1.7435897435897436,0,1,Barber,average
NA,2.125,1.5229166666666667,0,0,Barber,average
NA,2.125,1.7708333333333333,0,0,Barber,average
NA,2.125,1.9125,1,0,Barber,average
NA,2.125,1.8416666666666666,0,0,Barber,average
NA,2.125,1.8298611111111112,0,1,Barber,average
NA,2.125,1.53,0,0,Barber,average
NA,2.125,1.5706521739130435,0,0,Barber,average
NA,2.125,1.5357142857142858,0,0,Barber,average
NA,2.125,1.8888888888888888,0,0,Barber,average
NA,2.125,1.7885416666666667,0,1,Barber,average
NA,2.125,1.7855029585798816,0,1,Barber,average
NA,2.125,1.9318181818181819,0,1,Barber,average
NA,2.125,1.7024147727272727,0,1,Barber,average
NA,2.125,1.4971590909090908,0,1,Barber,average
NA,2.125,1.5528846153846154,0,0,Barber,average
NA,2.125,1.7554347826086956,0,0,Barber,average
NA,2.125,1.7149122807017543,0,0,Barber,average
NA,2.125,1.375,0,0,Barber,average
NA,2.125,1.5454545454545454,0,0,Barber,average
NA,2.125,1.4953703703703705,0,0,Barber,average
NA,2.125,1.9013157894736843,0,0,Barber,average
NA,2.125,1.6443452380952381,0,0,Barber,average
NA,2.125,0.5795454545454546,0,0,Barber,average
NA,2.125,1.5380952380952382,0,0,Barber,average
NA,2.125,1.6822916666666667,0,0,Barber,average
NA,2.125,1.7075892857142858,0,0,Barber,average
NA,2.125,1.53,0,0,Barber,average
NA,2.125,1.4166666666666667,0,0,Barber,average
NA,2.125,1.4320652173913044,0,0,Barber,average
NA,2.125,0.0,1,0,Barber,average
NA,2.125,1.4419642857142858,0,0,Barber,average
NA,2.125,1.4419642857142858,0,0,Barber,average
NA,2.125,1.6134259259259258,0,0,Barber,average
NA,2.125,1.3076923076923077,0,0,Barber,average
NA,2.125,1.6630434782608696,0,0,Barber,average
NA,2.125,1.4893162393162394,0,0,Barber,average
NA,2.125,1.9479166666666667,0,1,Barber,average
NA,2.125,1.5347222222222223,0,0,Barber,average
NA,2.125,1.7800324675324675,0,1,Barber,average
NA,2.125,1.5244565217391304,0,0,Barber,average
NA,2.125,1.6114583333333334,0,0,Barber,average
NA,2.125,1.4560185185185186,0,0,Barber,average
NA,2.125,1.4439102564102564,0,0,Barber,average
NA,2.125,1.4539473684210527,0,0,Barber,average
NA,2.125,1.4419642857142858,0,0,Barber,average
NA,2.125,1.7101190476190475,0,1,Barber,average
NA,2.125,1.7265625,0,0,Barber,average
NA,2.125,1.601923076923077,0,1,Barber,average
NA,2.125,1.4166666666666667,0,0,Barber,average
NA,2.125,1.601923076923077,0,0,Barber,average
NA,2.125,1.230263157894737,0,0,Barber,average
NA,2.125,1.36,0,0,Barber,average
NA,2.125,1.6055555555555556,0,0,Barber,average
NA,2.125,1.5324519230769231,0,0,Barber,average
NA,2.125,1.4419642857142858,0,0,Barber,average
NA,2.125,1.230263157894737,0,0,Barber,average
NA,2.125,1.7515151515151515,0,1,Barber,average
NA,2.125,1.7386363636363635,0,0,Barber,average
NA,2.125,1.7708333333333333,0,0,Barber,average
NA,2.125,1.8214285714285714,0,0,Barber,average
NA,2.125,1.619047619047619,0,0,Barber,average
NA,2.125,1.4711538461538463,0,0,Barber,average
NA,2.125,1.9615384615384615,0,0,Barber,average
NA,2.125,1.7314814814814814,0,0,Barber,average
NA,2.125,1.5891304347826087,0,0,Barber,average
NA,2.125,1.8003472222222223,0,1,Barber,average
NA,2.125,1.8426573426573427,0,1,Barber,average
NA,2.125,1.36,0,0,Barber,average
NA,2.125,1.65625,0,1,Barber,average
NA,2.125,1.6014492753623188,0,0,Barber,average
NA,2.125,1.8609467455621302,0,1,Barber,average
NA,2.125,1.59375,0,0,Barber,average
NA,2.125,1.6742424242424243,0,1,Barber,average
NA,2.125,1.6652644230769231,1,1,Barber,average
NA,2.125,1.4005681818181819,0,0,Barber,average
NA,2.125,1.8364197530864197,0,0,Barber,average
NA,2.125,1.4166666666666667,0,0,Barber,average
NA,2.125,1.6331018518518519,0,0,Barber,average
NA,2.125,1.6818181818181819,0,1,Barber,average
NA,2.125,1.5,0,0,Barber,average
NA,2.125,1.4560185185185186,0,0,Barber,average
NA,2.125,1.6613636363636364,0,1,Barber,average
NA,2.125,1.7045454545454546,0,1,Barber,average
NA,2.125,1.9732142857142858,0,0,Barber,average
NA,2.125,1.5178571428571428,0,0,Barber,average
NA,2.125,1.4756944444444444,0,1,Barber,average
NA,2.125,1.5454545454545454,0,0,Barber,average
NA,2.125,1.6590909090909092,0,1,Barber,average
NA,2.125,1.4166666666666667,0,0,Barber,average
NA,2.125,1.834077380952381,0,0,Barber,average
NA,2.125,1.6822916666666667,0,1,Barber,average
NA,2.125,1.4562937062937062,0,1,Barber,average
NA,2.125,1.7961309523809523,0,1,Barber,average
NA,2.125,1.8214285714285714,0,0,Barber,average
NA,2.125,1.8287878787878789,0,1,Barber,average
NA,2.125,1.7425,0,0,Barber,average
NA,2.125,1.3694444444444445,1,0,Barber,average
NA,2.125,1.328125,0,0,Barber,average
NA,2.125,1.4166666666666667,0,0,Barber,average
NA,2.125,1.5583333333333333,0,0,Barber,average
NA,2.125,1.5747767857142858,0,0,Barber,average
NA,2.125,1.8996212121212122,0,1,Barber,average
NA,2.125,1.4953703703703705,0,0,Barber,average
NA,2.125,1.8214285714285714,0,1,Barber,average
NA,2.125,1.5740740740740742,0,0,Barber,average
NA,2.125,1.6972402597402598,0,1,Barber,average
NA,2.125,1.4166666666666667,0,0,Barber,average
NA,2.125,1.5706521739130435,0,0,Barber,average
NA,2.125,1.0,0,0,Barber,average
NA,2.125,1.2934782608695652,0,0,Barber,average
NA,2.125,0.9296875,0,0,Barber,average
NA,2.125,1.4419642857142858,0,0,Barber,average
NA,2.125,1.53,0,0,Barber,average
NA,2.125,1.5347222222222223,0,0,Barber,average
NA,2.125,1.53,0,0,Barber,average
NA,2.125,2.0575396825396823,0,0,Barber,average
NA,2.125,1.5040584415584415,0,0,Barber,average
NA,2.125,1.7183641975308641,0,0,Barber,average
NA,2.125,1.59375,0,0,Barber,average
NA,2.125,1.6346153846153846,0,0,Barber,average
NA,2.125,0.9107142857142857,0,0,Barber,average
NA,2.125,1.6929945054945055,0,1,Barber,average
NA,2.125,1.4953703703703705,0,0,Barber,average
NA,2.125,1.4672619047619047,0,0,Barber,average
NA,2.125,1.702724358974359,0,1,Barber,average
NA,2.125,1.3894230769230769,0,0,Barber,average
NA,2.125,1.8352272727272727,0,0,Barber,average
NA,2.125,1.6331018518518519,1,0,Barber,average
NA,2.125,1.7581845238095237,0,0,Barber,average
NA,2.125,1.7486979166666667,0,0,Barber,average
NA,2.125,1.6527777777777777,0,0,Barber,average
NA,2.125,1.65625,0,1,Barber,average
NA,2.125,1.2817460317460319,0,0,Barber,average
NA,2.125,1.3723958333333333,0,0,Barber,average
NA,2.125,1.755921052631579,0,1,Barber,average
NA,2.125,1.8478260869565217,0,0,Barber,average
NA,2.125,1.5178571428571428,0,0,Barber,average
NA,2.125,1.6420454545454546,0,1,Barber,average
NA,2.125,1.328125,0,0,Barber,average
NA,2.125,1.6822916666666667,0,0,Barber,average
NA,2.125,1.4953703703703705,0,0,Barber,average
NA,2.125,1.7045454545454546,0,1,Barber,average
NA,2.125,1.5528846153846154,0,0,Barber,average
NA,2.125,1.8214285714285714,0,0,Barber,average
NA,2.125,1.8287259615384615,0,1,Barber,average
NA,2.125,1.6784420289855073,0,0,Barber,average
NA,2.125,1.5244565217391304,0,0,Barber,average
NA,2.125,1.7601010101010102,1,0,Barber,average
NA,2.125,1.7563775510204083,1,1,Barber,average
NA,2.125,1.7386363636363635,0,0,Barber,average
NA,2.125,1.5090579710144927,0,0,Barber,average
NA,2.125,1.7708333333333333,0,0,Barber,average
NA,2.125,1.80625,0,1,Barber,average
NA,2.125,1.8333333333333333,0,0,Barber,average
NA,2.125,1.921875,0,0,Barber,average
NA,2.125,1.7386363636363635,0,0,Barber,average
NA,2.125,1.5178571428571428,0,0,Barber,average
NA,2.125,1.6055555555555556,0,0,Barber,average
NA,2.125,1.7118055555555556,0,1,Barber,average
NA,2.125,1.7554347826086956,0,0,Barber,average
NA,2.125,1.2277777777777779,0,0,Barber,average
NA,2.125,1.4609375,0,0,Barber,average
NA,2.125,1.59375,0,0,Barber,average
NA,2.125,1.4711538461538463,0,0,Barber,average
NA,2.125,1.540625,0,0,Barber,average
NA,2.125,1.7265625,0,0,Barber,average
NA,2.125,1.98489010989011,0,1,Barber,average
NA,2.125,1.7052469135802468,0,0,Barber,average
NA,2.125,1.5747767857142858,0,0,Barber,average
NA,2.125,1.615,0,0,Barber,average
NA,2.125,1.5261363636363636,0,1,Barber,average
NA,2.125,1.5454545454545454,0,0,Barber,average
NA,2.125,1.4609375,0,0,Barber,average
NA,2.125,1.59375,0,0,Barber,average
NA,2.125,1.6630434782608696,0,0,Barber,average
NA,2.125,1.5152173913043478,0,0,Barber,average
NA,2.125,1.5016666666666667,0,0,Barber,average
NA,2.125,1.5657894736842106,1,0,Barber,average
NA,2.125,1.4166666666666667,0,0,Barber,average
NA,2.125,1.6696428571428572,0,0,Barber,average
NA,2.125,1.3894230769230769,0,0,Barber,average
NA,2.125,1.9732142857142858,0,0,Barber,average
NA,2.125,1.6071428571428572,0,0,Barber,average
NA,2.125,1.6784420289855073,0,0,Barber,average
NA,2.125,1.5681818181818181,0,1,Barber,average
NA,2.125,1.5454545454545454,1,0,Barber,average
NA,2.125,1.8720238095238095,0,1,Barber,average
NA,2.125,1.8551587301587302,0,0,Barber,average
NA,2.125,1.540625,0,0,Barber,average
NA,2.125,1.4166666666666667,0,0,Barber,average
NA,2.125,1.5612244897959184,0,0,Barber,average
NA,2.125,1.625,0,0,Barber,average
NA,2.125,1.3894230769230769,0,0,Barber,average
NA,2.125,1.5178571428571428,0,0,Barber,average
NA,2.125,1.53,0,0,Barber,average
NA,2.125,1.859375,1,0,Barber,average
NA,2.125,2.125,0,1,Barber,average
NA,2.125,1.38125,0,0,Barber,average
NA,2.125,1.6045918367346939,1,0,Barber,average
NA,2.125,1.6291666666666667,0,1,Barber,average
NA,2.125,1.7708333333333333,1,0,Barber,average
NA,2.125,1.4166666666666667,0,0,Barber,average
NA,2.125,1.8344017094017093,0,0,Barber,average
NA,2.125,1.7386363636363635,0,0,Barber,average
NA,2.125,1.4912280701754386,0,0,Barber,average
NA,2.125,1.6346153846153846,0,0,Barber,average
NA,2.125,1.8364197530864197,0,0,Barber,average
NA,2.125,1.7386363636363635,0,0,Barber,average
NA,2.125,1.5454545454545454,0,0,Barber,average
NA,2.125,1.4488636363636365,0,0,Barber,average
NA,2.125,1.4875,0,0,Barber,average
NA,2.125,1.7554347826086956,0,0,Barber,average
NA,2.125,1.6484848484848484,0,1,Barber,average
NA,2.125,1.8214285714285714,1,1,Barber,average
NA,2.125,1.753125,0,0,Barber,average
NA,2.125,1.7045454545454546,0,1,Barber,average
NA,2.125,1.4711538461538463,0,0,Barber,average
NA,2.125,1.615,1,0,Barber,average
NA,2.125,1.4419642857142858,0,0,Barber,average
NA,2.125,1.7515151515151515,0,1,Barber,average
NA,2.125,1.3015625,0,0,Barber,average
NA,2.125,1.4488636363636365,0,0,Barber,average
NA,2.125,1.4166666666666667,0,0,Barber,average
NA,2.125,1.812937062937063,0,1,Barber,average
NA,2.125,1.9288461538461539,0,1,Barber,average
NA,2.125,1.9479166666666667,1,1,Barber,average
NA,2.125,1.4609375,0,0,Barber,average
NA,2.125,1.375,0,0,Barber,average
NA,2.125,1.36,0,0,Barber,average
NA,2.125,1.6282467532467533,0,0,Barber,average
NA,2.125,1.481060606060606,0,0,Barber,average
NA,2.125,1.93375,0,1,Barber,average
NA,2.125,2.01875,0,0,Barber,average
NA,2.125,1.0625,0,0,Barber,average
NA,2.125,1.9137426900584795,0,0,Barber,average
NA,2.125,1.753125,0,0,Barber,average
NA,2.125,1.6652046783625731,0,0,Barber,average
NA,2.125,1.9732142857142858,0,0,Barber,average
NA,2.125,1.4166666666666667,0,0,Barber,average
NA,2.125,1.4419642857142858,0,0,Barber,average
NA,2.125,1.646875,0,0,Barber,average
NA,2.125,1.812937062937063,0,1,Barber,average
NA,2.125,1.8426573426573427,1,1,Barber,average
NA,2.125,1.540625,0,0,Barber,average
NA,2.125,2.0698051948051948,0,1,Barber,average
NA,2.125,1.7386363636363635,0,0,Barber,average
NA,2.125,1.8214285714285714,0,1,Barber,average
NA,2.125,1.6881944444444446,0,0,Barber,average
NA,2.125,1.36,0,0,Barber,average
NA,2.125,1.9408333333333334,0,1,Barber,average
NA,2.125,1.4166666666666667,0,0,Barber,average
NA,2.125,1.691326530612245,0,0,Barber,average
NA,2.125,1.6098484848484849,0,0,Barber,average
NA,2.125,1.5178571428571428,0,0,Barber,average
NA,2.125,1.80625,0,0,Barber,average
NA,2.125,1.6550480769230769,0,0,Barber,average
NA,2.125,1.6929945054945055,0,1,Barber,average
NA,2.125,1.8214285714285714,1,0,Barber,average
NA,2.125,1.4756944444444444,0,0,Barber,average
NA,2.125,1.5592532467532467,0,0,Barber,average
NA,2.125,1.6630434782608696,0,0,Barber,average
NA,2.125,1.8426573426573427,0,1,Barber,average
NA,2.125,1.7,1,0,Barber,average
NA,2.125,1.7708333333333333,0,0,Barber,average
NA,2.125,1.9732142857142858,0,0,Barber,average
NA,2.125,1.2986111111111112,0,0,Barber,average
NA,2.125,1.6014492753623188,0,0,Barber,average
NA,2.125,1.4782608695652173,0,0,Barber,average
NA,2.125,1.7708333333333333,0,0,Barber,average
NA,2.125,1.7708333333333333,0,0,Barber,average
NA,2.125,1.7279040404040404,0,1,Barber,average
NA,2.125,1.6014492753623188,0,0,Barber,average
NA,2.125,1.328125,0,0,Barber,average
NA,2.125,1.4166666666666667,0,0,Barber,average
NA,2.125,1.4439102564102564,0,0,Barber,average
NA,2.125,1.676388888888889,0,0,Barber,average
NA,2.125,1.4166666666666667,0,0,Barber,average
NA,2.125,1.4711538461538463,0,0,Barber,average
NA,2.125,1.4953703703703705,0,0,Barber,average
NA,2.125,1.7125,0,1,Barber,average
NA,2.125,1.3894230769230769,0,0,Barber,average
NA,2.125,1.7291666666666667,0,1,Barber,average
NA,2.125,1.5210526315789474,0,0,Barber,average
NA,2.125,1.80625,0,0,Barber,average
NA,2.125,1.4875,0,0,Barber,average
NA,2.125,1.230263157894737,0,0,Barber,average
NA,2.125,1.4166666666666667,0,0,Barber,average
NA,2.125,1.5747767857142858,0,0,Barber,average
NA,2.125,1.6443452380952381,0,0,Barber,average
NA,2.125,1.6696428571428572,0,0,Barber,average
NA,2.125,1.275,0,0,Barber,average
NA,2.125,1.6209935897435896,1,1,Barber,average
NA,2.125,1.803030303030303,0,1,Barber,average
NA,2.125,1.6021825396825398,0,0,Barber,average
NA,2.125,1.445,0,0,Barber,average
NA,2.125,1.6168478260869565,0,0,Barber,average
NA,2.125,1.4875,0,0,Barber,average
NA,2.125,1.3894230769230769,0,0,Barber,average
NA,2.125,1.540625,0,0,Barber,average
NA,2.125,1.4711538461538463,0,0,Barber,average
NA,2.125,1.9206730769230769,0,1,Barber,average
NA,2.125,1.1590909090909092,0,0,Barber,average
NA,2.125,1.4925595238095237,0,0,Barber,average
NA,2.125,1.8287878787878789,0,1,Barber,average
NA,2.125,1.481060606060606,1,0,Barber,average
NA,2.125,1.4841269841269842,0,0,Barber,average
NA,2.125,1.5528846153846154,0,0,Barber,average
NA,2.125,1.6328947368421052,0,1,Barber,average
NA,2.125,1.5647727272727272,0,1,Barber,average
NA,2.125,1.6979166666666667,0,1,Barber,average
NA,2.125,1.5454545454545454,0,0,Barber,average
NA,2.125,1.4419642857142858,0,0,Barber,average
NA,2.125,1.6724537037037037,0,0,Barber,average
NA,2.125,1.3894230769230769,0,0,Barber,average
NA,2.125,1.6613636363636364,1,1,Barber,average
NA,2.125,1.59375,0,0,Barber,average
NA,2.125,1.6754807692307692,0,0,Barber,average
NA,2.125,1.5558035714285714,1,0,Barber,average
NA,2.125,1.328125,0,0,Barber,average
NA,2.125,1.433531746031746,1,0,Barber,average
NA,2.125,1.3894230769230769,0,0,Barber,average
NA,2.125,1.5528846153846154,0,0,Barber,average
NA,2.125,1.4711538461538463,0,0,Barber,average
NA,2.125,1.36,0,0,Barber,average
NA,2.125,1.90625,0,1,Barber,average
NA,2.125,1.7980769230769231,0,0,Barber,average
NA,2.125,1.7708333333333333,0,1,Barber,average
NA,2.125,1.434375,0,0,Barber,average
NA,2.125,1.4166666666666667,0,0,Barber,average
NA,2.125,1.619047619047619,0,0,Barber,average
NA,2.125,1.6696428571428572,1,0,Barber,average
NA,2.125,1.7095864661654134,0,0,Barber,average
NA,2.125,0.9916666666666667,0,0,Barber,average
NA,2.125,1.5244565217391304,0,0,Barber,average
NA,2.125,1.7386363636363635,0,0,Barber,average
NA,2.125,1.7980769230769231,0,1,Barber,average
NA,2.125,1.8888888888888888,0,0,Barber,average
NA,2.125,1.6241071428571427,0,0,Barber,average
NA,2.125,1.7314814814814814,0,0,Barber,average
NA,2.125,1.59375,0,0,Barber,average
NA,2.125,0.38636363636363635,0,0,Barber,average
NA,2.125,1.625,0,0,Barber,average
NA,2.125,1.65625,0,0,Barber,average
NA,2.125,1.540625,0,0,Barber,average
NA,2.125,1.6742424242424243,1,1,Barber,average
NA,2.125,1.755921052631579,0,1,Barber,average
NA,2.125,1.6782051282051282,0,1,Barber,average
NA,2.125,1.4711538461538463,0,0,Barber,average
NA,2.125,1.59375,0,0,Barber,average
NA,2.125,1.6768707482993197,0,0,Barber,average
NA,2.125,1.6957070707070707,0,1,Barber,average
NA,2.125,1.4419642857142858,0,0,Barber,average
NA,2.125,1.8478260869565217,0,0,Barber,average
NA,2.125,1.3964285714285714,0,0,Barber,average
NA,2.125,1.3522727272727273,0,0,Barber,average
NA,2.125,1.721794871794872,0,1,Barber,average
NA,2.125,1.76375,0,0,Barber,average
NA,2.125,1.52734375,0,0,Barber,average
NA,2.125,1.5528846153846154,0,0,Barber,average
NA,2.125,1.6550480769230769,0,0,Barber,average
NA,2.125,1.8416666666666666,0,0,Barber,average
NA,2.125,1.4711538461538463,0,0,Barber,average
NA,2.125,1.59375,0,0,Barber,average
NA,2.125,1.6241071428571427,0,0,Barber,average
NA,2.125,1.4419642857142858,0,0,Barber,average
NA,2.125,1.5826822916666667,0,1,Barber,average
NA,2.125,1.7265625,0,0,Barber,average
NA,2.125,1.6168478260869565,0,0,Barber,average
NA,2.125,1.445,0,0,Barber,average
NA,2.125,1.7425,0,1,Barber,average
NA,2.125,1.7265625,0,1,Barber,average
NA,2.125,1.36,0,0,Barber,average
NA,2.125,1.4953703703703705,0,0,Barber,average
NA,2.125,1.25,0,0,Barber,average
NA,2.125,1.5528846153846154,0,0,Barber,average
NA,2.125,1.4711538461538463,0,0,Barber,average
NA,2.125,1.4711538461538463,0,0,Barber,average
NA,2.125,1.6784420289855073,0,0,Barber,average
NA,2.125,1.328125,0,0,Barber,average
NA,2.125,1.573051948051948,1,0,Barber,average
NA,2.125,1.4166666666666667,0,0,Barber,average
NA,2.125,1.615,0,0,Barber,average
NA,2.125,1.4841269841269842,0,0,Barber,average
NA,2.125,1.5454545454545454,0,0,Barber,average
NA,2.125,1.71875,0,1,Barber,average
NA,2.125,1.4166666666666667,0,0,Barber,average
NA,2.125,1.6420454545454546,0,0,Barber,average
NA,2.125,1.4875,0,0,Barber,average
NA,2.125,1.7455357142857142,0,0,Barber,average
NA,2.125,1.7627840909090908,0,0,Barber,average
NA,2.125,1.230263157894737,0,0,Barber,average
NA,2.125,1.607371794871795,0,0,Barber,average
NA,2.125,1.9479166666666667,0,0,Barber,average
NA,2.125,1.5416666666666667,0,0,Barber,average
NA,2.125,1.5178571428571428,0,0,Barber,average
NA,2.125,1.5657894736842106,0,0,Barber,average
NA,2.125,1.753125,0,0,Barber,average
NA,2.125,1.3660714285714286,0,0,Barber,average
NA,2.125,1.4166666666666667,0,0,Barber,average
NA,2.125,1.4756944444444444,0,0,Barber,average
NA,2.125,1.2395833333333333,0,0,Barber,average
NA,2.125,1.6168478260869565,0,0,Barber,average
NA,2.125,1.7193181818181817,0,0,Barber,average
NA,2.125,1.5395408163265305,0,0,Barber,average
NA,2.125,1.7708333333333333,0,1,Barber,average
NA,2.125,1.4474637681159421,0,0,Barber,average
NA,2.125,1.4782608695652173,0,0,Barber,average
NA,2.125,1.6822916666666667,0,0,Barber,average
NA,2.125,1.5347222222222223,0,0,Barber,average
NA,2.125,1.6822916666666667,0,0,Barber,average
NA,2.125,1.6768707482993197,0,0,Barber,average
NA,2.125,1.5612244897959184,0,0,Barber,average
NA,2.125,1.8214285714285714,0,0,Barber,average
NA,2.125,1.9125,0,0,Barber,average
NA,2.125,1.6021825396825398,0,0,Barber,average
NA,2.125,1.7265625,0,1,Barber,average
NA,2.125,1.36,0,0,Barber,average
NA,2.125,1.4782608695652173,0,0,Barber,average
NA,2.125,1.4419642857142858,0,0,Barber,average
NA,2.125,1.6420454545454546,0,1,Barber,average
NA,2.125,1.6822916666666667,0,0,Barber,average
NA,2.125,1.1805555555555556,0,0,Barber,average
NA,2.125,1.9318181818181819,0,0,Barber,average
NA,2.125,1.4166666666666667,0,0,Barber,average
NA,2.125,1.6630434782608696,0,0,Barber,average
NA,2.125,1.6443452380952381,0,0,Barber,average
NA,2.125,1.7455357142857142,0,1,Barber,average
NA,2.125,1.6550480769230769,1,0,Barber,average
NA,2.125,1.8287878787878789,0,1,Barber,average
NA,2.125,1.9137426900584795,0,0,Barber,average
NA,2.125,1.722537878787879,0,1,Barber,average
NA,2.125,1.5740740740740742,1,0,Barber,average
NA,2.125,1.5395408163265305,0,0,Barber,average
NA,2.125,1.445,0,0,Barber,average
NA,2.125,1.4419642857142858,0,0,Barber,average
NA,2.125,1.7,0,1,Barber,average
NA,2.125,1.4488636363636365,0,0,Barber,average
NA,2.125,1.6696428571428572,0,0,Barber,average
NA,2.125,1.4478021978021978,0,0,Barber,average
NA,2.125,1.6696428571428572,0,0,Barber,average
NA,2.125,1.9833333333333334,0,0,Barber,average
NA,2.125,1.434375,1,0,Barber,average
NA,2.125,1.6696428571428572,0,0,Barber,average
NA,2.125,1.5454545454545454,0,0,Barber,average
NA,2.125,1.8888888888888888,0,0,Barber,average
NA,2.125,1.5178571428571428,0,0,Barber,average
NA,2.125,1.7,0,0,Barber,average
NA,2.125,1.7507102272727273,0,1,Barber,average
NA,2.125,1.5068181818181818,0,1,Barber,average
NA,2.125,1.5583333333333333,0,0,Barber,average
NA,2.125,1.6168478260869565,0,0,Barber,average
NA,2.125,1.5178571428571428,0,0,Barber,average
NA,2.125,1.615,0,1,Barber,average
NA,2.125,1.568452380952381,0,1,Barber,average
NA,2.125,1.4166666666666667,0,0,Barber,average
NA,2.125,1.8364197530864197,1,0,Barber,average
NA,2.125,1.9479166666666667,0,0,Barber,average
NA,2.125,1.8859375,0,0,Barber,average
NA,2.125,1.6785714285714286,0,0,Barber,average
NA,2.125,1.6822916666666667,0,1,Barber,average
NA,3.25,3.25,0,0,Barber,average
NA,3.25,3.25,0,0,Barber,average
NA,3.25,2.665,0,1,Barber,average
NA,3.25,3.0082644628099175,1,1,Barber,average
NA,3.25,2.6,0,1,Barber,average
NA,3.25,2.9575,0,1,Barber,average
NA,3.25,2.4375,0,0,Barber,average
NA,3.25,2.5,0,0,Barber,average
NA,3.25,2.636111111111111,0,0,Barber,average
NA,3.25,2.8115079365079363,0,0,Barber,average
NA,3.25,2.2941176470588234,0,0,Barber,average
NA,3.25,2.984090909090909,0,1,Barber,average
NA,3.25,3.25,1,1,Barber,average
NA,3.25,2.388888888888889,0,0,Barber,average
NA,3.25,2.772727272727273,0,1,Barber,average
NA,3.25,2.9545454545454546,0,0,Barber,average
NA,3.25,2.640625,0,0,Barber,average
NA,3.25,2.9791666666666665,0,1,Barber,average
NA,3.25,3.0082644628099175,0,1,Barber,average
NA,3.25,3.1818181818181817,0,1,Barber,average
NA,3.25,2.665,1,1,Barber,average
NA,3.25,2.7857142857142856,0,1,Barber,average
NA,3.25,3.0,0,0,Barber,average
NA,3.25,3.25,0,1,Barber,average
NA,3.25,2.75,1,0,Barber,average
NA,3.25,3.25,0,1,Barber,average
NA,3.25,2.4375,0,0,Barber,average
NA,3.25,3.25,0,0,Barber,average
NA,3.25,3.128342245989305,0,1,Barber,average
NA,3.25,2.234375,0,0,Barber,average
NA,3.25,2.3833333333333333,0,0,Barber,average
NA,3.25,0.5909090909090909,0,0,Barber,average
NA,3.25,2.636111111111111,1,0,Barber,average
NA,3.25,3.25,0,1,Barber,average
NA,3.25,2.665,0,1,Barber,average
NA,3.25,2.75,0,0,Barber,average
NA,3.25,2.659090909090909,0,0,Barber,average
NA,3.25,2.9575,0,1,Barber,average
NA,3.25,2.7083333333333335,0,0,Barber,average
NA,3.25,2.798611111111111,0,0,Barber,average
NA,3.25,2.7083333333333335,0,0,Barber,average
NA,3.25,2.7685185185185186,0,0,Barber,average
NA,3.25,1.95,0,0,Barber,average
NA,3.25,2.984090909090909,0,1,Barber,average
NA,3.25,2.672222222222222,1,0,Barber,average
NA,3.25,2.7354166666666666,0,1,Barber,average
NA,3.25,3.0,0,0,Barber,average
NA,3.25,2.5,0,0,Barber,average
NA,3.25,3.0,0,0,Barber,average
NA,3.25,2.485294117647059,0,0,Barber,average
NA,3.25,2.9791666666666665,0,0,Barber,average
NA,3.25,2.9575,1,1,Barber,average
NA,3.25,3.25,0,0,Barber,average
NA,3.25,2.4713541666666665,0,0,Barber,average
NA,3.25,2.375,0,0,Barber,average
NA,3.25,3.0082644628099175,0,1,Barber,average
NA,3.25,2.611607142857143,0,0,Barber,average
NA,3.25,2.925,0,0,Barber,average
NA,3.25,2.9545454545454546,0,0,Barber,average
NA,3.25,2.984090909090909,0,1,Barber,average
NA,3.25,2.9791666666666665,0,1,Barber,average
NA,3.25,3.25,0,1,Barber,average
NA,3.25,2.9545454545454546,0,0,Barber,average
NA,3.25,2.9545454545454546,1,0,Barber,average
NA,3.25,2.5535714285714284,0,0,Barber,average
NA,3.25,2.1666666666666665,0,0,Barber,average
NA,3.25,2.7083333333333335,0,0,Barber,average
NA,3.25,3.033333333333333,0,0,Barber,average
NA,3.25,2.5535714285714284,1,0,Barber,average
NA,3.25,2.925,0,0,Barber,average
NA,3.25,2.7625,0,1,Barber,average
NA,3.25,2.3125,0,0,Barber,average
NA,3.25,3.1655844155844157,0,1,Barber,average
NA,3.25,2.9791666666666665,0,1,Barber,average
NA,3.25,3.25,1,0,Barber,average
NA,3.25,2.1125,0,0,Barber,average
NA,3.25,2.7181818181818183,0,1,Barber,average
NA,3.25,3.25,1,0,Barber,average
NA,3.25,3.25,0,0,Barber,average
NA,3.25,2.7083333333333335,0,0,Barber,average
NA,3.25,2.816666666666667,0,0,Barber,average
NA,3.25,3.1655844155844157,0,1,Barber,average
NA,3.25,3.0,1,0,Barber,average
NA,3.25,2.816666666666667,1,0,Barber,average
NA,3.25,2.5,0,0,Barber,average
NA,3.25,2.3947368421052633,0,0,Barber,average
NA,3.25,2.59375,0,0,Barber,average
NA,3.25,2.627083333333333,0,0,Barber,average
NA,3.25,2.6525735294117645,0,0,Barber,average
NA,3.25,2.9017857142857144,0,1,Barber,average
NA,3.25,2.4292929292929295,0,0,Barber,average
NA,3.25,2.6666666666666665,0,0,Barber,average
NA,3.25,2.772727272727273,0,1,Barber,average
NA,3.25,2.739669421487603,1,1,Barber,average
NA,3.25,3.25,0,1,Barber,average
NA,3.25,2.7083333333333335,0,0,Barber,average
NA,3.25,2.4375,0,0,Barber,average
NA,3.25,2.1666666666666665,0,0,Barber,average
NA,3.25,3.2007575757575757,0,1,Barber,average
NA,3.25,2.7857142857142856,0,0,Barber,average
NA,3.25,3.0,0,0,Barber,average
NA,3.25,2.925,0,0,Barber,average
NA,3.25,2.9545454545454546,1,0,Barber,average
NA,3.25,1.95,0,0,Barber,average
NA,3.25,2.1666666666666665,0,0,Barber,average
NA,3.25,2.2569444444444446,0,0,Barber,average
NA,3.25,2.7401960784313726,0,1,Barber,average
NA,3.25,2.9545454545454546,0,0,Barber,average
NA,3.25,2.640625,0,0,Barber,average
NA,3.25,2.011904761904762,0,0,Barber,average
NA,3.25,3.017857142857143,0,0,Barber,average
NA,3.25,3.096052631578947,0,1,Barber,average
NA,3.25,2.734375,0,1,Barber,average
NA,3.25,2.627083333333333,0,0,Barber,average
NA,3.25,2.816666666666667,0,1,Barber,average
NA,3.25,2.9545454545454546,0,0,Barber,average
NA,3.25,2.75,0,0,Barber,average
NA,3.25,2.75,0,0,Barber,average
NA,3.25,2.3833333333333333,0,0,Barber,average
NA,3.25,2.575,0,1,Barber,average
NA,3.25,2.925,0,0,Barber,average
NA,3.25,2.3833333333333333,0,0,Barber,average
NA,3.25,3.017857142857143,1,0,Barber,average
NA,3.25,2.3833333333333333,0,0,Barber,average
NA,3.25,3.017857142857143,1,0,Barber,average
NA,3.25,3.093582887700535,0,1,Barber,average
NA,3.25,2.9404761904761907,0,0,Barber,average
NA,3.25,2.9791666666666665,0,1,Barber,average
NA,3.25,2.9791666666666665,0,0,Barber,average
NA,3.25,2.6847826086956523,0,0,Barber,average
NA,3.25,2.9166666666666665,0,1,Barber,average
NA,3.25,2.75,0,0,Barber,average
NA,3.25,2.3214285714285716,0,0,Barber,average
NA,3.25,2.6,0,0,Barber,average
NA,3.25,2.5,0,0,Barber,average
NA,3.25,2.9545454545454546,0,0,Barber,average
NA,3.25,2.9873737373737375,0,0,Barber,average
NA,3.25,3.0875,0,0,Barber,average
NA,3.25,3.25,1,1,Barber,average
NA,3.25,2.7625,0,1,Barber,average
NA,3.25,3.25,1,1,Barber,average
NA,3.25,2.3988095238095237,0,0,Barber,average
NA,3.25,3.1597222222222223,0,1,Barber,average
NA,3.25,3.017857142857143,0,0,Barber,average
NA,3.25,2.8155080213903743,0,1,Barber,average
NA,3.25,2.1357142857142857,0,0,Barber,average
NA,3.25,2.25,0,0,Barber,average
NA,3.25,2.5,0,0,Barber,average
NA,3.25,2.9791666666666665,0,0,Barber,average
NA,3.25,2.6666666666666665,1,0,Barber,average
NA,3.25,2.7685185185185186,1,0,Barber,average
NA,3.25,2.7547619047619047,0,1,Barber,average
NA,3.25,2.9791666666666665,1,0,Barber,average
NA,3.25,2.5,0,0,Barber,average
NA,3.25,2.7777777777777777,0,0,Barber,average
NA,3.25,2.2222222222222223,0,0,Barber,average
NA,3.25,3.0694444444444446,0,0,Barber,average
NA,3.25,2.5,0,0,Barber,average
NA,3.25,3.25,1,1,Barber,average
NA,3.25,2.925,0,0,Barber,average
NA,3.25,2.9545454545454546,0,0,Barber,average
NA,3.25,1.8055555555555556,0,0,Barber,average
NA,3.25,2.9791666666666665,0,0,Barber,average
NA,3.25,2.965625,0,1,Barber,average
NA,3.25,2.75,0,0,Barber,average
NA,3.25,2.485294117647059,0,0,Barber,average
NA,3.25,2.7857142857142856,0,0,Barber,average
NA,3.25,2.9545454545454546,0,0,Barber,average
NA,3.25,2.4375,0,0,Barber,average
NA,3.25,2.9791666666666665,0,0,Barber,average
NA,3.25,2.7777777777777777,0,0,Barber,average
NA,3.25,3.0838068181818183,0,1,Barber,average
NA,3.25,2.9791666666666665,1,0,Barber,average
NA,3.25,2.75,0,0,Barber,average
NA,3.25,2.215909090909091,0,0,Barber,average
NA,3.25,2.3947368421052633,0,0,Barber,average
NA,3.25,2.1666666666666665,0,0,Barber,average
NA,3.25,2.724747474747475,1,0,Barber,average
NA,3.25,2.5657894736842106,0,0,Barber,average
NA,3.25,2.75,0,0,Barber,average
NA,3.25,2.5113636363636362,0,1,Barber,average
NA,3.25,2.9791666666666665,1,0,Barber,average
NA,3.25,2.7857142857142856,0,1,Barber,average
NA,3.25,2.454081632653061,0,0,Barber,average
NA,3.25,1.7105263157894737,0,0,Barber,average
NA,3.25,2.7534722222222223,0,1,Barber,average
NA,3.25,2.6051587301587302,0,0,Barber,average
NA,3.25,2.3214285714285716,0,1,Barber,average
NA,3.25,2.736842105263158,0,1,Barber,average
NA,3.25,2.4761904761904763,0,0,Barber,average
NA,3.25,2.975,0,1,Barber,average
NA,3.25,3.0,0,0,Barber,average
NA,3.25,2.1666666666666665,0,0,Barber,average
NA,3.25,2.665,0,1,Barber,average
NA,3.25,2.2941176470588234,0,0,Barber,average
NA,3.25,2.5535714285714284,0,0,Barber,average
NA,3.25,2.6,0,0,Barber,average
NA,3.25,2.665,0,1,Barber,average
NA,3.25,3.25,0,1,Barber,average
NA,3.25,2.4375,0,0,Barber,average
NA,3.25,2.984090909090909,1,1,Barber,average
NA,3.25,2.7083333333333335,0,0,Barber,average
NA,3.25,2.6,0,0,Barber,average
NA,3.25,2.5277777777777777,0,0,Barber,average
NA,3.25,1.8055555555555556,0,0,Barber,average
NA,3.25,2.3636363636363638,1,0,Barber,average
NA,3.25,2.9545454545454546,0,0,Barber,average
NA,3.25,2.659090909090909,0,0,Barber,average
NA,3.25,1.7875,0,0,Barber,average
NA,3.25,3.0,1,0,Barber,average
NA,3.25,2.7625,0,1,Barber,average
NA,3.25,2.9575,0,1,Barber,average
NA,3.25,3.25,1,1,Barber,average
NA,3.25,2.9545454545454546,0,0,Barber,average
NA,3.25,1.625,0,0,Barber,average
NA,3.25,2.4375,0,0,Barber,average
NA,3.25,2.7083333333333335,0,0,Barber,average
NA,3.25,2.5277777777777777,0,0,Barber,average
NA,3.25,2.287037037037037,0,0,Barber,average
NA,3.25,2.9791666666666665,0,1,Barber,average
NA,3.25,2.68125,0,0,Barber,average
NA,3.25,3.0,0,0,Barber,average
NA,3.25,2.9791666666666665,0,0,Barber,average
NA,3.25,3.25,0,0,Barber,average
NA,3.25,2.798611111111111,0,0,Barber,average
NA,3.25,3.25,0,1,Barber,average
NA,3.25,2.925,0,0,Barber,average
NA,3.25,3.046875,0,0,Barber,average
NA,3.25,2.9404761904761907,0,0,Barber,average
NA,3.25,3.25,0,1,Barber,average
NA,3.25,2.816666666666667,1,1,Barber,average
NA,3.25,2.925,0,0,Barber,average
NA,3.25,2.75,1,0,Barber,average
NA,3.25,3.25,0,1,Barber,average
NA,3.25,2.984090909090909,0,1,Barber,average
NA,3.25,2.1029411764705883,0,0,Barber,average
NA,3.25,3.0952380952380953,0,1,Barber,average
NA,3.25,2.2941176470588234,0,0,Barber,average
NA,3.25,3.0952380952380953,0,1,Barber,average
NA,3.25,3.1515151515151514,0,1,Barber,average
NA,3.25,2.47,0,0,Barber,average
NA,3.25,2.75,0,0,Barber,average
NA,3.25,2.03125,0,0,Barber,average
NA,3.25,3.033333333333333,0,0,Barber,average
NA,3.25,2.9545454545454546,0,0,Barber,average
NA,3.25,2.7625,0,0,Barber,average
NA,3.25,2.975,0,1,Barber,average
NA,3.25,2.888888888888889,0,0,Barber,average
NA,3.25,2.3125,0,0,Barber,average
NA,3.25,2.984090909090909,1,1,Barber,average
NA,3.25,2.9545454545454546,0,0,Barber,average
NA,3.25,3.25,0,1,Barber,average
NA,3.25,3.017857142857143,0,0,Barber,average
NA,3.25,1.7205882352941178,0,0,Barber,average
NA,3.25,2.7083333333333335,0,0,Barber,average
NA,3.25,2.9545454545454546,0,0,Barber,average
NA,3.25,2.275,0,0,Barber,average
NA,3.25,3.25,0,0,Barber,average
NA,3.25,3.25,1,1,Barber,average
NA,3.25,2.03125,0,0,Barber,average
NA,3.25,3.2007575757575757,0,1,Barber,average
NA,3.25,1.881578947368421,0,0,Barber,average
NA,3.25,2.3550724637681157,0,0,Barber,average
NA,3.25,2.9545454545454546,0,0,Barber,average
NA,3.25,2.798611111111111,0,0,Barber,average
NA,3.25,2.7685185185185186,0,0,Barber,average
NA,3.25,2.9545454545454546,0,0,Barber,average
NA,3.25,2.816666666666667,0,0,Barber,average
NA,3.25,2.739669421487603,1,1,Barber,average
NA,3.25,2.1666666666666665,1,0,Barber,average
NA,3.25,2.6,0,0,Barber,average
NA,3.25,3.033333333333333,0,0,Barber,average
NA,3.25,2.7083333333333335,0,0,Barber,average
NA,3.25,2.630952380952381,0,0,Barber,average
NA,3.25,3.25,0,1,Barber,average
NA,3.25,1.7105263157894737,0,0,Barber,average
NA,3.25,3.25,0,1,Barber,average
NA,3.25,2.7181818181818183,0,1,Barber,average
NA,3.25,2.636111111111111,0,0,Barber,average
NA,3.25,2.9791666666666665,0,0,Barber,average
NA,3.25,2.575,0,1,Barber,average
NA,3.25,3.217171717171717,0,0,Barber,average
NA,3.25,3.2007575757575757,0,1,Barber,average
NA,3.25,2.975,0,1,Barber,average
NA,3.25,2.1666666666666665,0,0,Barber,average
NA,3.25,2.9334415584415585,0,1,Barber,average
NA,3.25,2.984090909090909,0,1,Barber,average
NA,3.25,3.25,1,0,Barber,average
NA,3.25,2.9078947368421053,0,0,Barber,average
NA,3.25,3.2204545454545452,0,1,Barber,average
NA,3.25,3.1515151515151514,0,1,Barber,average
NA,3.25,2.4375,0,0,Barber,average
NA,3.25,2.7083333333333335,0,0,Barber,average
NA,3.25,2.888888888888889,0,0,Barber,average
NA,3.25,1.881578947368421,0,0,Barber,average
NA,3.25,2.4375,0,0,Barber,average
NA,3.25,2.7857142857142856,0,0,Barber,average
NA,3.25,3.25,0,1,Barber,average
NA,3.25,2.4375,0,0,Barber,average
NA,3.25,2.8676470588235294,0,0,Barber,average
NA,3.25,3.046875,0,1,Barber,average
NA,3.25,2.984090909090909,0,1,Barber,average
NA,3.25,2.7263888888888888,0,1,Barber,average
NA,3.25,3.25,0,1,Barber,average
NA,3.25,3.2231404958677685,0,1,Barber,average
NA,3.25,3.0,0,0,Barber,average
NA,3.25,2.984090909090909,0,1,Barber,average
NA,3.25,2.5535714285714284,0,0,Barber,average
NA,3.25,2.659090909090909,0,0,Barber,average
NA,3.25,2.5,0,0,Barber,average
NA,3.25,2.6847826086956523,0,0,Barber,average
NA,3.25,2.7083333333333335,0,0,Barber,average
NA,3.25,2.816666666666667,0,0,Barber,average
NA,3.25,2.9592105263157893,0,1,Barber,average
NA,3.25,2.6,0,0,Barber,average
NA,3.25,2.9058823529411764,0,1,Barber,average
NA,3.25,2.1556122448979593,0,0,Barber,average
NA,3.25,2.884375,0,0,Barber,average
NA,3.25,2.4761904761904763,0,0,Barber,average
NA,3.25,2.75,0,0,Barber,average
NA,3.25,2.627083333333333,0,0,Barber,average
NA,3.25,2.9545454545454546,0,0,Barber,average
NA,3.25,2.7083333333333335,1,0,Barber,average
NA,3.25,2.75,0,0,Barber,average
NA,3.25,3.2231404958677685,0,1,Barber,average
NA,3.25,2.925,0,1,Barber,average
NA,3.25,2.772727272727273,0,1,Barber,average
NA,3.25,1.8055555555555556,0,0,Barber,average
NA,3.25,2.738425925925926,0,0,Barber,average
NA,3.25,3.25,0,1,Barber,average
NA,3.25,3.25,0,0,Barber,average
NA,3.25,2.611607142857143,0,0,Barber,average
NA,3.25,3.2231404958677685,0,1,Barber,average
NA,3.25,2.223684210526316,0,0,Barber,average
NA,3.25,3.0,0,0,Barber,average
NA,3.25,2.7083333333333335,1,0,Barber,average
NA,3.25,2.9545454545454546,0,0,Barber,average
NA,3.25,0.0,0,0,Barber,average
NA,3.25,2.9575,0,1,Barber,average
NA,3.25,2.9791666666666665,0,1,Barber,average
NA,3.25,2.984090909090909,1,1,Barber,average
NA,3.25,3.017857142857143,0,0,Barber,average
NA,3.25,3.017857142857143,0,0,Barber,average
NA,3.25,2.7857142857142856,0,0,Barber,average
NA,3.25,2.9545454545454546,1,0,Barber,average
NA,3.25,3.0875,1,0,Barber,average
NA,3.25,0.3611111111111111,1,0,Barber,average
NA,3.25,2.9545454545454546,1,0,Barber,average
NA,3.25,3.0952380952380953,0,1,Barber,average
NA,3.25,2.6,0,0,Barber,average
NA,3.25,3.25,1,0,Barber,average
NA,3.25,2.636111111111111,0,0,Barber,average
NA,3.25,2.75,0,0,Barber,average
NA,3.25,2.7857142857142856,0,1,Barber,average
NA,3.25,2.7083333333333335,0,0,Barber,average
NA,3.25,2.984090909090909,0,1,Barber,average
NA,3.25,2.582894736842105,0,1,Barber,average
NA,3.25,3.0,1,0,Barber,average
NA,3.25,2.9791666666666665,0,0,Barber,average
NA,3.25,2.9545454545454546,0,0,Barber,average
NA,3.25,2.5535714285714284,0,0,Barber,average
NA,3.25,0.65,0,0,Barber,average
NA,3.25,3.0454545454545454,0,1,Barber,average
NA,3.25,2.9545454545454546,0,0,Barber,average
NA,3.25,2.75,1,0,Barber,average
NA,3.25,3.0,0,0,Barber,average
NA,3.25,2.6975,0,1,Barber,average
NA,3.25,2.9545454545454546,0,0,Barber,average
NA,3.25,2.9545454545454546,0,0,Barber,average
NA,3.25,2.9791666666666665,0,1,Barber,average
NA,3.25,2.9545454545454546,0,0,Barber,average
NA,3.25,2.4375,0,0,Barber,average
NA,3.25,2.9791666666666665,0,0,Barber,average
NA,3.25,3.25,0,1,Barber,average
NA,3.25,3.25,0,1,Barber,average
NA,3.25,1.9861111111111112,0,0,Barber,average
NA,3.25,2.8,0,1,Barber,average
NA,3.25,2.9791666666666665,0,0,Barber,average
NA,3.25,2.888888888888889,1,0,Barber,average
NA,3.25,2.5277777777777777,0,0,Barber,average
NA,3.25,2.5,0,0,Barber,average
NA,3.25,2.7083333333333335,0,0,Barber,average
NA,3.25,2.942105263157895,0,1,Barber,average
NA,3.25,2.523026315789474,0,0,Barber,average
NA,3.25,2.5785123966942147,0,1,Barber,average
NA,3.25,2.7777777777777777,0,0,Barber,average
NA,3.25,2.8321428571428573,0,1,Barber,average
NA,3.25,2.9545454545454546,0,0,Barber,average
NA,3.25,2.9017857142857144,0,1,Barber,average
NA,3.25,2.6,0,0,Barber,average
NA,3.25,2.640625,0,0,Barber,average
NA,3.25,2.7083333333333335,0,0,Barber,average
NA,3.25,3.0357142857142856,0,1,Barber,average
NA,3.25,2.3636363636363638,0,0,Barber,average
NA,3.25,2.9791666666666665,0,1,Barber,average
NA,3.25,2.7857142857142856,0,0,Barber,average
NA,3.25,2.03125,0,0,Barber,average
NA,3.25,3.25,0,1,Barber,average
NA,3.25,2.7857142857142856,1,1,Barber,average
NA,3.25,2.8517156862745097,0,1,Barber,average
NA,3.25,2.457983193277311,0,0,Barber,average
NA,3.25,2.6180555555555554,0,0,Barber,average
NA,3.25,2.485294117647059,0,0,Barber,average
NA,3.25,3.25,0,1,Barber,average
NA,3.25,2.9791666666666665,0,1,Barber,average
NA,3.25,2.9545454545454546,0,0,Barber,average
NA,3.25,3.0,0,0,Barber,average
NA,3.25,2.984090909090909,0,1,Barber,average
NA,3.25,3.2007575757575757,0,1,Barber,average
NA,3.25,2.5126050420168067,0,0,Barber,average
NA,3.25,2.5,0,0,Barber,average
NA,3.25,2.8,0,1,Barber,average
NA,3.25,2.7857142857142856,0,1,Barber,average
NA,3.25,2.574675324675325,0,0,Barber,average
NA,3.25,2.9791666666666665,0,0,Barber,average
NA,3.25,2.485294117647059,0,0,Barber,average
NA,3.25,2.8321428571428573,1,1,Barber,average
NA,3.25,3.102272727272727,0,1,Barber,average
NA,3.25,2.3636363636363638,1,0,Barber,average
NA,3.25,2.75,0,1,Barber,average
NA,3.25,2.6,0,0,Barber,average
NA,3.25,3.25,0,1,Barber,average
NA,3.25,2.4375,0,0,Barber,average
NA,3.25,2.949074074074074,0,0,Barber,average
NA,3.25,3.25,1,1,Barber,average
NA,3.25,2.5458333333333334,1,1,Barber,average
NA,3.25,2.7083333333333335,0,0,Barber,average
NA,3.25,2.5825892857142856,0,0,Barber,average
NA,3.25,3.017857142857143,0,0,Barber,average
NA,3.25,2.984090909090909,0,1,Barber,average
NA,3.25,2.9791666666666665,0,0,Barber,average
NA,3.25,2.925,0,0,Barber,average
NA,3.25,2.991477272727273,1,0,Barber,average
NA,3.25,2.9791666666666665,0,0,Barber,average
NA,3.25,2.925,0,0,Barber,average
NA,3.25,2.4375,0,0,Barber,average
NA,3.25,2.75,0,0,Barber,average
NA,3.25,2.5,0,0,Barber,average
NA,3.25,2.8068181818181817,0,0,Barber,average
NA,3.25,3.25,0,1,Barber,average
NA,3.25,1.9861111111111112,0,0,Barber,average
NA,3.25,3.102272727272727,0,1,Barber,average
NA,3.25,2.9791666666666665,0,0,Barber,average
NA,3.25,3.25,0,1,Barber,average
NA,3.25,3.25,0,1,Barber,average
NA,3.25,2.888888888888889,0,0,Barber,average
NA,3.25,2.5434782608695654,0,0,Barber,average
NA,3.25,3.0082644628099175,0,1,Barber,average
NA,3.25,2.640625,1,0,Barber,average
NA,3.25,2.03125,0,0,Barber,average
NA,3.25,2.925,1,0,Barber,average
NA,3.25,2.7083333333333335,0,0,Barber,average
NA,3.25,2.630952380952381,0,0,Barber,average
NA,3.25,2.1666666666666665,0,0,Barber,average
NA,3.25,1.881578947368421,0,0,Barber,average
NA,3.25,2.9545454545454546,1,0,Barber,average
NA,3.25,1.8571428571428572,0,0,Barber,average
NA,3.25,2.984090909090909,0,1,Barber,average
NA,3.25,2.640625,0,0,Barber,average
NA,3.25,2.7083333333333335,0,0,Barber,average
NA,3.25,2.3636363636363638,0,0,Barber,average
NA,3.25,2.84375,0,0,Barber,average
NA,3.25,2.7857142857142856,0,0,Barber,average
NA,3.25,2.8068181818181817,0,0,Barber,average
NA,3.25,2.234375,0,0,Barber,average
NA,3.25,2.8260869565217392,0,0,Barber,average
NA,3.25,3.25,0,1,Barber,average
NA,3.25,3.0588235294117645,0,0,Barber,average
NA,3.25,2.8,0,1,Barber,average
NA,3.25,2.8,0,1,Barber,average
NA,3.25,2.7857142857142856,0,0,Barber,average
NA,3.25,3.017857142857143,0,0,Barber,average
NA,3.25,3.25,0,1,Barber,average
NA,3.25,3.1655844155844157,1,1,Barber,average
NA,3.25,2.8055555555555554,0,0,Barber,average
NA,3.25,2.627083333333333,0,0,Barber,average
NA,3.25,2.724747474747475,0,0,Barber,average
NA,3.25,2.925,0,0,Barber,average
NA,3.25,1.8571428571428572,0,0,Barber,average
NA,3.25,2.5,1,0,Barber,average
NA,3.25,2.816666666666667,0,0,Barber,average
NA,3.25,2.5535714285714284,0,0,Barber,average
NA,3.25,3.25,0,1,Barber,average
NA,3.25,3.0082644628099175,1,1,Barber,average
NA,3.25,2.691919191919192,0,0,Barber,average
NA,3.25,2.5126050420168067,0,0,Barber,average
NA,3.25,3.1818181818181817,1,1,Barber,average
NA,3.25,2.9545454545454546,0,1,Barber,average
NA,3.25,1.8055555555555556,0,0,Barber,average
NA,3.25,2.3472222222222223,0,1,Barber,average
NA,3.25,2.9545454545454546,0,0,Barber,average
NA,3.25,3.0952380952380953,0,1,Barber,average
NA,3.25,2.7857142857142856,0,0,Barber,average
NA,3.25,3.0357142857142856,0,1,Barber,average
NA,3.25,2.75,0,0,Barber,average
NA,3.25,2.9545454545454546,0,0,Barber,average
NA,3.25,2.9176136363636362,0,0,Barber,average
NA,3.25,2.9545454545454546,0,0,Barber,average
NA,3.25,2.485294117647059,0,0,Barber,average
NA,3.25,2.234375,0,0,Barber,average
NA,3.25,2.050595238095238,0,0,Barber,average
NA,3.25,3.25,1,1,Barber,average
NA,3.25,2.3472222222222223,0,0,Barber,average
NA,3.25,2.7685185185185186,0,0,Barber,average
NA,3.25,2.738425925925926,0,0,Barber,average
NA,3.25,2.7083333333333335,0,0,Barber,average
NA,3.25,2.9545454545454546,0,0,Barber,average
NA,3.25,2.640625,0,1,Barber,average
NA,3.25,3.0727272727272728,0,1,Barber,average
NA,3.25,1.9204545454545454,0,0,Barber,average
NA,3.25,2.5,0,0,Barber,average
NA,3.25,3.25,0,1,Barber,average
NA,3.25,3.0789473684210527,0,0,Barber,average
NA,3.25,2.287037037037037,0,0,Barber,average
NA,3.25,3.0875,0,0,Barber,average
NA,3.25,2.984090909090909,0,1,Barber,average
NA,3.25,3.25,0,0,Barber,average
NA,3.25,2.3487394957983194,0,0,Barber,average
NA,3.25,2.7083333333333335,0,0,Barber,average
NA,3.25,2.925,0,0,Barber,average
NA,3.25,3.25,0,1,Barber,average
NA,3.25,2.7777777777777777,1,0,Barber,average
NA,3.25,2.7685185185185186,0,0,Barber,average
NA,3.25,1.625,0,0,Barber,average
NA,3.25,2.3833333333333333,0,0,Barber,average
NA,3.25,2.78125,0,0,Barber,average
NA,3.25,2.8321428571428573,0,1,Barber,average
NA,3.25,0.40625,0,0,Barber,average
NA,3.25,2.3833333333333333,0,0,Barber,average
NA,3.25,1.8571428571428572,0,0,Barber,average
NA,3.25,2.636111111111111,0,0,Barber,average
NA,3.25,2.84375,0,0,Barber,average
NA,3.25,2.801190476190476,0,1,Barber,average
NA,3.25,3.096052631578947,0,1,Barber,average
NA,3.25,1.9204545454545454,0,0,Barber,average
NA,3.25,2.6,0,0,Barber,average
NA,3.25,2.3214285714285716,0,0,Barber,average
NA,3.25,2.659090909090909,0,0,Barber,average
NA,3.25,1.7105263157894737,0,0,Barber,average
NA,3.25,2.816666666666667,0,0,Barber,average
NA,3.25,2.7685185185185186,0,0,Barber,average
NA,3.25,2.260869565217391,0,0,Barber,average
NA,3.25,2.7083333333333335,0,1,Barber,average
NA,3.25,2.9545454545454546,0,0,Barber,average
NA,3.25,3.25,0,1,Barber,average
NA,3.25,2.6,0,0,Barber,average
NA,3.25,3.0,0,0,Barber,average
NA,3.25,3.25,1,0,Barber,average
NA,3.25,2.9545454545454546,1,0,Barber,average
NA,3.25,2.7083333333333335,1,0,Barber,average
NA,3.25,2.9404761904761907,0,0,Barber,average
NA,3.25,2.6567460317460316,0,0,Barber,average
NA,3.25,2.4375,0,0,Barber,average
NA,3.25,3.2231404958677685,0,1,Barber,average
NA,3.25,3.25,1,0,Barber,average
NA,3.25,2.7083333333333335,1,0,Barber,average
NA,3.25,3.25,1,1,Barber,average
NA,3.25,2.6,0,0,Barber,average
NA,3.25,2.9611111111111112,0,1,Barber,average
NA,3.25,2.9791666666666665,1,0,Barber,average
NA,3.25,2.5091911764705883,0,0,Barber,average
NA,3.25,2.8724747474747474,0,1,Barber,average
NA,3.25,2.884375,0,0,Barber,average
NA,3.25,3.1186868686868685,0,1,Barber,average
NA,3.25,2.7083333333333335,1,0,Barber,average
NA,3.25,2.215909090909091,0,0,Barber,average
NA,3.25,1.7875,0,0,Barber,average
NA,3.25,2.1029411764705883,0,0,Barber,average
NA,3.25,2.5535714285714284,0,0,Barber,average
NA,3.25,2.659090909090909,0,0,Barber,average
NA,3.25,2.7083333333333335,0,0,Barber,average
NA,3.25,3.25,0,0,Barber,average
NA,3.25,2.611607142857143,0,0,Barber,average
NA,3.25,2.6889880952380953,0,0,Barber,average
NA,3.25,3.25,0,1,Barber,average
NA,3.25,3.25,1,1,Barber,average
NA,3.25,3.25,0,1,Barber,average
NA,3.25,2.011904761904762,0,0,Barber,average
NA,3.25,3.25,1,0,Barber,average
NA,3.25,3.25,1,1,Barber,average
NA,3.25,3.25,0,0,Barber,average
NA,3.25,2.6,0,0,Barber,average
NA,3.25,2.75,0,0,Barber,average
NA,3.25,2.1029411764705883,0,0,Barber,average
NA,3.25,3.25,0,0,Barber,average
NA,3.25,2.99,0,1,Barber,average
NA,3.25,2.9545454545454546,0,0,Barber,average
NA,3.25,1.7105263157894737,0,0,Barber,average
NA,3.25,3.25,1,1,Barber,average
NA,3.25,3.0952380952380953,0,0,Barber,average
NA,3.25,2.925,0,0,Barber,average
NA,3.25,2.942105263157895,0,1,Barber,average
NA,3.25,2.9791666666666665,0,1,Barber,average
NA,3.25,2.7777777777777777,0,0,Barber,average
NA,3.25,3.25,0,1,Barber,average
NA,3.25,2.9791666666666665,0,0,Barber,average
NA,3.25,1.7105263157894737,0,0,Barber,average
NA,3.25,2.9058823529411764,0,1,Barber,average
NA,3.25,3.0875,0,0,Barber,average
NA,3.25,2.665,0,1,Barber,average
NA,3.25,3.25,0,1,Barber,average
NA,3.25,3.25,0,1,Barber,average
NA,3.25,2.47,0,1,Barber,average
NA,3.25,3.033333333333333,0,0,Barber,average
NA,3.25,2.9791666666666665,0,0,Barber,average
NA,3.25,1.625,0,0,Barber,average
NA,3.25,2.9575,0,1,Barber,average
NA,3.25,2.965625,0,1,Barber,average
NA,3.25,2.9791666666666665,0,0,Barber,average
NA,3.25,2.5,0,0,Barber,average
NA,3.25,2.636111111111111,0,0,Barber,average
NA,3.25,2.3636363636363638,0,0,Barber,average
NA,3.25,3.017857142857143,0,0,Barber,average
NA,3.25,2.6191176470588236,0,1,Barber,average
NA,3.25,1.7105263157894737,0,0,Barber,average
NA,3.25,2.9404761904761907,0,0,Barber,average
NA,3.25,2.9683333333333333,0,1,Barber,average
NA,3.25,2.772727272727273,0,1,Barber,average
NA,3.25,2.4375,0,0,Barber,average
NA,3.25,2.9791666666666665,0,1,Barber,average
NA,3.25,2.389705882352941,0,0,Barber,average
NA,3.25,2.75,0,0,Barber,average
NA,3.25,2.84375,0,0,Barber,average
NA,3.25,2.275,0,0,Barber,average
NA,3.25,3.25,1,1,Barber,average
NA,3.25,3.25,0,0,Barber,average
NA,3.25,2.9791666666666665,0,1,Barber,average
NA,3.25,2.975,0,1,Barber,average
NA,3.25,2.7625,0,1,Barber,average
NA,3.25,2.5535714285714284,1,0,Barber,average
NA,3.25,3.1392045454545454,0,1,Barber,average
NA,3.25,2.8,1,1,Barber,average
NA,3.25,2.975,0,1,Barber,average
NA,3.25,2.6,0,0,Barber,average
NA,3.25,2.21,0,1,Barber,average
NA,3.25,2.984090909090909,0,1,Barber,average
NA,3.25,2.7625,0,1,Barber,average
NA,3.25,2.9791666666666665,0,1,Barber,average
NA,3.25,2.5535714285714284,0,0,Barber,average
NA,3.25,2.1666666666666665,0,0,Barber,average
NA,3.25,3.017857142857143,1,0,Barber,average
NA,3.25,2.9575,0,1,Barber,average
NA,3.25,2.888888888888889,0,0,Barber,average
NA,3.25,2.9545454545454546,1,0,Barber,average
NA,3.25,3.033333333333333,0,0,Barber,average
NA,3.25,2.6567460317460316,0,0,Barber,average
NA,3.25,2.816666666666667,0,1,Barber,average
NA,3.25,3.1136363636363638,0,1,Barber,average
NA,3.25,2.816666666666667,0,0,Barber,average
NA,3.25,3.0,0,0,Barber,average
NA,3.25,2.7777777777777777,0,0,Barber,average
NA,3.25,2.888888888888889,0,0,Barber,average
NA,3.25,3.0694444444444446,0,0,Barber,average
NA,3.25,3.25,0,1,Barber,average
NA,3.25,2.5,0,0,Barber,average
NA,3.25,2.9545454545454546,0,0,Barber,average
NA,3.25,1.7105263157894737,0,0,Barber,average
NA,3.25,3.25,0,0,Barber,average
NA,3.25,2.984090909090909,1,1,Barber,average
NA,3.25,2.9545454545454546,0,0,Barber,average
NA,3.25,2.590909090909091,0,1,Barber,average
NA,3.25,2.5,0,0,Barber,average
NA,3.25,2.925,1,0,Barber,average
NA,3.25,2.611607142857143,0,0,Barber,average
NA,3.25,2.1666666666666665,0,0,Barber,average
NA,3.25,2.6855263157894735,0,1,Barber,average
NA,3.25,2.816666666666667,0,0,Barber,average
NA,3.25,2.659090909090909,0,0,Barber,average
NA,3.25,2.3487394957983194,0,0,Barber,average
NA,3.25,3.25,0,1,Barber,average
NA,3.25,3.25,0,0,Barber,average
NA,3.25,3.25,0,1,Barber,average
NA,3.25,2.7857142857142856,0,0,Barber,average
NA,3.25,2.7857142857142856,0,1,Barber,average
NA,3.25,2.9545454545454546,1,0,Barber,average
NA,3.25,2.888888888888889,0,0,Barber,average
NA,3.25,1.881578947368421,0,0,Barber,average
NA,3.25,3.0,0,0,Barber,average
NA,3.25,2.8394736842105264,0,1,Barber,average
NA,3.25,3.046875,0,1,Barber,average
NA,3.25,2.5,0,0,Barber,average
NA,3.25,2.984090909090909,0,1,Barber,average
NA,3.25,2.8850267379679146,0,1,Barber,average
NA,3.25,2.640625,0,0,Barber,average
NA,3.25,2.9545454545454546,1,0,Barber,average
NA,3.25,2.739669421487603,1,1,Barber,average
NA,3.25,2.5113636363636362,0,1,Barber,average
NA,3.25,2.724264705882353,0,1,Barber,average
NA,3.25,2.5,0,0,Barber,average
NA,3.25,0.8125,0,0,Barber,average
NA,3.25,2.801190476190476,0,1,Barber,average
NA,3.25,3.25,0,0,Barber,average
NA,3.25,2.9545454545454546,0,0,Barber,average
NA,3.25,2.9545454545454546,0,0,Barber,average
NA,3.25,2.7083333333333335,0,0,Barber,average
NA,3.25,2.402173913043478,0,0,Barber,average
NA,3.25,2.816666666666667,0,1,Barber,average
NA,3.25,3.25,0,1,Barber,average
NA,3.25,2.7083333333333335,0,0,Barber,average
NA,3.25,2.5,0,0,Barber,average
NA,3.25,2.884375,0,1,Barber,average
NA,3.25,3.1186868686868685,1,1,Barber,average
NA,3.25,2.9791666666666665,1,1,Barber,average
NA,3.25,3.0,0,1,Barber,average
NA,3.25,1.881578947368421,0,0,Barber,average
NA,3.25,2.7181818181818183,0,1,Barber,average
NA,3.25,2.9404761904761907,0,0,Barber,average
NA,3.25,2.9611111111111112,1,0,Barber,average
NA,3.25,2.9683333333333333,0,1,Barber,average
NA,3.25,3.0694444444444446,0,1,Barber,average
NA,3.25,3.046875,0,0,Barber,average
NA,3.25,3.0875,1,0,Barber,average
NA,3.25,3.25,0,1,Barber,average
NA,3.25,2.7181818181818183,0,1,Barber,average
NA,3.25,2.6481481481481484,0,0,Barber,average
NA,3.25,2.888888888888889,0,0,Barber,average
NA,3.25,2.79296875,0,0,Barber,average
NA,3.25,2.890625,0,1,Barber,average
NA,3.25,2.636111111111111,1,0,Barber,average
NA,3.25,1.8571428571428572,0,0,Barber,average
NA,3.25,3.25,0,0,Barber,average
NA,3.25,2.3833333333333333,0,0,Barber,average
NA,3.25,2.7083333333333335,0,0,Barber,average
NA,3.25,2.9545454545454546,0,1,Barber,average
NA,3.25,3.0875,0,0,Barber,average
NA,3.25,2.9545454545454546,0,0,Barber,average
NA,3.25,2.7625,0,1,Barber,average
NA,3.25,2.5277777777777777,0,0,Barber,average
NA,3.25,2.9545454545454546,0,0,Barber,average
NA,3.25,2.9545454545454546,0,0,Barber,average
NA,3.25,1.7205882352941178,0,0,Barber,average
NA,3.25,3.046875,0,0,Barber,average
NA,3.25,2.8724747474747474,0,1,Barber,average
NA,3.25,3.0789473684210527,0,0,Barber,average
NA,3.25,2.4005681818181817,0,0,Barber,average
NA,3.25,2.5819444444444444,0,0,Barber,average
NA,3.25,2.925,0,0,Barber,average
NA,3.25,2.6,0,0,Barber,average
NA,3.25,2.691919191919192,0,0,Barber,average
NA,3.25,3.0082644628099175,0,1,Barber,average
NA,3.25,2.3947368421052633,0,0,Barber,average
NA,3.25,2.965625,0,1,Barber,average
NA,3.25,3.0,0,0,Barber,average
NA,3.25,2.925,1,0,Barber,average
NA,3.25,2.7083333333333335,0,0,Barber,average
NA,3.25,3.0,1,0,Barber,average
NA,3.25,2.414285714285714,1,1,Barber,average
NA,3.25,2.9575,0,1,Barber,average
NA,3.25,3.190909090909091,0,1,Barber,average
NA,3.25,3.25,0,0,Barber,average
NA,3.25,2.5458333333333334,0,1,Barber,average
NA,3.25,1.7105263157894737,0,0,Barber,average
NA,3.25,2.9714285714285715,0,1,Barber,average
NA,3.25,2.9611111111111112,0,1,Barber,average
NA,3.25,3.25,0,1,Barber,average
NA,3.25,2.7083333333333335,0,0,Barber,average
NA,3.25,2.611607142857143,0,0,Barber,average
NA,3.25,2.9404761904761907,0,0,Barber,average
NA,3.25,2.984090909090909,0,1,Barber,average
NA,3.25,2.75,0,0,Barber,average
NA,3.25,3.25,1,1,Barber,average
NA,3.25,2.234375,0,0,Barber,average
NA,3.25,3.033333333333333,1,0,Barber,average
NA,3.25,3.25,0,1,Barber,average
NA,3.25,2.875,0,1,Barber,average
NA,3.25,2.9791666666666665,0,1,Barber,average
NA,3.25,2.5657894736842106,0,0,Barber,average
NA,3.25,2.59375,0,0,Barber,average
NA,3.25,1.911764705882353,0,0,Barber,average
NA,3.25,2.8,0,1,Barber,average
NA,3.25,3.0875,0,0,Barber,average
NA,3.25,2.125,0,0,Barber,average
NA,3.25,2.8724747474747474,0,1,Barber,average
NA,3.25,3.0789473684210527,0,0,Barber,average
NA,3.25,3.25,0,1,Barber,average
NA,3.25,2.6,1,0,Barber,average
NA,3.25,1.7875,0,0,Barber,average
NA,3.25,3.25,0,1,Barber,average
NA,3.25,2.1568181818181817,0,1,Barber,average
NA,3.25,2.2941176470588234,0,0,Barber,average
NA,3.25,2.21,0,0,Barber,average
NA,3.25,3.033333333333333,0,0,Barber,average
NA,3.25,2.7685185185185186,0,0,Barber,average
NA,3.25,2.25,0,0,Barber,average
NA,3.25,3.0082644628099175,0,1,Barber,average
NA,3.25,3.25,0,1,Barber,average
NA,3.25,2.6,1,0,Barber,average
NA,3.25,2.9791666666666665,0,0,Barber,average
NA,3.25,2.9545454545454546,0,0,Barber,average
NA,3.25,2.672222222222222,0,0,Barber,average
NA,3.25,2.84375,0,0,Barber,average
NA,3.25,2.6127450980392157,0,1,Barber,average
NA,3.25,2.359259259259259,0,0,Barber,average
NA,3.25,2.816666666666667,0,0,Barber,average
NA,3.25,3.0082644628099175,0,1,Barber,average
NA,3.25,3.25,0,1,Barber,average
NA,3.25,3.25,0,1,Barber,average
NA,3.25,2.9545454545454546,1,0,Barber,average
NA,3.25,2.3833333333333333,0,0,Barber,average
NA,3.25,3.25,1,1,Barber,average
NA,3.25,3.25,0,1,Barber,average
NA,3.25,2.611607142857143,0,0,Barber,average
NA,3.25,2.03125,1,0,Barber,average
NA,3.25,2.7083333333333335,0,0,Barber,average
NA,3.25,2.497685185185185,0,0,Barber,average
NA,3.25,2.7181818181818183,1,1,Barber,average
NA,3.25,3.25,0,0,Barber,average
NA,3.25,2.2941176470588234,0,0,Barber,average
NA,3.25,2.9545454545454546,0,0,Barber,average
NA,3.25,3.0789473684210527,0,0,Barber,average
NA,3.25,3.0,0,0,Barber,average
NA,3.25,2.7083333333333335,0,0,Barber,average
NA,3.25,3.0,0,0,Barber,average
NA,3.25,2.405844155844156,0,0,Barber,average
NA,3.25,2.798611111111111,0,0,Barber,average
NA,3.25,3.0454545454545454,0,1,Barber,average
NA,3.25,2.5535714285714284,0,0,Barber,average
NA,3.25,2.3636363636363638,0,0,Barber,average
NA,3.25,2.888888888888889,1,0,Barber,average
NA,3.25,2.7083333333333335,0,0,Barber,average
NA,3.25,3.125,0,1,Barber,average
NA,3.25,3.25,0,0,Barber,average
NA,3.25,2.9611111111111112,1,0,Barber,average
NA,3.25,2.975,0,1,Barber,average
NA,3.25,2.7925925925925927,0,0,Barber,average
NA,3.25,2.9791666666666665,0,1,Barber,average
NA,3.25,2.7857142857142856,0,1,Barber,average
NA,3.25,3.0875,0,0,Barber,average
NA,3.25,2.6666666666666665,0,0,Barber,average
NA,3.25,2.3472222222222223,0,0,Barber,average
NA,3.25,3.25,0,0,Barber,average
NA,3.25,3.017857142857143,0,0,Barber,average
NA,3.25,2.925,0,0,Barber,average
NA,3.25,2.75,1,0,Barber,average
NA,3.25,2.659090909090909,0,0,Barber,average
NA,3.25,2.9404761904761907,0,0,Barber,average
NA,3.25,2.925,0,0,Barber,average
NA,3.25,1.9782608695652173,0,0,Barber,average
NA,3.25,2.8,0,1,Barber,average
NA,3.25,2.1556122448979593,0,0,Barber,average
NA,3.25,2.8115079365079363,0,0,Barber,average
NA,3.25,2.975,0,1,Barber,average
NA,3.25,2.925,0,0,Barber,average
NA,3.25,2.9791666666666665,0,0,Barber,average
NA,3.25,2.7083333333333335,0,0,Barber,average
NA,3.25,2.8260869565217392,0,0,Barber,average
NA,3.25,2.9791666666666665,0,0,Barber,average
NA,3.25,3.25,0,0,Barber,average
NA,3.25,2.4375,0,0,Barber,average
NA,3.25,2.9791666666666665,0,0,Barber,average
NA,3.25,2.75,0,0,Barber,average
NA,3.25,2.630952380952381,0,0,Barber,average
NA,3.25,2.659090909090909,0,0,Barber,average
NA,3.25,2.3833333333333333,0,0,Barber,average
NA,3.25,2.9791666666666665,1,0,Barber,average
NA,3.25,2.736842105263158,0,0,Barber,average
NA,3.25,3.028409090909091,0,1,Barber,average
NA,3.25,2.9545454545454546,0,0,Barber,average
NA,3.25,2.9545454545454546,0,0,Barber,average
NA,3.25,3.0,1,0,Barber,average
NA,3.25,2.275,0,0,Barber,average
NA,3.25,2.8676470588235294,1,0,Barber,average
NA,3.25,3.0,0,0,Barber,average
NA,3.25,2.5458333333333334,0,1,Barber,average
NA,3.25,2.9791666666666665,0,1,Barber,average
NA,3.25,0.325,0,0,Barber,average
NA,3.25,2.1029411764705883,0,0,Barber,average
NA,3.25,2.636111111111111,0,0,Barber,average
NA,3.25,2.454081632653061,0,0,Barber,average
NA,3.25,2.1666666666666665,0,0,Barber,average
NA,3.25,2.7083333333333335,0,0,Barber,average
NA,3.25,3.25,0,1,Barber,average
NA,3.25,3.0875,0,0,Barber,average
NA,3.25,3.25,1,1,Barber,average
NA,3.25,3.0875,0,0,Barber,average
NA,3.25,2.9791666666666665,0,0,Barber,average
NA,3.25,2.888888888888889,0,0,Barber,average
NA,3.25,2.3833333333333333,0,0,Barber,average
NA,3.25,2.59375,0,0,Barber,average
NA,3.25,2.205357142857143,0,0,Barber,average
NA,3.25,2.0892857142857144,0,0,Barber,average
NA,3.25,2.564625850340136,0,0,Barber,average
NA,3.25,2.7857142857142856,0,0,Barber,average
NA,3.25,2.5113636363636362,0,1,Barber,average
NA,3.25,2.611607142857143,0,0,Barber,average
NA,3.25,2.5,1,0,Barber,average
NA,3.25,2.9545454545454546,0,0,Barber,average
NA,3.25,2.640625,0,0,Barber,average
NA,3.25,3.0,0,0,Barber,average
NA,3.25,2.816666666666667,0,0,Barber,average
NA,3.25,3.2204545454545452,0,1,Barber,average
NA,3.25,2.757575757575758,0,1,Barber,average
NA,3.25,2.86,1,1,Barber,average
NA,3.25,3.033333333333333,0,0,Barber,average
NA,3.25,1.7105263157894737,0,0,Barber,average
NA,3.25,3.25,1,1,Barber,average
NA,3.25,2.9791666666666665,1,0,Barber,average
NA,3.25,2.925,0,0,Barber,average
NA,3.25,3.043181818181818,0,1,Barber,average
NA,3.25,2.9545454545454546,0,0,Barber,average
NA,3.25,2.9791666666666665,0,0,Barber,average
NA,3.25,2.925,0,0,Barber,average
NA,3.25,2.84375,1,0,Barber,average
NA,3.25,2.9545454545454546,0,0,Barber,average
NA,3.25,2.75,0,1,Barber,average
NA,3.25,2.9545454545454546,0,1,Barber,average
NA,3.25,2.9791666666666665,0,0,Barber,average
NA,3.25,2.0526315789473686,0,0,Barber,average
NA,3.25,2.691919191919192,0,0,Barber,average
NA,3.25,2.7083333333333335,1,0,Barber,average
NA,3.25,2.772727272727273,0,1,Barber,average
NA,3.25,2.5458333333333334,0,1,Barber,average
NA,3.25,2.5555555555555554,0,0,Barber,average
NA,3.25,2.3636363636363638,0,0,Barber,average
NA,3.25,2.73,1,1,Barber,average
NA,3.25,3.25,0,1,Barber,average
NA,3.25,2.7857142857142856,0,0,Barber,average
NA,3.25,2.7083333333333335,0,0,Barber,average
NA,3.25,2.75,0,0,Barber,average
NA,3.25,2.3833333333333333,0,0,Barber,average
NA,3.25,3.096052631578947,0,1,Barber,average
NA,3.25,2.611607142857143,0,0,Barber,average
NA,3.25,2.9545454545454546,0,1,Barber,average
NA,3.25,2.3833333333333333,0,0,Barber,average
NA,3.25,2.5277777777777777,0,0,Barber,average
NA,3.25,2.5535714285714284,0,0,Barber,average
NA,3.25,2.9791666666666665,0,1,Barber,average
NA,3.25,2.8785714285714286,1,1,Barber,average
NA,3.25,2.84375,0,0,Barber,average
NA,3.25,3.25,0,1,Barber,average
NA,3.25,3.25,0,1,Barber,average
NA,3.25,3.25,0,1,Barber,average
NA,3.25,1.7875,0,0,Barber,average
NA,3.25,3.25,0,1,Barber,average
NA,3.25,3.25,0,1,Barber,average
NA,3.25,2.5,0,0,Barber,average
NA,3.25,2.925,0,0,Barber,average
NA,3.25,3.25,0,1,Barber,average
NA,3.25,2.7083333333333335,1,0,Barber,average
NA,3.25,2.8181818181818183,0,1,Barber,average
NA,3.25,2.586734693877551,0,0,Barber,average
NA,3.25,2.4375,0,0,Barber,average
NA,3.25,2.9545454545454546,0,0,Barber,average
NA,3.25,2.3833333333333333,0,0,Barber,average
NA,3.25,3.25,0,1,Barber,average
NA,3.25,2.798611111111111,0,0,Barber,average
NA,3.25,2.08,0,0,Barber,average
NA,3.25,3.25,0,1,Barber,average
NA,3.25,2.5535714285714284,1,0,Barber,average
NA,3.25,2.7685185185185186,0,0,Barber,average
NA,3.25,2.640625,0,0,Barber,average
NA,3.25,1.8055555555555556,0,0,Barber,average
NA,3.25,2.925,0,0,Barber,average
NA,3.25,2.5390625,0,0,Barber,average
NA,3.25,2.9545454545454546,1,0,Barber,average
NA,3.25,3.0082644628099175,0,1,Barber,average
NA,3.25,2.5,0,0,Barber,average
NA,3.25,2.6,0,0,Barber,average
NA,3.25,2.9545454545454546,0,0,Barber,average
NA,3.25,2.5535714285714284,0,0,Barber,average
NA,3.25,2.75,0,0,Barber,average
NA,3.25,2.7857142857142856,0,0,Barber,average
NA,3.25,2.9791666666666665,0,0,Barber,average
NA,3.25,2.234375,0,0,Barber,average
NA,3.25,2.8676470588235294,0,0,Barber,average
NA,3.25,3.25,0,1,Barber,average
NA,3.25,2.9545454545454546,0,0,Barber,average
NA,3.25,3.25,0,0,Barber,average
NA,3.25,3.0,0,0,Barber,average
NA,3.25,2.84375,0,0,Barber,average
NA,3.25,2.9526143790849675,0,0,Barber,average
NA,3.25,2.9791666666666665,1,0,Barber,average
NA,3.25,2.925,0,0,Barber,average
NA,3.25,2.736842105263158,1,0,Barber,average
NA,3.25,2.9791666666666665,0,1,Barber,average
NA,3.25,2.925,0,0,Barber,average
NA,3.25,2.8724747474747474,0,1,Barber,average
NA,3.25,3.0789473684210527,0,0,Barber,average
NA,3.25,1.7875,0,0,Barber,average
NA,3.25,2.75,0,0,Barber,average
NA,3.25,2.5113636363636362,0,1,Barber,average
NA,3.25,2.9791666666666665,0,1,Barber,average
NA,3.25,2.7083333333333335,0,0,Barber,average
NA,3.25,3.0952380952380953,0,0,Barber,average
NA,3.25,2.234375,0,0,Barber,average
NA,3.25,2.011904761904762,0,0,Barber,average
NA,3.25,2.75,0,0,Barber,average
NA,3.25,2.8,0,1,Barber,average
NA,3.25,3.0454545454545454,0,1,Barber,average
NA,3.25,2.984090909090909,0,1,Barber,average
NA,3.25,2.5535714285714284,0,0,Barber,average
NA,3.25,3.25,0,1,Barber,average
NA,3.25,2.575,0,1,Barber,average
NA,3.25,3.0357142857142856,0,1,Barber,average
NA,3.25,2.5,0,0,Barber,average
NA,3.25,2.275,0,0,Barber,average
NA,3.25,2.9791666666666665,0,0,Barber,average
NA,3.25,2.7685185185185186,0,0,Barber,average
NA,3.25,2.884375,0,1,Barber,average
NA,3.25,3.017857142857143,0,0,Barber,average
NA,3.25,2.7181818181818183,1,1,Barber,average
NA,3.25,2.5,0,0,Barber,average
NA,3.25,2.1125,0,0,Barber,average
NA,3.25,2.7181818181818183,0,1,Barber,average
NA,3.25,2.3833333333333333,0,0,Barber,average
NA,3.25,2.84375,0,0,Barber,average
NA,3.25,2.9791666666666665,1,0,Barber,average
NA,3.25,3.25,1,1,Barber,average
NA,3.25,2.9592105263157893,0,1,Barber,average
NA,3.25,3.25,1,1,Barber,average
NA,3.25,2.84375,1,0,Barber,average
NA,3.25,2.8198529411764706,0,1,Barber,average
NA,3.25,2.659090909090909,0,0,Barber,average
NA,3.25,2.8321428571428573,0,1,Barber,average
NA,3.25,2.9545454545454546,0,0,Barber,average
NA,3.25,2.757575757575758,1,1,Barber,average
NA,3.25,2.8181818181818183,0,1,Barber,average
NA,3.25,2.25,0,0,Barber,average
NA,3.25,3.028409090909091,0,1,Barber,average
NA,3.25,2.3214285714285716,0,0,Barber,average
NA,3.25,2.4375,0,0,Barber,average
NA,3.25,2.925,0,0,Barber,average
NA,3.25,2.3697916666666665,0,0,Barber,average
NA,3.25,2.9545454545454546,0,0,Barber,average
NA,3.25,2.984090909090909,1,1,Barber,average
NA,3.25,3.25,0,0,Barber,average
NA,3.25,3.017857142857143,0,0,Barber,average
NA,3.25,1.8571428571428572,0,0,Barber,average
NA,3.25,3.25,0,0,Barber,average
NA,3.25,3.046875,0,0,Barber,average
NA,3.25,2.7181818181818183,0,1,Barber,average
NA,3.25,2.984090909090909,1,1,Barber,average
NA,3.25,3.0,0,0,Barber,average
NA,3.25,2.7760416666666665,0,0,Barber,average
NA,3.25,1.0833333333333333,0,0,Barber,average
NA,3.25,2.975,0,1,Barber,average
NA,3.25,3.25,0,0,Barber,average
NA,3.25,2.3271604938271606,0,0,Barber,average
NA,3.25,2.5,0,0,Barber,average
NA,3.25,2.9575,0,1,Barber,average
NA,3.25,1.8055555555555556,0,0,Barber,average
NA,3.25,2.9791666666666665,0,1,Barber,average
NA,3.25,1.9204545454545454,0,0,Barber,average
NA,3.25,2.5277777777777777,0,0,Barber,average
NA,3.25,2.2941176470588234,0,0,Barber,average
NA,3.25,2.3359375,0,0,Barber,average
NA,3.25,2.7181818181818183,0,1,Barber,average
NA,3.25,2.9791666666666665,1,0,Barber,average
NA,3.25,2.627083333333333,0,0,Barber,average
NA,3.25,2.5555555555555554,0,0,Barber,average
NA,3.25,3.0952380952380953,0,0,Barber,average
NA,3.25,3.017857142857143,0,0,Barber,average
NA,3.25,3.0875,1,0,Barber,average
NA,3.25,2.75,0,0,Barber,average
NA,3.25,2.7925925925925927,0,0,Barber,average
NA,3.25,2.888888888888889,0,0,Barber,average
NA,3.25,2.5535714285714284,0,0,Barber,average
NA,3.25,2.7685185185185186,0,0,Barber,average
NA,3.25,3.125,0,1,Barber,average
NA,3.25,2.5729166666666665,0,0,Barber,average
NA,3.25,2.75,0,0,Barber,average
NA,3.25,2.7925925925925927,0,0,Barber,average
NA,3.25,2.9545454545454546,0,0,Barber,average
NA,3.25,2.6847826086956523,0,0,Barber,average
NA,3.25,3.017857142857143,0,0,Barber,average
NA,3.25,2.7685185185185186,0,0,Barber,average
NA,3.25,3.25,0,0,Barber,average
NA,3.25,2.9791666666666665,0,0,Barber,average
NA,3.25,2.5,0,0,Barber,average
NA,3.25,2.816666666666667,0,0,Barber,average
NA,3.25,2.7547619047619047,0,1,Barber,average
NA,3.25,3.0875,1,0,Barber,average
NA,3.25,2.7777777777777777,0,0,Barber,average
NA,3.25,2.984090909090909,1,1,Barber,average
NA,3.25,2.9545454545454546,0,1,Barber,average
NA,3.25,2.47,0,0,Barber,average
NA,3.25,2.9545454545454546,0,0,Barber,average
NA,3.25,2.75,0,0,Barber,average
NA,3.25,2.75,0,0,Barber,average
NA,3.25,2.975,0,1,Barber,average
NA,3.25,2.9545454545454546,0,0,Barber,average
NA,3.25,2.9575,1,1,Barber,average
NA,3.25,2.9545454545454546,0,1,Barber,average
NA,3.25,3.017857142857143,0,0,Barber,average
NA,3.25,3.2007575757575757,0,1,Barber,average
NA,3.25,2.925,0,0,Barber,average
NA,3.25,2.4375,0,0,Barber,average
NA,3.25,2.7083333333333335,1,0,Barber,average
NA,3.25,2.816666666666667,0,1,Barber,average
NA,3.25,2.75,0,0,Barber,average
NA,3.25,2.925,0,0,Barber,average
NA,3.25,2.6975,0,1,Barber,average
NA,3.25,2.84375,0,0,Barber,average
NA,3.25,2.616883116883117,0,0,Barber,average
NA,3.25,2.7685185185185186,0,0,Barber,average
NA,3.25,1.7105263157894737,0,0,Barber,average
NA,3.25,3.125,1,1,Barber,average
NA,3.25,1.911764705882353,0,0,Barber,average
NA,3.25,2.984090909090909,1,1,Barber,average
NA,3.25,1.1607142857142858,0,0,Barber,average
NA,3.25,1.8571428571428572,0,0,Barber,average
NA,3.25,2.9545454545454546,1,0,Barber,average
NA,3.25,2.5535714285714284,0,0,Barber,average
NA,3.25,3.25,1,0,Barber,average
NA,3.25,2.7083333333333335,0,0,Barber,average
NA,3.25,2.59375,0,0,Barber,average
NA,3.25,2.7083333333333335,0,0,Barber,average
NA,3.25,2.9545454545454546,0,0,Barber,average
NA,3.25,3.1655844155844157,0,1,Barber,average
NA,3.25,3.0,0,0,Barber,average
NA,3.25,2.9791666666666665,0,0,Barber,average
NA,3.25,2.9545454545454546,0,0,Barber,average
NA,3.25,2.984090909090909,0,1,Barber,average
NA,3.25,3.25,1,0,Barber,average
NA,3.25,2.884375,0,1,Barber,average
NA,3.25,2.9545454545454546,0,0,Barber,average
NA,3.25,2.7777777777777777,0,0,Barber,average
NA,3.25,2.485294117647059,0,0,Barber,average
NA,3.25,2.816666666666667,1,0,Barber,average
NA,3.25,2.9545454545454546,0,0,Barber,average
NA,3.25,3.028409090909091,0,1,Barber,average
NA,3.25,2.9375,0,1,Barber,average
NA,3.25,3.25,1,0,Barber,average
NA,3.25,2.5,0,0,Barber,average
NA,3.25,3.2231404958677685,0,1,Barber,average
NA,3.25,2.9714285714285715,0,1,Barber,average
NA,3.25,3.1186868686868685,0,1,Barber,average
NA,3.25,3.0082644628099175,0,1,Barber,average
NA,3.25,2.1666666666666665,0,0,Barber,average
NA,3.25,3.0588235294117645,0,0,Barber,average
NA,3.25,3.25,1,1,Barber,average
NA,3.25,3.033333333333333,0,0,Barber,average
NA,3.25,2.5535714285714284,0,0,Barber,average
NA,3.25,2.5729166666666665,0,0,Barber,average
NA,3.25,3.25,1,1,Barber,average
NA,3.25,2.3833333333333333,0,0,Barber,average
NA,3.25,2.6481481481481484,0,0,Barber,average
NA,3.25,1.828125,0,0,Barber,average
NA,3.25,2.3833333333333333,0,0,Barber,average
NA,3.25,2.9545454545454546,0,0,Barber,average
NA,3.25,2.8181818181818183,0,1,Barber,average
NA,3.25,2.6,0,0,Barber,average
NA,3.25,2.9791666666666665,1,0,Barber,average
NA,3.25,2.47,0,0,Barber,average
NA,3.25,2.4375,0,0,Barber,average
NA,3.25,3.017857142857143,0,0,Barber,average
NA,3.25,2.9791666666666665,0,0,Barber,average
NA,3.25,2.1125,0,0,Barber,average
NA,3.25,1.7875,0,0,Barber,average
NA,3.25,1.5294117647058822,1,0,Barber,average
NA,3.25,3.25,0,0,Barber,average
NA,3.25,2.6,0,0,Barber,average
NA,3.25,2.9683333333333333,0,1,Barber,average
NA,3.25,2.75,1,0,Barber,average
NA,3.25,2.205357142857143,0,0,Barber,average
NA,3.25,2.9545454545454546,0,0,Barber,average
NA,3.25,2.7083333333333335,0,0,Barber,average
NA,3.25,3.033333333333333,0,0,Barber,average
NA,3.25,2.9791666666666665,0,0,Barber,average
NA,3.25,2.3020833333333335,0,0,Barber,average
NA,3.25,2.8,0,1,Barber,average
NA,3.25,2.6,0,0,Barber,average
NA,3.25,2.84375,0,0,Barber,average
NA,3.25,2.9791666666666665,0,0,Barber,average
NA,3.25,3.0694444444444446,0,1,Barber,average
NA,3.25,1.9204545454545454,0,0,Barber,average
NA,3.25,2.691919191919192,1,0,Barber,average
NA,3.25,2.7083333333333335,0,0,Barber,average
NA,3.25,2.5535714285714284,0,0,Barber,average
NA,3.25,1.95,0,0,Barber,average
NA,3.25,2.676470588235294,0,0,Barber,average
NA,3.25,1.881578947368421,0,0,Barber,average
NA,3.25,3.25,0,1,Barber,average
NA,3.25,3.25,1,1,Barber,average
NA,3.25,2.640625,1,0,Barber,average
NA,3.25,3.25,0,1,Barber,average
NA,3.25,2.9683333333333333,0,1,Barber,average
NA,3.25,2.8676470588235294,0,0,Barber,average
NA,3.25,2.925,0,0,Barber,average
NA,3.25,3.25,1,1,Barber,average
NA,3.25,3.046875,0,0,Barber,average
NA,3.25,3.25,0,0,Barber,average
NA,3.25,2.8068181818181817,0,0,Barber,average
NA,3.25,2.7421875,0,1,Barber,average
NA,3.25,3.0,0,0,Barber,average
NA,3.25,2.9791666666666665,1,1,Barber,average
NA,3.25,2.0892857142857144,0,0,Barber,average
NA,3.25,2.9545454545454546,0,0,Barber,average
NA,3.25,2.6,0,0,Barber,average
NA,3.25,2.287037037037037,0,0,Barber,average
NA,3.25,3.25,0,1,Barber,average
NA,3.25,2.7083333333333335,0,0,Barber,average
NA,3.25,2.816666666666667,0,0,Barber,average
NA,3.25,3.0,0,0,Barber,average
NA,3.25,2.6847826086956523,0,0,Barber,average
NA,3.25,2.9791666666666665,0,1,Barber,average
NA,3.25,2.7625,0,0,Barber,average
NA,3.25,2.6,0,0,Barber,average
NA,3.25,2.03125,0,0,Barber,average
NA,3.25,2.7857142857142856,0,1,Barber,average
NA,3.25,3.25,1,1,Barber,average
NA,3.25,2.4375,0,0,Barber,average
NA,3.25,2.925,0,0,Barber,average
NA,3.25,2.672222222222222,1,0,Barber,average
NA,3.25,3.25,0,1,Barber,average
NA,3.25,2.5458333333333334,0,1,Barber,average
NA,3.25,2.9545454545454546,1,0,Barber,average
NA,3.25,1.9204545454545454,0,0,Barber,average
NA,3.25,1.881578947368421,0,0,Barber,average
NA,3.25,2.7857142857142856,0,1,Barber,average
NA,3.25,2.9791666666666665,0,1,Barber,average
NA,3.25,2.9683333333333333,0,1,Barber,average
NA,3.25,2.234375,0,0,Barber,average
NA,3.25,3.25,0,1,Barber,average
NA,3.25,3.2231404958677685,0,1,Barber,average
NA,3.25,2.659090909090909,0,0,Barber,average
NA,3.25,2.9714285714285715,0,1,Barber,average
NA,3.25,3.25,0,0,Barber,average
NA,3.25,2.5,0,0,Barber,average
NA,3.25,3.0082644628099175,1,1,Barber,average
NA,3.25,2.9575,0,1,Barber,average
NA,3.25,2.9430555555555555,1,0,Barber,average
NA,3.25,2.7857142857142856,0,0,Barber,average
NA,3.25,2.798611111111111,0,0,Barber,average
NA,3.25,2.84375,0,0,Barber,average
NA,3.25,2.1029411764705883,0,0,Barber,average
NA,3.25,2.375,0,0,Barber,average
NA,3.25,3.25,0,1,Barber,average
NA,3.25,2.6,0,0,Barber,average
NA,3.25,2.4375,0,0,Barber,average
NA,3.25,3.0,1,0,Barber,average
NA,3.25,2.816666666666667,0,1,Barber,average
NA,3.25,3.25,0,1,Barber,average
NA,3.25,2.9791666666666665,1,1,Barber,average
NA,3.25,2.4744318181818183,0,0,Barber,average
NA,3.25,2.691919191919192,0,0,Barber,average
NA,3.25,2.4375,0,0,Barber,average
NA,3.25,3.25,0,1,Barber,average
NA,3.25,2.925,0,0,Barber,average
NA,3.25,2.659090909090909,0,0,Barber,average
NA,3.25,2.925,0,0,Barber,average
NA,3.25,3.0,0,0,Barber,average
NA,3.25,2.7772727272727273,0,1,Barber,average
NA,3.25,2.691919191919192,0,0,Barber,average
NA,3.25,2.7083333333333335,0,0,Barber,average
NA,3.25,2.3214285714285716,0,0,Barber,average
NA,3.25,2.3472222222222223,0,0,Barber,average
NA,3.25,2.640625,0,0,Barber,average
NA,3.25,3.2007575757575757,0,1,Barber,average
NA,3.25,2.03125,0,0,Barber,average
NA,3.25,3.25,0,1,Barber,average
NA,3.25,2.6847826086956523,0,0,Barber,average
NA,3.25,2.4375,0,0,Barber,average
NA,3.25,2.9575,0,1,Barber,average
NA,3.25,2.5729166666666665,0,1,Barber,average
NA,3.25,2.9375,0,1,Barber,average
NA,3.25,3.25,0,1,Barber,average
NA,3.25,2.7181818181818183,0,1,Barber,average
NA,3.25,2.9545454545454546,0,0,Barber,average
NA,3.25,2.9791666666666665,0,0,Barber,average
NA,3.25,2.9545454545454546,1,0,Barber,average
NA,3.25,3.2231404958677685,0,1,Barber,average
NA,3.25,2.6,0,0,Barber,average
NA,3.25,2.9791666666666665,0,0,Barber,average
NA,3.25,2.75,0,0,Barber,average
NA,3.25,2.984090909090909,0,1,Barber,average
NA,3.25,2.659090909090909,0,0,Barber,average
NA,3.25,2.984090909090909,0,1,Barber,average
NA,3.25,3.0875,0,0,Barber,average
NA,3.25,2.669642857142857,1,0,Barber,average
NA,3.25,2.3636363636363638,0,0,Barber,average
NA,3.25,2.5390625,0,0,Barber,average
NA,3.25,2.9545454545454546,1,0,Barber,average
NA,3.25,2.798611111111111,0,0,Barber,average
NA,3.25,2.7083333333333335,0,0,Barber,average
NA,3.25,3.25,0,1,Barber,average
NA,3.25,3.0,1,0,Barber,average
NA,3.25,2.9545454545454546,0,0,Barber,average
NA,3.25,2.738425925925926,0,0,Barber,average
NA,3.25,2.7857142857142856,0,0,Barber,average
NA,3.25,2.9078947368421053,0,0,Barber,average
NA,3.25,3.25,0,1,Barber,average
NA,3.25,2.9545454545454546,0,1,Barber,average
NA,3.25,2.454081632653061,0,0,Barber,average
NA,3.25,2.7733333333333334,0,1,Barber,average
NA,3.25,3.25,1,1,Barber,average
NA,3.25,3.25,0,1,Barber,average
NA,3.25,2.4375,0,0,Barber,average
NA,3.25,3.0136363636363637,0,1,Barber,average
NA,3.25,2.03125,0,0,Barber,average
NA,3.25,2.7685185185185186,0,0,Barber,average
NA,3.25,2.915151515151515,0,1,Barber,average
NA,3.25,2.25,0,0,Barber,average
NA,3.25,2.7083333333333335,1,0,Barber,average
NA,3.25,3.25,0,1,Barber,average
NA,3.25,2.9545454545454546,0,0,Barber,average
NA,3.25,2.223684210526316,0,0,Barber,average
NA,3.25,2.4744318181818183,0,0,Barber,average
NA,3.25,3.25,1,1,Barber,average
NA,3.25,2.454081632653061,0,0,Barber,average
NA,3.25,2.816666666666667,1,1,Barber,average
NA,3.25,2.6080246913580245,0,0,Barber,average
NA,3.25,3.25,0,1,Barber,average
NA,3.25,2.357142857142857,0,0,Barber,average
NA,3.25,2.6975,0,1,Barber,average
NA,3.25,2.816666666666667,0,0,Barber,average
NA,3.25,3.2231404958677685,0,1,Barber,average
NA,3.25,2.9545454545454546,0,0,Barber,average
NA,3.25,1.7105263157894737,0,0,Barber,average
NA,3.25,2.59375,0,0,Barber,average
NA,3.25,2.676470588235294,0,0,Barber,average
NA,3.25,2.1666666666666665,0,0,Barber,average
NA,3.25,2.7821969696969697,0,1,Barber,average
NA,3.25,2.925,0,0,Barber,average
NA,3.25,2.75,0,0,Barber,average
NA,3.25,2.5535714285714284,0,0,Barber,average
NA,3.25,3.25,0,1,Barber,average
NA,3.25,3.25,0,1,Barber,average
NA,3.25,2.84375,0,0,Barber,average
NA,3.25,2.7685185185185186,0,0,Barber,average
NA,3.25,3.033333333333333,0,0,Barber,average
NA,3.25,2.8676470588235294,0,0,Barber,average
NA,3.25,3.25,0,1,Barber,average
NA,3.25,3.25,1,1,Barber,average
NA,3.25,2.9545454545454546,1,0,Barber,average
NA,3.25,2.546783625730994,0,0,Barber,average
NA,3.25,2.9592105263157893,0,1,Barber,average
NA,3.25,3.25,1,0,Barber,average
NA,3.25,2.692857142857143,1,0,Barber,average
NA,3.25,3.25,0,1,Barber,average
NA,3.25,2.84375,0,0,Barber,average
NA,3.25,3.017857142857143,0,0,Barber,average
NA,3.25,3.017857142857143,0,0,Barber,average
NA,3.25,2.6847826086956523,0,0,Barber,average
NA,3.25,2.816666666666667,0,0,Barber,average
NA,3.25,3.0082644628099175,0,1,Barber,average
NA,3.25,2.5,0,0,Barber,average
NA,3.25,2.1666666666666665,0,0,Barber,average
NA,3.25,3.25,0,1,Barber,average
NA,3.25,3.25,0,0,Barber,average
NA,3.25,1.95,0,0,Barber,average
NA,3.25,2.9545454545454546,1,0,Barber,average
NA,3.25,2.3833333333333333,0,0,Barber,average
NA,3.25,2.659090909090909,0,0,Barber,average
NA,3.25,2.9545454545454546,0,0,Barber,average
NA,3.25,3.25,0,0,Barber,average
NA,3.25,3.0,0,1,Barber,average
NA,3.25,1.8571428571428572,0,0,Barber,average
NA,3.25,3.2007575757575757,0,1,Barber,average
NA,3.25,2.9545454545454546,0,0,Barber,average
NA,3.25,2.205357142857143,0,0,Barber,average
NA,3.25,2.7777777777777777,0,0,Barber,average
NA,3.25,2.9791666666666665,0,1,Barber,average
NA,3.25,3.25,0,1,Barber,average
NA,3.25,2.4761904761904763,0,0,Barber,average
NA,3.25,2.9545454545454546,0,0,Barber,average
NA,3.25,3.25,1,1,Barber,average
NA,3.25,2.7857142857142856,0,0,Barber,average
NA,3.25,1.9204545454545454,0,0,Barber,average
NA,3.25,2.6847826086956523,0,0,Barber,average
NA,3.25,2.4074074074074074,0,0,Barber,average
NA,3.25,1.9782608695652173,0,0,Barber,average
NA,3.25,2.4375,0,0,Barber,average
NA,3.25,2.9545454545454546,0,0,Barber,average
NA,3.25,2.8155080213903743,0,1,Barber,average
NA,3.25,2.3833333333333333,1,0,Barber,average
NA,3.25,3.25,0,1,Barber,average
NA,3.25,2.5535714285714284,1,0,Barber,average
NA,3.25,2.75,0,0,Barber,average
NA,3.25,2.659090909090909,0,0,Barber,average
NA,3.25,2.75,1,0,Barber,average
NA,3.25,2.9791666666666665,0,1,Barber,average
NA,3.25,2.984090909090909,0,1,Barber,average
NA,3.25,2.0681818181818183,1,0,Barber,average
NA,3.25,3.25,0,0,Barber,average
NA,3.25,2.59375,0,0,Barber,average
NA,3.25,3.25,0,0,Barber,average
NA,3.25,3.028409090909091,0,1,Barber,average
NA,3.25,2.7329545454545454,0,1,Barber,average
NA,3.25,2.798611111111111,1,0,Barber,average
NA,3.25,2.7777777777777777,0,0,Barber,average
NA,3.25,2.634469696969697,0,1,Barber,average
NA,3.25,2.08,0,0,Barber,average
NA,3.25,2.7392857142857143,0,1,Barber,average
NA,3.25,1.8571428571428572,0,0,Barber,average
NA,3.25,3.25,0,1,Barber,average
NA,3.25,2.884375,0,0,Barber,average
NA,3.25,3.25,0,0,Barber,average
NA,3.25,2.929924242424242,0,1,Barber,average
NA,3.25,2.3947368421052633,0,0,Barber,average
NA,3.25,2.925,1,0,Barber,average
NA,3.25,2.8461538461538463,0,1,Barber,average
NA,3.25,2.5535714285714284,0,0,Barber,average
NA,3.25,2.5785123966942147,0,1,Barber,average
NA,3.25,2.9545454545454546,0,0,Barber,average
NA,3.25,2.5,0,0,Barber,average
NA,3.25,2.7083333333333335,0,0,Barber,average
NA,3.25,2.6666666666666665,0,0,Barber,average
NA,3.25,2.9791666666666665,0,1,Barber,average
NA,3.25,2.7685185185185186,0,0,Barber,average
NA,3.25,2.9791666666666665,0,1,Barber,average
NA,3.25,3.25,1,1,Barber,average
NA,3.25,2.7224025974025974,1,1,Barber,average
NA,3.25,2.7181818181818183,0,1,Barber,average
NA,3.25,2.611607142857143,0,0,Barber,average
NA,3.25,2.757575757575758,0,1,Barber,average
NA,3.25,3.060064935064935,0,1,Barber,average
NA,3.25,2.9791666666666665,0,1,Barber,average
NA,3.25,2.7857142857142856,1,0,Barber,average
NA,3.25,2.59375,0,0,Barber,average
NA,3.25,2.757575757575758,0,1,Barber,average
NA,3.25,3.217171717171717,0,0,Barber,average
NA,3.25,2.402173913043478,0,0,Barber,average
NA,3.25,2.75,0,0,Barber,average
NA,3.25,2.816666666666667,0,0,Barber,average
NA,3.25,1.7105263157894737,0,0,Barber,average
NA,3.25,2.738425925925926,0,0,Barber,average
NA,3.25,2.925,0,0,Barber,average
NA,3.25,3.25,0,0,Barber,average
NA,3.25,3.25,0,1,Barber,average
NA,3.25,2.6481481481481484,0,0,Barber,average
NA,3.25,2.9545454545454546,0,0,Barber,average
NA,3.25,2.8461538461538463,0,1,Barber,average
NA,3.25,3.25,0,0,Barber,average
NA,3.25,2.5729166666666665,0,0,Barber,average
NA,3.25,2.7083333333333335,0,0,Barber,average
NA,3.25,2.48828125,0,0,Barber,average
NA,3.25,2.03125,0,0,Barber,average
NA,3.25,3.0,0,0,Barber,average
NA,3.25,2.7625,0,1,Barber,average
NA,3.25,2.9575,0,1,Barber,average
NA,3.25,2.925,0,0,Barber,average
NA,3.25,2.7083333333333335,0,0,Barber,average
NA,3.25,2.738425925925926,0,0,Barber,average
NA,3.25,3.25,1,0,Barber,average
NA,3.25,1.9782608695652173,0,0,Barber,average
NA,3.25,2.5535714285714284,0,0,Barber,average
NA,3.25,3.033333333333333,0,0,Barber,average
NA,3.25,3.017857142857143,0,0,Barber,average
NA,3.25,2.8373015873015874,0,0,Barber,average
NA,3.25,2.7857142857142856,0,0,Barber,average
NA,3.25,2.497685185185185,0,0,Barber,average
NA,3.25,2.75,0,0,Barber,average
NA,3.25,3.0,0,0,Barber,average
NA,3.25,2.9545454545454546,1,0,Barber,average
NA,3.25,2.6,0,0,Barber,average
NA,3.25,2.4375,0,0,Barber,average
NA,3.25,2.84375,0,0,Barber,average
NA,3.25,1.95,0,0,Barber,average
NA,3.25,2.4375,0,0,Barber,average
NA,3.25,2.7083333333333335,0,0,Barber,average
NA,3.25,1.9782608695652173,0,0,Barber,average
NA,3.25,2.9545454545454546,0,1,Barber,average
NA,3.25,2.590909090909091,0,1,Barber,average
NA,3.25,2.692857142857143,0,1,Barber,average
NA,3.25,2.7625,0,1,Barber,average
NA,3.25,2.59375,0,0,Barber,average
NA,3.25,2.9791666666666665,0,1,Barber,average
NA,3.25,3.028409090909091,0,1,Barber,average
NA,3.25,2.888888888888889,0,0,Barber,average
NA,3.25,2.7083333333333335,0,0,Barber,average
NA,3.25,3.25,0,1,Barber,average
NA,3.25,2.9791666666666665,0,0,Barber,average
NA,3.25,3.25,0,1,Barber,average
NA,3.25,2.472826086956522,0,0,Barber,average
NA,3.25,2.9545454545454546,0,0,Barber,average
NA,3.25,2.9545454545454546,0,0,Barber,average
NA,3.25,2.676470588235294,1,0,Barber,average
NA,3.25,2.9545454545454546,0,0,Barber,average
NA,3.25,3.0,0,0,Barber,average
NA,3.25,3.25,1,1,Barber,average
NA,3.25,2.1029411764705883,0,0,Barber,average
NA,3.25,3.25,1,1,Barber,average
NA,3.25,2.825284090909091,0,1,Barber,average
NA,3.25,2.7083333333333335,0,0,Barber,average
NA,3.25,2.9545454545454546,0,0,Barber,average
NA,3.25,2.6,0,0,Barber,average
NA,3.25,2.925,0,0,Barber,average
NA,3.25,2.676470588235294,0,0,Barber,average
NA,3.25,2.4375,0,0,Barber,average
NA,3.25,2.5535714285714284,0,0,Barber,average
NA,3.25,2.627083333333333,0,0,Barber,average
NA,3.25,3.0082644628099175,0,1,Barber,average
NA,3.25,2.7083333333333335,0,0,Barber,average
NA,3.25,2.7685185185185186,0,0,Barber,average
NA,3.25,2.9791666666666665,0,0,Barber,average
NA,3.25,2.7857142857142856,0,0,Barber,average
NA,3.25,3.1818181818181817,0,1,Barber,average
NA,3.25,3.1655844155844157,1,1,Barber,average
NA,3.25,2.4973684210526317,0,1,Barber,average
NA,3.25,2.9791666666666665,0,0,Barber,average
NA,3.25,2.5113636363636362,1,0,Barber,average
NA,3.25,2.925,0,0,Barber,average
NA,3.25,3.25,0,0,Barber,average
NA,3.25,3.025,0,1,Barber,average
NA,3.25,3.25,0,1,Barber,average
NA,3.25,2.4166666666666665,0,0,Barber,average
NA,3.25,3.25,0,0,Barber,average
NA,3.25,2.9545454545454546,1,1,Barber,average
NA,3.25,2.466517857142857,0,0,Barber,average
NA,3.25,3.017857142857143,1,0,Barber,average
NA,3.25,2.7083333333333335,0,0,Barber,average
NA,3.25,2.75,0,0,Barber,average
NA,3.25,2.287037037037037,0,0,Barber,average
NA,3.25,2.8260869565217392,0,0,Barber,average
NA,3.25,2.659090909090909,1,0,Barber,average
NA,3.25,2.7181818181818183,1,1,Barber,average
NA,3.25,2.3636363636363638,1,0,Barber,average
NA,3.25,2.9791666666666665,0,0,Barber,average
NA,3.25,3.060064935064935,0,1,Barber,average
NA,3.25,2.925,0,0,Barber,average
NA,3.25,2.9683333333333333,0,1,Barber,average
NA,3.25,2.9545454545454546,0,1,Barber,average
NA,3.25,1.8571428571428572,0,0,Barber,average
NA,3.25,2.9791666666666665,0,1,Barber,average
NA,3.25,3.017857142857143,0,0,Barber,average
NA,3.25,2.7083333333333335,0,0,Barber,average
NA,3.25,3.0082644628099175,0,1,Barber,average
NA,3.25,2.5,0,0,Barber,average
NA,3.25,2.5390625,0,0,Barber,average
NA,3.25,2.7857142857142856,0,1,Barber,average
NA,3.25,3.25,0,1,Barber,average
NA,3.25,2.08,0,0,Barber,average
NA,3.25,2.45,0,1,Barber,average
NA,3.25,2.3833333333333333,0,1,Barber,average
NA,3.25,2.816666666666667,0,1,Barber,average
NA,3.25,2.9545454545454546,1,0,Barber,average
NA,3.25,3.25,1,0,Barber,average
NA,3.25,2.816666666666667,0,0,Barber,average
NA,3.25,2.7685185185185186,0,0,Barber,average
NA,3.25,3.033333333333333,0,0,Barber,average
NA,3.25,2.9791666666666665,0,0,Barber,average
NA,3.25,2.3472222222222223,0,0,Barber,average
NA,3.25,2.1029411764705883,0,0,Barber,average
NA,3.25,3.25,0,0,Barber,average
NA,3.25,2.8676470588235294,0,0,Barber,average
NA,3.25,2.375,0,0,Barber,average
NA,3.25,2.640625,0,1,Barber,average
NA,3.25,3.25,0,1,Barber,average
NA,3.25,2.6,0,0,Barber,average
NA,3.25,2.6,0,0,Barber,average
NA,3.25,2.8260869565217392,0,0,Barber,average
NA,3.25,3.0,0,0,Barber,average
NA,3.25,2.9545454545454546,0,0,Barber,average
NA,3.25,2.8068181818181817,0,0,Barber,average
NA,3.25,3.25,0,1,Barber,average
NA,3.25,3.25,0,1,Barber,average
NA,3.25,3.2007575757575757,0,1,Barber,average
NA,3.25,2.9545454545454546,0,0,Barber,average
NA,3.25,2.4292929292929295,0,0,Barber,average
NA,3.25,2.3214285714285716,0,0,Barber,average
NA,3.25,3.25,0,0,Barber,average
NA,3.25,2.5535714285714284,0,0,Barber,average
NA,3.25,2.3833333333333333,0,0,Barber,average
NA,3.25,2.2941176470588234,0,0,Barber,average
NA,3.25,3.1818181818181817,0,1,Barber,average
NA,3.25,3.25,0,1,Barber,average
NA,3.25,2.5535714285714284,0,0,Barber,average
NA,3.25,3.25,0,1,Barber,average
NA,3.25,2.7857142857142856,0,0,Barber,average
NA,3.25,2.7925925925925927,0,0,Barber,average
NA,3.25,2.5657894736842106,0,0,Barber,average
NA,3.25,2.9791666666666665,0,0,Barber,average
NA,3.25,1.9782608695652173,0,0,Barber,average
NA,3.25,2.9791666666666665,1,0,Barber,average
NA,3.25,2.984090909090909,0,1,Barber,average
NA,3.25,2.6567460317460316,0,0,Barber,average
NA,3.25,2.888888888888889,0,0,Barber,average
NA,3.25,2.275,0,0,Barber,average
NA,3.25,2.5,0,0,Barber,average
NA,3.25,2.260869565217391,0,0,Barber,average
NA,3.25,1.8055555555555556,0,0,Barber,average
NA,3.25,2.6,0,0,Barber,average
NA,3.25,3.25,0,1,Barber,average
NA,3.25,2.8,0,1,Barber,average
NA,3.25,3.25,0,1,Barber,average
NA,3.25,2.665,1,1,Barber,average
NA,3.25,3.25,1,1,Barber,average
NA,3.25,3.25,0,1,Barber,average
NA,3.25,2.816666666666667,0,0,Barber,average
NA,3.25,2.7083333333333335,0,0,Barber,average
NA,3.25,2.9545454545454546,0,0,Barber,average
NA,3.25,2.7083333333333335,0,0,Barber,average
NA,3.25,2.7857142857142856,0,0,Barber,average
NA,3.25,2.925,0,0,Barber,average
NA,3.25,2.03125,0,0,Barber,average
NA,3.25,2.3214285714285716,0,0,Barber,average
NA,3.25,3.25,0,0,Barber,average
NA,3.25,2.6875,0,1,Barber,average
NA,3.25,3.2231404958677685,0,1,Barber,average
NA,3.25,2.1125,0,0,Barber,average
NA,3.25,2.738425925925926,0,0,Barber,average
NA,3.25,3.25,1,1,Barber,average
NA,3.25,2.25,0,0,Barber,average
NA,3.25,2.888888888888889,0,1,Barber,average
NA,3.25,2.798611111111111,0,0,Barber,average
NA,3.25,2.1125,0,0,Barber,average
NA,3.25,3.25,0,1,Barber,average
NA,3.25,2.9873737373737375,0,0,Barber,average
NA,3.25,3.25,0,1,Barber,average
NA,3.25,2.796969696969697,0,1,Barber,average
NA,3.25,2.739669421487603,0,1,Barber,average
NA,3.25,2.9791666666666665,0,0,Barber,average
NA,3.25,2.6775568181818183,0,1,Barber,average
NA,3.25,3.25,0,1,Barber,average
NA,3.25,1.95,0,0,Barber,average
NA,3.25,2.7857142857142856,0,0,Barber,average
NA,3.25,2.7777777777777777,1,0,Barber,average
NA,3.25,2.9791666666666665,0,1,Barber,average
NA,3.25,2.03125,0,0,Barber,average
NA,3.25,3.25,0,1,Barber,average
NA,3.25,3.25,0,0,Barber,average
NA,3.25,2.5277777777777777,0,0,Barber,average
NA,3.25,3.017857142857143,0,0,Barber,average
NA,3.25,2.7685185185185186,0,0,Barber,average
NA,3.25,2.640625,0,1,Barber,average
NA,3.25,3.25,1,1,Barber,average
NA,3.25,3.0,1,0,Barber,average
NA,3.25,2.9791666666666665,0,0,Barber,average
NA,3.25,2.692857142857143,0,1,Barber,average
NA,3.25,2.925,0,0,Barber,average
NA,3.25,1.8571428571428572,0,0,Barber,average
NA,3.25,2.9545454545454546,0,0,Barber,average
NA,3.25,2.634469696969697,0,1,Barber,average
NA,3.25,2.888888888888889,0,0,Barber,average
NA,3.25,2.975,0,1,Barber,average
NA,3.25,2.4713541666666665,0,0,Barber,average
NA,3.25,3.25,0,1,Barber,average
NA,3.25,1.7875,0,0,Barber,average
NA,3.25,2.5,0,0,Barber,average
NA,3.25,2.9545454545454546,0,0,Barber,average
NA,3.25,2.984090909090909,0,1,Barber,average
NA,3.25,2.9545454545454546,0,0,Barber,average
NA,3.25,2.9791666666666665,0,1,Barber,average
NA,3.25,3.0,0,0,Barber,average
NA,3.25,2.3214285714285716,0,0,Barber,average
NA,3.25,3.0,0,0,Barber,average
NA,3.25,2.011904761904762,0,0,Barber,average
NA,3.25,2.925,0,0,Barber,average
NA,3.25,2.9791666666666665,0,1,Barber,average
NA,3.25,2.7181818181818183,0,1,Barber,average
NA,3.25,2.6975,0,1,Barber,average
NA,3.25,3.017857142857143,1,0,Barber,average
NA,3.25,2.9404761904761907,0,0,Barber,average
NA,3.25,2.965625,0,1,Barber,average
NA,3.25,2.659090909090909,0,0,Barber,average
NA,3.25,2.634469696969697,0,1,Barber,average
NA,3.25,2.7777777777777777,1,0,Barber,average
NA,3.25,2.636111111111111,0,0,Barber,average
NA,3.25,3.0694444444444446,0,0,Barber,average
NA,3.25,2.9791666666666665,1,0,Barber,average
NA,3.25,2.3833333333333333,0,0,Barber,average
NA,3.25,2.3833333333333333,0,0,Barber,average
NA,3.25,2.75,0,0,Barber,average
NA,3.25,2.7857142857142856,0,1,Barber,average
NA,3.25,3.028409090909091,0,1,Barber,average
NA,3.25,3.0952380952380953,1,0,Barber,average
NA,3.25,2.75,0,0,Barber,average
NA,3.25,2.991477272727273,0,0,Barber,average
NA,3.25,2.5,0,0,Barber,average
NA,3.25,2.9545454545454546,1,0,Barber,average
NA,3.25,2.234375,1,0,Barber,average
NA,3.25,3.046875,0,1,Barber,average
NA,3.25,1.625,0,0,Barber,average
NA,3.25,2.9166666666666665,0,1,Barber,average
NA,3.25,2.5535714285714284,0,0,Barber,average
NA,3.25,1.7875,0,0,Barber,average
NA,3.25,1.625,0,0,Barber,average
NA,3.25,3.0082644628099175,1,1,Barber,average
NA,3.25,2.7857142857142856,0,0,Barber,average
NA,3.25,2.3947368421052633,0,0,Barber,average
NA,3.25,3.2231404958677685,0,1,Barber,average
NA,3.25,2.757575757575758,0,1,Barber,average
NA,3.25,2.3833333333333333,0,0,Barber,average
NA,3.25,3.25,0,1,Barber,average
NA,3.25,2.84375,0,0,Barber,average
NA,3.25,2.75,0,1,Barber,average
NA,3.25,2.4713541666666665,0,0,Barber,average
NA,3.25,2.3833333333333333,0,0,Barber,average
NA,3.25,2.205357142857143,0,0,Barber,average
NA,3.25,2.6,0,1,Barber,average
NA,3.25,2.8676470588235294,0,0,Barber,average
NA,3.25,2.816666666666667,0,0,Barber,average
NA,3.25,2.4375,0,0,Barber,average
NA,3.25,2.9714285714285715,0,1,Barber,average
NA,3.25,2.5,1,0,Barber,average
NA,3.25,2.739669421487603,0,1,Barber,average
NA,3.25,2.3947368421052633,0,0,Barber,average
NA,3.25,3.1818181818181817,0,1,Barber,average
NA,3.25,2.75,0,0,Barber,average
NA,3.25,2.5535714285714284,0,0,Barber,average
NA,3.25,2.875,0,1,Barber,average
NA,3.25,2.75,0,0,Barber,average
NA,3.25,2.75,0,0,Barber,average
NA,3.25,2.9575,0,1,Barber,average
NA,3.25,2.9404761904761907,0,0,Barber,average
NA,3.25,2.9154411764705883,0,1,Barber,average
NA,3.25,2.5458333333333334,0,0,Barber,average
NA,3.25,2.798611111111111,0,0,Barber,average
NA,3.25,2.0681818181818183,0,0,Barber,average
NA,3.25,2.9545454545454546,0,0,Barber,average
NA,3.25,3.2007575757575757,1,1,Barber,average
NA,3.25,3.25,0,0,Barber,average
NA,3.25,2.659090909090909,0,0,Barber,average
NA,3.25,3.125,0,1,Barber,average
NA,3.25,2.9545454545454546,0,0,Barber,average
NA,3.25,2.575,0,1,Barber,average
NA,3.25,3.0,0,0,Barber,average
NA,3.25,2.375,0,0,Barber,average
NA,3.25,2.75,1,0,Barber,average
NA,3.25,2.9791666666666665,1,1,Barber,average
NA,3.25,2.654166666666667,0,0,Barber,average
NA,3.25,3.0,0,0,Barber,average
NA,3.25,2.6,0,0,Barber,average
NA,3.25,2.9791666666666665,0,0,Barber,average
NA,3.25,1.7875,0,0,Barber,average
NA,3.25,2.9545454545454546,0,0,Barber,average
NA,3.25,2.659090909090909,0,0,Barber,average
NA,3.25,2.7685185185185186,0,0,Barber,average
NA,3.25,3.25,0,1,Barber,average
NA,3.25,2.9791666666666665,0,0,Barber,average
NA,3.25,2.9334415584415585,0,1,Barber,average
NA,3.25,3.0,0,0,Barber,average
NA,3.25,2.9791666666666665,0,0,Barber,average
NA,3.25,2.9545454545454546,1,1,Barber,average
NA,3.25,2.6085526315789473,0,0,Barber,average
NA,3.25,3.25,0,1,Barber,average
NA,3.25,2.6847826086956523,0,0,Barber,average
NA,3.25,2.574675324675325,0,0,Barber,average
NA,3.25,2.7857142857142856,0,0,Barber,average
NA,3.25,2.9545454545454546,0,0,Barber,average
NA,3.25,2.388888888888889,0,0,Barber,average
NA,3.25,2.5657894736842106,0,0,Barber,average
NA,3.25,2.75,0,0,Barber,average
NA,3.25,3.25,1,1,Barber,average
NA,3.25,2.7857142857142856,0,0,Barber,average
NA,3.25,2.7685185185185186,0,0,Barber,average
NA,3.25,2.9714285714285715,0,1,Barber,average
NA,3.25,3.0,0,0,Barber,average
NA,3.25,3.046875,1,1,Barber,average
NA,3.25,2.925,0,0,Barber,average
NA,3.25,2.03125,0,0,Barber,average
NA,3.25,1.7105263157894737,0,0,Barber,average
NA,3.25,3.0082644628099175,0,1,Barber,average
NA,3.25,2.9545454545454546,0,0,Barber,average
NA,3.25,3.2231404958677685,0,1,Barber,average
NA,3.25,2.7760416666666665,0,0,Barber,average
NA,3.25,2.4761904761904763,0,0,Barber,average
NA,3.25,2.607142857142857,0,0,Barber,average
NA,3.25,2.84375,0,0,Barber,average
NA,3.25,3.25,0,1,Barber,average
NA,3.25,3.25,0,1,Barber,average
NA,3.25,3.017857142857143,0,0,Barber,average
NA,3.25,3.25,0,1,Barber,average
NA,3.25,2.9545454545454546,0,0,Barber,average
NA,3.25,3.25,0,0,Barber,average
NA,3.25,2.9791666666666665,0,0,Barber,average
NA,3.25,2.640625,0,0,Barber,average
NA,3.25,2.7777777777777777,0,0,Barber,average
NA,3.25,2.757575757575758,0,1,Barber,average
NA,3.25,3.25,1,1,Barber,average
NA,3.25,2.96875,0,1,Barber,average
NA,3.25,3.2231404958677685,0,1,Barber,average
NA,3.25,3.0789473684210527,0,0,Barber,average
NA,3.25,2.3636363636363638,0,0,Barber,average
NA,3.25,2.9714285714285715,0,1,Barber,average
NA,3.25,2.75,0,0,Barber,average
NA,3.25,2.7083333333333335,1,0,Barber,average
NA,3.25,3.25,0,0,Barber,average
NA,3.25,2.724747474747475,0,0,Barber,average
NA,3.25,2.454081632653061,0,0,Barber,average
NA,3.25,2.7181818181818183,0,1,Barber,average
NA,3.25,2.9722222222222223,0,0,Barber,average
NA,3.25,2.9545454545454546,0,0,Barber,average
NA,3.25,2.7857142857142856,0,0,Barber,average
NA,3.25,2.7857142857142856,0,0,Barber,average
NA,3.25,2.1666666666666665,0,0,Barber,average
NA,3.25,2.7857142857142856,1,0,Barber,average
NA,3.25,2.888888888888889,0,0,Barber,average
NA,3.25,2.3472222222222223,0,0,Barber,average
NA,3.25,2.9545454545454546,0,0,Barber,average
NA,3.25,2.7857142857142856,0,0,Barber,average
NA,3.25,2.9791666666666665,0,0,Barber,average
NA,3.25,2.6847826086956523,0,0,Barber,average
NA,3.25,2.9791666666666665,0,0,Barber,average
NA,3.25,3.2007575757575757,0,1,Barber,average
NA,3.25,2.25,0,0,Barber,average
NA,3.25,3.25,0,1,Barber,average
NA,3.25,2.659090909090909,0,0,Barber,average
NA,3.25,2.5729166666666665,0,0,Barber,average
NA,3.25,2.3472222222222223,0,0,Barber,average
NA,3.25,2.7925925925925927,0,0,Barber,average
NA,3.25,2.9545454545454546,0,0,Barber,average
NA,3.25,3.25,0,0,Barber,average
NA,3.25,2.9545454545454546,0,0,Barber,average
NA,3.25,3.2204545454545452,1,1,Barber,average
NA,3.25,2.984090909090909,0,1,Barber,average
NA,3.25,1.7875,0,0,Barber,average
NA,3.25,2.3833333333333333,0,0,Barber,average
NA,3.25,3.017857142857143,0,0,Barber,average
NA,3.25,2.9791666666666665,0,0,Barber,average
NA,3.25,3.25,0,1,Barber,average
NA,3.25,2.923076923076923,0,1,Barber,average
NA,3.25,2.665,0,1,Barber,average
NA,3.25,2.984090909090909,0,1,Barber,average
NA,3.25,3.033333333333333,0,0,Barber,average
NA,3.25,2.75,0,0,Barber,average
NA,3.25,2.5535714285714284,0,0,Barber,average
NA,3.25,3.1597222222222223,1,1,Barber,average
NA,3.25,2.925,0,0,Barber,average
NA,3.25,2.856060606060606,0,1,Barber,average
NA,3.25,2.3214285714285716,0,0,Barber,average
NA,3.25,3.25,0,1,Barber,average
NA,3.25,2.8198529411764706,0,1,Barber,average
NA,3.25,3.25,0,1,Barber,average
NA,3.25,2.7083333333333335,0,0,Barber,average
NA,3.25,2.5,0,0,Barber,average
NA,3.25,2.724747474747475,0,0,Barber,average
NA,3.25,2.8155080213903743,0,1,Barber,average
NA,3.25,2.5535714285714284,0,0,Barber,average
NA,3.25,3.25,0,1,Barber,average
NA,3.25,2.125,0,0,Barber,average
NA,3.25,2.9545454545454546,0,0,Barber,average
NA,3.25,3.25,0,1,Barber,average
NA,3.25,2.0681818181818183,0,0,Barber,average
NA,3.25,3.125,0,1,Barber,average
NA,3.25,2.7857142857142856,0,0,Barber,average
NA,3.25,3.033333333333333,0,0,Barber,average
NA,3.25,1.7105263157894737,0,0,Barber,average
NA,3.25,3.2007575757575757,0,1,Barber,average
NA,3.25,1.9782608695652173,0,0,Barber,average
NA,3.25,2.9791666666666665,0,1,Barber,average
NA,3.25,2.7083333333333335,0,0,Barber,average
NA,3.25,2.9791666666666665,1,0,Barber,average
NA,3.25,2.5,0,0,Barber,average
NA,3.25,2.7083333333333335,0,1,Barber,average
NA,3.25,1.8055555555555556,0,0,Barber,average
NA,3.25,2.3214285714285716,0,0,Barber,average
NA,3.25,2.6801948051948052,0,0,Barber,average
NA,3.25,2.494949494949495,0,0,Barber,average
NA,3.25,2.47,0,0,Barber,average
NA,3.25,2.574675324675325,0,0,Barber,average
NA,3.25,3.25,0,0,Barber,average
NA,3.25,2.640625,0,0,Barber,average
NA,3.25,2.84375,0,0,Barber,average
NA,3.25,3.0727272727272728,0,1,Barber,average
NA,3.25,3.25,0,0,Barber,average
NA,3.25,1.9204545454545454,0,0,Barber,average
NA,3.25,2.7083333333333335,0,0,Barber,average
NA,3.25,2.7857142857142856,0,0,Barber,average
NA,3.25,2.9545454545454546,0,0,Barber,average
NA,3.25,2.3214285714285716,0,0,Barber,average
NA,3.25,2.888888888888889,1,0,Barber,average
NA,3.25,2.7857142857142856,0,0,Barber,average
NA,3.25,2.9545454545454546,0,0,Barber,average
NA,3.25,2.7083333333333335,0,0,Barber,average
NA,3.25,2.7733333333333334,0,1,Barber,average
NA,3.25,3.0,0,0,Barber,average
NA,3.25,1.8958333333333333,0,0,Barber,average
NA,3.25,2.6,0,0,Barber,average
NA,3.25,2.7083333333333335,0,0,Barber,average
NA,3.25,3.25,0,1,Barber,average
NA,3.25,2.03125,0,0,Barber,average
NA,3.25,3.0,0,0,Barber,average
NA,3.25,1.7727272727272727,0,0,Barber,average
NA,3.25,3.25,0,0,Barber,average
NA,3.25,2.9791666666666665,1,0,Barber,average
NA,3.25,1.625,0,0,Barber,average
NA,3.25,2.4375,0,0,Barber,average
NA,3.25,2.665,0,1,Barber,average
NA,3.25,2.925,0,1,Barber,average
NA,3.25,2.738425925925926,0,0,Barber,average
NA,3.25,2.9545454545454546,0,0,Barber,average
NA,3.25,2.4375,0,0,Barber,average
NA,3.25,2.757575757575758,0,1,Barber,average
NA,3.25,2.798611111111111,0,0,Barber,average
NA,3.25,2.7083333333333335,0,0,Barber,average
NA,3.25,1.8571428571428572,0,0,Barber,average
NA,3.25,3.25,1,1,Barber,average
NA,3.25,2.84375,0,0,Barber,average
NA,3.25,2.011904761904762,0,0,Barber,average
NA,3.25,2.7083333333333335,0,0,Barber,average
NA,3.25,3.25,0,0,Barber,average
NA,3.25,3.0,0,0,Barber,average
NA,3.25,3.0,0,0,Barber,average
NA,3.25,2.6,0,0,Barber,average
NA,3.25,2.816666666666667,0,1,Barber,average
NA,3.25,2.6,0,0,Barber,average
NA,3.25,2.08,0,0,Barber,average
NA,3.25,3.25,1,1,Barber,average
NA,3.25,2.9791666666666665,0,1,Barber,average
NA,3.25,3.25,1,0,Barber,average
NA,3.25,2.585227272727273,0,1,Barber,average
NA,3.25,2.8050595238095237,0,0,Barber,average
NA,3.25,2.5434782608695654,0,0,Barber,average
NA,3.25,2.9545454545454546,0,0,Barber,average
NA,3.25,1.8055555555555556,0,0,Barber,average
NA,3.25,2.816666666666667,0,0,Barber,average
NA,3.25,2.929924242424242,0,1,Barber,average
NA,3.25,2.816666666666667,0,0,Barber,average
NA,3.25,3.25,0,1,Barber,average
NA,3.25,2.9545454545454546,0,1,Barber,average
NA,3.25,2.659090909090909,0,0,Barber,average
NA,3.25,2.9545454545454546,0,0,Barber,average
NA,3.25,2.585227272727273,0,1,Barber,average
NA,3.25,2.6666666666666665,0,0,Barber,average
NA,3.25,3.25,0,1,Barber,average
NA,3.25,2.984090909090909,0,1,Barber,average
NA,3.25,2.6847826086956523,0,0,Barber,average
NA,3.25,2.9545454545454546,0,0,Barber,average
NA,3.25,2.659090909090909,0,0,Barber,average
NA,3.25,2.9545454545454546,0,0,Barber,average
NA,3.25,3.0082644628099175,0,1,Barber,average
NA,3.25,2.6,0,0,Barber,average
NA,3.25,2.9791666666666665,0,0,Barber,average
NA,3.25,2.5277777777777777,0,0,Barber,average
NA,3.25,2.3214285714285716,0,0,Barber,average
NA,3.25,2.96875,0,1,Barber,average
NA,3.25,3.1655844155844157,0,1,Barber,average
NA,3.25,2.9545454545454546,0,1,Barber,average
NA,3.25,2.6666666666666665,0,0,Barber,average
NA,3.25,2.9545454545454546,0,0,Barber,average
NA,3.25,2.21,0,0,Barber,average
NA,3.25,2.311111111111111,0,0,Barber,average
NA,3.25,2.9545454545454546,0,0,Barber,average
NA,3.25,2.634469696969697,0,1,Barber,average
NA,3.25,2.5277777777777777,0,0,Barber,average
NA,3.25,2.640625,0,0,Barber,average
NA,3.25,2.75,0,0,Barber,average
NA,3.25,2.6,0,0,Barber,average
NA,3.25,2.1666666666666665,0,0,Barber,average
NA,3.25,2.7685185185185186,0,0,Barber,average
NA,3.25,2.5458333333333334,0,0,Barber,average
NA,3.25,2.9791666666666665,0,1,Barber,average
NA,3.25,2.5277777777777777,0,0,Barber,average
NA,3.25,2.925,0,0,Barber,average
NA,3.25,2.5657894736842106,0,0,Barber,average
NA,3.25,2.265151515151515,0,0,Barber,average
NA,3.25,2.454081632653061,0,0,Barber,average
NA,3.25,3.25,0,0,Barber,average
NA,3.25,2.9791666666666665,1,1,Barber,average
NA,3.25,3.25,0,0,Barber,average
NA,3.25,2.9888392857142856,0,0,Barber,average
NA,3.25,2.9791666666666665,0,0,Barber,average
NA,3.25,1.7875,0,0,Barber,average
NA,3.25,2.6726973684210527,0,0,Barber,average
NA,3.25,2.965625,0,1,Barber,average
NA,3.25,2.640625,0,0,Barber,average
NA,3.25,2.485294117647059,0,0,Barber,average
NA,3.25,3.25,0,1,Barber,average
NA,3.25,2.205357142857143,0,0,Barber,average
NA,3.25,3.0,0,0,Barber,average
NA,3.25,2.7857142857142856,0,1,Barber,average
NA,3.25,2.7857142857142856,0,0,Barber,average
NA,3.25,2.659090909090909,0,0,Barber,average
NA,3.25,2.692857142857143,0,1,Barber,average
NA,3.25,2.5277777777777777,0,0,Barber,average
NA,3.25,3.25,0,1,Barber,average
NA,3.25,3.017857142857143,0,0,Barber,average
NA,3.25,2.665,0,1,Barber,average
NA,3.25,2.9,0,1,Barber,average
NA,3.25,3.25,0,1,Barber,average
NA,3.25,2.6080246913580245,0,0,Barber,average
NA,3.25,2.636111111111111,0,0,Barber,average
NA,3.25,2.925,0,1,Barber,average
NA,3.25,2.808641975308642,0,0,Barber,average
NA,3.25,3.102272727272727,0,1,Barber,average
NA,3.25,3.25,0,0,Barber,average
NA,3.25,3.25,0,1,Barber,average
NA,3.25,2.462121212121212,0,0,Barber,average
NA,3.25,2.627083333333333,0,0,Barber,average
NA,3.25,2.665,1,1,Barber,average
NA,3.25,3.0454545454545454,0,1,Barber,average
NA,3.25,3.0,1,0,Barber,average
NA,3.25,2.9545454545454546,1,0,Barber,average
NA,3.25,0.8125,0,0,Barber,average
NA,3.25,2.75,0,0,Barber,average
NA,3.25,2.3472222222222223,0,0,Barber,average
NA,3.25,3.0,0,0,Barber,average
NA,3.25,2.888888888888889,0,0,Barber,average
NA,3.25,2.7477272727272726,0,1,Barber,average
NA,3.25,2.6,0,0,Barber,average
NA,3.25,2.9791666666666665,0,0,Barber,average
NA,3.25,2.4375,0,0,Barber,average
NA,3.25,2.816666666666667,0,0,Barber,average
NA,3.25,2.3214285714285716,0,0,Barber,average
NA,3.25,2.7857142857142856,0,0,Barber,average
NA,3.25,2.7857142857142856,0,0,Barber,average
NA,3.25,2.9545454545454546,0,0,Barber,average
NA,3.25,2.75,0,0,Barber,average
NA,3.25,3.2231404958677685,0,1,Barber,average
NA,3.25,3.25,0,1,Barber,average
NA,3.25,2.9545454545454546,0,0,Barber,average
NA,3.25,2.7925925925925927,0,0,Barber,average
NA,3.25,2.9545454545454546,0,0,Barber,average
NA,3.25,2.9791666666666665,0,0,Barber,average
NA,3.25,2.5,0,0,Barber,average
NA,3.25,2.9791666666666665,0,0,Barber,average
NA,3.25,2.3214285714285716,0,0,Barber,average
NA,3.25,3.0357142857142856,0,1,Barber,average
NA,4.375,4.375,0,1,Barber,average
NA,4.375,4.375,0,1,Barber,average
NA,4.375,4.375,0,1,Barber,average
NA,4.375,3.6458333333333335,0,0,Barber,average
NA,4.375,4.375,1,1,Barber,average
NA,4.375,4.375,1,1,Barber,average
NA,4.375,4.375,1,0,Barber,average
NA,4.375,4.375,0,1,Barber,average
NA,4.375,3.977272727272727,0,0,Barber,average
NA,4.375,4.375,0,1,Barber,average
NA,4.375,4.375,1,1,Barber,average
NA,4.375,4.375,1,1,Barber,average
NA,4.375,4.375,0,1,Barber,average
NA,4.375,4.375,0,1,Barber,average
NA,4.375,3.6458333333333335,0,0,Barber,average
NA,4.375,3.977272727272727,1,0,Barber,average
NA,4.375,4.375,1,0,Barber,average
NA,4.375,4.375,1,1,Barber,average
NA,4.375,4.375,0,0,Barber,average
NA,4.375,4.375,0,1,Barber,average
NA,4.375,3.977272727272727,1,0,Barber,average
NA,4.375,4.375,1,0,Barber,average
NA,4.375,4.375,1,1,Barber,average
NA,4.375,4.375,1,1,Barber,average
NA,4.375,4.375,0,1,Barber,average
NA,4.375,4.375,1,1,Barber,average
NA,4.375,3.977272727272727,0,0,Barber,average
NA,4.375,4.375,1,1,Barber,average
NA,4.375,4.375,1,1,Barber,average
NA,4.375,3.977272727272727,1,0,Barber,average
NA,4.375,4.375,0,1,Barber,average
NA,4.375,4.375,1,1,Barber,average
NA,4.375,4.375,0,1,Barber,average
NA,4.375,3.659090909090909,0,1,Barber,average
NA,4.375,4.375,0,1,Barber,average
NA,4.375,3.977272727272727,0,0,Barber,average
NA,4.375,4.010416666666667,0,0,Barber,average
NA,4.375,3.977272727272727,0,0,Barber,average
NA,4.375,4.038461538461538,0,0,Barber,average
NA,4.375,4.375,0,1,Barber,average
NA,4.375,4.049586776859504,0,1,Barber,average
NA,4.375,4.375,1,0,Barber,average
NA,4.375,4.375,0,1,Barber,average
NA,4.375,3.996394230769231,0,1,Barber,average
NA,4.375,4.375,1,1,Barber,average
NA,4.375,3.6458333333333335,0,0,Barber,average
NA,4.375,4.375,0,1,Barber,average
NA,4.375,4.375,1,1,Barber,average
NA,4.375,3.977272727272727,0,0,Barber,average
NA,4.375,4.375,1,1,Barber,average
NA,4.375,4.375,0,1,Barber,average
NA,4.375,4.375,1,1,Barber,average
NA,4.375,4.375,1,1,Barber,average
NA,4.375,4.375,0,0,Barber,average
NA,4.375,4.375,1,1,Barber,average
NA,4.375,4.010416666666667,0,1,Barber,average
NA,4.375,3.977272727272727,0,0,Barber,average
NA,4.375,4.375,1,1,Barber,average
NA,4.375,3.977272727272727,1,0,Barber,average
NA,4.375,4.375,1,1,Barber,average
NA,4.375,3.977272727272727,0,0,Barber,average
NA,4.375,4.375,0,1,Barber,average
NA,4.375,4.375,0,1,Barber,average
NA,4.375,3.977272727272727,0,0,Barber,average
NA,4.375,3.3653846153846154,0,0,Barber,average
NA,4.375,3.977272727272727,1,0,Barber,average
NA,4.375,4.375,0,1,Barber,average
NA,4.375,4.375,1,1,Barber,average
NA,4.375,4.375,1,1,Barber,average
NA,4.375,4.375,1,0,Barber,average
NA,4.375,4.375,1,1,Barber,average
NA,4.375,3.977272727272727,0,0,Barber,average
NA,4.375,4.375,0,1,Barber,average
NA,4.375,4.375,1,0,Barber,average
NA,4.375,4.017045454545454,1,1,Barber,average
NA,4.375,3.977272727272727,1,0,Barber,average
NA,4.375,4.375,1,1,Barber,average
NA,4.375,4.375,1,1,Barber,average
NA,4.375,4.375,1,1,Barber,average
NA,4.375,4.375,0,1,Barber,average
NA,4.375,3.828125,0,0,Barber,average
NA,4.375,3.6458333333333335,0,0,Barber,average
NA,4.375,3.977272727272727,1,0,Barber,average
NA,4.375,4.375,1,0,Barber,average
NA,4.375,4.010416666666667,0,0,Barber,average
NA,4.375,4.375,0,1,Barber,average
NA,4.375,4.375,1,1,Barber,average
NA,4.375,4.038461538461538,1,0,Barber,average
NA,4.375,4.375,0,1,Barber,average
NA,4.375,4.283216783216783,0,1,Barber,average
NA,4.375,2.3026315789473686,0,0,Barber,average
NA,4.375,4.375,1,1,Barber,average
NA,4.375,4.375,1,1,Barber,average
NA,4.375,4.375,1,1,Barber,average
NA,4.375,4.375,1,1,Barber,average
NA,4.375,4.338842975206612,0,1,Barber,average
NA,4.375,3.5795454545454546,0,0,Barber,average
NA,4.375,4.375,1,1,Barber,average
NA,4.375,3.9375,1,0,Barber,average
NA,4.375,3.977272727272727,0,0,Barber,average
NA,4.375,4.375,0,1,Barber,average
NA,4.375,4.375,0,1,Barber,average
NA,4.375,3.977272727272727,1,0,Barber,average
NA,4.375,3.9583333333333335,0,0,Barber,average
NA,4.375,3.9375,1,0,Barber,average
NA,4.375,3.9583333333333335,0,0,Barber,average
NA,4.375,4.375,0,1,Barber,average
NA,4.375,3.6458333333333335,0,0,Barber,average
NA,4.375,4.375,0,0,Barber,average
NA,4.375,4.375,1,1,Barber,average
NA,4.375,4.375,0,1,Barber,average
NA,4.375,4.375,1,1,Barber,average
NA,4.375,4.375,0,0,Barber,average
NA,4.375,3.977272727272727,0,0,Barber,average
NA,4.375,3.977272727272727,1,0,Barber,average
NA,4.375,4.375,0,1,Barber,average
NA,4.375,4.375,1,1,Barber,average
NA,4.375,4.010416666666667,0,1,Barber,average
NA,4.375,4.010416666666667,1,0,Barber,average
NA,4.375,4.375,1,1,Barber,average
NA,4.375,4.010416666666667,0,0,Barber,average
NA,4.375,3.977272727272727,1,0,Barber,average
NA,4.375,4.375,0,1,Barber,average
NA,4.375,4.010416666666667,0,0,Barber,average
NA,4.375,4.338842975206612,1,1,Barber,average
NA,4.375,4.375,0,0,Barber,average
NA,4.375,4.375,0,1,Barber,average
NA,4.375,3.3653846153846154,0,0,Barber,average
NA,4.375,4.375,1,1,Barber,average
NA,4.375,4.375,1,0,Barber,average
NA,4.375,3.5795454545454546,0,0,Barber,average
NA,4.375,4.375,0,1,Barber,average
NA,4.375,4.010416666666667,1,0,Barber,average
NA,4.375,3.6979166666666665,0,1,Barber,average
NA,4.375,3.977272727272727,0,0,Barber,average
NA,4.375,4.375,0,1,Barber,average
NA,4.375,4.375,1,1,Barber,average
NA,4.375,3.1818181818181817,0,0,Barber,average
NA,4.375,2.5,0,0,Barber,average
NA,4.375,3.977272727272727,0,0,Barber,average
NA,4.375,4.375,0,0,Barber,average
NA,4.375,4.375,1,0,Barber,average
NA,4.375,3.71875,0,1,Barber,average
NA,4.375,4.375,1,1,Barber,average
NA,4.375,4.375,1,1,Barber,average
NA,4.375,4.010416666666667,0,0,Barber,average
NA,4.375,3.4375,0,0,Barber,average
NA,4.375,3.5795454545454546,0,0,Barber,average
NA,4.375,4.375,1,1,Barber,average
NA,4.375,3.5795454545454546,0,0,Barber,average
NA,4.375,4.375,1,1,Barber,average
NA,4.375,3.977272727272727,0,0,Barber,average
NA,4.375,4.375,0,1,Barber,average
NA,4.375,3.977272727272727,1,0,Barber,average
NA,4.375,4.375,1,0,Barber,average
NA,4.375,4.375,0,1,Barber,average
NA,4.375,4.010416666666667,0,0,Barber,average
NA,4.375,4.375,0,1,Barber,average
NA,4.375,4.375,1,1,Barber,average
NA,4.375,4.375,1,1,Barber,average
NA,4.375,3.5875,0,1,Barber,average
NA,4.375,3.977272727272727,0,0,Barber,average
NA,4.375,3.977272727272727,0,0,Barber,average
NA,4.375,4.375,0,1,Barber,average
NA,4.375,3.6458333333333335,0,0,Barber,average
NA,4.375,4.375,0,0,Barber,average
NA,4.375,3.701923076923077,0,0,Barber,average
NA,4.375,3.977272727272727,0,0,Barber,average
NA,4.375,3.977272727272727,0,0,Barber,average
NA,4.375,3.9375,1,0,Barber,average
NA,4.375,4.166666666666667,0,0,Barber,average
NA,4.375,4.375,0,1,Barber,average
NA,4.375,4.375,1,1,Barber,average
NA,4.375,4.010416666666667,0,0,Barber,average
NA,4.375,3.6458333333333335,0,0,Barber,average
NA,4.375,4.010416666666667,0,0,Barber,average
NA,4.375,3.3653846153846154,0,0,Barber,average
NA,4.375,4.375,1,1,Barber,average
NA,4.375,4.375,0,0,Barber,average
NA,4.375,3.977272727272727,1,0,Barber,average
NA,4.375,3.977272727272727,0,0,Barber,average
NA,4.375,3.2083333333333335,0,0,Barber,average
NA,4.375,3.977272727272727,0,0,Barber,average
NA,4.375,4.375,0,1,Barber,average
NA,4.375,4.010416666666667,0,0,Barber,average
NA,4.375,4.010416666666667,0,1,Barber,average
NA,4.375,4.375,0,1,Barber,average
NA,4.375,3.977272727272727,0,0,Barber,average
NA,4.375,3.6458333333333335,0,0,Barber,average
NA,4.375,3.977272727272727,0,0,Barber,average
NA,4.375,4.375,0,1,Barber,average
NA,4.375,3.9375,1,0,Barber,average
NA,4.375,4.375,0,1,Barber,average
NA,4.375,3.977272727272727,0,0,Barber,average
NA,4.375,3.6458333333333335,0,0,Barber,average
NA,4.375,3.977272727272727,1,0,Barber,average
NA,4.375,4.375,0,1,Barber,average
NA,4.375,4.375,1,1,Barber,average
NA,4.375,3.6458333333333335,0,0,Barber,average
NA,4.375,3.977272727272727,0,0,Barber,average
NA,4.375,3.125,0,0,Barber,average
NA,4.375,3.3653846153846154,0,0,Barber,average
NA,4.375,4.375,0,1,Barber,average
NA,4.375,3.977272727272727,1,0,Barber,average
NA,4.375,4.375,1,1,Barber,average
NA,4.375,4.375,1,1,Barber,average
NA,4.375,4.375,0,1,Barber,average
NA,4.375,4.375,1,1,Barber,average
NA,4.375,4.375,0,1,Barber,average
NA,4.375,4.375,1,1,Barber,average
NA,4.375,4.375,1,1,Barber,average
NA,4.375,4.375,1,0,Barber,average
NA,4.375,4.375,0,1,Barber,average
NA,4.375,4.375,1,1,Barber,average
NA,4.375,3.977272727272727,0,0,Barber,average
NA,4.375,4.375,1,1,Barber,average
NA,4.375,3.977272727272727,0,0,Barber,average
NA,4.375,3.977272727272727,0,0,Barber,average
NA,4.375,4.375,0,1,Barber,average
NA,4.375,4.375,0,1,Barber,average
NA,4.375,4.0318627450980395,0,1,Barber,average
NA,4.375,4.308712121212121,0,1,Barber,average
NA,4.375,4.338842975206612,0,1,Barber,average
NA,4.375,4.017045454545454,1,1,Barber,average
NA,4.375,4.010416666666667,0,0,Barber,average
NA,4.375,3.977272727272727,1,0,Barber,average
NA,4.375,3.977272727272727,1,0,Barber,average
NA,4.375,4.375,1,1,Barber,average
NA,4.375,3.7916666666666665,0,0,Barber,average
NA,4.375,4.375,1,1,Barber,average
NA,4.375,4.375,0,1,Barber,average
NA,4.375,4.375,0,1,Barber,average
NA,4.375,4.375,1,0,Barber,average
NA,4.375,4.375,0,1,Barber,average
NA,4.375,4.010416666666667,0,0,Barber,average
NA,4.375,4.375,1,0,Barber,average
NA,4.375,3.5,0,0,Barber,average
NA,4.375,3.977272727272727,0,0,Barber,average
NA,4.375,3.828125,1,0,Barber,average
NA,4.375,4.375,0,1,Barber,average
NA,4.375,4.375,1,1,Barber,average
NA,4.375,4.375,0,1,Barber,average
NA,4.375,4.375,0,1,Barber,average
NA,4.375,3.977272727272727,0,0,Barber,average
NA,4.375,4.010416666666667,0,0,Barber,average
NA,4.375,3.6458333333333335,0,0,Barber,average
NA,4.375,3.977272727272727,1,0,Barber,average
NA,4.375,4.375,1,1,Barber,average
NA,4.375,3.977272727272727,0,0,Barber,average
NA,4.375,4.375,0,0,Barber,average
NA,4.375,4.010416666666667,0,0,Barber,average
NA,4.375,3.977272727272727,0,0,Barber,average
NA,4.375,3.6458333333333335,0,0,Barber,average
NA,4.375,4.375,1,1,Barber,average
NA,4.375,4.375,1,1,Barber,average
NA,4.375,4.375,0,1,Barber,average
NA,4.375,4.017045454545454,0,1,Barber,average
NA,4.375,4.375,0,1,Barber,average
NA,4.375,3.977272727272727,0,0,Barber,average
NA,4.375,3.977272727272727,0,0,Barber,average
NA,4.375,4.375,0,1,Barber,average
NA,4.375,4.375,1,1,Barber,average
NA,4.375,4.017045454545454,0,1,Barber,average
NA,4.375,4.375,0,1,Barber,average
NA,4.375,4.375,0,1,Barber,average
NA,4.375,4.375,0,1,Barber,average
NA,4.375,4.375,1,1,Barber,average
NA,4.375,4.375,1,1,Barber,average
NA,4.375,4.375,1,0,Barber,average
NA,4.375,4.375,0,1,Barber,average
NA,4.375,3.977272727272727,0,0,Barber,average
NA,4.375,4.375,1,1,Barber,average
NA,4.375,4.375,1,1,Barber,average
NA,4.375,3.977272727272727,0,0,Barber,average
NA,4.375,4.017045454545454,0,1,Barber,average
NA,4.375,3.977272727272727,0,0,Barber,average
NA,4.375,3.977272727272727,1,0,Barber,average
NA,4.375,4.375,0,1,Barber,average
NA,4.375,3.977272727272727,0,0,Barber,average
NA,4.375,4.375,0,0,Barber,average
NA,4.375,4.010416666666667,0,0,Barber,average
NA,4.375,3.977272727272727,0,0,Barber,average
NA,4.375,4.375,1,1,Barber,average
NA,4.375,3.977272727272727,0,0,Barber,average
NA,4.375,4.375,1,1,Barber,average
NA,4.375,4.375,1,1,Barber,average
NA,4.375,4.375,1,1,Barber,average
NA,4.375,4.375,1,0,Barber,average
NA,4.375,4.375,1,1,Barber,average
NA,4.375,4.375,0,0,Barber,average
NA,4.375,3.6458333333333335,0,0,Barber,average
NA,4.375,4.010416666666667,1,1,Barber,average
NA,4.375,4.375,0,1,Barber,average
NA,4.375,4.338842975206612,0,1,Barber,average
NA,4.375,4.0625,0,0,Barber,average
NA,4.375,3.977272727272727,0,0,Barber,average
NA,4.375,3.977272727272727,0,0,Barber,average
NA,4.375,4.375,0,1,Barber,average
NA,4.375,3.7916666666666665,0,1,Barber,average
NA,4.375,3.5875,0,1,Barber,average
NA,4.375,3.701923076923077,0,0,Barber,average
NA,4.375,4.375,1,1,Barber,average
NA,4.375,2.3026315789473686,0,0,Barber,average
NA,4.375,4.375,0,1,Barber,average
NA,4.375,4.375,1,1,Barber,average
NA,4.375,4.010416666666667,0,0,Barber,average
NA,4.375,4.375,1,1,Barber,average
NA,4.375,3.6458333333333335,0,0,Barber,average
NA,4.375,4.375,0,0,Barber,average
NA,4.375,3.977272727272727,0,0,Barber,average
NA,4.375,3.977272727272727,0,0,Barber,average
NA,4.375,4.375,1,1,Barber,average
NA,4.375,4.375,1,1,Barber,average
NA,4.375,4.375,0,1,Barber,average
NA,4.375,4.375,1,1,Barber,average
NA,4.375,4.375,1,1,Barber,average
NA,4.375,4.375,1,1,Barber,average
NA,4.375,3.125,0,0,Barber,average
NA,4.375,4.017045454545454,0,1,Barber,average
NA,4.375,3.977272727272727,1,0,Barber,average
NA,4.375,3.9375,1,0,Barber,average
NA,4.375,3.977272727272727,0,0,Barber,average
NA,4.375,4.375,0,1,Barber,average
NA,4.375,4.375,0,1,Barber,average
NA,4.375,3.977272727272727,0,0,Barber,average
NA,4.375,4.375,1,1,Barber,average
NA,4.375,4.375,0,1,Barber,average
NA,4.375,4.375,0,1,Barber,average
NA,4.375,4.010416666666667,0,1,Barber,average
NA,4.375,3.6458333333333335,0,0,Barber,average
NA,4.375,3.6458333333333335,0,0,Barber,average
NA,4.375,4.375,1,0,Barber,average
NA,4.375,3.977272727272727,1,0,Barber,average
NA,4.375,4.375,0,1,Barber,average
NA,4.375,4.049586776859504,0,1,Barber,average
NA,4.375,4.038461538461538,0,0,Barber,average
NA,4.375,3.977272727272727,0,0,Barber,average
NA,4.375,3.977272727272727,0,0,Barber,average
NA,4.375,4.038461538461538,0,0,Barber,average
NA,4.375,3.71875,0,1,Barber,average
NA,4.375,4.375,0,1,Barber,average
NA,4.375,4.375,0,1,Barber,average
NA,4.375,4.375,0,1,Barber,average
NA,4.375,4.017045454545454,0,1,Barber,average
NA,4.375,3.6458333333333335,0,0,Barber,average
NA,4.375,4.375,0,1,Barber,average
NA,4.375,3.4375,0,0,Barber,average
NA,4.375,4.375,0,0,Barber,average
NA,4.375,4.010416666666667,0,0,Barber,average
NA,4.375,3.977272727272727,0,0,Barber,average
NA,4.375,4.375,1,1,Barber,average
NA,4.375,4.375,0,1,Barber,average
NA,4.375,4.375,1,1,Barber,average
NA,4.375,4.375,0,1,Barber,average
NA,4.375,3.9375,1,0,Barber,average
NA,4.375,4.375,0,1,Barber,average
NA,4.375,4.010416666666667,0,0,Barber,average
NA,4.375,3.6458333333333335,1,0,Barber,average
NA,4.375,3.701923076923077,0,0,Barber,average
NA,4.375,4.375,1,1,Barber,average
NA,4.375,4.375,0,1,Barber,average
NA,4.375,4.017045454545454,0,1,Barber,average
NA,4.375,4.375,1,1,Barber,average
NA,4.375,4.010416666666667,1,0,Barber,average
NA,4.375,4.375,1,0,Barber,average
NA,4.375,4.375,1,1,Barber,average
NA,4.375,3.9375,0,0,Barber,average
NA,4.375,4.375,0,1,Barber,average
NA,4.375,4.375,1,1,Barber,average
NA,4.375,4.375,0,1,Barber,average
NA,4.375,4.375,0,1,Barber,average
NA,4.375,4.375,1,1,Barber,average
NA,4.375,4.375,0,1,Barber,average
NA,4.375,4.375,0,1,Barber,average
NA,4.375,4.375,0,1,Barber,average
NA,4.375,4.375,0,1,Barber,average
NA,4.375,4.375,1,1,Barber,average
NA,4.375,4.375,0,1,Barber,average
NA,4.375,3.6458333333333335,0,0,Barber,average
NA,4.375,4.375,0,1,Barber,average
NA,4.375,4.375,1,0,Barber,average
NA,4.375,4.375,0,1,Barber,average
NA,4.375,4.375,1,1,Barber,average
NA,4.375,3.977272727272727,1,0,Barber,average
NA,4.375,3.977272727272727,0,0,Barber,average
NA,4.375,3.5,0,0,Barber,average
NA,4.375,3.977272727272727,1,0,Barber,average
NA,4.375,4.375,1,1,Barber,average
NA,4.375,4.010416666666667,0,0,Barber,average
NA,4.375,4.375,0,0,Barber,average
NA,4.375,3.977272727272727,0,0,Barber,average
NA,4.375,4.375,1,1,Barber,average
NA,4.375,4.375,0,1,Barber,average
NA,4.375,4.375,0,0,Barber,average
NA,4.375,3.977272727272727,1,0,Barber,average
NA,4.375,4.010416666666667,0,1,Barber,average
NA,4.375,4.375,1,1,Barber,average
NA,4.375,4.375,0,1,Barber,average
NA,4.375,3.977272727272727,1,0,Barber,average
NA,4.375,4.375,1,1,Barber,average
NA,4.375,3.3653846153846154,0,0,Barber,average
NA,4.375,4.010416666666667,0,0,Barber,average
NA,4.375,3.125,0,0,Barber,average
NA,4.375,3.125,0,0,Barber,average
NA,4.375,4.308712121212121,1,1,Barber,average
NA,4.375,3.977272727272727,0,0,Barber,average
NA,4.375,4.375,0,1,Barber,average
NA,4.375,3.6458333333333335,0,0,Barber,average
NA,4.375,4.017045454545454,0,1,Barber,average
NA,4.375,4.375,1,1,Barber,average
NA,4.375,4.375,0,1,Barber,average
NA,4.375,3.977272727272727,0,0,Barber,average
NA,4.375,4.375,0,1,Barber,average
NA,4.375,4.375,0,0,Barber,average
NA,4.375,3.977272727272727,0,0,Barber,average
NA,4.375,3.977272727272727,0,0,Barber,average
NA,4.375,3.977272727272727,1,0,Barber,average
NA,4.375,4.038461538461538,0,0,Barber,average
NA,4.375,4.375,1,1,Barber,average
NA,4.375,4.375,0,1,Barber,average
NA,4.375,3.7268518518518516,0,0,Barber,average
NA,4.375,3.3653846153846154,0,0,Barber,average
NA,4.375,4.375,0,1,Barber,average
NA,4.375,4.375,1,1,Barber,average
NA,4.375,3.977272727272727,0,0,Barber,average
NA,4.375,4.375,0,1,Barber,average
NA,4.375,3.977272727272727,1,0,Barber,average
NA,4.375,3.6458333333333335,0,0,Barber,average
NA,4.375,4.375,1,1,Barber,average
NA,4.375,3.6458333333333335,0,0,Barber,average
NA,4.375,4.375,1,0,Barber,average
NA,4.375,4.375,1,1,Barber,average
NA,4.375,4.375,1,1,Barber,average
NA,4.375,4.017045454545454,0,1,Barber,average
NA,4.375,4.375,1,1,Barber,average
NA,4.375,3.75,0,0,Barber,average
NA,4.375,3.977272727272727,1,0,Barber,average
NA,4.375,3.6458333333333335,0,0,Barber,average
NA,4.375,3.6458333333333335,0,0,Barber,average
NA,4.375,4.338842975206612,0,1,Barber,average
NA,4.375,3.977272727272727,0,0,Barber,average
NA,4.375,3.977272727272727,0,0,Barber,average
NA,4.375,4.375,1,0,Barber,average
NA,4.375,4.375,0,1,Barber,average
NA,4.375,4.375,1,0,Barber,average
NA,4.375,4.375,1,1,Barber,average
NA,4.375,4.375,1,1,Barber,average
NA,4.375,3.71875,0,1,Barber,average
NA,4.375,4.375,1,1,Barber,average
NA,4.375,4.375,1,1,Barber,average
NA,4.375,4.375,0,1,Barber,average
NA,4.375,4.375,1,1,Barber,average
NA,4.375,4.375,0,1,Barber,average
NA,4.375,3.977272727272727,0,0,Barber,average
NA,4.375,4.375,1,1,Barber,average
NA,4.375,4.375,0,1,Barber,average
NA,4.375,3.977272727272727,0,0,Barber,average
NA,4.375,4.375,1,0,Barber,average
NA,4.375,4.375,0,1,Barber,average
NA,4.375,4.375,0,1,Barber,average
NA,4.375,4.375,0,1,Barber,average
NA,4.375,4.375,1,1,Barber,average
NA,4.375,4.375,1,1,Barber,average
NA,4.375,4.375,0,1,Barber,average
NA,4.375,4.375,1,1,Barber,average
NA,4.375,4.375,1,1,Barber,average
NA,4.375,4.375,0,1,Barber,average
NA,4.375,4.010416666666667,0,0,Barber,average
NA,4.375,4.338842975206612,0,1,Barber,average
NA,4.375,4.375,0,1,Barber,average
NA,4.375,3.6458333333333335,0,0,Barber,average
NA,4.375,4.375,0,1,Barber,average
NA,4.375,4.010416666666667,0,0,Barber,average
NA,4.375,4.375,1,1,Barber,average
NA,4.375,4.017045454545454,1,1,Barber,average
NA,4.375,3.977272727272727,0,0,Barber,average
NA,4.375,4.375,0,1,Barber,average
NA,4.375,4.308712121212121,0,1,Barber,average
NA,4.375,3.977272727272727,0,0,Barber,average
NA,4.375,3.977272727272727,1,0,Barber,average
NA,4.375,4.375,0,1,Barber,average
NA,4.375,3.4375,0,0,Barber,average
NA,4.375,4.375,1,0,Barber,average
NA,4.375,4.049586776859504,1,1,Barber,average
NA,4.375,4.375,1,1,Barber,average
NA,4.375,4.375,0,1,Barber,average
NA,4.375,3.977272727272727,1,0,Barber,average
NA,4.375,3.515625,0,0,Barber,average
NA,4.375,4.010416666666667,0,0,Barber,average
NA,4.375,3.9375,1,0,Barber,average
NA,4.375,3.977272727272727,0,0,Barber,average
NA,4.375,4.0625,0,0,Barber,average
NA,4.375,4.375,0,1,Barber,average
NA,4.375,4.375,0,1,Barber,average
NA,4.375,4.375,0,0,Barber,average
NA,4.375,4.038461538461538,0,0,Barber,average
NA,4.375,3.6458333333333335,0,0,Barber,average
NA,4.375,4.375,0,1,Barber,average
NA,4.375,4.375,0,1,Barber,average
NA,4.375,3.977272727272727,1,0,Barber,average
NA,4.375,4.375,0,1,Barber,average
NA,4.375,3.9375,0,0,Barber,average
NA,4.375,4.017045454545454,0,1,Barber,average
NA,4.375,4.375,1,1,Barber,average
NA,4.375,4.375,0,1,Barber,average
NA,4.375,3.977272727272727,0,0,Barber,average
NA,4.375,3.977272727272727,0,0,Barber,average
NA,4.375,4.375,1,0,Barber,average
NA,4.375,4.017045454545454,0,1,Barber,average
NA,4.375,3.977272727272727,0,0,Barber,average
NA,4.375,4.375,0,0,Barber,average
NA,4.375,3.977272727272727,1,0,Barber,average
NA,4.375,3.977272727272727,1,0,Barber,average
NA,4.375,3.977272727272727,1,0,Barber,average
NA,4.375,3.977272727272727,0,0,Barber,average
NA,4.375,3.977272727272727,0,0,Barber,average
NA,4.375,4.375,0,1,Barber,average
NA,4.375,3.701923076923077,1,0,Barber,average
NA,4.375,4.375,1,0,Barber,average
NA,4.375,3.8446969696969697,1,1,Barber,average
NA,4.375,4.375,1,1,Barber,average
NA,4.375,4.375,1,1,Barber,average
NA,4.375,4.375,1,1,Barber,average
NA,4.375,4.375,1,0,Barber,average
NA,4.375,4.375,1,1,Barber,average
NA,4.375,4.017045454545454,0,1,Barber,average
NA,4.375,4.375,1,1,Barber,average
NA,4.375,4.375,1,1,Barber,average
NA,4.375,4.375,0,1,Barber,average
NA,4.375,4.375,0,0,Barber,average
NA,4.375,3.977272727272727,0,0,Barber,average
NA,4.375,3.3653846153846154,0,0,Barber,average
NA,4.375,4.375,1,1,Barber,average
NA,4.375,3.3653846153846154,0,0,Barber,average
NA,4.375,4.375,0,1,Barber,average
NA,4.375,4.375,0,1,Barber,average
NA,4.375,4.375,0,1,Barber,average
NA,4.375,3.977272727272727,1,0,Barber,average
NA,4.375,3.977272727272727,1,0,Barber,average
NA,4.375,4.375,0,1,Barber,average
NA,4.375,4.375,0,1,Barber,average
NA,4.375,4.375,1,1,Barber,average
NA,4.375,4.375,0,1,Barber,average
NA,4.375,4.0048076923076925,0,1,Barber,average
NA,4.375,3.6458333333333335,0,0,Barber,average
NA,4.375,4.375,1,1,Barber,average
NA,4.375,4.375,0,0,Barber,average
NA,4.375,3.977272727272727,0,0,Barber,average
NA,4.375,4.375,0,0,Barber,average
NA,4.375,3.7268518518518516,0,0,Barber,average
NA,4.375,4.010416666666667,0,0,Barber,average
NA,4.375,4.375,1,1,Barber,average
NA,4.375,4.375,1,1,Barber,average
NA,4.375,3.977272727272727,0,0,Barber,average
NA,4.375,3.977272727272727,1,0,Barber,average
NA,4.375,3.977272727272727,0,0,Barber,average
NA,4.375,4.375,1,1,Barber,average
NA,4.375,3.6458333333333335,1,0,Barber,average
NA,4.375,4.375,1,1,Barber,average
NA,4.375,4.375,1,1,Barber,average
NA,4.375,3.9375,0,0,Barber,average
NA,4.375,3.977272727272727,1,0,Barber,average
NA,4.375,4.375,1,1,Barber,average
NA,4.375,3.977272727272727,0,0,Barber,average
NA,4.375,4.375,1,1,Barber,average
NA,4.375,4.375,0,1,Barber,average
NA,4.375,3.9375,0,0,Barber,average
NA,4.375,3.6458333333333335,0,0,Barber,average
NA,4.375,4.375,1,1,Barber,average
NA,4.375,4.375,0,1,Barber,average
NA,4.375,4.375,1,0,Barber,average
NA,4.375,4.375,0,1,Barber,average
NA,4.375,4.010416666666667,1,0,Barber,average
NA,4.375,3.977272727272727,0,0,Barber,average
NA,4.375,3.977272727272727,0,0,Barber,average
NA,4.375,4.375,0,1,Barber,average
NA,4.375,4.375,1,1,Barber,average
NA,4.375,4.375,1,1,Barber,average
NA,4.375,4.375,1,1,Barber,average
NA,4.375,4.038461538461538,0,0,Barber,average
NA,4.375,4.375,1,1,Barber,average
NA,4.375,3.5795454545454546,0,0,Barber,average
NA,4.375,3.701923076923077,0,0,Barber,average
NA,4.375,3.977272727272727,1,0,Barber,average
NA,4.375,3.701923076923077,0,0,Barber,average
NA,4.375,4.375,0,1,Barber,average
NA,4.375,3.977272727272727,0,0,Barber,average
NA,4.375,4.375,0,0,Barber,average
NA,4.375,3.7268518518518516,0,0,Barber,average
NA,4.375,3.3653846153846154,0,0,Barber,average
NA,4.375,3.4375,0,0,Barber,average
NA,4.375,4.375,1,1,Barber,average
NA,4.375,4.375,0,0,Barber,average
NA,4.375,3.9375,0,0,Barber,average
NA,4.375,4.375,0,0,Barber,average
NA,4.375,4.375,0,1,Barber,average
NA,4.375,3.977272727272727,0,0,Barber,average
NA,4.375,4.375,1,0,Barber,average
NA,4.375,4.083333333333333,0,0,Barber,average
NA,4.375,4.375,1,0,Barber,average
NA,4.375,3.701923076923077,0,0,Barber,average
NA,4.375,4.375,1,1,Barber,average
NA,4.375,4.375,1,1,Barber,average
NA,4.375,4.308712121212121,0,1,Barber,average
NA,4.375,3.888888888888889,1,0,Barber,average
NA,4.375,3.977272727272727,0,0,Barber,average
NA,4.375,4.375,0,1,Barber,average
NA,4.375,4.375,1,1,Barber,average
NA,4.375,4.375,1,1,Barber,average
NA,4.375,4.049586776859504,0,1,Barber,average
NA,4.375,4.375,1,1,Barber,average
NA,4.375,3.977272727272727,1,0,Barber,average
NA,4.375,4.375,0,1,Barber,average
NA,4.375,4.375,1,1,Barber,average
NA,4.375,4.375,0,0,Barber,average
NA,4.375,3.977272727272727,0,0,Barber,average
NA,4.375,4.375,1,0,Barber,average
NA,4.375,3.6458333333333335,1,0,Barber,average
NA,4.375,3.977272727272727,0,0,Barber,average
NA,4.375,4.375,0,1,Barber,average
NA,4.375,4.049586776859504,0,1,Barber,average
NA,4.375,4.375,1,1,Barber,average
NA,4.375,4.375,1,0,Barber,average
NA,4.375,4.010416666666667,0,0,Barber,average
NA,4.375,4.375,1,1,Barber,average
NA,4.375,4.15625,0,0,Barber,average
NA,4.375,4.375,0,1,Barber,average
NA,4.375,3.7268518518518516,0,0,Barber,average
NA,4.375,4.375,1,1,Barber,average
NA,4.375,3.9375,0,0,Barber,average
NA,4.375,4.375,0,1,Barber,average
NA,4.375,4.253472222222222,0,1,Barber,average
NA,4.375,4.010416666666667,0,0,Barber,average
NA,4.375,4.375,0,1,Barber,average
NA,4.375,3.3653846153846154,0,0,Barber,average
NA,4.375,4.375,1,1,Barber,average
NA,4.375,4.375,1,1,Barber,average
NA,4.375,4.375,0,1,Barber,average
NA,4.375,4.375,0,1,Barber,average
NA,4.375,4.375,1,1,Barber,average
NA,4.375,3.977272727272727,0,0,Barber,average
NA,4.375,4.010416666666667,0,0,Barber,average
NA,4.375,4.038461538461538,1,0,Barber,average
NA,4.375,3.977272727272727,0,0,Barber,average
NA,4.375,3.9375,0,0,Barber,average
NA,4.375,4.010416666666667,0,0,Barber,average
NA,4.375,4.010416666666667,0,0,Barber,average
NA,4.375,4.15625,0,0,Barber,average
NA,4.375,4.375,1,1,Barber,average
NA,4.375,4.017045454545454,1,1,Barber,average
NA,4.375,4.375,1,1,Barber,average
NA,4.375,4.375,0,1,Barber,average
NA,4.375,4.375,1,1,Barber,average
NA,4.375,3.3653846153846154,0,0,Barber,average
NA,4.375,4.010416666666667,0,0,Barber,average
NA,4.375,4.375,1,1,Barber,average
NA,4.375,3.9375,0,0,Barber,average
NA,4.375,3.7268518518518516,1,0,Barber,average
NA,4.375,4.375,1,1,Barber,average
NA,4.375,4.375,1,1,Barber,average
NA,4.375,4.375,1,1,Barber,average
NA,4.375,4.375,0,1,Barber,average
NA,4.375,4.375,1,1,Barber,average
NA,4.375,4.375,1,1,Barber,average
NA,4.375,4.375,0,1,Barber,average
NA,4.375,4.375,1,1,Barber,average
NA,4.375,4.375,1,1,Barber,average
NA,4.375,4.010416666666667,1,0,Barber,average
NA,4.375,3.7393162393162394,0,0,Barber,average
NA,4.375,3.977272727272727,0,0,Barber,average
NA,4.375,4.375,1,1,Barber,average
NA,4.375,4.375,0,1,Barber,average
NA,4.375,4.375,1,1,Barber,average
NA,4.375,3.977272727272727,0,0,Barber,average
NA,4.375,3.6458333333333335,1,0,Barber,average
NA,4.375,3.977272727272727,0,0,Barber,average
NA,4.375,4.375,0,1,Barber,average
NA,4.375,4.375,0,1,Barber,average
NA,4.375,4.15625,0,0,Barber,average
NA,4.375,4.375,1,1,Barber,average
NA,4.375,4.375,1,1,Barber,average
NA,4.375,4.017045454545454,0,1,Barber,average
NA,4.375,4.010416666666667,0,0,Barber,average
NA,4.375,3.3806818181818183,0,1,Barber,average
NA,4.375,3.125,0,0,Barber,average
NA,4.375,3.6458333333333335,1,0,Barber,average
NA,4.375,4.375,0,1,Barber,average
NA,4.375,3.977272727272727,0,0,Barber,average
NA,4.375,3.977272727272727,0,0,Barber,average
NA,4.375,4.375,0,1,Barber,average
NA,4.375,3.977272727272727,0,0,Barber,average
NA,4.375,4.375,1,0,Barber,average
NA,4.375,3.977272727272727,1,0,Barber,average
NA,4.375,4.375,0,1,Barber,average
NA,4.375,3.5875,1,1,Barber,average
NA,4.375,4.375,1,1,Barber,average
NA,4.375,3.6458333333333335,0,0,Barber,average
NA,4.375,3.977272727272727,1,0,Barber,average
NA,4.375,4.375,0,1,Barber,average
NA,4.375,4.375,1,1,Barber,average
NA,4.375,4.0,0,1,Barber,average
NA,4.375,3.977272727272727,1,0,Barber,average
NA,4.375,4.056818181818182,1,1,Barber,average
NA,4.375,4.375,1,0,Barber,average
NA,4.375,4.375,0,1,Barber,average
NA,4.375,3.977272727272727,1,0,Barber,average
NA,4.375,3.977272727272727,0,0,Barber,average
NA,4.375,3.6458333333333335,0,0,Barber,average
NA,4.375,3.977272727272727,1,0,Barber,average
NA,4.375,3.98125,0,1,Barber,average
NA,4.375,4.375,0,1,Barber,average
NA,4.375,4.010416666666667,0,0,Barber,average
NA,4.375,3.977272727272727,1,0,Barber,average
NA,4.375,4.375,0,1,Barber,average
NA,4.375,4.375,0,1,Barber,average
NA,4.375,3.977272727272727,0,0,Barber,average
NA,4.375,4.375,0,1,Barber,average
NA,4.375,3.6458333333333335,0,0,Barber,average
NA,4.375,3.5069444444444446,0,0,Barber,average
NA,4.375,4.1015625,1,0,Barber,average
NA,4.375,4.375,0,1,Barber,average
NA,4.375,3.977272727272727,0,0,Barber,average
NA,4.375,3.977272727272727,0,0,Barber,average
NA,4.375,3.9375,1,0,Barber,average
NA,4.375,3.6458333333333335,0,0,Barber,average
NA,4.375,4.375,1,1,Barber,average
NA,4.375,4.038461538461538,0,0,Barber,average
NA,4.375,4.375,1,1,Barber,average
NA,4.375,3.977272727272727,0,0,Barber,average
NA,4.375,3.977272727272727,0,0,Barber,average
NA,4.375,4.017045454545454,0,1,Barber,average
NA,4.375,4.375,0,1,Barber,average
NA,4.375,4.3352272727272725,0,1,Barber,average
NA,4.375,4.375,1,1,Barber,average
NA,4.375,4.375,1,1,Barber,average
NA,4.375,4.038461538461538,1,0,Barber,average
NA,4.375,3.9375,1,0,Barber,average
NA,4.375,4.010416666666667,0,0,Barber,average
NA,4.375,4.375,1,1,Barber,average
NA,4.375,3.6458333333333335,0,0,Barber,average
NA,4.375,4.375,0,1,Barber,average
NA,4.375,3.977272727272727,0,0,Barber,average
NA,4.375,4.308712121212121,0,1,Barber,average
NA,4.375,3.977272727272727,0,0,Barber,average
NA,4.375,4.375,1,1,Barber,average
NA,4.375,4.375,1,1,Barber,average
NA,4.375,4.375,0,1,Barber,average
NA,4.375,4.375,1,1,Barber,average
NA,4.375,4.375,0,0,Barber,average
NA,4.375,4.375,0,1,Barber,average
NA,4.375,4.375,1,1,Barber,average
NA,4.375,4.375,0,1,Barber,average
NA,4.375,4.375,1,1,Barber,average
NA,4.375,4.017045454545454,1,1,Barber,average
NA,4.375,3.6458333333333335,0,0,Barber,average
NA,4.375,4.375,0,1,Barber,average
NA,4.375,4.375,1,1,Barber,average
NA,4.375,4.375,1,1,Barber,average
NA,4.375,3.977272727272727,0,0,Barber,average
NA,4.375,3.977272727272727,0,0,Barber,average
NA,4.375,3.3653846153846154,0,0,Barber,average
NA,4.375,4.1982323232323235,0,1,Barber,average
NA,4.375,4.375,0,1,Barber,average
NA,4.375,3.977272727272727,1,0,Barber,average
NA,4.375,3.977272727272727,1,0,Barber,average
NA,4.375,3.6458333333333335,0,0,Barber,average
NA,4.375,4.375,1,0,Barber,average
NA,4.375,4.046875,0,1,Barber,average
NA,4.375,3.7916666666666665,0,0,Barber,average
NA,4.375,4.375,0,1,Barber,average
NA,4.375,4.375,1,1,Barber,average
NA,4.375,3.7268518518518516,0,0,Barber,average
NA,4.375,3.977272727272727,0,0,Barber,average
NA,4.375,3.888888888888889,0,0,Barber,average
NA,4.375,3.977272727272727,0,0,Barber,average
NA,4.375,2.6923076923076925,0,0,Barber,average
NA,4.375,3.977272727272727,1,0,Barber,average
NA,4.375,4.375,1,1,Barber,average
NA,4.375,3.977272727272727,0,0,Barber,average
NA,4.375,4.375,0,1,Barber,average
NA,4.375,3.977272727272727,0,0,Barber,average
NA,4.375,3.3653846153846154,0,0,Barber,average
NA,4.375,3.977272727272727,1,0,Barber,average
NA,4.375,4.375,0,0,Barber,average
NA,4.375,4.375,1,1,Barber,average
NA,4.375,3.6458333333333335,1,0,Barber,average
NA,4.375,4.375,1,1,Barber,average
NA,4.375,4.375,1,1,Barber,average
NA,4.375,4.375,1,1,Barber,average
NA,4.375,4.1015625,0,0,Barber,average
NA,4.375,4.049586776859504,0,1,Barber,average
NA,4.375,4.375,1,1,Barber,average
NA,4.375,4.375,0,1,Barber,average
NA,4.375,3.6458333333333335,1,0,Barber,average
NA,4.375,4.375,0,0,Barber,average
NA,4.375,4.375,0,1,Barber,average
NA,4.375,4.049586776859504,0,1,Barber,average
NA,4.375,4.375,1,1,Barber,average
NA,4.375,4.375,1,1,Barber,average
NA,4.375,4.0048076923076925,0,1,Barber,average
NA,4.375,4.0,0,1,Barber,average
NA,4.375,4.375,0,1,Barber,average
NA,4.375,3.6458333333333335,0,0,Barber,average
NA,4.375,4.010416666666667,0,0,Barber,average
NA,4.375,3.977272727272727,1,0,Barber,average
NA,4.375,4.010416666666667,1,0,Barber,average
NA,4.375,4.375,1,1,Barber,average
NA,4.375,4.375,1,1,Barber,average
NA,4.375,4.375,0,1,Barber,average
NA,4.375,4.375,1,1,Barber,average
NA,4.375,4.375,0,1,Barber,average
NA,4.375,3.6458333333333335,1,0,Barber,average
NA,4.375,4.0048076923076925,1,1,Barber,average
NA,4.375,3.977272727272727,0,0,Barber,average
NA,4.375,3.6458333333333335,0,0,Barber,average
NA,4.375,4.010416666666667,0,0,Barber,average
NA,4.375,3.6458333333333335,0,0,Barber,average
NA,4.375,4.375,0,1,Barber,average
NA,4.375,4.375,1,1,Barber,average
NA,4.375,4.049586776859504,0,1,Barber,average
NA,4.375,4.375,0,1,Barber,average
NA,4.375,3.3653846153846154,0,0,Barber,average
NA,4.375,3.977272727272727,0,0,Barber,average
NA,4.375,3.5875,0,1,Barber,average
NA,4.375,4.375,0,1,Barber,average
NA,4.375,4.375,1,1,Barber,average
NA,4.375,4.375,1,1,Barber,average
NA,4.375,4.375,1,1,Barber,average
NA,4.375,3.977272727272727,0,0,Barber,average
NA,4.375,3.9375,0,0,Barber,average
NA,4.375,4.375,0,1,Barber,average
NA,4.375,4.375,0,1,Barber,average
NA,4.375,3.977272727272727,1,0,Barber,average
NA,4.375,3.977272727272727,1,0,Barber,average
NA,4.375,4.375,0,1,Barber,average
NA,4.375,4.375,1,1,Barber,average
NA,4.375,3.5546875,0,0,Barber,average
NA,4.375,4.375,1,1,Barber,average
NA,4.375,4.375,0,1,Barber,average
NA,4.375,4.375,0,1,Barber,average
NA,4.375,3.0288461538461537,0,0,Barber,average
NA,4.375,4.375,1,1,Barber,average
NA,4.375,3.977272727272727,0,0,Barber,average
NA,4.375,4.010416666666667,1,0,Barber,average
NA,4.375,4.375,0,1,Barber,average
NA,4.375,4.375,1,1,Barber,average
NA,4.375,3.977272727272727,0,0,Barber,average
NA,4.375,4.375,1,1,Barber,average
NA,4.375,3.7268518518518516,0,0,Barber,average
NA,4.375,3.977272727272727,1,0,Barber,average
NA,4.375,3.7916666666666665,0,0,Barber,average
NA,4.375,4.375,0,1,Barber,average
NA,4.375,3.75,0,0,Barber,average
NA,4.375,3.7916666666666665,0,1,Barber,average
NA,4.375,2.585227272727273,0,0,Barber,average
NA,4.375,4.375,0,1,Barber,average
NA,4.375,3.3653846153846154,0,0,Barber,average
NA,4.375,4.375,1,1,Barber,average
NA,4.375,4.375,0,1,Barber,average
NA,4.375,4.375,1,1,Barber,average
NA,4.375,3.977272727272727,1,0,Barber,average
NA,4.375,4.375,1,1,Barber,average
NA,4.375,4.375,0,1,Barber,average
NA,4.375,4.010416666666667,0,0,Barber,average
NA,4.375,4.375,1,1,Barber,average
NA,4.375,3.5795454545454546,1,0,Barber,average
NA,4.375,3.4915865384615383,0,0,Barber,average
NA,4.375,4.010416666666667,0,0,Barber,average
NA,4.375,4.375,1,1,Barber,average
NA,4.375,4.375,1,1,Barber,average
NA,4.375,3.6458333333333335,1,0,Barber,average
NA,4.375,4.375,1,1,Barber,average
NA,4.375,3.977272727272727,0,0,Barber,average
NA,4.375,4.375,1,1,Barber,average
NA,4.375,4.375,1,1,Barber,average
NA,4.375,3.9375,0,0,Barber,average
NA,4.375,4.375,1,1,Barber,average
NA,4.375,3.888888888888889,0,0,Barber,average
NA,4.375,4.375,0,1,Barber,average
NA,4.375,4.083333333333333,0,0,Barber,average
NA,4.375,4.375,1,0,Barber,average
NA,4.375,4.375,1,1,Barber,average
NA,4.375,4.375,1,0,Barber,average
NA,4.375,4.375,1,1,Barber,average
NA,4.375,4.010416666666667,0,0,Barber,average
NA,4.375,4.375,0,1,Barber,average
NA,4.375,4.375,0,1,Barber,average
NA,4.375,4.375,1,1,Barber,average
NA,4.375,4.010416666666667,0,0,Barber,average
NA,4.375,4.375,0,1,Barber,average
NA,4.375,4.375,0,1,Barber,average
NA,4.375,3.28125,0,0,Barber,average
NA,4.375,3.977272727272727,1,0,Barber,average
NA,4.375,4.375,1,1,Barber,average
NA,4.375,4.375,0,1,Barber,average
NA,4.375,3.977272727272727,0,0,Barber,average
NA,4.375,3.888888888888889,1,0,Barber,average
NA,4.375,3.9375,0,0,Barber,average
NA,4.375,4.308712121212121,0,1,Barber,average
NA,4.375,3.977272727272727,0,0,Barber,average
NA,4.375,4.375,1,1,Barber,average
NA,4.375,4.017045454545454,0,1,Barber,average
NA,4.375,4.375,1,0,Barber,average
NA,4.375,4.017045454545454,1,1,Barber,average
NA,4.375,3.6458333333333335,0,0,Barber,average
NA,4.375,4.038461538461538,0,0,Barber,average
NA,4.375,4.375,0,1,Barber,average
NA,4.375,4.375,0,1,Barber,average
NA,4.375,4.375,0,1,Barber,average
NA,4.375,4.375,1,1,Barber,average
NA,4.375,4.017045454545454,0,1,Barber,average
NA,4.375,3.5875,1,1,Barber,average
NA,4.375,4.375,1,0,Barber,average
NA,4.375,3.75,0,0,Barber,average
NA,4.375,4.017045454545454,0,1,Barber,average
NA,4.375,3.977272727272727,1,0,Barber,average
NA,4.375,4.021464646464646,1,1,Barber,average
NA,4.375,4.375,0,1,Barber,average
NA,4.375,4.375,0,1,Barber,average
NA,4.375,4.375,1,1,Barber,average
NA,4.375,4.375,0,1,Barber,average
NA,4.375,3.977272727272727,0,0,Barber,average
NA,4.375,3.977272727272727,0,0,Barber,average
NA,4.375,4.375,0,1,Barber,average
NA,4.375,4.375,0,1,Barber,average
NA,4.375,4.375,0,1,Barber,average
NA,4.375,4.375,1,1,Barber,average
NA,4.375,4.375,1,1,Barber,average
NA,4.375,4.375,0,1,Barber,average
NA,4.375,4.375,0,0,Barber,average
NA,4.375,3.977272727272727,0,0,Barber,average
NA,4.375,4.375,0,1,Barber,average
NA,4.375,4.375,0,1,Barber,average
NA,4.375,3.977272727272727,0,0,Barber,average
NA,4.375,4.010416666666667,0,0,Barber,average
NA,4.375,4.375,0,0,Barber,average
NA,4.375,3.977272727272727,0,0,Barber,average
NA,4.375,3.6029411764705883,0,0,Barber,average
NA,4.375,3.4375,0,0,Barber,average
NA,4.375,4.375,1,1,Barber,average
NA,4.375,3.6458333333333335,0,0,Barber,average
NA,4.375,4.375,1,1,Barber,average
NA,4.375,4.010416666666667,0,0,Barber,average
NA,4.375,4.375,0,1,Barber,average
NA,4.375,4.375,0,0,Barber,average
NA,4.375,3.977272727272727,1,0,Barber,average
NA,4.375,3.5795454545454546,0,0,Barber,average
NA,4.375,3.977272727272727,1,0,Barber,average
NA,4.375,4.375,1,1,Barber,average
NA,4.375,4.375,1,1,Barber,average
NA,4.375,4.375,1,0,Barber,average
NA,4.375,4.010416666666667,0,0,Barber,average
NA,4.375,4.375,0,1,Barber,average
NA,4.375,4.375,1,1,Barber,average
NA,4.375,3.977272727272727,0,0,Barber,average
NA,4.375,4.375,0,1,Barber,average
NA,4.375,4.375,0,1,Barber,average
NA,4.375,3.977272727272727,0,0,Barber,average
NA,4.375,4.375,0,0,Barber,average
NA,4.375,4.375,0,1,Barber,average
NA,4.375,4.375,1,0,Barber,average
NA,4.375,4.375,1,1,Barber,average
NA,4.375,4.375,1,1,Barber,average
NA,4.375,4.375,1,0,Barber,average
NA,4.375,2.9166666666666665,0,0,Barber,average
NA,4.375,4.375,1,0,Barber,average
NA,4.375,3.977272727272727,1,0,Barber,average
NA,4.375,4.375,1,1,Barber,average
NA,4.375,4.375,1,1,Barber,average
NA,4.375,3.9375,0,0,Barber,average
NA,4.375,4.038461538461538,0,0,Barber,average
NA,4.375,4.375,0,0,Barber,average
NA,4.375,4.375,0,0,Barber,average
NA,4.375,3.5,0,0,Barber,average
NA,4.375,4.375,1,1,Barber,average
NA,4.375,3.977272727272727,1,0,Barber,average
NA,4.375,4.017045454545454,1,1,Barber,average
NA,4.375,3.977272727272727,0,0,Barber,average
NA,4.375,4.375,1,1,Barber,average
NA,4.375,4.375,0,1,Barber,average
NA,4.375,3.977272727272727,0,0,Barber,average
NA,4.375,4.375,0,1,Barber,average
NA,4.375,4.375,0,1,Barber,average
NA,4.375,4.375,1,1,Barber,average
NA,4.375,3.977272727272727,0,0,Barber,average
NA,4.375,4.375,1,1,Barber,average
NA,4.375,3.977272727272727,0,0,Barber,average
NA,4.375,4.375,0,1,Barber,average
NA,4.375,3.977272727272727,0,0,Barber,average
NA,4.375,4.375,0,1,Barber,average
NA,4.375,4.375,0,1,Barber,average
NA,4.375,4.338842975206612,0,1,Barber,average
NA,4.375,4.375,1,1,Barber,average
NA,4.375,4.375,0,1,Barber,average
NA,4.375,4.017045454545454,0,1,Barber,average
NA,4.375,4.375,1,1,Barber,average
NA,4.375,4.375,0,1,Barber,average
NA,4.375,4.375,1,1,Barber,average
NA,4.375,3.977272727272727,0,0,Barber,average
NA,4.375,4.049586776859504,0,1,Barber,average
NA,4.375,4.375,1,1,Barber,average
NA,4.375,4.375,0,1,Barber,average
NA,4.375,4.375,0,1,Barber,average
NA,4.375,3.3455882352941178,0,0,Barber,average
NA,4.375,4.375,1,0,Barber,average
NA,4.375,4.375,0,1,Barber,average
NA,4.375,3.977272727272727,1,0,Barber,average
NA,4.375,4.375,1,1,Barber,average
NA,4.375,4.010416666666667,0,1,Barber,average
NA,4.375,3.6458333333333335,1,0,Barber,average
NA,4.375,4.375,0,1,Barber,average
NA,4.375,3.9375,0,0,Barber,average
NA,4.375,4.038461538461538,0,0,Barber,average
NA,4.375,3.977272727272727,0,0,Barber,average
NA,4.375,3.7916666666666665,0,0,Barber,average
NA,4.375,3.977272727272727,0,0,Barber,average
NA,4.375,3.3653846153846154,0,0,Barber,average
NA,4.375,4.15625,1,0,Barber,average
NA,4.375,3.977272727272727,1,0,Barber,average
NA,4.375,4.375,0,1,Barber,average
NA,4.375,4.375,1,1,Barber,average
NA,4.375,4.375,1,1,Barber,average
NA,4.375,4.375,0,1,Barber,average
NA,4.375,4.375,0,0,Barber,average
NA,4.375,2.9166666666666665,0,0,Barber,average
NA,4.375,3.977272727272727,1,0,Barber,average
NA,4.375,4.375,0,1,Barber,average
NA,4.375,3.977272727272727,1,0,Barber,average
NA,4.375,3.6458333333333335,0,0,Barber,average
NA,4.375,4.375,1,1,Barber,average
NA,4.375,4.375,0,1,Barber,average
NA,4.375,3.6458333333333335,0,0,Barber,average
NA,4.375,3.28125,0,0,Barber,average
NA,4.375,3.5243055555555554,0,0,Barber,average
NA,4.375,3.1818181818181817,0,0,Barber,average
NA,4.375,3.977272727272727,1,0,Barber,average
NA,4.375,4.375,0,1,Barber,average
NA,4.375,3.977272727272727,1,0,Barber,average
NA,4.375,4.375,0,1,Barber,average
NA,4.375,4.010416666666667,0,0,Barber,average
NA,4.375,4.375,1,1,Barber,average
NA,4.375,3.977272727272727,0,0,Barber,average
NA,4.375,4.375,1,1,Barber,average
NA,4.375,3.977272727272727,1,0,Barber,average
NA,4.375,4.375,0,0,Barber,average
NA,4.375,3.3806818181818183,0,1,Barber,average
NA,4.375,4.375,1,0,Barber,average
NA,4.375,4.338842975206612,1,1,Barber,average
NA,4.375,4.017045454545454,0,1,Barber,average
NA,4.375,3.977272727272727,0,0,Barber,average
NA,4.375,4.375,0,1,Barber,average
NA,4.375,3.977272727272727,0,0,Barber,average
NA,4.375,2.3026315789473686,0,0,Barber,average
NA,4.375,4.375,1,1,Barber,average
NA,4.375,4.375,1,1,Barber,average
NA,4.375,4.375,0,1,Barber,average
NA,4.375,4.010416666666667,0,0,Barber,average
NA,4.375,4.375,0,1,Barber,average
NA,4.375,4.375,0,1,Barber,average
NA,4.375,4.076704545454546,0,1,Barber,average
NA,4.375,4.038461538461538,0,0,Barber,average
NA,4.375,4.375,1,1,Barber,average
NA,4.375,4.375,0,1,Barber,average
NA,4.375,4.375,0,1,Barber,average
NA,4.375,3.977272727272727,0,0,Barber,average
NA,4.375,3.9375,1,0,Barber,average
NA,4.375,4.375,0,1,Barber,average
NA,4.375,4.375,1,1,Barber,average
NA,4.375,4.010416666666667,1,0,Barber,average
NA,4.375,4.375,1,1,Barber,average
NA,4.375,4.017045454545454,1,1,Barber,average
NA,4.375,4.375,0,0,Barber,average
NA,4.375,4.375,0,1,Barber,average
NA,4.375,3.977272727272727,0,0,Barber,average
NA,4.375,4.375,1,1,Barber,average
NA,4.375,3.977272727272727,0,0,Barber,average
NA,4.375,4.375,1,1,Barber,average
NA,4.375,3.3653846153846154,1,0,Barber,average
NA,4.375,2.40625,0,0,Barber,average
NA,4.375,4.375,1,1,Barber,average
NA,4.375,4.375,1,1,Barber,average
NA,4.375,3.977272727272727,1,0,Barber,average
NA,4.375,4.375,1,1,Barber,average
NA,4.375,4.375,1,1,Barber,average
NA,4.375,3.977272727272727,1,0,Barber,average
NA,4.375,3.4375,1,0,Barber,average
NA,4.375,4.375,1,1,Barber,average
NA,4.375,2.975,0,1,Barber,average
NA,4.375,3.977272727272727,0,0,Barber,average
NA,4.375,4.375,0,1,Barber,average
NA,4.375,3.659090909090909,0,1,Barber,average
NA,4.375,3.9375,1,0,Barber,average
NA,4.375,3.977272727272727,1,0,Barber,average
NA,4.375,4.375,1,0,Barber,average
NA,4.375,4.375,0,1,Barber,average
NA,4.375,3.977272727272727,0,0,Barber,average
NA,4.375,4.375,0,1,Barber,average
NA,4.375,4.375,1,1,Barber,average
NA,4.375,3.9375,0,0,Barber,average
NA,4.375,3.977272727272727,0,0,Barber,average
NA,4.375,4.049586776859504,0,1,Barber,average
NA,4.375,3.977272727272727,0,0,Barber,average
NA,4.375,4.375,0,1,Barber,average
NA,4.375,4.038461538461538,0,0,Barber,average
NA,4.375,4.375,1,1,Barber,average
NA,4.375,4.375,1,0,Barber,average
NA,4.375,4.375,1,1,Barber,average
NA,4.375,4.375,1,1,Barber,average
NA,4.375,3.977272727272727,0,0,Barber,average
NA,4.375,4.375,1,1,Barber,average
NA,4.375,4.375,0,1,Barber,average
NA,4.375,4.375,1,1,Barber,average
NA,4.375,3.977272727272727,0,0,Barber,average
NA,4.375,3.659090909090909,0,1,Barber,average
NA,4.375,4.375,1,1,Barber,average
NA,4.375,3.977272727272727,0,0,Barber,average
NA,4.375,3.977272727272727,0,0,Barber,average
NA,4.375,4.375,1,0,Barber,average
NA,4.375,4.017045454545454,0,1,Barber,average
NA,4.375,3.977272727272727,1,0,Barber,average
NA,4.375,4.375,0,1,Barber,average
NA,4.375,4.010416666666667,0,1,Barber,average
NA,4.375,4.375,1,1,Barber,average
NA,4.375,4.375,1,0,Barber,average
NA,4.375,3.977272727272727,0,0,Barber,average
NA,4.375,4.375,0,1,Barber,average
NA,4.375,4.375,0,0,Barber,average
NA,4.375,4.375,1,1,Barber,average
NA,4.375,4.375,0,0,Barber,average
NA,4.375,3.977272727272727,0,0,Barber,average
NA,4.375,4.375,0,1,Barber,average
NA,4.375,4.010416666666667,1,0,Barber,average
NA,4.375,4.010416666666667,1,0,Barber,average
NA,4.375,3.977272727272727,1,0,Barber,average
NA,4.375,3.6458333333333335,0,0,Barber,average
NA,4.375,4.010416666666667,0,0,Barber,average
NA,4.375,3.977272727272727,0,0,Barber,average
NA,4.375,3.9375,0,0,Barber,average
NA,4.375,3.977272727272727,0,0,Barber,average
NA,4.375,3.977272727272727,0,0,Barber,average
NA,4.375,4.308712121212121,0,1,Barber,average
NA,4.375,3.7268518518518516,0,0,Barber,average
NA,4.375,4.375,0,1,Barber,average
NA,4.375,4.375,1,1,Barber,average
NA,4.375,4.375,1,1,Barber,average
NA,4.375,4.375,1,1,Barber,average
NA,4.375,4.375,1,1,Barber,average
NA,4.375,2.5,0,0,Barber,average
NA,4.375,3.977272727272727,1,0,Barber,average
NA,4.375,4.017045454545454,0,1,Barber,average
NA,4.375,4.375,1,1,Barber,average
NA,4.375,4.010416666666667,0,0,Barber,average
NA,4.375,4.375,0,1,Barber,average
NA,4.375,3.977272727272727,0,0,Barber,average
NA,4.375,4.375,0,1,Barber,average
NA,4.375,4.375,0,0,Barber,average
NA,4.375,4.375,1,1,Barber,average
NA,4.375,3.977272727272727,1,0,Barber,average
NA,4.375,4.010416666666667,1,0,Barber,average
NA,4.375,4.375,0,1,Barber,average
NA,4.375,4.010416666666667,0,0,Barber,average
NA,4.375,4.375,1,1,Barber,average
NA,4.375,4.375,1,1,Barber,average
NA,4.375,4.375,1,0,Barber,average
NA,4.375,4.010416666666667,0,0,Barber,average
NA,4.375,4.375,0,1,Barber,average
NA,4.375,4.375,1,1,Barber,average
NA,4.375,4.375,1,1,Barber,average
NA,4.375,3.6458333333333335,0,0,Barber,average
NA,4.375,3.977272727272727,0,0,Barber,average
NA,4.375,4.375,0,1,Barber,average
NA,4.375,3.977272727272727,0,0,Barber,average
NA,4.375,3.977272727272727,0,0,Barber,average
NA,4.375,4.375,0,1,Barber,average
NA,4.375,4.375,1,1,Barber,average
NA,4.375,3.977272727272727,0,0,Barber,average
NA,4.375,4.021464646464646,0,0,Barber,average
NA,4.375,4.017045454545454,0,1,Barber,average
NA,4.375,4.010416666666667,1,0,Barber,average
NA,4.375,3.977272727272727,1,0,Barber,average
NA,4.375,4.375,1,1,Barber,average
NA,4.375,4.375,0,0,Barber,average
NA,4.375,4.010416666666667,0,1,Barber,average
NA,4.375,4.0625,0,0,Barber,average
NA,4.375,4.375,0,1,Barber,average
NA,4.375,4.375,0,1,Barber,average
NA,4.375,4.038461538461538,0,0,Barber,average
NA,4.375,4.375,0,1,Barber,average
NA,4.375,4.375,1,1,Barber,average
NA,4.375,4.375,1,1,Barber,average
NA,4.375,4.375,1,1,Barber,average
NA,4.375,3.3653846153846154,0,0,Barber,average
NA,4.375,4.375,1,1,Barber,average
NA,4.375,4.038461538461538,0,0,Barber,average
NA,4.375,4.375,0,1,Barber,average
NA,4.375,3.977272727272727,0,0,Barber,average
NA,4.375,3.977272727272727,0,0,Barber,average
NA,4.375,4.375,1,1,Barber,average
NA,4.375,4.375,1,1,Barber,average
NA,4.375,4.375,0,1,Barber,average
NA,4.375,4.375,1,1,Barber,average
NA,4.375,3.977272727272727,1,0,Barber,average
NA,4.375,4.375,1,1,Barber,average
NA,4.375,4.375,0,0,Barber,average
NA,4.375,4.375,0,1,Barber,average
NA,4.375,4.375,1,1,Barber,average
NA,4.375,3.977272727272727,1,0,Barber,average
NA,4.375,4.375,1,1,Barber,average
NA,4.375,3.977272727272727,0,0,Barber,average
NA,4.375,4.375,0,1,Barber,average
NA,4.375,3.977272727272727,1,0,Barber,average
NA,4.375,3.977272727272727,1,0,Barber,average
NA,4.375,3.977272727272727,1,0,Barber,average
NA,4.375,3.977272727272727,0,0,Barber,average
NA,4.375,3.977272727272727,0,0,Barber,average
NA,4.375,4.375,1,1,Barber,average
NA,4.375,3.977272727272727,0,0,Barber,average
NA,4.375,4.375,1,1,Barber,average
NA,4.375,3.977272727272727,0,0,Barber,average
NA,4.375,4.375,1,1,Barber,average
NA,4.375,4.375,1,1,Barber,average
NA,4.375,3.701923076923077,0,0,Barber,average
NA,4.375,4.038461538461538,0,0,Barber,average
NA,4.375,4.375,0,1,Barber,average
NA,4.375,2.3026315789473686,0,0,Barber,average
NA,4.375,4.375,0,1,Barber,average
NA,4.375,4.375,1,1,Barber,average
NA,4.375,3.9375,0,0,Barber,average
NA,4.375,4.375,1,1,Barber,average
NA,4.375,3.977272727272727,0,0,Barber,average
NA,4.375,4.010416666666667,1,0,Barber,average
NA,4.375,3.5875,0,1,Barber,average
NA,4.375,4.375,1,1,Barber,average
NA,4.375,4.375,1,1,Barber,average
NA,4.375,4.375,0,1,Barber,average
NA,4.375,4.375,1,1,Barber,average
NA,4.375,3.977272727272727,1,0,Barber,average
NA,4.375,2.4305555555555554,0,0,Barber,average
NA,4.375,3.125,0,0,Barber,average
NA,4.375,4.010416666666667,0,1,Barber,average
NA,4.375,4.375,0,0,Barber,average
NA,4.375,3.3653846153846154,0,0,Barber,average
NA,4.375,3.977272727272727,0,0,Barber,average
NA,4.375,4.3352272727272725,0,1,Barber,average
NA,4.375,4.15625,0,0,Barber,average
NA,4.375,4.375,0,1,Barber,average
NA,4.375,3.6458333333333335,1,0,Barber,average
NA,4.375,4.261363636363637,0,1,Barber,average
NA,4.375,3.977272727272727,0,0,Barber,average
NA,4.375,4.375,1,1,Barber,average
NA,4.375,3.7268518518518516,0,0,Barber,average
NA,4.375,4.375,0,0,Barber,average
NA,4.375,4.375,0,1,Barber,average
NA,4.375,3.977272727272727,0,0,Barber,average
NA,4.375,3.6458333333333335,1,0,Barber,average
NA,4.375,4.375,1,1,Barber,average
NA,4.375,3.977272727272727,1,0,Barber,average
NA,4.375,4.017045454545454,0,1,Barber,average
NA,4.375,3.9375,0,0,Barber,average
NA,4.375,4.375,1,1,Barber,average
NA,4.375,4.0625,0,0,Barber,average
NA,4.375,4.010416666666667,0,0,Barber,average
NA,4.375,3.6458333333333335,0,0,Barber,average
NA,4.375,4.375,0,0,Barber,average
NA,4.375,4.010416666666667,0,0,Barber,average
NA,4.375,4.375,1,1,Barber,average
NA,4.375,4.375,1,0,Barber,average
NA,4.375,4.375,1,1,Barber,average
NA,4.375,3.977272727272727,0,0,Barber,average
NA,4.375,3.6458333333333335,0,0,Barber,average
NA,4.375,4.010416666666667,0,0,Barber,average
NA,4.375,4.038461538461538,0,0,Barber,average
NA,4.375,4.375,0,1,Barber,average
NA,4.375,3.6458333333333335,0,0,Barber,average
NA,4.375,4.375,1,1,Barber,average
NA,4.375,4.010416666666667,0,1,Barber,average
NA,4.375,3.977272727272727,0,0,Barber,average
NA,4.375,4.375,0,1,Barber,average
NA,4.375,4.375,0,0,Barber,average
NA,4.375,3.977272727272727,1,0,Barber,average
NA,4.375,3.9375,1,0,Barber,average
NA,4.375,3.4915865384615383,0,0,Barber,average
NA,4.375,3.9375,0,0,Barber,average
NA,4.375,3.977272727272727,1,0,Barber,average
NA,4.375,4.010416666666667,0,0,Barber,average
NA,4.375,4.375,1,1,Barber,average
NA,4.375,4.375,0,1,Barber,average
NA,4.375,4.375,1,1,Barber,average
NA,4.375,4.375,1,1,Barber,average
NA,4.375,4.375,0,1,Barber,average
NA,4.375,3.977272727272727,0,0,Barber,average
NA,4.375,3.977272727272727,1,0,Barber,average
NA,4.375,3.977272727272727,0,0,Barber,average
NA,4.375,3.977272727272727,0,0,Barber,average
NA,4.375,3.977272727272727,0,0,Barber,average
NA,4.375,4.375,0,1,Barber,average
NA,4.375,4.375,0,1,Barber,average
NA,4.375,4.375,1,1,Barber,average
NA,4.375,4.375,1,0,Barber,average
NA,4.375,4.375,0,1,Barber,average
NA,4.375,4.375,1,1,Barber,average
NA,4.375,3.3653846153846154,0,0,Barber,average
NA,4.375,4.375,0,0,Barber,average
NA,4.375,4.010416666666667,0,1,Barber,average
NA,4.375,3.977272727272727,1,0,Barber,average
NA,4.375,3.977272727272727,1,0,Barber,average
NA,4.375,3.977272727272727,1,0,Barber,average
NA,4.375,4.375,0,1,Barber,average
NA,4.375,4.375,0,0,Barber,average
NA,4.375,4.375,1,1,Barber,average
NA,4.375,3.977272727272727,1,0,Barber,average
NA,4.375,4.375,1,1,Barber,average
NA,4.375,3.977272727272727,0,0,Barber,average
NA,4.375,4.375,1,1,Barber,average
NA,4.375,3.977272727272727,0,0,Barber,average
NA,4.375,4.375,1,1,Barber,average
NA,4.375,4.0625,1,0,Barber,average
NA,4.375,4.375,1,0,Barber,average
NA,4.375,4.375,0,0,Barber,average
NA,4.375,3.5875,0,1,Barber,average
NA,4.375,4.083333333333333,0,0,Barber,average
NA,4.375,3.977272727272727,0,0,Barber,average
NA,4.375,3.977272727272727,1,0,Barber,average
NA,4.375,4.010416666666667,1,0,Barber,average
NA,4.375,4.375,0,1,Barber,average
NA,4.375,3.5875,1,1,Barber,average
NA,4.375,4.375,0,1,Barber,average
NA,4.375,4.375,0,0,Barber,average
NA,4.375,4.375,1,1,Barber,average
NA,4.375,3.977272727272727,1,0,Barber,average
NA,4.375,4.375,0,1,Barber,average
NA,4.375,4.010416666666667,0,0,Barber,average
NA,4.375,3.3653846153846154,0,0,Barber,average
NA,4.375,4.375,0,1,Barber,average
NA,4.375,3.888888888888889,0,0,Barber,average
NA,4.375,4.375,1,1,Barber,average
NA,4.375,3.977272727272727,1,0,Barber,average
NA,4.375,3.977272727272727,0,0,Barber,average
NA,4.375,4.375,1,1,Barber,average
NA,4.375,3.9375,0,0,Barber,average
NA,4.375,4.375,1,1,Barber,average
NA,4.375,3.5875,0,1,Barber,average
NA,4.375,4.375,1,1,Barber,average
NA,4.375,4.375,0,1,Barber,average
NA,4.375,3.3653846153846154,0,0,Barber,average
NA,4.375,4.038461538461538,0,0,Barber,average
NA,4.375,4.375,1,1,Barber,average
NA,4.375,3.977272727272727,0,0,Barber,average
NA,4.375,4.375,1,1,Barber,average
NA,4.375,3.1818181818181817,0,0,Barber,average
NA,4.375,4.375,0,0,Barber,average
NA,4.375,4.375,1,0,Barber,average
NA,4.375,4.375,1,1,Barber,average
NA,4.375,4.375,0,0,Barber,average
NA,4.375,4.375,1,1,Barber,average
NA,4.375,4.375,1,0,Barber,average
NA,4.375,3.977272727272727,0,0,Barber,average
NA,4.375,3.6458333333333335,0,0,Barber,average
NA,4.375,4.375,0,1,Barber,average
NA,4.375,3.977272727272727,0,0,Barber,average
NA,4.375,4.375,0,1,Barber,average
NA,4.375,3.977272727272727,0,0,Barber,average
NA,4.375,4.375,1,1,Barber,average
NA,4.375,4.375,0,1,Barber,average
NA,4.375,4.375,1,1,Barber,average
NA,4.375,4.375,0,0,Barber,average
NA,4.375,4.0625,0,0,Barber,average
NA,4.375,3.977272727272727,0,0,Barber,average
NA,4.375,4.375,1,1,Barber,average
NA,4.375,4.375,1,1,Barber,average
NA,4.375,3.977272727272727,0,0,Barber,average
NA,4.375,4.017045454545454,0,1,Barber,average
NA,4.375,4.375,0,0,Barber,average
NA,4.375,4.010416666666667,0,0,Barber,average
NA,4.375,4.283216783216783,0,1,Barber,average
NA,4.375,4.375,0,0,Barber,average
NA,4.375,4.375,0,1,Barber,average
NA,4.375,4.375,1,1,Barber,average
NA,4.375,4.338842975206612,0,1,Barber,average
NA,4.375,4.375,0,1,Barber,average
NA,4.375,3.977272727272727,0,0,Barber,average
NA,4.375,4.010416666666667,0,0,Barber,average
NA,4.375,3.977272727272727,1,0,Barber,average
NA,4.375,3.701923076923077,0,0,Barber,average
NA,4.375,4.375,0,1,Barber,average
NA,4.375,4.375,1,1,Barber,average
NA,4.375,3.75,0,0,Barber,average
NA,4.375,4.375,0,1,Barber,average
NA,4.375,3.977272727272727,0,0,Barber,average
NA,4.375,4.375,0,1,Barber,average
NA,4.375,3.977272727272727,0,0,Barber,average
NA,4.375,4.017045454545454,0,1,Barber,average
NA,4.375,3.977272727272727,1,0,Barber,average
NA,4.375,3.6458333333333335,0,0,Barber,average
NA,4.375,3.977272727272727,0,0,Barber,average
NA,4.375,3.888888888888889,1,0,Barber,average
NA,4.375,3.7393162393162394,0,0,Barber,average
NA,4.375,4.375,1,1,Barber,average
NA,4.375,3.977272727272727,0,0,Barber,average
NA,4.375,4.375,1,1,Barber,average
NA,4.375,4.375,1,1,Barber,average
NA,4.375,4.375,0,1,Barber,average
NA,4.375,4.083333333333333,0,0,Barber,average
NA,4.375,3.9375,1,0,Barber,average
NA,4.375,4.375,0,1,Barber,average
NA,4.375,4.375,1,1,Barber,average
NA,4.375,4.375,0,1,Barber,average
NA,4.375,4.010416666666667,0,0,Barber,average
NA,4.375,4.375,0,1,Barber,average
NA,4.375,3.977272727272727,1,0,Barber,average
NA,4.375,4.375,0,1,Barber,average
NA,4.375,4.375,0,1,Barber,average
NA,4.375,3.977272727272727,0,0,Barber,average
NA,4.375,4.375,0,1,Barber,average
NA,4.375,4.375,0,1,Barber,average
NA,4.375,4.010416666666667,1,1,Barber,average
NA,4.375,3.6458333333333335,0,0,Barber,average
NA,4.375,4.375,1,1,Barber,average
NA,4.375,3.977272727272727,1,0,Barber,average
NA,4.375,4.375,0,1,Barber,average
NA,4.375,3.3653846153846154,1,0,Barber,average
NA,4.375,4.375,1,1,Barber,average
NA,4.375,4.375,1,1,Barber,average
NA,4.375,3.977272727272727,1,0,Barber,average
NA,4.375,3.6458333333333335,0,0,Barber,average
NA,4.375,4.375,0,1,Barber,average
NA,4.375,4.375,1,0,Barber,average
NA,4.375,3.977272727272727,1,0,Barber,average
NA,4.375,4.375,0,1,Barber,average
NA,4.375,4.375,0,1,Barber,average
NA,4.375,3.960526315789474,0,1,Barber,average
NA,4.375,4.375,0,1,Barber,average
NA,4.375,4.375,1,1,Barber,average
NA,4.375,4.375,0,1,Barber,average
NA,4.375,4.375,1,1,Barber,average
NA,4.375,4.375,0,1,Barber,average
NA,4.375,3.9375,0,0,Barber,average
NA,4.375,3.9375,0,0,Barber,average
NA,4.375,3.977272727272727,1,0,Barber,average
NA,4.375,4.010416666666667,0,0,Barber,average
NA,4.375,2.673611111111111,0,0,Barber,average
NA,4.375,3.888888888888889,0,0,Barber,average
NA,4.375,4.017045454545454,0,1,Barber,average
NA,4.375,3.828125,0,0,Barber,average
NA,4.375,4.375,0,1,Barber,average
NA,4.375,3.977272727272727,0,0,Barber,average
NA,4.375,4.375,1,1,Barber,average
NA,4.375,4.375,1,1,Barber,average
NA,4.375,4.375,1,1,Barber,average
NA,4.375,4.375,1,1,Barber,average
NA,4.375,4.375,1,1,Barber,average
NA,4.375,4.375,0,1,Barber,average
NA,4.375,4.375,1,0,Barber,average
NA,4.375,4.375,1,1,Barber,average
NA,4.375,4.375,1,1,Barber,average
NA,4.375,3.977272727272727,0,0,Barber,average
NA,4.375,4.375,0,1,Barber,average
NA,4.375,3.98125,0,1,Barber,average
NA,4.375,3.977272727272727,0,0,Barber,average
NA,4.375,4.375,1,1,Barber,average
NA,4.375,3.977272727272727,0,0,Barber,average
NA,4.375,3.977272727272727,1,0,Barber,average
NA,4.375,4.166666666666667,0,1,Barber,average
NA,4.375,4.375,0,1,Barber,average
NA,4.375,3.977272727272727,1,0,Barber,average
NA,4.375,3.977272727272727,0,0,Barber,average
NA,4.375,4.375,0,1,Barber,average
NA,4.375,4.375,0,1,Barber,average
NA,4.375,4.017045454545454,0,1,Barber,average
NA,4.375,3.977272727272727,0,0,Barber,average
NA,4.375,4.375,0,1,Barber,average
NA,4.375,3.7325174825174825,0,1,Barber,average
NA,4.375,3.9375,0,0,Barber,average
NA,4.375,4.375,1,1,Barber,average
NA,4.375,4.010416666666667,0,1,Barber,average
NA,4.375,4.010416666666667,0,0,Barber,average
NA,4.375,4.375,0,1,Barber,average
NA,4.375,3.28125,1,0,Barber,average
NA,4.375,4.375,1,0,Barber,average
NA,4.375,4.375,0,0,Barber,average
NA,4.375,4.375,0,1,Barber,average
NA,4.375,4.0625,0,0,Barber,average
NA,4.375,4.375,1,1,Barber,average
NA,4.375,4.375,0,1,Barber,average
NA,4.375,3.977272727272727,1,0,Barber,average
NA,4.375,4.375,0,1,Barber,average
NA,4.375,4.375,0,1,Barber,average
NA,4.375,3.9375,1,0,Barber,average
NA,4.375,4.010416666666667,0,0,Barber,average
NA,4.375,3.977272727272727,0,0,Barber,average
NA,4.375,3.977272727272727,1,0,Barber,average
NA,4.375,4.375,0,1,Barber,average
NA,4.375,4.375,1,0,Barber,average
NA,4.375,4.017045454545454,0,1,Barber,average
NA,4.375,4.375,1,1,Barber,average
NA,4.375,3.977272727272727,1,0,Barber,average
NA,4.375,4.375,1,1,Barber,average
NA,4.375,3.977272727272727,0,0,Barber,average
NA,4.375,4.375,1,1,Barber,average
NA,4.375,3.977272727272727,0,0,Barber,average
NA,4.375,4.375,0,1,Barber,average
NA,4.375,4.375,0,1,Barber,average
NA,4.375,3.6458333333333335,0,0,Barber,average
NA,4.375,4.010416666666667,1,0,Barber,average
NA,4.375,4.09965034965035,0,1,Barber,average
NA,4.375,3.977272727272727,1,0,Barber,average
NA,4.375,3.4375,0,0,Barber,average
NA,4.375,4.375,1,1,Barber,average
NA,4.375,4.375,1,1,Barber,average
NA,4.375,4.375,0,1,Barber,average
NA,4.375,4.010416666666667,0,0,Barber,average
NA,4.375,4.017045454545454,0,1,Barber,average
NA,4.375,3.6458333333333335,0,0,Barber,average
NA,4.375,3.977272727272727,0,0,Barber,average
NA,4.375,3.977272727272727,1,0,Barber,average
NA,4.375,4.375,1,1,Barber,average
NA,4.375,3.977272727272727,1,0,Barber,average
NA,4.375,3.977272727272727,1,0,Barber,average
NA,4.375,4.375,1,1,Barber,average
NA,4.375,3.6458333333333335,0,0,Barber,average
NA,4.375,4.375,1,1,Barber,average
NA,4.375,4.375,1,0,Barber,average
NA,4.375,4.375,1,1,Barber,average
NA,4.375,4.375,1,1,Barber,average
NA,4.375,3.977272727272727,0,0,Barber,average
NA,4.375,4.375,0,1,Barber,average
NA,4.375,4.375,0,1,Barber,average
NA,4.375,4.375,1,1,Barber,average
NA,4.375,2.40625,0,0,Barber,average
NA,4.375,3.6458333333333335,0,0,Barber,average
NA,4.375,3.977272727272727,0,0,Barber,average
NA,4.375,4.375,0,1,Barber,average
NA,4.375,3.977272727272727,0,0,Barber,average
NA,4.375,4.375,1,1,Barber,average
NA,4.375,4.010416666666667,1,0,Barber,average
NA,4.375,4.375,1,1,Barber,average
NA,4.375,4.375,1,1,Barber,average
NA,4.375,4.375,0,1,Barber,average
NA,4.375,3.4915865384615383,0,0,Barber,average
NA,4.375,4.017045454545454,0,1,Barber,average
NA,4.375,4.338842975206612,1,1,Barber,average
NA,4.375,3.6458333333333335,0,0,Barber,average
NA,4.375,4.375,1,1,Barber,average
NA,4.375,4.375,0,1,Barber,average
NA,4.375,2.5328947368421053,0,0,Barber,average
NA,4.375,4.375,1,1,Barber,average
NA,4.375,4.375,0,0,Barber,average
NA,4.375,4.338842975206612,0,1,Barber,average
NA,4.375,3.701923076923077,0,0,Barber,average
NA,4.375,4.375,0,1,Barber,average
NA,4.375,3.977272727272727,0,0,Barber,average
NA,4.375,4.375,1,1,Barber,average
NA,4.375,4.375,1,1,Barber,average
NA,4.375,4.010416666666667,1,0,Barber,average
NA,4.375,4.375,0,0,Barber,average
NA,4.375,3.977272727272727,0,0,Barber,average
NA,4.375,3.3653846153846154,0,0,Barber,average
NA,4.375,4.375,0,1,Barber,average
NA,4.375,4.375,1,1,Barber,average
NA,4.375,3.977272727272727,0,0,Barber,average
NA,4.375,3.977272727272727,0,0,Barber,average
NA,4.375,3.4375,0,0,Barber,average
NA,4.375,4.144736842105263,0,0,Barber,average
NA,4.375,3.75,1,0,Barber,average
NA,4.375,3.5875,1,1,Barber,average
NA,4.375,4.049586776859504,1,1,Barber,average
NA,4.375,3.701923076923077,0,0,Barber,average
NA,4.375,4.375,0,1,Barber,average
NA,4.375,3.977272727272727,1,0,Barber,average
NA,4.375,4.375,0,1,Barber,average
NA,4.375,4.375,1,1,Barber,average
NA,4.375,3.6458333333333335,0,0,Barber,average
NA,4.375,4.375,1,1,Barber,average
NA,4.375,4.375,1,1,Barber,average
NA,4.375,4.375,1,0,Barber,average
NA,4.375,4.375,1,1,Barber,average
NA,4.375,3.5,0,0,Barber,average
NA,4.375,3.977272727272727,0,0,Barber,average
NA,4.375,3.977272727272727,1,0,Barber,average
NA,4.375,3.977272727272727,0,0,Barber,average
NA,4.375,4.375,1,1,Barber,average
NA,4.375,4.375,1,1,Barber,average
NA,4.375,4.375,1,1,Barber,average
NA,4.375,4.375,0,1,Barber,average
NA,4.375,4.375,0,1,Barber,average
NA,4.375,4.375,0,1,Barber,average
NA,4.375,4.375,0,1,Barber,average
NA,4.375,4.375,1,1,Barber,average
NA,4.375,4.375,1,1,Barber,average
NA,4.375,4.010416666666667,0,1,Barber,average
NA,4.375,3.6458333333333335,0,0,Barber,average
NA,4.375,4.375,0,1,Barber,average
NA,4.375,3.977272727272727,0,0,Barber,average
NA,4.375,4.375,1,1,Barber,average
NA,4.375,4.375,1,1,Barber,average
NA,4.375,3.6458333333333335,0,0,Barber,average
NA,4.375,4.375,0,1,Barber,average
NA,4.375,4.375,1,0,Barber,average
NA,4.375,4.375,0,1,Barber,average
NA,4.375,3.977272727272727,0,0,Barber,average
NA,4.375,3.977272727272727,0,0,Barber,average
NA,4.375,4.010416666666667,0,0,Barber,average
NA,4.375,3.98125,1,1,Barber,average
NA,4.375,4.375,0,1,Barber,average
NA,4.375,4.375,1,1,Barber,average
NA,4.375,4.375,1,0,Barber,average
NA,4.375,4.375,1,1,Barber,average
NA,4.375,4.375,1,1,Barber,average
NA,4.375,4.0,0,1,Barber,average
NA,4.375,4.375,1,1,Barber,average
NA,4.375,4.010416666666667,0,1,Barber,average
NA,4.375,4.375,1,1,Barber,average
NA,4.375,4.375,1,0,Barber,average
NA,4.375,4.010416666666667,0,0,Barber,average
NA,4.375,3.6458333333333335,0,0,Barber,average
NA,4.375,4.375,0,1,Barber,average
NA,4.375,3.701923076923077,1,0,Barber,average
NA,4.375,3.977272727272727,0,0,Barber,average
NA,4.375,4.375,0,0,Barber,average
NA,4.375,4.375,1,1,Barber,average
NA,4.375,4.375,1,1,Barber,average
NA,4.375,3.9375,0,0,Barber,average
NA,4.375,4.375,0,1,Barber,average
NA,4.375,4.375,0,1,Barber,average
NA,4.375,4.375,0,0,Barber,average
NA,4.375,3.977272727272727,0,0,Barber,average
NA,4.375,4.375,1,1,Barber,average
NA,4.375,4.375,0,1,Barber,average
NA,4.375,4.375,0,1,Barber,average
NA,4.375,2.5,0,0,Barber,average
NA,4.375,3.6458333333333335,1,0,Barber,average
NA,4.375,4.375,0,1,Barber,average
NA,4.375,4.049586776859504,0,1,Barber,average
NA,4.375,3.977272727272727,0,0,Barber,average
NA,4.375,4.017045454545454,1,1,Barber,average
NA,4.375,4.375,1,1,Barber,average
NA,4.375,4.375,0,1,Barber,average
NA,4.375,4.375,1,1,Barber,average
NA,4.375,3.977272727272727,0,0,Barber,average
NA,4.375,4.010416666666667,0,0,Barber,average
NA,4.375,4.0625,0,0,Barber,average
NA,4.375,3.9375,1,0,Barber,average
NA,4.375,4.375,1,1,Barber,average
NA,4.375,4.375,0,1,Barber,average
NA,4.375,4.375,0,1,Barber,average
NA,4.375,4.010416666666667,0,0,Barber,average
NA,4.375,4.375,0,1,Barber,average
NA,4.375,4.010416666666667,0,0,Barber,average
NA,4.375,4.375,1,1,Barber,average
NA,4.375,3.977272727272727,1,0,Barber,average
NA,4.375,3.71875,0,1,Barber,average
NA,4.375,4.375,0,1,Barber,average
NA,4.375,3.977272727272727,1,0,Barber,average
NA,4.375,4.375,0,1,Barber,average
NA,4.375,4.375,0,1,Barber,average
NA,4.375,3.977272727272727,0,0,Barber,average
NA,4.375,4.375,0,1,Barber,average
NA,4.375,3.5875,0,1,Barber,average
NA,4.375,4.375,0,1,Barber,average
NA,4.375,3.9375,0,0,Barber,average
NA,4.375,4.375,1,1,Barber,average
NA,4.375,4.375,0,1,Barber,average
NA,4.375,4.375,1,1,Barber,average
NA,4.375,3.0989583333333335,0,0,Barber,average
NA,4.375,4.375,0,1,Barber,average
NA,4.375,4.375,1,1,Barber,average
NA,4.375,4.375,0,1,Barber,average
NA,4.375,2.9166666666666665,0,0,Barber,average
NA,4.375,3.3653846153846154,0,0,Barber,average
NA,4.375,4.375,0,1,Barber,average
NA,4.375,4.375,1,1,Barber,average
NA,4.375,4.375,0,1,Barber,average
NA,4.375,4.017045454545454,0,1,Barber,average
NA,4.375,4.375,1,1,Barber,average
NA,4.375,3.977272727272727,0,0,Barber,average
NA,4.375,4.375,1,1,Barber,average
NA,4.375,4.375,0,1,Barber,average
NA,4.375,3.977272727272727,1,0,Barber,average
NA,4.375,2.9166666666666665,0,0,Barber,average
NA,4.375,3.977272727272727,0,0,Barber,average
NA,4.375,4.375,0,1,Barber,average
NA,4.375,4.375,1,1,Barber,average
NA,4.375,4.375,1,0,Barber,average
NA,4.375,2.8308823529411766,0,0,Barber,average
NA,4.375,3.977272727272727,0,0,Barber,average
NA,4.375,3.977272727272727,1,0,Barber,average
NA,4.375,4.375,1,1,Barber,average
NA,4.375,4.375,0,1,Barber,average
NA,4.375,4.375,1,1,Barber,average
NA,4.375,3.6458333333333335,0,0,Barber,average
NA,4.375,4.375,1,1,Barber,average
NA,4.375,4.375,0,1,Barber,average
NA,4.375,4.375,0,1,Barber,average
NA,4.375,3.977272727272727,1,0,Barber,average
NA,4.375,4.375,0,1,Barber,average
NA,4.375,3.977272727272727,1,0,Barber,average
NA,4.375,4.375,1,1,Barber,average
NA,4.375,4.375,1,1,Barber,average
NA,4.375,4.375,1,1,Barber,average
NA,4.375,3.977272727272727,0,0,Barber,average
NA,4.375,3.977272727272727,0,0,Barber,average
NA,4.375,2.7083333333333335,0,0,Barber,average
NA,4.375,4.010416666666667,0,0,Barber,average
NA,4.375,4.375,1,1,Barber,average
NA,4.375,3.977272727272727,0,0,Barber,average
NA,4.375,3.778409090909091,0,0,Barber,average
NA,4.375,4.375,1,1,Barber,average
NA,4.375,4.375,0,1,Barber,average
NA,4.375,3.977272727272727,0,0,Barber,average
NA,4.375,4.038461538461538,0,0,Barber,average
NA,4.375,4.375,1,1,Barber,average
NA,4.375,4.375,0,1,Barber,average
NA,4.375,4.375,0,1,Barber,average
NA,4.375,4.375,1,1,Barber,average
NA,4.375,4.375,1,0,Barber,average
NA,4.375,4.375,0,1,Barber,average
NA,4.375,4.375,1,0,Barber,average
NA,4.375,4.375,1,1,Barber,average
NA,4.375,4.375,1,1,Barber,average
NA,4.375,4.375,1,1,Barber,average
NA,4.375,3.977272727272727,1,0,Barber,average
NA,4.375,4.375,1,1,Barber,average
NA,4.375,4.375,1,1,Barber,average
NA,4.375,3.9375,1,0,Barber,average
NA,4.375,3.977272727272727,0,0,Barber,average
NA,4.375,4.375,1,1,Barber,average
NA,4.375,4.375,1,1,Barber,average
NA,4.375,3.5,0,0,Barber,average
NA,4.375,3.977272727272727,0,0,Barber,average
NA,4.375,3.6458333333333335,0,0,Barber,average
NA,4.375,4.375,0,1,Barber,average
NA,4.375,4.375,0,1,Barber,average
NA,4.375,4.375,1,1,Barber,average
NA,4.375,4.375,0,1,Barber,average
NA,4.375,3.5795454545454546,0,0,Barber,average
NA,4.375,4.375,0,1,Barber,average
NA,4.375,3.977272727272727,0,0,Barber,average
NA,4.375,4.375,1,1,Barber,average
NA,4.375,4.375,1,1,Barber,average
NA,4.375,4.375,0,1,Barber,average
NA,4.375,3.6458333333333335,0,0,Barber,average
NA,4.375,4.375,1,1,Barber,average
NA,4.375,3.7393162393162394,0,0,Barber,average
NA,4.375,4.375,0,1,Barber,average
NA,4.375,4.375,0,1,Barber,average
NA,4.375,4.375,0,0,Barber,average
NA,4.375,4.261363636363637,0,1,Barber,average
NA,4.375,4.010416666666667,0,0,Barber,average
NA,4.375,3.614130434782609,0,0,Barber,average
NA,4.375,3.9375,0,0,Barber,average
NA,4.375,3.977272727272727,1,0,Barber,average
NA,4.375,3.9375,0,0,Barber,average
NA,4.375,4.375,1,1,Barber,average
NA,4.375,3.977272727272727,0,0,Barber,average
NA,4.375,3.977272727272727,0,0,Barber,average
NA,4.375,4.375,1,0,Barber,average
NA,4.375,3.3653846153846154,0,0,Barber,average
NA,4.375,4.375,0,1,Barber,average
NA,4.375,3.977272727272727,0,0,Barber,average
NA,4.375,3.977272727272727,1,0,Barber,average
NA,4.375,4.375,1,1,Barber,average
NA,4.375,4.375,1,0,Barber,average
NA,4.375,4.010416666666667,0,0,Barber,average
NA,4.375,3.977272727272727,0,0,Barber,average
NA,4.375,3.977272727272727,0,0,Barber,average
NA,4.375,4.375,0,1,Barber,average
NA,4.375,4.375,1,1,Barber,average
NA,4.375,4.010416666666667,0,0,Barber,average
NA,4.375,3.9375,0,0,Barber,average
NA,4.375,4.375,1,1,Barber,average
NA,4.375,4.375,1,1,Barber,average
NA,4.375,3.977272727272727,1,0,Barber,average
NA,4.375,4.010416666666667,1,0,Barber,average
NA,4.375,3.1818181818181817,0,0,Barber,average
NA,4.375,4.375,0,1,Barber,average
NA,4.375,4.375,0,1,Barber,average
NA,4.375,4.375,0,0,Barber,average
NA,4.375,3.5795454545454546,0,0,Barber,average
NA,4.375,4.375,0,0,Barber,average
NA,4.375,3.977272727272727,0,0,Barber,average
NA,4.375,4.375,0,1,Barber,average
NA,4.375,4.375,0,1,Barber,average
NA,4.375,4.375,1,1,Barber,average
NA,4.375,4.375,0,1,Barber,average
NA,4.375,4.375,1,1,Barber,average
NA,4.375,3.6458333333333335,1,0,Barber,average
NA,4.375,3.977272727272727,1,0,Barber,average
NA,4.375,4.017045454545454,0,1,Barber,average
NA,4.375,4.076704545454546,1,1,Barber,average
NA,4.375,4.083333333333333,0,0,Barber,average
NA,4.375,4.375,1,1,Barber,average
NA,4.375,4.021464646464646,0,0,Barber,average
NA,4.375,4.375,0,1,Barber,average
NA,4.375,3.701923076923077,0,0,Barber,average
NA,4.375,4.1015625,0,0,Barber,average
NA,4.375,4.017045454545454,0,1,Barber,average
NA,4.375,4.375,0,1,Barber,average
NA,4.375,3.6458333333333335,0,0,Barber,average
NA,4.375,4.375,0,1,Barber,average
NA,4.375,3.977272727272727,1,0,Barber,average
NA,4.375,3.701923076923077,0,0,Barber,average
NA,4.375,3.3653846153846154,0,0,Barber,average
NA,4.375,4.375,0,1,Barber,average
NA,4.375,4.375,0,0,Barber,average
NA,4.375,4.010416666666667,1,0,Barber,average
NA,4.375,4.375,0,1,Barber,average
NA,4.375,3.9375,0,0,Barber,average
NA,4.375,4.375,1,1,Barber,average
NA,4.375,4.375,1,1,Barber,average
NA,4.375,4.375,1,1,Barber,average
NA,4.375,4.375,1,1,Barber,average
NA,4.375,4.0048076923076925,0,1,Barber,average
NA,4.375,4.010416666666667,0,0,Barber,average
NA,4.375,4.375,1,1,Barber,average
NA,4.375,4.010416666666667,0,0,Barber,average
NA,4.375,4.375,0,1,Barber,average
NA,4.375,3.223684210526316,0,0,Barber,average
NA,4.375,3.977272727272727,0,0,Barber,average
NA,4.375,3.977272727272727,0,0,Barber,average
NA,4.375,4.375,1,1,Barber,average
NA,4.375,4.375,1,1,Barber,average
NA,4.375,4.010416666666667,0,0,Barber,average
NA,4.375,3.3653846153846154,0,0,Barber,average
NA,4.375,4.375,0,1,Barber,average
NA,4.375,3.4915865384615383,0,0,Barber,average
NA,4.375,3.977272727272727,1,0,Barber,average
NA,4.375,4.375,1,1,Barber,average
NA,4.375,4.375,1,1,Barber,average
NA,4.375,4.1982323232323235,0,1,Barber,average
NA,4.375,4.375,1,1,Barber,average
NA,4.375,3.7268518518518516,0,0,Barber,average
NA,4.375,4.010416666666667,0,1,Barber,average
NA,4.375,4.375,0,1,Barber,average
NA,4.375,4.038461538461538,0,0,Barber,average
NA,4.375,4.375,0,0,Barber,average
NA,4.375,4.375,1,1,Barber,average
NA,4.375,3.701923076923077,0,0,Barber,average
NA,4.375,4.375,1,0,Barber,average
NA,4.375,4.017045454545454,0,1,Barber,average
NA,4.375,4.375,0,1,Barber,average
NA,4.375,3.701923076923077,1,0,Barber,average
NA,4.375,4.375,0,1,Barber,average
NA,4.375,4.375,1,1,Barber,average
NA,4.375,3.3653846153846154,1,0,Barber,average
NA,4.375,4.375,0,1,Barber,average
NA,4.375,4.375,0,1,Barber,average
NA,4.375,4.375,1,1,Barber,average
NA,4.375,4.375,1,1,Barber,average
NA,4.375,4.375,0,1,Barber,average
NA,4.375,4.010416666666667,0,0,Barber,average
NA,4.375,3.911764705882353,0,1,Barber,average
NA,4.375,4.375,1,1,Barber,average
NA,4.375,3.5875,1,1,Barber,average
NA,4.375,4.375,1,1,Barber,average
NA,4.375,4.010416666666667,0,0,Barber,average
NA,4.375,4.010416666666667,0,0,Barber,average
NA,4.375,3.977272727272727,0,0,Barber,average
NA,4.375,4.375,1,1,Barber,average
NA,4.375,3.888888888888889,0,0,Barber,average
NA,4.375,3.9375,0,0,Barber,average
NA,4.375,4.375,1,1,Barber,average
NA,4.375,4.375,1,1,Barber,average
NA,4.375,4.375,0,1,Barber,average
NA,4.375,4.375,1,1,Barber,average
NA,4.375,4.010416666666667,0,0,Barber,average
NA,4.375,4.010416666666667,0,0,Barber,average
NA,4.375,4.010416666666667,0,0,Barber,average
NA,4.375,3.6458333333333335,0,0,Barber,average
NA,4.375,4.375,1,1,Barber,average
NA,4.375,4.375,1,0,Barber,average
NA,4.375,3.6458333333333335,0,0,Barber,average
NA,4.375,4.375,0,1,Barber,average
NA,4.375,3.977272727272727,1,0,Barber,average
NA,4.375,3.977272727272727,0,0,Barber,average
NA,4.375,3.977272727272727,1,0,Barber,average
NA,4.375,4.010416666666667,1,0,Barber,average
NA,4.375,4.010416666666667,0,0,Barber,average
NA,4.375,3.125,0,0,Barber,average
NA,4.375,4.375,1,1,Barber,average
NA,4.375,4.010416666666667,0,0,Barber,average
NA,4.375,4.0048076923076925,0,1,Barber,average
NA,4.375,4.375,0,1,Barber,average
NA,4.375,3.977272727272727,0,0,Barber,average
NA,4.375,4.375,1,1,Barber,average
NA,4.375,4.375,0,0,Barber,average
NA,4.375,4.375,1,1,Barber,average
NA,4.375,3.977272727272727,0,0,Barber,average
NA,4.375,4.375,1,1,Barber,average
NA,4.375,3.977272727272727,0,0,Barber,average
NA,4.375,4.010416666666667,1,0,Barber,average
NA,4.375,4.375,1,1,Barber,average
NA,4.375,3.977272727272727,0,0,Barber,average
NA,4.375,3.6458333333333335,0,0,Barber,average
NA,4.375,3.75,0,0,Barber,average
NA,4.375,4.375,0,1,Barber,average
NA,4.375,4.375,1,1,Barber,average
NA,4.375,4.038461538461538,0,0,Barber,average
NA,4.375,3.977272727272727,0,0,Barber,average
NA,4.375,3.9375,0,0,Barber,average
NA,4.375,3.977272727272727,1,0,Barber,average
NA,4.375,3.9375,0,0,Barber,average
NA,4.375,4.375,1,1,Barber,average
NA,4.375,3.701923076923077,1,0,Barber,average
NA,4.375,4.375,1,1,Barber,average
NA,4.375,4.375,1,1,Barber,average
NA,4.375,4.049586776859504,0,1,Barber,average
NA,4.375,4.375,1,1,Barber,average
NA,4.375,4.375,1,1,Barber,average
NA,4.375,4.375,1,0,Barber,average
NA,4.375,3.977272727272727,0,0,Barber,average
NA,4.375,4.375,0,1,Barber,average
NA,4.375,3.2083333333333335,0,0,Barber,average
NA,4.375,4.375,1,1,Barber,average
NA,4.375,4.375,1,1,Barber,average
NA,4.375,3.977272727272727,0,0,Barber,average
NA,4.375,3.6458333333333335,0,0,Barber,average
NA,4.375,4.375,1,1,Barber,average
NA,4.375,3.977272727272727,0,0,Barber,average
NA,4.375,4.010416666666667,1,0,Barber,average
NA,4.375,4.375,1,1,Barber,average
NA,4.375,3.977272727272727,0,0,Barber,average
NA,4.375,4.375,1,1,Barber,average
NA,4.375,3.659090909090909,1,1,Barber,average
NA,4.375,3.769230769230769,0,1,Barber,average
NA,4.375,4.375,0,1,Barber,average
NA,4.375,4.375,1,1,Barber,average
NA,4.375,4.375,0,0,Barber,average
NA,4.375,4.375,0,0,Barber,average
NA,4.375,3.701923076923077,0,0,Barber,average
NA,4.375,4.375,0,1,Barber,average
NA,4.375,3.977272727272727,0,0,Barber,average
NA,4.375,4.375,1,1,Barber,average
NA,4.375,3.9375,0,0,Barber,average
NA,4.375,3.701923076923077,0,0,Barber,average
NA,4.375,4.375,0,1,Barber,average
NA,4.375,4.375,0,1,Barber,average
NA,4.375,4.338842975206612,1,1,Barber,average
NA,4.375,4.375,1,1,Barber,average
NA,4.375,3.6458333333333335,0,0,Barber,average
NA,4.375,4.375,0,0,Barber,average
NA,4.375,3.977272727272727,0,0,Barber,average
NA,4.375,4.375,1,1,Barber,average
NA,4.375,4.017045454545454,0,1,Barber,average
NA,4.375,4.375,0,1,Barber,average
NA,4.375,4.375,0,1,Barber,average
NA,4.375,4.375,1,1,Barber,average
NA,4.375,3.9375,1,0,Barber,average
NA,4.375,3.977272727272727,0,0,Barber,average
NA,4.375,3.4915865384615383,0,0,Barber,average
NA,4.375,3.6458333333333335,0,0,Barber,average
NA,4.375,3.75,0,0,Barber,average
NA,4.375,4.375,1,1,Barber,average
NA,4.375,3.9375,1,0,Barber,average
NA,4.375,3.977272727272727,0,0,Barber,average
NA,4.375,4.375,1,1,Barber,average
NA,4.375,4.076704545454546,0,1,Barber,average
NA,4.375,4.010416666666667,1,0,Barber,average
NA,4.375,3.977272727272727,1,0,Barber,average
NA,4.375,3.977272727272727,1,0,Barber,average
NA,4.375,4.038461538461538,0,0,Barber,average
NA,4.375,4.375,1,1,Barber,average
NA,4.375,4.375,0,0,Barber,average
NA,4.375,4.375,1,1,Barber,average
NA,4.375,4.010416666666667,1,0,Barber,average
NA,4.375,4.375,0,0,Barber,average
NA,4.375,4.010416666666667,0,0,Barber,average
NA,4.375,4.375,0,1,Barber,average
NA,4.375,3.977272727272727,0,0,Barber,average
NA,4.375,4.375,1,1,Barber,average
NA,4.375,3.977272727272727,0,0,Barber,average
NA,4.375,3.977272727272727,0,0,Barber,average
NA,4.375,3.125,0,0,Barber,average
NA,4.375,3.125,0,0,Barber,average
NA,4.375,4.375,1,0,Barber,average
NA,4.375,3.6458333333333335,0,0,Barber,average
NA,4.375,3.2083333333333335,0,0,Barber,average
NA,4.375,4.375,0,1,Barber,average
NA,4.375,4.375,0,1,Barber,average
NA,4.375,4.375,1,1,Barber,average
NA,4.375,4.375,0,0,Barber,average
NA,4.375,4.375,1,0,Barber,average
NA,4.375,4.375,1,1,Barber,average
NA,4.375,3.977272727272727,1,0,Barber,average
NA,4.375,4.375,1,1,Barber,average
NA,4.375,3.977272727272727,0,0,Barber,average
NA,4.375,3.6458333333333335,0,0,Barber,average
NA,4.375,4.375,1,1,Barber,average
NA,4.375,4.375,0,1,Barber,average
NA,4.375,4.010416666666667,0,0,Barber,average
NA,4.375,4.375,0,1,Barber,average
NA,4.375,3.6458333333333335,1,0,Barber,average
NA,4.375,4.010416666666667,0,0,Barber,average
NA,4.375,4.010416666666667,0,0,Barber,average
NA,4.375,4.375,0,1,Barber,average
NA,4.375,3.5,0,0,Barber,average
NA,4.375,4.375,1,1,Barber,average
NA,4.375,4.038461538461538,0,0,Barber,average
NA,4.375,3.3653846153846154,0,0,Barber,average
NA,4.375,3.977272727272727,1,0,Barber,average
NA,4.375,4.375,0,1,Barber,average
NA,5.5,5.5,1,1,Barber,average
NA,5.5,5.5,1,1,Barber,average
NA,5.5,5.0,0,0,Barber,average
NA,5.5,5.5,1,1,Barber,average
NA,5.5,5.5,1,1,Barber,average
NA,5.5,5.5,1,1,Barber,average
NA,5.5,5.5,1,1,Barber,average
NA,5.5,5.0,1,0,Barber,average
NA,5.5,5.5,1,1,Barber,average
NA,5.5,5.5,0,1,Barber,average
NA,5.5,5.5,1,1,Barber,average
NA,5.5,5.5,1,1,Barber,average
NA,5.5,5.5,1,1,Barber,average
NA,5.5,5.5,1,1,Barber,average
NA,5.5,5.5,1,1,Barber,average
NA,5.5,5.5,0,0,Barber,average
NA,5.5,5.5,1,1,Barber,average
NA,5.5,5.5,1,1,Barber,average
NA,5.5,3.025,0,0,Barber,average
NA,5.5,5.5,1,1,Barber,average
NA,5.5,5.5,1,1,Barber,average
NA,5.5,5.0,0,0,Barber,average
NA,5.5,5.5,1,1,Barber,average
NA,5.5,5.5,1,1,Barber,average
NA,5.5,5.0,1,0,Barber,average
NA,5.5,5.5,0,1,Barber,average
NA,5.5,5.5,1,1,Barber,average
NA,5.5,5.5,1,1,Barber,average
NA,5.5,5.5,1,1,Barber,average
NA,5.5,5.5,1,1,Barber,average
NA,5.5,5.5,0,1,Barber,average
NA,5.5,5.5,1,1,Barber,average
NA,5.5,5.5,1,1,Barber,average
NA,5.5,5.5,1,1,Barber,average
NA,5.5,5.5,1,1,Barber,average
NA,5.5,5.5,1,1,Barber,average
NA,5.5,5.5,1,1,Barber,average
NA,5.5,5.5,1,1,Barber,average
NA,5.5,5.5,1,1,Barber,average
NA,5.5,5.5,1,1,Barber,average
NA,5.5,5.5,0,1,Barber,average
NA,5.5,5.5,1,1,Barber,average
NA,5.5,5.5,1,1,Barber,average
NA,5.5,5.5,1,1,Barber,average
NA,5.5,5.5,1,1,Barber,average
NA,5.5,5.5,1,1,Barber,average
NA,5.5,5.5,1,1,Barber,average
NA,5.5,5.5,1,1,Barber,average
NA,5.5,5.5,0,0,Barber,average
NA,5.5,5.5,0,1,Barber,average
NA,5.5,5.5,1,1,Barber,average
NA,5.5,5.5,1,1,Barber,average
NA,5.5,4.714285714285714,0,0,Barber,average
NA,5.5,5.5,1,1,Barber,average
NA,5.5,5.5,0,1,Barber,average
NA,5.5,5.0,0,0,Barber,average
NA,5.5,5.5,1,1,Barber,average
NA,5.5,5.5,1,1,Barber,average
NA,5.5,5.5,1,1,Barber,average
NA,5.5,5.5,1,1,Barber,average
NA,5.5,5.5,0,1,Barber,average
NA,5.5,5.5,1,1,Barber,average
NA,5.5,5.5,0,1,Barber,average
NA,5.5,5.5,1,1,Barber,average
NA,5.5,5.5,1,1,Barber,average
NA,5.5,5.0,1,0,Barber,average
NA,5.5,5.5,1,1,Barber,average
NA,5.5,5.5,1,1,Barber,average
NA,5.5,4.95,1,0,Barber,average
NA,5.5,5.5,1,1,Barber,average
NA,5.5,5.5,1,1,Barber,average
NA,5.5,5.5,1,1,Barber,average
NA,5.5,5.5,1,1,Barber,average
NA,5.5,5.5,1,1,Barber,average
NA,5.5,5.5,1,1,Barber,average
NA,5.5,5.5,1,1,Barber,average
NA,5.5,5.5,1,1,Barber,average
NA,5.5,5.5,1,1,Barber,average
NA,5.5,5.5,0,1,Barber,average
NA,5.5,5.5,1,1,Barber,average
NA,5.5,5.5,1,1,Barber,average
NA,5.5,5.5,1,1,Barber,average
NA,5.5,5.0,0,0,Barber,average
NA,5.5,5.5,0,1,Barber,average
NA,5.5,5.5,0,1,Barber,average
NA,5.5,5.5,1,1,Barber,average
NA,5.5,5.5,1,1,Barber,average
NA,5.5,5.5,1,0,Barber,average
NA,5.5,4.583333333333333,0,0,Barber,average
NA,5.5,5.5,1,1,Barber,average
NA,5.5,5.5,1,1,Barber,average
NA,5.5,5.5,1,1,Barber,average
NA,5.5,5.5,1,1,Barber,average
NA,5.5,5.5,1,1,Barber,average
NA,5.5,5.5,1,1,Barber,average
NA,5.5,5.5,1,1,Barber,average
NA,5.5,5.5,0,0,Barber,average
NA,5.5,5.5,1,1,Barber,average
NA,5.5,5.0,0,0,Barber,average
NA,5.5,5.5,1,1,Barber,average
NA,5.5,5.5,1,1,Barber,average
NA,5.5,5.5,0,1,Barber,average
NA,5.5,5.5,1,0,Barber,average
NA,5.5,5.5,1,1,Barber,average
NA,5.5,5.5,1,1,Barber,average
NA,5.5,5.5,1,1,Barber,average
NA,5.5,5.0,0,0,Barber,average
NA,5.5,5.5,1,0,Barber,average
NA,5.5,5.5,1,1,Barber,average
NA,5.5,5.5,1,1,Barber,average
NA,5.5,4.95,0,0,Barber,average
NA,5.5,5.0,0,0,Barber,average
NA,5.5,5.5,0,1,Barber,average
NA,5.5,5.5,1,1,Barber,average
NA,5.5,5.5,1,1,Barber,average
NA,5.5,5.5,1,1,Barber,average
NA,5.5,5.5,0,1,Barber,average
NA,5.5,4.583333333333333,1,0,Barber,average
NA,5.5,5.5,1,1,Barber,average
NA,5.5,5.0,0,0,Barber,average
NA,5.5,5.5,1,1,Barber,average
NA,5.5,5.0,0,0,Barber,average
NA,5.5,5.5,1,1,Barber,average
NA,5.5,5.5,1,1,Barber,average
NA,5.5,5.5,1,1,Barber,average
NA,5.5,5.5,0,1,Barber,average
NA,5.5,5.0,0,0,Barber,average
NA,5.5,5.5,1,1,Barber,average
NA,5.5,5.5,1,1,Barber,average
NA,5.5,5.5,1,1,Barber,average
NA,5.5,5.5,1,1,Barber,average
NA,5.5,5.5,0,1,Barber,average
NA,5.5,5.5,1,1,Barber,average
NA,5.5,5.5,1,1,Barber,average
NA,5.5,5.5,0,1,Barber,average
NA,5.5,5.5,1,1,Barber,average
NA,5.5,5.5,1,1,Barber,average
NA,5.5,5.5,1,1,Barber,average
NA,5.5,5.5,1,1,Barber,average
NA,5.5,5.0,0,0,Barber,average
NA,5.5,5.5,1,1,Barber,average
NA,5.5,5.5,1,1,Barber,average
NA,5.5,5.5,1,1,Barber,average
NA,5.5,5.5,1,1,Barber,average
NA,5.5,5.5,1,1,Barber,average
NA,5.5,5.0,0,0,Barber,average
NA,5.5,5.5,1,1,Barber,average
NA,5.5,5.5,1,1,Barber,average
NA,5.5,5.5,1,1,Barber,average
NA,5.5,5.5,1,1,Barber,average
NA,5.5,5.5,1,1,Barber,average
NA,5.5,5.5,1,1,Barber,average
NA,5.5,5.5,1,1,Barber,average
NA,5.5,5.5,1,1,Barber,average
NA,5.5,5.5,1,1,Barber,average
NA,5.5,5.5,1,1,Barber,average
NA,5.5,5.5,1,1,Barber,average
NA,5.5,5.5,1,1,Barber,average
NA,5.5,4.95,0,0,Barber,average
NA,5.5,5.5,1,1,Barber,average
NA,5.5,5.5,1,1,Barber,average
NA,5.5,5.5,0,1,Barber,average
NA,5.5,5.5,1,1,Barber,average
NA,5.5,5.0,0,0,Barber,average
NA,5.5,5.5,1,0,Barber,average
NA,5.5,5.0,0,0,Barber,average
NA,5.5,5.5,1,1,Barber,average
NA,5.5,5.0,1,0,Barber,average
NA,5.5,5.5,1,1,Barber,average
NA,5.5,5.5,1,1,Barber,average
NA,5.5,5.5,1,1,Barber,average
NA,5.5,5.5,1,1,Barber,average
NA,5.5,5.5,0,1,Barber,average
NA,5.5,5.5,0,1,Barber,average
NA,5.5,5.5,1,1,Barber,average
NA,5.5,5.5,1,1,Barber,average
NA,5.5,5.5,1,1,Barber,average
NA,5.5,5.5,1,1,Barber,average
NA,5.5,5.5,1,1,Barber,average
NA,5.5,5.5,1,1,Barber,average
NA,5.5,5.0,0,0,Barber,average
NA,5.5,5.5,1,1,Barber,average
NA,5.5,5.5,0,1,Barber,average
NA,5.5,5.5,1,1,Barber,average
NA,5.5,5.5,1,1,Barber,average
NA,5.5,5.0,0,0,Barber,average
NA,5.5,5.0,0,0,Barber,average
NA,5.5,5.5,1,1,Barber,average
NA,5.5,5.5,1,1,Barber,average
NA,5.5,5.0,1,0,Barber,average
NA,5.5,5.0,1,0,Barber,average
NA,5.5,5.5,1,1,Barber,average
NA,5.5,5.5,1,1,Barber,average
NA,5.5,5.5,1,1,Barber,average
NA,5.5,5.0,1,0,Barber,average
NA,5.5,5.5,1,0,Barber,average
NA,5.5,5.5,1,1,Barber,average
NA,5.5,5.5,1,1,Barber,average
NA,5.5,5.5,0,1,Barber,average
NA,5.5,5.5,1,1,Barber,average
NA,5.5,5.5,1,1,Barber,average
NA,5.5,5.5,1,1,Barber,average
NA,5.5,5.5,1,0,Barber,average
NA,5.5,5.5,1,1,Barber,average
NA,5.5,5.5,1,1,Barber,average
NA,5.5,5.5,1,1,Barber,average
NA,5.5,5.5,1,1,Barber,average
NA,5.5,5.5,1,1,Barber,average
NA,5.5,5.5,1,1,Barber,average
NA,5.5,5.5,1,1,Barber,average
NA,5.5,5.5,1,1,Barber,average
NA,5.5,5.5,1,1,Barber,average
NA,5.5,5.5,1,1,Barber,average
NA,5.5,5.5,1,1,Barber,average
NA,5.5,5.5,1,1,Barber,average
NA,5.5,5.5,1,1,Barber,average
NA,5.5,5.5,1,1,Barber,average
NA,5.5,5.5,1,1,Barber,average
NA,5.5,5.5,1,1,Barber,average
NA,5.5,5.5,1,1,Barber,average
NA,5.5,5.5,1,1,Barber,average
NA,5.5,5.5,0,1,Barber,average
NA,5.5,5.5,1,1,Barber,average
NA,5.5,5.041666666666667,0,0,Barber,average
NA,5.5,5.5,0,1,Barber,average
NA,5.5,5.5,1,1,Barber,average
NA,5.5,5.0,1,0,Barber,average
NA,5.5,5.5,1,1,Barber,average
NA,5.5,5.5,0,1,Barber,average
NA,5.5,5.5,1,1,Barber,average
NA,5.5,5.5,1,1,Barber,average
NA,5.5,5.5,1,1,Barber,average
NA,5.5,5.5,1,1,Barber,average
NA,5.5,5.5,1,0,Barber,average
NA,5.5,5.5,0,1,Barber,average
NA,5.5,5.5,1,1,Barber,average
NA,5.5,5.5,1,1,Barber,average
NA,5.5,5.5,0,1,Barber,average
NA,5.5,5.0,0,0,Barber,average
NA,5.5,5.5,1,1,Barber,average
NA,5.5,5.5,1,1,Barber,average
NA,5.5,5.5,0,1,Barber,average
NA,5.5,5.5,0,1,Barber,average
NA,5.5,5.5,0,1,Barber,average
NA,5.5,5.5,1,1,Barber,average
NA,5.5,5.5,1,1,Barber,average
NA,5.5,5.5,0,0,Barber,average
NA,5.5,5.0,0,0,Barber,average
NA,5.5,5.5,0,1,Barber,average
NA,5.5,5.5,1,1,Barber,average
NA,5.5,5.5,1,1,Barber,average
NA,5.5,5.5,1,1,Barber,average
NA,5.5,5.5,1,1,Barber,average
NA,5.5,5.5,1,1,Barber,average
NA,5.5,5.5,1,1,Barber,average
NA,5.5,5.5,1,1,Barber,average
NA,5.5,5.5,1,1,Barber,average
NA,5.5,5.5,1,1,Barber,average
NA,5.5,5.5,1,1,Barber,average
NA,5.5,5.5,1,1,Barber,average
NA,5.5,5.5,1,1,Barber,average
NA,5.5,5.5,1,1,Barber,average
NA,5.5,5.05,0,1,Barber,average
NA,5.5,5.5,1,1,Barber,average
NA,5.5,5.5,1,1,Barber,average
NA,5.5,5.0,0,0,Barber,average
NA,5.5,5.5,1,1,Barber,average
NA,5.5,5.5,1,1,Barber,average
NA,5.5,5.5,0,1,Barber,average
NA,5.5,5.5,1,1,Barber,average
NA,5.5,5.5,1,1,Barber,average
NA,5.5,5.5,1,1,Barber,average
NA,5.5,5.5,0,1,Barber,average
NA,5.5,5.5,1,1,Barber,average
NA,5.5,5.5,0,1,Barber,average
NA,5.5,5.5,1,1,Barber,average
NA,5.5,5.5,1,1,Barber,average
NA,5.5,5.5,1,1,Barber,average
NA,5.5,5.5,1,1,Barber,average
NA,5.5,5.5,1,1,Barber,average
NA,5.5,5.5,1,1,Barber,average
NA,5.5,5.5,0,1,Barber,average
NA,5.5,5.5,1,1,Barber,average
NA,5.5,5.5,1,1,Barber,average
NA,5.5,5.5,1,1,Barber,average
NA,5.5,5.5,0,1,Barber,average
NA,5.5,5.5,1,1,Barber,average
NA,5.5,5.0,1,0,Barber,average
NA,5.5,5.5,1,1,Barber,average
NA,5.5,5.5,1,1,Barber,average
NA,5.5,5.5,0,1,Barber,average
NA,5.5,5.5,1,1,Barber,average
NA,5.5,5.5,0,1,Barber,average
NA,5.5,5.5,1,0,Barber,average
NA,5.5,5.5,1,1,Barber,average
NA,5.5,5.5,1,1,Barber,average
NA,5.5,5.5,1,1,Barber,average
NA,5.5,5.5,0,1,Barber,average
NA,5.5,5.5,0,1,Barber,average
NA,5.5,5.5,1,1,Barber,average
NA,5.5,5.5,1,1,Barber,average
NA,5.5,5.5,1,1,Barber,average
NA,5.5,5.0,0,0,Barber,average
NA,5.5,5.5,1,1,Barber,average
NA,5.5,5.5,1,1,Barber,average
NA,5.5,5.0,1,0,Barber,average
NA,5.5,5.5,1,1,Barber,average
NA,5.5,5.5,0,1,Barber,average
NA,5.5,5.041666666666667,0,0,Barber,average
NA,5.5,5.5,1,1,Barber,average
NA,5.5,4.583333333333333,0,0,Barber,average
NA,5.5,5.5,1,1,Barber,average
NA,5.5,5.5,1,1,Barber,average
NA,5.5,5.5,0,1,Barber,average
NA,5.5,5.5,1,1,Barber,average
NA,5.5,5.5,1,1,Barber,average
NA,5.5,5.5,1,1,Barber,average
NA,5.5,5.5,1,1,Barber,average
NA,5.5,5.5,1,1,Barber,average
NA,5.5,5.0,0,0,Barber,average
NA,5.5,5.5,1,1,Barber,average
NA,5.5,5.5,1,1,Barber,average
NA,5.5,5.5,1,1,Barber,average
NA,5.5,5.5,1,1,Barber,average
NA,5.5,5.5,1,1,Barber,average
NA,5.5,5.5,0,1,Barber,average
NA,5.5,5.5,1,1,Barber,average
NA,5.5,5.5,1,0,Barber,average
NA,5.5,5.0,0,0,Barber,average
NA,5.5,5.5,1,1,Barber,average
NA,5.5,5.5,1,1,Barber,average
NA,5.5,5.0,0,0,Barber,average
NA,5.5,5.5,1,1,Barber,average
NA,5.5,5.0,1,0,Barber,average
NA,5.5,5.5,1,1,Barber,average
NA,5.5,5.5,1,1,Barber,average
NA,5.5,5.0,1,0,Barber,average
NA,5.5,5.5,1,1,Barber,average
NA,5.5,5.5,1,1,Barber,average
NA,5.5,5.5,1,1,Barber,average
NA,5.5,5.5,1,1,Barber,average
NA,5.5,5.5,1,1,Barber,average
NA,5.5,5.5,1,1,Barber,average
NA,5.5,5.5,1,1,Barber,average
NA,5.5,5.5,1,1,Barber,average
NA,5.5,5.0,0,0,Barber,average
NA,5.5,5.5,1,1,Barber,average
NA,5.5,5.5,1,1,Barber,average
NA,5.5,5.5,1,1,Barber,average
NA,5.5,5.5,0,1,Barber,average
NA,5.5,5.5,1,1,Barber,average
NA,5.5,5.5,1,1,Barber,average
NA,5.5,5.0,0,0,Barber,average
NA,5.5,5.5,1,1,Barber,average
NA,5.5,5.5,1,1,Barber,average
NA,5.5,5.5,1,1,Barber,average
NA,5.5,5.5,1,1,Barber,average
NA,5.5,5.454545454545454,1,1,Barber,average
NA,5.5,5.5,1,1,Barber,average
NA,5.5,5.5,1,1,Barber,average
NA,5.5,5.5,1,1,Barber,average
NA,5.5,5.5,1,1,Barber,average
NA,5.5,5.5,1,1,Barber,average
NA,5.5,4.95,0,0,Barber,average
NA,5.5,5.5,0,1,Barber,average
NA,5.5,5.5,0,1,Barber,average
NA,5.5,5.5,1,1,Barber,average
NA,5.5,5.5,1,1,Barber,average
NA,5.5,5.5,1,1,Barber,average
NA,5.5,5.5,1,0,Barber,average
NA,5.5,5.5,1,1,Barber,average
NA,5.5,5.5,1,1,Barber,average
NA,5.5,5.5,1,0,Barber,average
NA,5.5,5.5,1,1,Barber,average
NA,5.5,5.0,0,0,Barber,average
NA,5.5,5.5,0,1,Barber,average
NA,5.5,5.5,0,1,Barber,average
NA,5.5,5.5,1,1,Barber,average
NA,5.5,5.5,1,1,Barber,average
NA,5.5,5.5,1,1,Barber,average
NA,5.5,5.5,1,1,Barber,average
NA,5.5,5.5,1,1,Barber,average
NA,5.5,5.0,0,0,Barber,average
NA,5.5,5.5,1,1,Barber,average
NA,5.5,5.5,1,1,Barber,average
NA,5.5,5.5,1,1,Barber,average
NA,5.5,5.5,1,1,Barber,average
NA,5.5,5.0,0,0,Barber,average
NA,5.5,5.5,1,0,Barber,average
NA,5.5,5.5,1,1,Barber,average
NA,5.5,5.5,1,1,Barber,average
NA,5.5,5.5,1,1,Barber,average
NA,5.5,5.5,1,1,Barber,average
NA,5.5,5.5,0,1,Barber,average
NA,5.5,4.95,0,0,Barber,average
NA,5.5,5.5,1,1,Barber,average
NA,5.5,5.5,1,1,Barber,average
NA,5.5,5.5,1,1,Barber,average
NA,5.5,5.5,0,1,Barber,average
NA,5.5,5.5,1,1,Barber,average
NA,5.5,5.5,1,1,Barber,average
NA,5.5,5.5,0,1,Barber,average
NA,5.5,4.95,1,0,Barber,average
NA,5.5,5.5,0,0,Barber,average
NA,5.5,5.0,1,0,Barber,average
NA,5.5,5.5,0,1,Barber,average
NA,5.5,5.5,1,1,Barber,average
NA,5.5,5.5,1,1,Barber,average
NA,5.5,5.5,1,1,Barber,average
NA,5.5,5.5,1,1,Barber,average
NA,5.5,5.5,1,1,Barber,average
NA,5.5,5.5,1,1,Barber,average
NA,5.5,5.5,1,1,Barber,average
NA,5.5,5.5,1,1,Barber,average
NA,5.5,5.5,1,1,Barber,average
NA,5.5,5.0,0,0,Barber,average
NA,5.5,5.5,1,1,Barber,average
NA,5.5,5.5,1,1,Barber,average
NA,5.5,5.5,1,1,Barber,average
NA,5.5,5.5,1,1,Barber,average
NA,5.5,5.5,1,1,Barber,average
NA,5.5,5.0,1,0,Barber,average
NA,5.5,5.5,1,1,Barber,average
NA,5.5,5.5,1,1,Barber,average
NA,5.5,5.0,0,0,Barber,average
NA,5.5,5.0,0,0,Barber,average
NA,5.5,5.5,0,1,Barber,average
NA,5.5,5.5,1,1,Barber,average
NA,5.5,5.5,1,1,Barber,average
NA,5.5,5.5,1,1,Barber,average
NA,5.5,5.5,1,1,Barber,average
NA,5.5,5.5,1,1,Barber,average
NA,5.5,5.5,1,1,Barber,average
NA,5.5,5.5,1,1,Barber,average
NA,5.5,5.5,1,1,Barber,average
NA,5.5,5.5,1,1,Barber,average
NA,5.5,5.5,1,1,Barber,average
NA,5.5,5.5,0,1,Barber,average
NA,5.5,5.5,0,1,Barber,average
NA,5.5,5.5,1,1,Barber,average
NA,5.5,5.5,0,1,Barber,average
NA,5.5,5.5,0,1,Barber,average
NA,5.5,4.583333333333333,0,0,Barber,average
NA,5.5,5.5,1,1,Barber,average
NA,5.5,5.5,1,1,Barber,average
NA,5.5,5.5,1,1,Barber,average
NA,5.5,5.5,1,1,Barber,average
NA,5.5,5.5,1,1,Barber,average
NA,5.5,5.5,1,1,Barber,average
NA,5.5,5.5,1,1,Barber,average
NA,5.5,5.5,1,1,Barber,average
NA,5.5,5.5,1,1,Barber,average
NA,5.5,5.5,0,1,Barber,average
NA,5.5,5.0,0,0,Barber,average
NA,5.5,5.5,1,1,Barber,average
NA,5.5,5.5,1,1,Barber,average
NA,5.5,5.5,0,1,Barber,average
NA,5.5,5.5,0,1,Barber,average
NA,5.5,5.5,0,1,Barber,average
NA,5.5,5.5,1,1,Barber,average
NA,5.5,5.5,0,1,Barber,average
NA,5.5,5.5,1,1,Barber,average
NA,5.5,5.5,0,1,Barber,average
NA,5.5,5.5,1,1,Barber,average
NA,5.5,5.5,0,1,Barber,average
NA,5.5,5.5,1,1,Barber,average
NA,5.5,5.5,1,1,Barber,average
NA,5.5,5.5,1,1,Barber,average
NA,5.5,5.5,1,1,Barber,average
NA,5.5,5.5,1,1,Barber,average
NA,5.5,5.5,0,1,Barber,average
NA,5.5,5.5,1,1,Barber,average
NA,5.5,5.5,1,1,Barber,average
NA,5.5,5.5,1,0,Barber,average
NA,5.5,5.0,1,0,Barber,average
NA,5.5,5.0,1,0,Barber,average
NA,5.5,5.5,0,1,Barber,average
NA,5.5,5.5,1,1,Barber,average
NA,5.5,5.5,1,1,Barber,average
NA,5.5,5.5,0,0,Barber,average
NA,5.5,5.0,1,0,Barber,average
NA,5.5,5.5,1,1,Barber,average
NA,5.5,5.5,1,1,Barber,average
NA,5.5,5.5,1,1,Barber,average
NA,5.5,5.041666666666667,0,0,Barber,average
NA,5.5,5.5,0,1,Barber,average
NA,5.5,5.5,0,1,Barber,average
NA,5.5,5.5,1,1,Barber,average
NA,5.5,5.5,0,1,Barber,average
NA,5.5,5.5,0,1,Barber,average
NA,5.5,5.5,1,1,Barber,average
NA,5.5,5.5,1,1,Barber,average
NA,5.5,5.5,1,1,Barber,average
NA,5.5,5.5,0,1,Barber,average
NA,5.5,5.5,1,1,Barber,average
NA,5.5,5.5,1,1,Barber,average
NA,5.5,5.5,1,1,Barber,average
NA,5.5,5.5,1,1,Barber,average
NA,5.5,5.0,1,0,Barber,average
NA,5.5,5.5,1,1,Barber,average
NA,5.5,5.5,1,1,Barber,average
NA,5.5,5.5,1,1,Barber,average
NA,5.5,5.5,1,1,Barber,average
NA,5.5,5.5,0,0,Barber,average
NA,5.5,5.5,0,1,Barber,average
NA,5.5,5.0,0,0,Barber,average
NA,5.5,5.5,1,1,Barber,average
NA,5.5,5.5,1,1,Barber,average
NA,5.5,5.5,0,1,Barber,average
NA,5.5,5.5,1,1,Barber,average
NA,5.5,5.5,0,1,Barber,average
NA,5.5,5.5,1,1,Barber,average
NA,5.5,5.5,1,1,Barber,average
NA,5.5,5.5,1,1,Barber,average
NA,5.5,5.5,1,1,Barber,average
NA,5.5,5.5,1,1,Barber,average
NA,5.5,5.5,1,1,Barber,average
NA,5.5,5.5,1,1,Barber,average
NA,5.5,5.0,0,0,Barber,average
NA,5.5,5.5,0,1,Barber,average
NA,5.5,5.5,1,1,Barber,average
NA,5.5,5.5,1,1,Barber,average
NA,5.5,5.5,1,1,Barber,average
NA,5.5,5.5,1,1,Barber,average
NA,5.5,5.0,1,0,Barber,average
NA,5.5,5.5,1,1,Barber,average
NA,5.5,5.5,1,1,Barber,average
NA,5.5,5.5,1,1,Barber,average
NA,5.5,5.5,1,1,Barber,average
NA,5.5,5.5,1,1,Barber,average
NA,5.5,5.5,1,1,Barber,average
NA,5.5,5.0,0,0,Barber,average
NA,5.5,5.0,1,0,Barber,average
NA,5.5,5.5,1,1,Barber,average
NA,5.5,5.5,1,1,Barber,average
NA,5.5,5.5,1,1,Barber,average
NA,5.5,5.5,1,1,Barber,average
NA,5.5,5.5,1,1,Barber,average
NA,5.5,5.5,1,1,Barber,average
NA,5.5,5.5,1,1,Barber,average
NA,5.5,5.5,1,1,Barber,average
NA,5.5,5.5,1,1,Barber,average
NA,5.5,5.5,1,1,Barber,average
NA,5.5,5.0,1,0,Barber,average
NA,5.5,5.0,1,0,Barber,average
NA,5.5,5.5,0,1,Barber,average
NA,5.5,5.5,1,1,Barber,average
NA,5.5,5.5,0,1,Barber,average
NA,5.5,5.0,0,0,Barber,average
NA,5.5,5.0,0,0,Barber,average
NA,5.5,5.5,1,1,Barber,average
NA,5.5,5.5,1,1,Barber,average
NA,5.5,5.5,1,1,Barber,average
NA,5.5,5.0,1,0,Barber,average
NA,5.5,5.5,1,1,Barber,average
NA,5.5,5.5,1,1,Barber,average
NA,5.5,5.5,1,1,Barber,average
NA,5.5,5.5,1,1,Barber,average
NA,5.5,5.5,1,1,Barber,average
NA,5.5,5.5,1,1,Barber,average
NA,5.5,5.5,1,1,Barber,average
NA,5.5,5.5,1,1,Barber,average
NA,5.5,5.5,1,1,Barber,average
NA,5.5,5.5,1,1,Barber,average
NA,5.5,5.5,1,1,Barber,average
NA,5.5,5.5,1,1,Barber,average
NA,5.5,5.5,0,0,Barber,average
NA,5.5,5.5,0,1,Barber,average
NA,5.5,5.5,1,1,Barber,average
NA,5.5,5.0,0,0,Barber,average
NA,5.5,5.5,1,1,Barber,average
NA,5.5,5.5,1,1,Barber,average
NA,5.5,5.5,1,1,Barber,average
NA,5.5,5.5,1,1,Barber,average
NA,5.5,5.5,0,1,Barber,average
NA,5.5,5.5,1,1,Barber,average
NA,5.5,5.5,1,1,Barber,average
NA,5.5,5.5,1,1,Barber,average
NA,5.5,5.5,1,1,Barber,average
NA,5.5,5.5,1,1,Barber,average
NA,5.5,5.5,1,1,Barber,average
NA,5.5,5.5,1,1,Barber,average
NA,5.5,5.5,0,1,Barber,average
NA,5.5,5.5,0,1,Barber,average
NA,5.5,5.5,1,1,Barber,average
NA,5.5,5.5,1,1,Barber,average
NA,5.5,5.5,0,1,Barber,average
NA,5.5,5.5,1,1,Barber,average
NA,5.5,4.583333333333333,1,0,Barber,average
NA,5.5,4.583333333333333,0,0,Barber,average
NA,5.5,5.5,1,1,Barber,average
NA,5.5,5.0,0,0,Barber,average
NA,5.5,5.5,0,1,Barber,average
NA,5.5,5.5,1,1,Barber,average
NA,5.5,5.5,1,1,Barber,average
NA,5.5,5.5,1,1,Barber,average
NA,5.5,5.5,1,1,Barber,average
NA,5.5,5.5,0,1,Barber,average
NA,5.5,5.5,1,1,Barber,average
NA,5.5,5.5,1,1,Barber,average
NA,5.5,4.583333333333333,0,0,Barber,average
NA,5.5,5.5,1,1,Barber,average
NA,5.5,5.5,1,1,Barber,average
NA,5.5,5.5,0,1,Barber,average
NA,5.5,5.5,1,1,Barber,average
NA,5.5,5.5,1,1,Barber,average
NA,5.5,5.5,1,1,Barber,average
NA,5.5,4.230769230769231,0,0,Barber,average
NA,5.5,5.5,1,1,Barber,average
NA,5.5,5.041666666666667,0,0,Barber,average
NA,5.5,5.5,1,1,Barber,average
NA,5.5,5.5,1,1,Barber,average
NA,5.5,5.5,1,1,Barber,average
NA,5.5,5.5,1,1,Barber,average
NA,5.5,5.5,1,1,Barber,average
NA,5.5,5.5,1,1,Barber,average
NA,5.5,5.0,1,0,Barber,average
NA,5.5,5.0,1,0,Barber,average
NA,5.5,5.5,1,1,Barber,average
NA,5.5,5.5,0,1,Barber,average
NA,5.5,5.5,1,1,Barber,average
NA,5.5,5.5,1,1,Barber,average
NA,5.5,5.5,0,1,Barber,average
NA,5.5,5.5,1,1,Barber,average
NA,5.5,5.5,1,1,Barber,average
NA,5.5,5.5,1,1,Barber,average
NA,5.5,5.5,1,1,Barber,average
NA,5.5,5.5,1,1,Barber,average
NA,5.5,5.5,1,1,Barber,average
NA,5.5,5.5,1,1,Barber,average
NA,5.5,5.5,1,1,Barber,average
NA,5.5,5.5,1,1,Barber,average
NA,5.5,5.5,1,1,Barber,average
NA,5.5,5.5,1,1,Barber,average
NA,5.5,5.0,0,0,Barber,average
NA,5.5,5.5,0,1,Barber,average
NA,5.5,5.5,1,1,Barber,average
NA,5.5,5.0,0,0,Barber,average
NA,5.5,5.5,0,1,Barber,average
NA,5.5,5.5,1,1,Barber,average
NA,5.5,5.5,0,1,Barber,average
NA,5.5,5.0,0,0,Barber,average
NA,5.5,5.5,1,1,Barber,average
NA,5.5,5.0,0,0,Barber,average
NA,5.5,5.5,1,1,Barber,average
NA,5.5,5.5,1,1,Barber,average
NA,5.5,5.0,1,0,Barber,average
NA,5.5,5.5,1,1,Barber,average
NA,5.5,5.5,1,1,Barber,average
NA,5.5,5.5,1,1,Barber,average
NA,5.5,5.0,1,0,Barber,average
NA,5.5,5.5,1,1,Barber,average
NA,5.5,5.0,1,0,Barber,average
NA,5.5,5.5,0,1,Barber,average
NA,5.5,5.5,1,1,Barber,average
NA,5.5,5.5,1,1,Barber,average
NA,5.5,5.5,1,1,Barber,average
NA,5.5,5.5,1,1,Barber,average
NA,5.5,5.5,1,1,Barber,average
NA,5.5,5.5,1,1,Barber,average
NA,5.5,5.0,0,0,Barber,average
NA,5.5,5.5,1,1,Barber,average
NA,5.5,5.5,1,1,Barber,average
NA,5.5,5.5,0,1,Barber,average
NA,5.5,5.5,1,1,Barber,average
NA,5.5,5.5,1,1,Barber,average
NA,5.5,5.5,1,1,Barber,average
NA,5.5,5.5,0,1,Barber,average
NA,5.5,5.5,1,1,Barber,average
NA,5.5,5.5,1,1,Barber,average
NA,5.5,5.5,1,1,Barber,average
NA,5.5,5.0,1,0,Barber,average
NA,5.5,5.5,1,1,Barber,average
NA,5.5,5.5,1,1,Barber,average
NA,5.5,5.5,1,1,Barber,average
NA,5.5,5.5,1,1,Barber,average
NA,5.5,5.5,0,1,Barber,average
NA,5.5,5.0,0,0,Barber,average
NA,5.5,5.5,1,1,Barber,average
NA,5.5,5.5,1,1,Barber,average
NA,5.5,5.0,0,0,Barber,average
NA,5.5,5.5,1,1,Barber,average
NA,5.5,5.5,1,1,Barber,average
NA,5.5,5.5,0,1,Barber,average
NA,5.5,5.5,1,1,Barber,average
NA,5.5,5.5,1,0,Barber,average
NA,5.5,5.5,1,1,Barber,average
NA,5.5,5.5,1,1,Barber,average
NA,5.5,5.5,1,1,Barber,average
NA,5.5,5.5,0,0,Barber,average
NA,5.5,5.5,1,1,Barber,average
NA,5.5,4.583333333333333,0,0,Barber,average
NA,5.5,5.0,0,0,Barber,average
NA,5.5,5.5,0,1,Barber,average
NA,5.5,5.5,0,1,Barber,average
NA,5.5,5.5,0,1,Barber,average
NA,5.5,5.5,1,0,Barber,average
NA,5.5,5.5,1,1,Barber,average
NA,5.5,5.5,1,1,Barber,average
NA,5.5,5.5,1,1,Barber,average
NA,5.5,5.5,1,1,Barber,average
NA,5.5,5.0,0,0,Barber,average
NA,5.5,5.041666666666667,0,0,Barber,average
NA,5.5,5.5,1,0,Barber,average
NA,5.5,5.5,1,1,Barber,average
NA,5.5,5.5,1,1,Barber,average
NA,5.5,5.0,0,0,Barber,average
NA,5.5,5.0,0,0,Barber,average
NA,5.5,5.5,0,1,Barber,average
NA,5.5,5.041666666666667,0,0,Barber,average
NA,5.5,5.5,1,1,Barber,average
NA,5.5,5.5,1,1,Barber,average
NA,5.5,5.5,1,1,Barber,average
NA,5.5,5.5,1,1,Barber,average
NA,5.5,5.5,1,1,Barber,average
NA,5.5,5.5,1,1,Barber,average
NA,5.5,5.0,0,0,Barber,average
NA,5.5,5.5,1,1,Barber,average
NA,5.5,5.5,1,1,Barber,average
NA,5.5,5.5,1,1,Barber,average
NA,5.5,5.5,1,1,Barber,average
NA,5.5,5.5,1,1,Barber,average
NA,5.5,5.5,0,1,Barber,average
NA,5.5,5.5,1,1,Barber,average
NA,5.5,5.5,0,1,Barber,average
NA,5.5,5.0,0,0,Barber,average
NA,5.5,5.5,1,1,Barber,average
NA,5.5,5.5,1,1,Barber,average
NA,5.5,5.5,1,1,Barber,average
NA,5.5,5.0,0,0,Barber,average
NA,5.5,5.5,1,1,Barber,average
NA,5.5,5.5,1,1,Barber,average
NA,5.5,5.0,0,0,Barber,average
NA,5.5,5.5,1,1,Barber,average
NA,5.5,5.0,0,0,Barber,average
NA,5.5,5.5,1,1,Barber,average
NA,5.5,5.5,0,1,Barber,average
NA,5.5,5.5,1,1,Barber,average
NA,5.5,5.5,0,0,Barber,average
NA,5.5,5.5,0,1,Barber,average
NA,5.5,5.5,1,1,Barber,average
NA,5.5,5.5,1,1,Barber,average
NA,5.5,5.5,0,1,Barber,average
NA,5.5,5.5,1,1,Barber,average
NA,5.5,5.0,0,0,Barber,average
NA,5.5,5.5,0,0,Barber,average
NA,5.5,5.5,1,1,Barber,average
NA,5.5,5.5,1,0,Barber,average
NA,5.5,5.5,1,1,Barber,average
NA,5.5,5.5,1,1,Barber,average
NA,5.5,5.0,0,0,Barber,average
NA,5.5,5.5,1,1,Barber,average
NA,5.5,5.5,1,0,Barber,average
NA,5.5,5.5,1,1,Barber,average
NA,5.5,5.5,1,1,Barber,average
NA,5.5,5.5,1,1,Barber,average
NA,5.5,5.0,0,0,Barber,average
NA,5.5,5.5,1,1,Barber,average
NA,5.5,5.416666666666667,0,1,Barber,average
NA,5.5,5.5,1,0,Barber,average
NA,5.5,5.5,1,1,Barber,average
NA,5.5,5.5,0,1,Barber,average
NA,5.5,5.5,0,1,Barber,average
NA,5.5,5.5,1,1,Barber,average
NA,5.5,5.5,1,1,Barber,average
NA,5.5,5.5,1,1,Barber,average
NA,5.5,5.5,1,1,Barber,average
NA,5.5,5.5,0,1,Barber,average
NA,5.5,5.5,1,1,Barber,average
NA,5.5,5.5,1,1,Barber,average
NA,5.5,5.5,1,1,Barber,average
NA,5.5,5.5,0,1,Barber,average
NA,5.5,5.5,1,1,Barber,average
NA,5.5,5.5,0,1,Barber,average
NA,5.5,5.0,1,0,Barber,average
NA,5.5,5.5,1,1,Barber,average
NA,5.5,5.0,0,0,Barber,average
NA,5.5,5.5,1,1,Barber,average
NA,5.5,5.5,1,1,Barber,average
NA,5.5,5.5,0,1,Barber,average
NA,5.5,5.5,0,1,Barber,average
NA,5.5,5.0,1,0,Barber,average
NA,5.5,5.5,1,1,Barber,average
NA,5.5,5.5,0,1,Barber,average
NA,5.5,5.5,1,1,Barber,average
NA,5.5,5.5,1,1,Barber,average
NA,5.5,5.5,1,1,Barber,average
NA,5.5,5.0,0,0,Barber,average
NA,5.5,5.5,1,1,Barber,average
NA,5.5,5.5,0,1,Barber,average
NA,5.5,5.5,1,1,Barber,average
NA,5.5,5.5,1,1,Barber,average
NA,5.5,5.5,1,1,Barber,average
NA,5.5,5.5,1,0,Barber,average
NA,5.5,5.0,1,0,Barber,average
NA,5.5,5.5,1,1,Barber,average
NA,5.5,5.5,1,1,Barber,average
NA,5.5,5.5,1,1,Barber,average
NA,5.5,5.5,1,0,Barber,average
NA,5.5,5.5,1,1,Barber,average
NA,5.5,5.5,1,1,Barber,average
NA,5.5,5.5,1,1,Barber,average
NA,5.5,5.5,1,1,Barber,average
NA,5.5,5.0,0,0,Barber,average
NA,5.5,5.5,1,1,Barber,average
NA,5.5,5.5,0,1,Barber,average
NA,5.5,5.5,1,1,Barber,average
NA,5.5,5.5,0,1,Barber,average
NA,5.5,5.5,1,1,Barber,average
NA,5.5,5.5,0,1,Barber,average
NA,5.5,5.5,1,1,Barber,average
NA,5.5,5.5,1,1,Barber,average
NA,5.5,4.583333333333333,0,0,Barber,average
NA,5.5,4.583333333333333,1,0,Barber,average
NA,5.5,5.5,1,1,Barber,average
NA,5.5,5.5,1,1,Barber,average
NA,5.5,5.5,1,1,Barber,average
NA,5.5,5.5,0,1,Barber,average
NA,5.5,5.5,1,1,Barber,average
NA,5.5,5.5,0,1,Barber,average
NA,5.5,5.5,1,1,Barber,average
NA,5.5,5.5,1,1,Barber,average
NA,5.5,5.5,1,1,Barber,average
NA,5.5,5.5,1,1,Barber,average
NA,5.5,5.5,1,1,Barber,average
NA,5.5,5.5,0,1,Barber,average
NA,5.5,5.5,1,1,Barber,average
NA,5.5,5.5,0,1,Barber,average
NA,5.5,5.0,0,0,Barber,average
NA,5.5,5.5,1,1,Barber,average
NA,5.5,4.583333333333333,0,0,Barber,average
NA,5.5,5.5,0,1,Barber,average
NA,5.5,5.5,1,1,Barber,average
NA,5.5,4.583333333333333,0,0,Barber,average
NA,5.5,5.041666666666667,0,0,Barber,average
NA,5.5,5.5,1,0,Barber,average
NA,5.5,5.5,0,1,Barber,average
NA,5.5,5.5,1,1,Barber,average
NA,5.5,5.5,1,1,Barber,average
NA,5.5,5.5,1,0,Barber,average
NA,5.5,5.5,0,1,Barber,average
NA,5.5,5.5,0,1,Barber,average
NA,5.5,5.5,1,1,Barber,average
NA,5.5,5.5,1,1,Barber,average
NA,5.5,5.5,1,1,Barber,average
NA,5.5,5.5,1,0,Barber,average
NA,5.5,5.5,0,1,Barber,average
NA,5.5,5.5,1,1,Barber,average
NA,5.5,5.5,1,1,Barber,average
NA,5.5,5.5,1,1,Barber,average
NA,5.5,5.5,1,1,Barber,average
NA,5.5,5.0,0,0,Barber,average
NA,5.5,5.5,1,1,Barber,average
NA,5.5,5.5,1,1,Barber,average
NA,5.5,5.5,1,0,Barber,average
NA,5.5,5.5,0,1,Barber,average
NA,5.5,5.0,0,0,Barber,average
NA,5.5,5.5,1,1,Barber,average
NA,5.5,5.041666666666667,0,0,Barber,average
NA,5.5,5.5,1,1,Barber,average
NA,5.5,5.5,1,1,Barber,average
NA,5.5,5.5,1,1,Barber,average
NA,5.5,5.5,1,1,Barber,average
NA,5.5,5.5,1,1,Barber,average
NA,5.5,5.0,0,0,Barber,average
NA,5.5,5.5,1,1,Barber,average
NA,5.5,5.107142857142857,0,0,Barber,average
NA,5.5,5.0,0,0,Barber,average
NA,5.5,5.5,0,1,Barber,average
NA,5.5,5.5,0,1,Barber,average
NA,5.5,5.0,0,0,Barber,average
NA,5.5,5.5,1,1,Barber,average
NA,5.5,5.5,1,1,Barber,average
NA,5.5,5.5,1,0,Barber,average
NA,5.5,5.5,0,1,Barber,average
NA,5.5,5.5,1,1,Barber,average
NA,5.5,5.5,1,1,Barber,average
NA,5.5,5.5,1,1,Barber,average
NA,5.5,5.5,1,1,Barber,average
NA,5.5,5.5,1,1,Barber,average
NA,5.5,5.5,1,1,Barber,average
NA,5.5,5.5,0,1,Barber,average
NA,5.5,5.5,1,1,Barber,average
NA,5.5,5.5,1,1,Barber,average
NA,5.5,5.5,1,1,Barber,average
NA,5.5,5.5,1,1,Barber,average
NA,5.5,5.0,0,0,Barber,average
NA,5.5,5.5,0,1,Barber,average
NA,5.5,5.5,1,1,Barber,average
NA,5.5,5.5,1,1,Barber,average
NA,5.5,5.5,1,1,Barber,average
NA,5.5,5.5,1,1,Barber,average
NA,5.5,5.5,0,1,Barber,average
NA,5.5,5.5,1,1,Barber,average
NA,5.5,5.5,1,1,Barber,average
NA,5.5,5.5,1,1,Barber,average
NA,5.5,5.5,0,1,Barber,average
NA,5.5,5.5,1,1,Barber,average
NA,5.5,5.5,0,1,Barber,average
NA,5.5,5.5,1,1,Barber,average
NA,5.5,5.5,0,1,Barber,average
NA,5.5,5.5,1,1,Barber,average
NA,5.5,5.5,0,1,Barber,average
NA,5.5,5.5,1,1,Barber,average
NA,5.5,5.5,1,1,Barber,average
NA,5.5,5.5,0,1,Barber,average
NA,5.5,5.5,1,1,Barber,average
NA,5.5,5.0,0,0,Barber,average
NA,5.5,5.5,1,1,Barber,average
NA,5.5,5.5,1,1,Barber,average
NA,5.5,5.5,1,1,Barber,average
NA,5.5,5.5,1,1,Barber,average
NA,5.5,5.5,1,1,Barber,average
NA,5.5,5.5,1,1,Barber,average
NA,5.5,5.041666666666667,0,0,Barber,average
NA,5.5,4.583333333333333,0,0,Barber,average
NA,5.5,5.5,1,1,Barber,average
NA,5.5,5.5,1,1,Barber,average
NA,5.5,5.0,0,0,Barber,average
NA,5.5,5.5,1,1,Barber,average
NA,5.5,5.041666666666667,0,0,Barber,average
NA,5.5,5.0,0,0,Barber,average
NA,5.5,5.5,1,1,Barber,average
NA,5.5,5.5,0,1,Barber,average
NA,5.5,5.5,1,1,Barber,average
NA,5.5,5.5,0,1,Barber,average
NA,5.5,5.5,1,1,Barber,average
NA,5.5,5.5,1,1,Barber,average
NA,5.5,5.5,1,1,Barber,average
NA,5.5,5.5,1,1,Barber,average
NA,5.5,5.5,1,1,Barber,average
NA,5.5,5.5,1,1,Barber,average
NA,5.5,5.5,1,0,Barber,average
NA,5.5,5.5,1,1,Barber,average
NA,5.5,5.5,1,1,Barber,average
NA,5.5,5.5,0,1,Barber,average
NA,5.5,5.5,0,1,Barber,average
NA,5.5,5.5,1,1,Barber,average
NA,5.5,5.0,0,0,Barber,average
NA,5.5,5.5,0,1,Barber,average
NA,5.5,5.5,1,1,Barber,average
NA,5.5,5.5,1,1,Barber,average
NA,5.5,5.5,1,1,Barber,average
NA,5.5,5.5,1,1,Barber,average
NA,5.5,5.5,0,1,Barber,average
NA,5.5,5.5,1,1,Barber,average
NA,5.5,5.0,1,0,Barber,average
NA,5.5,5.5,1,1,Barber,average
NA,5.5,5.5,1,1,Barber,average
NA,5.5,5.5,1,1,Barber,average
NA,5.5,5.5,0,1,Barber,average
NA,5.5,5.5,1,1,Barber,average
NA,5.5,5.5,1,1,Barber,average
NA,5.5,5.5,1,1,Barber,average
NA,5.5,5.5,1,1,Barber,average
NA,5.5,5.5,1,1,Barber,average
NA,5.5,5.5,1,1,Barber,average
NA,5.5,5.5,1,1,Barber,average
NA,5.5,5.5,0,1,Barber,average
NA,5.5,5.5,1,1,Barber,average
NA,5.5,5.5,1,1,Barber,average
NA,5.5,4.653846153846154,0,0,Barber,average
NA,5.5,5.5,1,0,Barber,average
NA,5.5,5.5,1,0,Barber,average
NA,5.5,5.5,1,1,Barber,average
NA,5.5,5.5,1,1,Barber,average
NA,5.5,5.5,1,1,Barber,average
NA,5.5,5.5,0,0,Barber,average
NA,5.5,5.0,0,0,Barber,average
NA,5.5,4.583333333333333,0,0,Barber,average
NA,5.5,5.5,1,1,Barber,average
NA,5.5,5.0,1,0,Barber,average
NA,5.5,5.5,1,1,Barber,average
NA,5.5,5.5,1,1,Barber,average
NA,5.5,5.5,1,1,Barber,average
NA,5.5,5.5,1,1,Barber,average
NA,5.5,5.5,1,1,Barber,average
NA,5.5,5.0,1,0,Barber,average
NA,5.5,5.5,1,1,Barber,average
NA,5.5,5.5,0,1,Barber,average
NA,5.5,5.5,1,1,Barber,average
NA,5.5,5.041666666666667,1,0,Barber,average
NA,5.5,5.5,1,1,Barber,average
NA,5.5,5.5,1,1,Barber,average
NA,5.5,5.5,0,1,Barber,average
NA,5.5,5.5,0,1,Barber,average
NA,5.5,5.0,0,0,Barber,average
NA,5.5,5.5,1,1,Barber,average
NA,5.5,5.5,1,1,Barber,average
NA,5.5,5.5,1,1,Barber,average
NA,5.5,5.5,0,1,Barber,average
NA,5.5,5.0,1,0,Barber,average
NA,5.5,5.5,0,1,Barber,average
NA,5.5,5.5,1,0,Barber,average
NA,5.5,5.5,1,1,Barber,average
NA,5.5,5.5,1,1,Barber,average
NA,5.5,5.5,0,1,Barber,average
NA,5.5,5.5,1,1,Barber,average
NA,5.5,5.5,1,0,Barber,average
NA,5.5,5.5,1,1,Barber,average
NA,5.5,5.0,0,0,Barber,average
NA,5.5,5.5,1,1,Barber,average
NA,5.5,5.5,1,1,Barber,average
NA,5.5,5.5,1,1,Barber,average
NA,5.5,5.0,0,0,Barber,average
NA,5.5,5.5,1,1,Barber,average
NA,5.5,5.5,1,1,Barber,average
NA,5.5,5.5,1,1,Barber,average
NA,5.5,5.5,1,1,Barber,average
NA,5.5,5.5,0,1,Barber,average
NA,5.5,5.5,1,1,Barber,average
NA,5.5,5.5,1,1,Barber,average
NA,5.5,5.5,1,1,Barber,average
NA,5.5,5.0,0,0,Barber,average
NA,5.5,5.5,1,1,Barber,average
NA,5.5,5.5,1,1,Barber,average
NA,5.5,5.5,1,1,Barber,average
NA,5.5,5.5,1,1,Barber,average
NA,5.5,5.5,1,1,Barber,average
NA,5.5,5.5,1,1,Barber,average
NA,5.5,5.5,1,1,Barber,average
NA,5.5,5.5,0,1,Barber,average
NA,5.5,5.5,1,1,Barber,average
NA,5.5,5.041666666666667,0,0,Barber,average
NA,5.5,5.5,1,1,Barber,average
NA,5.5,5.5,1,1,Barber,average
NA,5.5,5.5,1,1,Barber,average
NA,5.5,5.5,1,1,Barber,average
NA,5.5,5.5,1,1,Barber,average
NA,5.5,5.5,1,1,Barber,average
NA,5.5,5.5,0,0,Barber,average
NA,5.5,5.5,0,1,Barber,average
NA,5.5,5.5,1,1,Barber,average
NA,5.5,5.0,1,0,Barber,average
NA,5.5,5.0,0,0,Barber,average
NA,5.5,5.5,1,1,Barber,average
NA,5.5,5.5,1,1,Barber,average
NA,5.5,5.5,1,1,Barber,average
NA,5.5,5.5,1,1,Barber,average
NA,5.5,5.5,1,1,Barber,average
NA,5.5,5.5,1,1,Barber,average
NA,5.5,5.5,0,1,Barber,average
NA,5.5,5.5,0,1,Barber,average
NA,5.5,5.5,0,1,Barber,average
NA,5.5,5.5,1,1,Barber,average
NA,5.5,5.5,1,1,Barber,average
NA,5.5,5.5,0,1,Barber,average
NA,5.5,5.5,1,1,Barber,average
NA,5.5,5.5,1,1,Barber,average
NA,5.5,5.5,1,1,Barber,average
NA,5.5,5.0,1,0,Barber,average
NA,5.5,5.5,1,1,Barber,average
NA,5.5,5.5,1,0,Barber,average
NA,5.5,5.5,1,1,Barber,average
NA,5.5,5.5,1,1,Barber,average
NA,5.5,5.5,0,1,Barber,average
NA,5.5,5.5,0,1,Barber,average
NA,5.5,5.5,1,1,Barber,average
NA,5.5,5.5,1,1,Barber,average
NA,5.5,5.5,1,1,Barber,average
NA,5.5,5.5,1,1,Barber,average
NA,5.5,5.5,1,1,Barber,average
NA,5.5,5.5,1,1,Barber,average
NA,5.5,5.5,1,1,Barber,average
NA,5.5,5.5,1,1,Barber,average
NA,5.5,5.5,1,1,Barber,average
NA,5.5,5.5,1,1,Barber,average
NA,5.5,5.5,1,1,Barber,average
NA,5.5,5.5,0,1,Barber,average
NA,5.5,5.5,1,1,Barber,average
NA,5.5,5.5,1,1,Barber,average
NA,5.5,5.0,0,0,Barber,average
NA,5.5,5.5,0,0,Barber,average
NA,5.5,5.5,1,1,Barber,average
NA,5.5,5.5,1,1,Barber,average
NA,5.5,5.5,0,1,Barber,average
NA,5.5,5.5,0,0,Barber,average
NA,5.5,5.5,1,1,Barber,average
NA,5.5,5.5,0,1,Barber,average
NA,5.5,5.5,1,0,Barber,average
NA,5.5,5.5,0,1,Barber,average
NA,5.5,5.5,1,1,Barber,average
NA,5.5,5.0,0,0,Barber,average
NA,5.5,5.5,1,1,Barber,average
NA,5.5,5.5,1,1,Barber,average
NA,5.5,5.5,0,1,Barber,average
NA,5.5,5.5,1,1,Barber,average
NA,5.5,5.5,1,1,Barber,average
NA,5.5,5.5,1,1,Barber,average
NA,5.5,5.5,1,1,Barber,average
NA,5.5,5.5,1,1,Barber,average
NA,5.5,5.5,0,1,Barber,average
NA,5.5,5.5,1,1,Barber,average
NA,5.5,5.5,1,1,Barber,average
NA,5.5,5.5,1,1,Barber,average
NA,5.5,5.5,1,1,Barber,average
NA,5.5,5.5,1,1,Barber,average
NA,5.5,5.5,1,1,Barber,average
NA,5.5,5.5,1,1,Barber,average
NA,5.5,5.5,1,1,Barber,average
NA,5.5,5.5,1,1,Barber,average
NA,5.5,5.5,1,1,Barber,average
NA,5.5,5.5,0,0,Barber,average
NA,5.5,5.5,1,1,Barber,average
NA,5.5,5.5,1,1,Barber,average
NA,5.5,5.5,1,1,Barber,average
NA,5.5,5.5,1,1,Barber,average
NA,5.5,5.5,1,1,Barber,average
NA,5.5,5.5,1,1,Barber,average
NA,5.5,5.5,0,1,Barber,average
NA,5.5,5.5,1,1,Barber,average
NA,5.5,5.5,1,1,Barber,average
NA,5.5,5.0,0,0,Barber,average
NA,5.5,5.5,1,1,Barber,average
NA,5.5,5.5,0,1,Barber,average
NA,5.5,5.5,1,1,Barber,average
NA,5.5,5.5,1,1,Barber,average
NA,5.5,5.5,1,1,Barber,average
NA,5.5,5.5,1,1,Barber,average
NA,5.5,5.5,1,1,Barber,average
NA,5.5,5.5,0,0,Barber,average
NA,5.5,5.0,0,0,Barber,average
NA,5.5,4.230769230769231,0,0,Barber,average
NA,5.5,5.5,1,1,Barber,average
NA,5.5,5.5,1,1,Barber,average
NA,5.5,5.5,1,1,Barber,average
NA,5.5,5.5,0,1,Barber,average
NA,5.5,5.0,0,0,Barber,average
NA,5.5,5.5,0,1,Barber,average
NA,5.5,5.5,1,1,Barber,average
NA,5.5,5.5,0,1,Barber,average
NA,5.5,5.5,1,1,Barber,average
NA,5.5,5.5,1,1,Barber,average
NA,5.5,5.5,0,1,Barber,average
NA,5.5,5.0,0,0,Barber,average
NA,5.5,4.653846153846154,0,0,Barber,average
NA,5.5,5.0,0,0,Barber,average
NA,5.5,5.5,1,1,Barber,average
NA,5.5,5.5,1,1,Barber,average
NA,5.5,5.5,1,1,Barber,average
NA,5.5,5.5,0,0,Barber,average
NA,5.5,5.5,0,1,Barber,average
NA,5.5,5.5,0,1,Barber,average
NA,5.5,5.0,0,0,Barber,average
NA,5.5,5.5,1,1,Barber,average
NA,5.5,5.5,1,1,Barber,average
NA,5.5,5.5,1,1,Barber,average
NA,5.5,5.5,1,1,Barber,average
NA,5.5,5.5,1,1,Barber,average
NA,5.5,5.5,1,1,Barber,average
NA,5.5,5.5,1,1,Barber,average
NA,5.5,5.5,1,1,Barber,average
NA,5.5,5.5,1,1,Barber,average
NA,5.5,5.5,1,1,Barber,average
NA,5.5,5.5,1,1,Barber,average
NA,5.5,5.5,1,1,Barber,average
NA,5.5,5.5,0,1,Barber,average
NA,5.5,5.5,1,1,Barber,average
NA,5.5,5.05,0,1,Barber,average
NA,5.5,5.5,1,1,Barber,average
NA,5.5,4.95,0,0,Barber,average
NA,5.5,5.5,1,1,Barber,average
NA,5.5,5.0,0,0,Barber,average
NA,5.5,5.5,1,1,Barber,average
NA,5.5,5.5,1,0,Barber,average
NA,5.5,5.5,1,1,Barber,average
NA,5.5,5.5,0,1,Barber,average
NA,5.5,5.5,1,1,Barber,average
NA,5.5,5.5,0,1,Barber,average
NA,5.5,5.5,1,1,Barber,average
NA,5.5,5.5,0,1,Barber,average
NA,5.5,5.5,1,1,Barber,average
NA,5.5,5.5,1,1,Barber,average
NA,5.5,5.5,1,1,Barber,average
NA,5.5,5.5,0,1,Barber,average
NA,5.5,5.5,1,1,Barber,average
NA,5.5,5.5,1,1,Barber,average
NA,5.5,5.5,1,0,Barber,average
NA,5.5,5.5,1,1,Barber,average
NA,5.5,5.0,1,0,Barber,average
NA,5.5,5.5,1,1,Barber,average
NA,5.5,5.5,0,1,Barber,average
NA,5.5,5.0,0,0,Barber,average
NA,5.5,5.5,1,1,Barber,average
NA,5.5,5.0,1,0,Barber,average
NA,5.5,5.5,0,1,Barber,average
NA,5.5,5.0,0,0,Barber,average
NA,5.5,5.5,1,1,Barber,average
NA,5.5,5.5,1,0,Barber,average
NA,5.5,5.5,1,0,Barber,average
NA,5.5,5.5,1,1,Barber,average
NA,5.5,5.5,1,1,Barber,average
NA,5.5,5.5,1,1,Barber,average
NA,5.5,5.5,1,1,Barber,average
NA,5.5,5.5,1,1,Barber,average
NA,5.5,5.5,1,1,Barber,average
NA,5.5,5.5,1,1,Barber,average
NA,5.5,5.0,0,0,Barber,average
NA,5.5,5.5,1,1,Barber,average
NA,5.5,5.5,1,1,Barber,average
NA,5.5,5.5,1,1,Barber,average
NA,5.5,5.5,1,1,Barber,average
NA,5.5,5.5,1,1,Barber,average
NA,5.5,5.5,1,1,Barber,average
NA,5.5,5.5,1,1,Barber,average
NA,5.5,5.0,0,0,Barber,average
NA,5.5,5.0,0,0,Barber,average
NA,5.5,5.5,1,1,Barber,average
NA,5.5,5.5,1,1,Barber,average
NA,5.5,5.5,0,0,Barber,average
NA,5.5,5.0,1,0,Barber,average
NA,5.5,5.5,1,1,Barber,average
NA,5.5,5.5,1,1,Barber,average
NA,5.5,5.5,1,1,Barber,average
NA,5.5,5.5,1,1,Barber,average
NA,5.5,5.0,1,0,Barber,average
NA,5.5,5.0,0,0,Barber,average
NA,5.5,5.5,1,1,Barber,average
NA,5.5,5.5,1,1,Barber,average
NA,5.5,5.0,0,0,Barber,average
NA,5.5,5.5,0,1,Barber,average
NA,5.5,5.5,1,1,Barber,average
NA,5.5,5.0,1,0,Barber,average
NA,5.5,5.041666666666667,0,0,Barber,average
NA,5.5,5.5,1,1,Barber,average
NA,5.5,5.5,1,1,Barber,average
NA,5.5,5.5,1,1,Barber,average
NA,5.5,5.5,0,1,Barber,average
NA,5.5,5.5,1,1,Barber,average
NA,5.5,5.5,1,1,Barber,average
NA,5.5,5.5,1,1,Barber,average
NA,5.5,5.5,0,1,Barber,average
NA,5.5,5.0,0,0,Barber,average
NA,5.5,5.5,1,1,Barber,average
NA,5.5,5.5,1,1,Barber,average
NA,5.5,5.0,0,0,Barber,average
NA,5.5,5.5,1,1,Barber,average
NA,5.5,5.0,1,0,Barber,average
NA,5.5,5.5,1,1,Barber,average
NA,5.5,5.5,1,1,Barber,average
NA,5.5,5.5,1,1,Barber,average
NA,5.5,5.5,1,1,Barber,average
NA,5.5,4.583333333333333,1,0,Barber,average
NA,5.5,5.5,1,1,Barber,average
NA,5.5,5.5,1,1,Barber,average
NA,5.5,5.5,1,1,Barber,average
NA,5.5,5.5,1,1,Barber,average
NA,5.5,4.583333333333333,0,0,Barber,average
NA,5.5,5.5,1,1,Barber,average
NA,5.5,5.5,1,1,Barber,average
NA,5.5,5.5,1,1,Barber,average
NA,5.5,5.5,1,1,Barber,average
NA,5.5,5.5,0,1,Barber,average
NA,5.5,5.5,1,1,Barber,average
NA,5.5,5.5,1,1,Barber,average
NA,5.5,5.5,1,1,Barber,average
NA,5.5,5.5,1,1,Barber,average
NA,5.5,5.5,1,1,Barber,average
NA,5.5,5.5,0,1,Barber,average
NA,5.5,5.5,1,1,Barber,average
NA,5.5,5.5,1,1,Barber,average
NA,5.5,5.5,0,0,Barber,average
NA,5.5,5.0,0,0,Barber,average
NA,5.5,5.5,1,1,Barber,average
NA,5.5,5.5,0,1,Barber,average
NA,5.5,5.5,1,1,Barber,average
NA,5.5,5.5,0,1,Barber,average
NA,5.5,5.0,0,0,Barber,average
NA,5.5,5.5,0,1,Barber,average
NA,5.5,5.5,1,1,Barber,average
NA,5.5,5.0,0,0,Barber,average
NA,5.5,5.5,1,1,Barber,average
NA,5.5,5.5,1,1,Barber,average
NA,5.5,5.5,1,1,Barber,average
NA,5.5,5.5,1,1,Barber,average
NA,5.5,5.5,1,1,Barber,average
NA,5.5,5.5,1,1,Barber,average
NA,5.5,5.5,1,1,Barber,average
NA,5.5,5.5,0,1,Barber,average
NA,5.5,5.0,0,0,Barber,average
NA,5.5,5.5,0,1,Barber,average
NA,5.5,5.5,1,1,Barber,average
NA,5.5,5.5,1,1,Barber,average
NA,5.5,5.5,0,1,Barber,average
NA,5.5,5.5,1,1,Barber,average
NA,5.5,5.5,1,1,Barber,average
NA,5.5,5.5,1,1,Barber,average
NA,5.5,5.0,0,0,Barber,average
NA,5.5,5.5,1,1,Barber,average
NA,5.5,5.5,1,1,Barber,average
NA,5.5,5.5,1,1,Barber,average
NA,5.5,5.5,1,1,Barber,average
NA,5.5,5.5,1,1,Barber,average
NA,5.5,5.5,1,1,Barber,average
NA,5.5,5.5,1,1,Barber,average
NA,5.5,5.5,1,1,Barber,average
NA,5.5,5.5,1,1,Barber,average
NA,5.5,5.0,1,0,Barber,average
NA,5.5,5.5,1,1,Barber,average
NA,5.5,5.5,1,1,Barber,average
NA,5.5,5.5,1,1,Barber,average
NA,5.5,4.583333333333333,0,0,Barber,average
NA,5.5,5.5,1,1,Barber,average
NA,5.5,5.5,1,1,Barber,average
NA,5.5,5.5,1,1,Barber,average
NA,5.5,5.5,1,0,Barber,average
NA,5.5,5.5,1,1,Barber,average
NA,5.5,5.5,1,1,Barber,average
NA,5.5,5.5,1,1,Barber,average
NA,5.5,5.5,0,1,Barber,average
NA,5.5,5.5,1,1,Barber,average
NA,5.5,5.5,1,1,Barber,average
NA,5.5,5.5,0,1,Barber,average
NA,5.5,5.5,1,1,Barber,average
NA,5.5,5.5,0,1,Barber,average
NA,5.5,5.0,1,0,Barber,average
NA,5.5,5.5,1,1,Barber,average
NA,5.5,5.5,1,1,Barber,average
NA,5.5,5.0,1,0,Barber,average
NA,5.5,5.5,1,1,Barber,average
NA,5.5,5.5,1,1,Barber,average
NA,5.5,5.5,1,1,Barber,average
NA,5.5,5.5,1,1,Barber,average
NA,5.5,5.5,0,1,Barber,average
NA,5.5,5.5,1,1,Barber,average
NA,5.5,5.5,1,1,Barber,average
NA,5.5,5.5,1,1,Barber,average
NA,5.5,5.5,1,1,Barber,average
NA,5.5,5.5,1,1,Barber,average
NA,5.5,4.230769230769231,0,0,Barber,average
NA,5.5,5.5,1,1,Barber,average
NA,5.5,5.5,0,1,Barber,average
NA,5.5,5.5,1,1,Barber,average
NA,5.5,5.5,1,1,Barber,average
NA,5.5,5.5,1,1,Barber,average
NA,5.5,5.5,1,1,Barber,average
NA,5.5,5.5,0,1,Barber,average
NA,5.5,5.5,1,1,Barber,average
NA,5.5,5.5,1,1,Barber,average
NA,5.5,5.5,0,1,Barber,average
NA,5.5,5.0,0,0,Barber,average
NA,5.5,5.5,1,1,Barber,average
NA,5.5,5.5,1,1,Barber,average
NA,5.5,5.5,1,1,Barber,average
NA,5.5,5.5,1,1,Barber,average
NA,5.5,5.5,1,1,Barber,average
NA,5.5,5.5,1,1,Barber,average
NA,5.5,5.5,1,1,Barber,average
NA,5.5,5.5,1,1,Barber,average
NA,5.5,5.5,1,1,Barber,average
NA,5.5,5.5,1,1,Barber,average
NA,5.5,5.5,1,1,Barber,average
NA,5.5,5.0,1,0,Barber,average
NA,5.5,5.5,0,1,Barber,average
NA,5.5,5.5,1,1,Barber,average
NA,5.5,5.5,1,1,Barber,average
NA,5.5,5.5,0,1,Barber,average
NA,5.5,5.5,0,1,Barber,average
NA,5.5,5.5,0,1,Barber,average
NA,5.5,5.5,1,1,Barber,average
NA,5.5,5.041666666666667,0,0,Barber,average
NA,5.5,5.5,1,1,Barber,average
NA,5.5,5.5,1,1,Barber,average
NA,5.5,5.5,1,1,Barber,average
NA,5.5,5.5,1,1,Barber,average
NA,5.5,5.5,0,1,Barber,average
NA,5.5,5.0,0,0,Barber,average
NA,5.5,5.5,1,1,Barber,average
NA,5.5,5.5,0,1,Barber,average
NA,5.5,5.5,1,1,Barber,average
NA,5.5,5.5,1,1,Barber,average
NA,5.5,5.0,0,0,Barber,average
NA,5.5,5.5,1,1,Barber,average
NA,5.5,5.454545454545454,1,1,Barber,average
NA,5.5,5.5,1,1,Barber,average
NA,5.5,5.5,1,1,Barber,average
NA,5.5,5.5,1,1,Barber,average
NA,5.5,5.5,1,1,Barber,average
NA,5.5,5.454545454545454,0,1,Barber,average
NA,5.5,5.0,0,0,Barber,average
NA,5.5,5.5,0,1,Barber,average
NA,5.5,5.5,1,1,Barber,average
NA,5.5,5.5,1,1,Barber,average
NA,5.5,5.5,1,1,Barber,average
NA,5.5,5.5,1,1,Barber,average
NA,5.5,5.0,0,0,Barber,average
NA,5.5,5.5,0,1,Barber,average
NA,5.5,5.5,0,1,Barber,average
NA,5.5,5.5,0,1,Barber,average
NA,5.5,4.583333333333333,0,0,Barber,average
NA,5.5,5.5,0,1,Barber,average
NA,5.5,5.5,1,1,Barber,average
NA,5.5,4.653846153846154,1,0,Barber,average
NA,5.5,5.5,0,1,Barber,average
NA,5.5,5.0,0,0,Barber,average
NA,5.5,5.5,0,1,Barber,average
NA,5.5,5.5,0,1,Barber,average
NA,5.5,5.5,1,0,Barber,average
NA,5.5,5.5,1,1,Barber,average
NA,5.5,5.5,1,1,Barber,average
NA,5.5,5.0,1,0,Barber,average
NA,5.5,5.5,1,1,Barber,average
NA,5.5,5.5,1,1,Barber,average
NA,5.5,5.5,0,1,Barber,average
NA,5.5,5.5,1,1,Barber,average
NA,5.5,5.5,1,1,Barber,average
NA,5.5,5.5,1,1,Barber,average
NA,5.5,5.5,1,1,Barber,average
NA,5.5,5.5,1,1,Barber,average
NA,5.5,5.5,0,0,Barber,average
NA,5.5,5.0,0,0,Barber,average
NA,5.5,5.5,1,1,Barber,average
NA,5.5,5.5,1,1,Barber,average
NA,5.5,5.0,0,0,Barber,average
NA,5.5,5.5,1,1,Barber,average
NA,5.5,5.5,1,1,Barber,average
NA,5.5,5.0,0,0,Barber,average
NA,5.5,5.5,1,1,Barber,average
NA,5.5,5.0,0,0,Barber,average
NA,5.5,5.5,0,0,Barber,average
NA,5.5,5.5,0,1,Barber,average
NA,5.5,5.5,1,1,Barber,average
NA,5.5,5.5,1,1,Barber,average
NA,5.5,5.5,0,1,Barber,average
NA,5.5,5.0,0,0,Barber,average
NA,5.5,5.5,0,1,Barber,average
NA,5.5,5.5,1,1,Barber,average
NA,5.5,5.5,1,1,Barber,average
NA,5.5,5.5,0,0,Barber,average
NA,5.5,5.5,0,1,Barber,average
NA,5.5,5.5,1,1,Barber,average
NA,5.5,5.5,1,1,Barber,average
NA,5.5,5.5,0,1,Barber,average
NA,5.5,5.0,1,0,Barber,average
NA,5.5,5.5,1,1,Barber,average
NA,5.5,5.5,1,1,Barber,average
NA,5.5,5.0,0,0,Barber,average
NA,5.5,5.5,1,1,Barber,average
NA,5.5,5.5,1,1,Barber,average
NA,5.5,5.5,1,1,Barber,average
NA,5.5,5.5,0,0,Barber,average
NA,5.5,5.5,1,1,Barber,average
NA,5.5,5.5,1,1,Barber,average
NA,5.5,5.5,1,1,Barber,average
NA,5.5,5.5,1,1,Barber,average
NA,5.5,5.5,1,1,Barber,average
NA,5.5,5.5,1,1,Barber,average
NA,5.5,5.5,1,1,Barber,average
NA,5.5,5.5,1,1,Barber,average
NA,5.5,5.5,0,1,Barber,average
NA,5.5,5.5,1,1,Barber,average
NA,5.5,5.5,1,1,Barber,average
NA,5.5,5.5,1,1,Barber,average
NA,5.5,5.5,1,1,Barber,average
NA,5.5,5.5,0,1,Barber,average
NA,5.5,5.5,1,1,Barber,average
NA,5.5,5.5,1,1,Barber,average
NA,5.5,5.5,0,1,Barber,average
NA,5.5,5.0,0,0,Barber,average
NA,5.5,5.5,0,0,Barber,average
NA,5.5,5.5,1,1,Barber,average
NA,5.5,5.5,1,1,Barber,average
NA,5.5,5.5,1,1,Barber,average
NA,5.5,5.5,1,1,Barber,average
NA,5.5,5.5,0,1,Barber,average
NA,5.5,5.5,1,1,Barber,average
NA,5.5,5.5,1,1,Barber,average
NA,5.5,5.5,1,1,Barber,average
NA,5.5,5.5,1,1,Barber,average
NA,5.5,5.5,1,1,Barber,average
NA,5.5,5.5,1,1,Barber,average
NA,5.5,5.5,1,1,Barber,average
NA,5.5,5.5,1,1,Barber,average
NA,5.5,5.5,1,1,Barber,average
NA,5.5,5.5,0,1,Barber,average
NA,5.5,5.05,0,1,Barber,average
NA,5.5,5.5,0,1,Barber,average
NA,5.5,5.5,1,1,Barber,average
NA,5.5,5.5,1,1,Barber,average
NA,5.5,5.5,0,1,Barber,average
NA,5.5,5.5,0,1,Barber,average
NA,5.5,5.5,1,1,Barber,average
NA,5.5,5.5,1,1,Barber,average
NA,5.5,5.041666666666667,0,0,Barber,average
NA,5.5,5.5,1,1,Barber,average
NA,5.5,5.5,1,1,Barber,average
NA,5.5,5.0,1,0,Barber,average
NA,5.5,5.5,1,1,Barber,average
NA,5.5,5.5,0,1,Barber,average
NA,5.5,5.0,0,0,Barber,average
NA,5.5,5.5,1,1,Barber,average
NA,5.5,5.5,0,0,Barber,average
NA,5.5,5.0,0,0,Barber,average
NA,5.5,5.5,1,1,Barber,average
NA,5.5,5.5,0,1,Barber,average
NA,5.5,5.5,1,1,Barber,average
NA,5.5,5.5,1,1,Barber,average
NA,5.5,5.0,0,0,Barber,average
NA,5.5,5.5,1,1,Barber,average
NA,5.5,5.5,0,1,Barber,average
NA,5.5,5.5,0,1,Barber,average
NA,5.5,5.0,0,0,Barber,average
NA,5.5,5.05,0,1,Barber,average
NA,5.5,5.5,0,1,Barber,average
NA,5.5,5.5,0,1,Barber,average
NA,5.5,5.0,1,0,Barber,average
NA,5.5,5.5,1,1,Barber,average
NA,5.5,5.5,1,1,Barber,average
NA,5.5,5.0,0,0,Barber,average
NA,5.5,5.5,1,1,Barber,average
NA,5.5,4.583333333333333,0,0,Barber,average
NA,5.5,5.5,1,1,Barber,average
NA,5.5,5.5,1,1,Barber,average
NA,5.5,5.5,0,0,Barber,average
NA,5.5,5.5,1,1,Barber,average
NA,5.5,5.5,0,1,Barber,average
NA,5.5,5.0,0,0,Barber,average
NA,5.5,5.5,0,1,Barber,average
NA,5.5,5.5,1,1,Barber,average
NA,5.5,5.5,1,1,Barber,average
NA,5.5,5.5,0,1,Barber,average
NA,5.5,5.5,1,1,Barber,average
NA,5.5,5.5,1,1,Barber,average
NA,5.5,5.5,0,1,Barber,average
NA,5.5,5.5,1,1,Barber,average
NA,5.5,5.5,0,1,Barber,average
NA,5.5,5.5,1,1,Barber,average
NA,5.5,5.0,0,0,Barber,average
NA,5.5,5.5,1,1,Barber,average
NA,5.5,5.0,1,0,Barber,average
NA,5.5,5.5,1,1,Barber,average
NA,5.5,5.5,1,1,Barber,average
NA,5.5,5.5,1,0,Barber,average
NA,5.5,5.5,1,1,Barber,average
NA,5.5,5.5,1,1,Barber,average
NA,5.5,5.5,1,1,Barber,average
NA,5.5,5.5,1,1,Barber,average
NA,5.5,5.5,1,1,Barber,average
NA,5.5,5.5,1,1,Barber,average
NA,5.5,5.076923076923077,0,0,Barber,average
NA,5.5,5.5,1,1,Barber,average
NA,5.5,5.5,1,1,Barber,average
NA,5.5,5.5,1,1,Barber,average
NA,5.5,5.5,1,1,Barber,average
NA,5.5,5.5,1,1,Barber,average
NA,5.5,5.5,0,0,Barber,average
NA,5.5,5.5,1,1,Barber,average
NA,5.5,5.5,1,1,Barber,average
NA,5.5,5.05,0,1,Barber,average
NA,5.5,5.5,1,1,Barber,average
NA,5.5,5.5,1,1,Barber,average
NA,5.5,5.5,1,1,Barber,average
NA,5.5,5.5,1,1,Barber,average
NA,5.5,5.5,1,1,Barber,average
NA,5.5,5.5,0,1,Barber,average
NA,5.5,5.5,1,1,Barber,average
NA,5.5,5.5,1,1,Barber,average
NA,5.5,5.041666666666667,1,0,Barber,average
NA,5.5,5.5,0,1,Barber,average
NA,5.5,5.5,1,1,Barber,average
NA,5.5,5.5,1,1,Barber,average
NA,5.5,5.5,0,1,Barber,average
NA,5.5,5.5,0,1,Barber,average
NA,5.5,5.5,1,1,Barber,average
NA,5.5,5.041666666666667,0,0,Barber,average
NA,5.5,5.5,1,0,Barber,average
NA,5.5,5.5,1,1,Barber,average
NA,5.5,5.5,1,1,Barber,average
NA,5.5,5.5,1,1,Barber,average
NA,5.5,5.5,0,1,Barber,average
NA,5.5,5.0,0,0,Barber,average
NA,5.5,5.0,0,0,Barber,average
NA,5.5,5.5,0,1,Barber,average
NA,5.5,5.5,1,1,Barber,average
NA,5.5,5.5,1,1,Barber,average
NA,5.5,5.5,0,1,Barber,average
NA,5.5,4.583333333333333,1,0,Barber,average
NA,5.5,5.5,0,0,Barber,average
NA,5.5,5.5,1,1,Barber,average
NA,5.5,5.5,1,1,Barber,average
NA,5.5,5.5,1,1,Barber,average
NA,5.5,5.5,1,0,Barber,average
NA,5.5,5.5,1,1,Barber,average
NA,5.5,5.5,1,1,Barber,average
NA,5.5,5.5,1,1,Barber,average
NA,5.5,5.5,1,1,Barber,average
NA,5.5,5.5,0,1,Barber,average
NA,5.5,5.0,1,0,Barber,average
NA,5.5,5.5,0,1,Barber,average
NA,5.5,5.5,1,1,Barber,average
NA,5.5,5.5,1,1,Barber,average
NA,5.5,5.5,1,1,Barber,average
NA,5.5,5.5,1,1,Barber,average
NA,5.5,5.5,0,1,Barber,average
NA,5.5,5.5,1,1,Barber,average
NA,5.5,5.5,1,0,Barber,average
NA,5.5,5.0,1,0,Barber,average
NA,5.5,5.5,0,1,Barber,average
NA,5.5,5.5,1,1,Barber,average
NA,5.5,4.583333333333333,0,0,Barber,average
NA,5.5,5.5,1,1,Barber,average
NA,5.5,5.5,1,1,Barber,average
NA,5.5,5.5,1,1,Barber,average
NA,5.5,4.95,0,0,Barber,average
NA,5.5,5.0,0,0,Barber,average
NA,5.5,5.5,0,1,Barber,average
NA,5.5,5.5,1,1,Barber,average
NA,5.5,5.0,0,0,Barber,average
NA,5.5,5.0,0,0,Barber,average
NA,5.5,5.5,1,1,Barber,average
NA,5.5,5.5,1,1,Barber,average
NA,5.5,5.5,1,1,Barber,average
NA,5.5,5.5,1,1,Barber,average
NA,5.5,5.5,1,1,Barber,average
NA,5.5,5.5,0,1,Barber,average
NA,5.5,5.5,1,1,Barber,average
NA,5.5,5.5,0,1,Barber,average
NA,5.5,5.5,1,1,Barber,average
NA,5.5,5.5,0,0,Barber,average
NA,5.5,5.5,1,1,Barber,average
NA,5.5,5.5,1,1,Barber,average
NA,5.5,5.5,1,1,Barber,average
NA,5.5,5.5,1,1,Barber,average
NA,5.5,5.5,1,1,Barber,average
NA,5.5,5.5,1,1,Barber,average
NA,5.5,5.5,0,1,Barber,average
NA,5.5,5.5,1,1,Barber,average
NA,5.5,5.5,1,1,Barber,average
NA,5.5,4.51,0,1,Barber,average
NA,5.5,5.5,1,1,Barber,average
NA,5.5,5.5,1,1,Barber,average
NA,5.5,5.5,0,1,Barber,average
NA,5.5,5.5,1,1,Barber,average
NA,5.5,5.5,1,1,Barber,average
NA,5.5,5.0,0,0,Barber,average
NA,5.5,5.0,1,0,Barber,average
NA,5.5,5.5,1,1,Barber,average
NA,5.5,5.5,1,1,Barber,average
NA,5.5,5.5,0,1,Barber,average
NA,5.5,5.5,1,1,Barber,average
NA,5.5,5.5,1,1,Barber,average
NA,5.5,5.5,1,1,Barber,average
NA,5.5,5.5,1,1,Barber,average
NA,5.5,5.5,1,1,Barber,average
NA,5.5,5.0,1,0,Barber,average
NA,5.5,5.5,1,1,Barber,average
NA,5.5,5.5,1,1,Barber,average
NA,5.5,5.5,1,1,Barber,average
NA,5.5,5.0,0,0,Barber,average
NA,5.5,5.5,1,1,Barber,average
NA,5.5,5.5,0,0,Barber,average
NA,5.5,5.5,0,1,Barber,average
NA,5.5,5.5,1,1,Barber,average
NA,5.5,5.5,1,1,Barber,average
NA,5.5,5.5,1,1,Barber,average
NA,5.5,5.5,1,1,Barber,average
NA,5.5,5.5,1,1,Barber,average
NA,5.5,5.5,0,1,Barber,average
NA,5.5,5.5,1,1,Barber,average
NA,5.5,5.5,0,1,Barber,average
NA,5.5,5.5,1,1,Barber,average
NA,5.5,5.5,0,1,Barber,average
NA,5.5,5.5,0,1,Barber,average
NA,5.5,5.5,1,1,Barber,average
NA,5.5,5.5,0,1,Barber,average
NA,5.5,5.0,1,0,Barber,average
NA,5.5,5.0,1,0,Barber,average
NA,5.5,5.5,0,1,Barber,average
NA,5.5,5.5,0,1,Barber,average
NA,5.5,5.5,1,1,Barber,average
NA,5.5,5.5,1,1,Barber,average
NA,5.5,5.5,1,1,Barber,average
NA,5.5,5.5,1,1,Barber,average
NA,5.5,5.041666666666667,0,0,Barber,average
NA,5.5,5.5,1,1,Barber,average
NA,5.5,5.5,1,1,Barber,average
NA,5.5,5.5,0,1,Barber,average
NA,5.5,5.5,1,1,Barber,average
NA,5.5,5.0,0,0,Barber,average
NA,5.5,5.5,1,1,Barber,average
NA,5.5,5.5,1,1,Barber,average
NA,5.5,5.5,1,1,Barber,average
NA,5.5,5.5,1,1,Barber,average
NA,5.5,5.5,1,1,Barber,average
NA,5.5,5.5,1,1,Barber,average
NA,5.5,5.5,1,1,Barber,average
NA,5.5,5.5,1,1,Barber,average
NA,5.5,5.5,1,1,Barber,average
NA,5.5,5.5,1,1,Barber,average
NA,5.5,5.5,0,1,Barber,average
NA,5.5,5.5,1,1,Barber,average
NA,5.5,5.5,1,1,Barber,average
NA,5.5,5.5,0,1,Barber,average
NA,5.5,5.5,1,1,Barber,average
NA,5.5,5.5,1,1,Barber,average
NA,5.5,4.583333333333333,0,0,Barber,average
NA,5.5,5.5,0,1,Barber,average
NA,5.5,5.5,1,1,Barber,average
NA,5.5,5.5,1,1,Barber,average
NA,5.5,5.5,1,1,Barber,average
NA,5.5,5.5,1,1,Barber,average
NA,5.5,5.5,1,1,Barber,average
NA,5.5,5.5,0,1,Barber,average
NA,5.5,5.5,1,1,Barber,average
NA,5.5,5.0,0,0,Barber,average
NA,5.5,5.5,1,1,Barber,average
NA,5.5,5.0,1,0,Barber,average
NA,5.5,5.5,1,1,Barber,average
NA,5.5,5.5,0,1,Barber,average
NA,5.5,5.5,1,1,Barber,average
NA,5.5,5.5,0,1,Barber,average
NA,5.5,5.5,1,1,Barber,average
NA,5.5,5.5,0,1,Barber,average
NA,5.5,5.5,1,1,Barber,average
NA,5.5,5.5,1,1,Barber,average
NA,5.5,5.5,1,1,Barber,average
NA,5.5,4.583333333333333,1,0,Barber,average
NA,5.5,5.0,1,0,Barber,average
NA,5.5,5.5,1,1,Barber,average
NA,5.5,5.5,1,1,Barber,average
NA,5.5,5.5,1,1,Barber,average
NA,5.5,5.5,1,1,Barber,average
NA,5.5,5.0,0,0,Barber,average
NA,5.5,5.5,1,1,Barber,average
NA,5.5,5.5,1,1,Barber,average
NA,5.5,5.5,1,1,Barber,average
NA,5.5,5.5,0,1,Barber,average
NA,5.5,5.5,1,1,Barber,average
NA,5.5,5.5,1,1,Barber,average
NA,5.5,5.05,0,1,Barber,average
NA,5.5,5.5,1,1,Barber,average
NA,5.5,5.5,1,1,Barber,average
NA,5.5,5.5,0,1,Barber,average
NA,5.5,5.041666666666667,0,0,Barber,average
NA,5.5,5.5,0,1,Barber,average
NA,5.5,5.5,0,1,Barber,average
NA,5.5,5.5,1,1,Barber,average
NA,5.5,5.5,1,1,Barber,average
NA,5.5,5.5,1,1,Barber,average
NA,5.5,5.5,1,1,Barber,average
NA,5.5,5.5,0,1,Barber,average
NA,5.5,5.5,1,1,Barber,average
NA,5.5,5.5,1,1,Barber,average
NA,5.5,5.5,1,1,Barber,average
NA,5.5,5.5,1,1,Barber,average
NA,5.5,4.583333333333333,1,0,Barber,average
NA,5.5,5.0,1,0,Barber,average
NA,5.5,5.5,1,1,Barber,average
NA,5.5,5.5,1,0,Barber,average
NA,5.5,5.5,1,1,Barber,average
NA,5.5,5.5,0,1,Barber,average
NA,5.5,5.5,0,1,Barber,average
NA,5.5,5.5,0,1,Barber,average
NA,5.5,5.5,1,1,Barber,average
NA,5.5,5.5,0,1,Barber,average
NA,5.5,5.5,1,1,Barber,average
NA,5.5,5.5,1,1,Barber,average
NA,5.5,5.0,0,0,Barber,average
NA,5.5,5.5,1,1,Barber,average
NA,5.5,5.5,1,1,Barber,average
NA,5.5,5.5,1,1,Barber,average
NA,5.5,5.5,1,1,Barber,average
NA,5.5,5.0,0,0,Barber,average
NA,5.5,5.5,1,1,Barber,average
NA,5.5,5.5,0,1,Barber,average
NA,5.5,5.5,0,1,Barber,average
NA,5.5,4.230769230769231,0,0,Barber,average
NA,5.5,5.5,0,1,Barber,average
NA,5.5,5.5,0,1,Barber,average
NA,5.5,5.0,0,0,Barber,average
NA,5.5,5.5,0,1,Barber,average
NA,5.5,5.5,1,1,Barber,average
NA,5.5,5.5,1,1,Barber,average
NA,5.5,5.0,0,0,Barber,average
NA,5.5,5.5,1,0,Barber,average
NA,5.5,5.5,1,1,Barber,average
NA,5.5,5.5,1,1,Barber,average
NA,5.5,5.5,0,1,Barber,average
NA,5.5,5.5,0,1,Barber,average
NA,5.5,5.5,1,1,Barber,average
NA,5.5,5.5,1,1,Barber,average
NA,5.5,5.0,0,0,Barber,average
NA,5.5,5.5,1,0,Barber,average
NA,5.5,5.5,1,1,Barber,average
NA,5.5,5.5,0,1,Barber,average
NA,5.5,5.5,0,1,Barber,average
NA,5.5,5.5,0,1,Barber,average
NA,5.5,5.5,1,1,Barber,average
NA,5.5,5.5,0,1,Barber,average
NA,5.5,5.5,1,1,Barber,average
NA,5.5,5.5,1,1,Barber,average
NA,5.5,5.5,0,1,Barber,average
NA,5.5,5.5,0,1,Barber,average
NA,5.5,5.5,1,1,Barber,average
NA,5.5,5.5,1,1,Barber,average
NA,5.5,5.5,1,1,Barber,average
NA,5.5,5.5,1,1,Barber,average
NA,5.5,5.5,1,1,Barber,average
NA,5.5,5.5,1,0,Barber,average
NA,5.5,5.5,1,1,Barber,average
NA,5.5,5.5,0,1,Barber,average
NA,5.5,5.5,1,1,Barber,average
NA,5.5,5.5,1,1,Barber,average
NA,5.5,5.5,1,1,Barber,average
NA,5.5,5.0,1,0,Barber,average
NA,5.5,5.0,1,0,Barber,average
NA,5.5,5.5,1,1,Barber,average
NA,5.5,5.5,1,1,Barber,average
NA,5.5,5.5,1,1,Barber,average
NA,5.5,5.5,1,1,Barber,average
NA,5.5,5.5,1,1,Barber,average
NA,5.5,5.5,1,1,Barber,average
NA,5.5,5.0,0,0,Barber,average
NA,5.5,5.5,0,1,Barber,average
NA,5.5,5.5,1,1,Barber,average
NA,5.5,5.5,1,1,Barber,average
NA,5.5,5.5,1,1,Barber,average
NA,5.5,5.5,1,1,Barber,average
NA,5.5,5.5,1,1,Barber,average
NA,5.5,5.5,1,0,Barber,average
NA,5.5,5.0,0,0,Barber,average
NA,5.5,5.5,1,1,Barber,average
NA,5.5,5.5,1,1,Barber,average
NA,5.5,5.5,1,1,Barber,average
NA,5.5,5.0,0,0,Barber,average
NA,5.5,5.5,1,1,Barber,average
NA,5.5,5.5,0,1,Barber,average
NA,5.5,5.5,1,0,Barber,average
NA,5.5,5.5,0,1,Barber,average
NA,5.5,5.0,1,0,Barber,average
NA,5.5,5.5,1,1,Barber,average
NA,5.5,5.5,0,1,Barber,average
NA,5.5,5.0,1,0,Barber,average
NA,5.5,5.5,1,1,Barber,average
NA,5.5,5.5,1,1,Barber,average
NA,5.5,5.5,0,1,Barber,average
NA,5.5,5.5,1,1,Barber,average
NA,5.5,5.5,1,1,Barber,average
NA,5.5,4.583333333333333,0,0,Barber,average
NA,5.5,5.5,1,1,Barber,average
NA,5.5,5.5,1,1,Barber,average
NA,5.5,5.5,0,1,Barber,average
NA,5.5,5.5,1,1,Barber,average
NA,5.5,5.5,0,1,Barber,average
NA,5.5,5.0,0,0,Barber,average
NA,5.5,5.5,1,1,Barber,average
NA,5.5,5.5,1,1,Barber,average
NA,5.5,5.5,1,1,Barber,average
NA,5.5,5.5,1,1,Barber,average
NA,5.5,5.5,1,1,Barber,average
NA,5.5,5.5,0,1,Barber,average
NA,5.5,5.5,0,1,Barber,average
NA,5.5,5.5,1,1,Barber,average
NA,5.5,5.5,1,1,Barber,average
NA,5.5,5.5,0,1,Barber,average
NA,5.5,5.5,1,1,Barber,average
NA,5.5,5.5,1,1,Barber,average
NA,5.5,5.5,1,1,Barber,average
NA,5.5,5.5,1,1,Barber,average
NA,5.5,5.5,0,1,Barber,average
NA,5.5,5.5,0,1,Barber,average
NA,5.5,5.5,0,1,Barber,average
NA,5.5,5.0,1,0,Barber,average
NA,5.5,5.5,1,1,Barber,average
NA,5.5,5.0,0,0,Barber,average
NA,5.5,4.583333333333333,0,0,Barber,average
NA,5.5,5.5,1,1,Barber,average
NA,5.5,5.041666666666667,0,0,Barber,average
NA,5.5,5.5,1,0,Barber,average
NA,5.5,5.5,0,1,Barber,average
NA,5.5,5.0,0,0,Barber,average
NA,5.5,5.5,0,1,Barber,average
NA,5.5,5.5,1,1,Barber,average
NA,5.5,5.5,1,1,Barber,average
NA,5.5,5.5,0,1,Barber,average
NA,5.5,5.5,1,1,Barber,average
NA,5.5,5.5,0,1,Barber,average
NA,5.5,5.5,1,1,Barber,average
NA,5.5,5.5,0,0,Barber,average
NA,5.5,5.5,1,1,Barber,average
NA,5.5,5.5,0,1,Barber,average
NA,5.5,5.0,1,0,Barber,average
NA,5.5,5.5,1,1,Barber,average
NA,5.5,5.5,1,1,Barber,average
NA,5.5,5.5,1,1,Barber,average
NA,5.5,5.5,1,1,Barber,average
NA,5.5,5.5,0,1,Barber,average
NA,5.5,5.5,0,1,Barber,average
NA,5.5,5.5,0,1,Barber,average
NA,5.5,5.041666666666667,1,0,Barber,average
NA,5.5,5.076923076923077,0,0,Barber,average
NA,5.5,5.0,1,0,Barber,average
NA,5.5,5.5,1,1,Barber,average
NA,5.5,5.0,0,0,Barber,average
NA,5.5,5.5,1,1,Barber,average
NA,5.5,5.5,0,1,Barber,average
NA,5.5,5.5,1,1,Barber,average
NA,5.5,5.5,1,1,Barber,average
NA,5.5,5.5,1,1,Barber,average
NA,5.5,5.0,1,0,Barber,average
NA,5.5,4.583333333333333,0,0,Barber,average
NA,5.5,5.5,0,1,Barber,average
NA,5.5,5.5,1,1,Barber,average
NA,5.5,5.5,1,1,Barber,average
NA,5.5,5.041666666666667,0,0,Barber,average
NA,5.5,5.5,1,1,Barber,average
NA,5.5,5.5,0,1,Barber,average
NA,5.5,5.5,1,1,Barber,average
NA,5.5,5.0,1,0,Barber,average
NA,5.5,5.5,1,1,Barber,average
NA,5.5,5.0,0,0,Barber,average
NA,5.5,5.5,0,1,Barber,average
NA,5.5,5.5,1,1,Barber,average
NA,5.5,5.5,1,1,Barber,average
NA,5.5,5.5,0,1,Barber,average
NA,5.5,5.0,1,0,Barber,average
NA,5.5,5.5,1,1,Barber,average
NA,5.5,5.454545454545454,0,1,Barber,average
NA,5.5,5.5,1,1,Barber,average
NA,5.5,5.5,1,1,Barber,average
NA,5.5,5.5,0,1,Barber,average
NA,5.5,5.5,1,1,Barber,average
NA,5.5,5.5,1,1,Barber,average
NA,5.5,5.0,1,0,Barber,average
NA,5.5,5.5,1,1,Barber,average
NA,5.5,5.5,1,1,Barber,average
NA,5.5,5.5,0,1,Barber,average
NA,5.5,5.0,1,0,Barber,average
NA,5.5,5.0,0,0,Barber,average
NA,5.5,4.653846153846154,0,0,Barber,average
NA,5.5,5.5,1,1,Barber,average
NA,5.5,5.5,0,1,Barber,average
NA,5.5,5.5,1,1,Barber,average
NA,5.5,5.5,1,1,Barber,average
NA,5.5,5.5,1,1,Barber,average
NA,5.5,5.5,1,1,Barber,average
NA,5.5,5.5,1,1,Barber,average
NA,5.5,5.5,1,1,Barber,average
NA,5.5,5.5,1,1,Barber,average
NA,5.5,5.5,0,1,Barber,average
NA,5.5,5.5,1,1,Barber,average
NA,5.5,5.5,1,1,Barber,average
NA,5.5,5.5,1,1,Barber,average
NA,5.5,5.0,0,0,Barber,average
NA,5.5,5.5,1,1,Barber,average
NA,5.5,5.0,0,0,Barber,average
NA,5.5,5.5,1,1,Barber,average
NA,5.5,5.0,0,0,Barber,average
NA,5.5,5.5,1,1,Barber,average
NA,5.5,5.5,0,0,Barber,average
NA,5.5,5.0,0,0,Barber,average
NA,5.5,5.5,1,1,Barber,average
NA,5.5,5.5,1,1,Barber,average
NA,5.5,5.0,1,0,Barber,average
NA,5.5,5.5,1,1,Barber,average
NA,5.5,5.5,0,1,Barber,average
NA,5.5,5.5,1,1,Barber,average
NA,5.5,5.5,1,1,Barber,average
NA,5.5,5.5,1,1,Barber,average
NA,5.5,5.5,1,1,Barber,average
NA,5.5,5.5,1,1,Barber,average
NA,5.5,5.5,1,1,Barber,average
NA,5.5,5.5,0,1,Barber,average
NA,5.5,5.0,0,0,Barber,average
NA,5.5,5.5,0,1,Barber,average
NA,5.5,5.5,1,1,Barber,average
NA,5.5,5.0,0,0,Barber,average
NA,5.5,5.5,1,1,Barber,average
NA,5.5,5.5,1,1,Barber,average
NA,5.5,5.5,1,1,Barber,average
NA,5.5,5.5,0,1,Barber,average
NA,5.5,5.5,1,1,Barber,average
NA,5.5,5.0,0,0,Barber,average
NA,5.5,5.5,1,1,Barber,average
NA,5.5,5.5,0,1,Barber,average
NA,5.5,5.5,1,1,Barber,average
NA,5.5,5.5,1,1,Barber,average
NA,5.5,5.5,1,1,Barber,average
NA,5.5,5.5,1,1,Barber,average
NA,5.5,5.5,0,1,Barber,average
NA,5.5,5.5,1,1,Barber,average
NA,5.5,5.5,1,1,Barber,average
NA,5.5,5.5,1,1,Barber,average
NA,5.5,5.5,0,0,Barber,average
NA,5.5,5.5,1,1,Barber,average
NA,5.5,5.5,1,1,Barber,average
NA,5.5,5.5,1,1,Barber,average
NA,5.5,5.5,1,1,Barber,average
NA,5.5,5.5,1,1,Barber,average
NA,5.5,5.5,0,1,Barber,average
NA,5.5,5.5,1,1,Barber,average
NA,5.5,5.5,1,1,Barber,average
NA,5.5,5.5,1,1,Barber,average
NA,5.5,5.0,1,0,Barber,average
NA,5.5,5.5,1,1,Barber,average
NA,5.5,5.5,0,1,Barber,average
NA,5.5,5.5,0,0,Barber,average
NA,5.5,5.454545454545454,1,1,Barber,average
NA,5.5,5.5,1,1,Barber,average
NA,5.5,5.5,1,1,Barber,average
NA,6.625,6.0227272727272725,0,0,Barber,average
NA,6.625,6.625,1,1,Barber,average
NA,6.625,6.625,1,1,Barber,average
NA,6.625,6.625,1,1,Barber,average
NA,6.625,6.625,1,1,Barber,average
NA,6.625,6.625,1,1,Barber,average
NA,6.625,6.625,1,1,Barber,average
NA,6.625,6.625,1,1,Barber,average
NA,6.625,6.625,1,1,Barber,average
NA,6.625,6.625,1,1,Barber,average
NA,6.625,6.625,1,1,Barber,average
NA,6.625,6.625,1,1,Barber,average
NA,6.625,6.625,1,1,Barber,average
NA,6.625,6.625,1,1,Barber,average
NA,6.625,6.625,1,1,Barber,average
NA,6.625,6.625,1,1,Barber,average
NA,6.625,6.0227272727272725,1,0,Barber,average
NA,6.625,6.625,1,1,Barber,average
NA,6.625,6.625,1,1,Barber,average
NA,6.625,6.625,1,1,Barber,average
NA,6.625,6.625,1,1,Barber,average
NA,6.625,6.625,1,1,Barber,average
NA,6.625,6.625,1,1,Barber,average
NA,6.625,6.625,1,1,Barber,average
NA,6.625,6.625,1,1,Barber,average
NA,6.625,6.625,1,1,Barber,average
NA,6.625,6.625,1,1,Barber,average
NA,6.625,6.625,1,1,Barber,average
NA,6.625,6.625,1,1,Barber,average
NA,6.625,6.625,1,1,Barber,average
NA,6.625,6.625,1,1,Barber,average
NA,6.625,6.625,1,1,Barber,average
NA,6.625,6.625,1,1,Barber,average
NA,6.625,6.0227272727272725,1,0,Barber,average
NA,6.625,6.625,1,1,Barber,average
NA,6.625,6.625,1,1,Barber,average
NA,6.625,6.625,1,1,Barber,average
NA,6.625,6.625,1,1,Barber,average
NA,6.625,6.625,1,1,Barber,average
NA,6.625,6.625,1,1,Barber,average
NA,6.625,6.625,1,0,Barber,average
NA,6.625,6.625,1,1,Barber,average
NA,6.625,6.0227272727272725,0,0,Barber,average
NA,6.625,6.625,1,1,Barber,average
NA,6.625,6.625,1,1,Barber,average
NA,6.625,6.625,1,1,Barber,average
NA,6.625,6.625,1,1,Barber,average
NA,6.625,6.625,1,1,Barber,average
NA,6.625,6.0227272727272725,1,0,Barber,average
NA,6.625,6.625,1,1,Barber,average
NA,6.625,6.625,1,1,Barber,average
NA,6.625,6.625,1,0,Barber,average
NA,6.625,6.625,1,1,Barber,average
NA,6.625,6.625,1,1,Barber,average
NA,6.625,6.625,0,1,Barber,average
NA,6.625,6.625,1,1,Barber,average
NA,6.625,6.625,1,1,Barber,average
NA,6.625,6.625,1,1,Barber,average
NA,6.625,6.625,1,1,Barber,average
NA,6.625,6.625,1,1,Barber,average
NA,6.625,6.625,0,1,Barber,average
NA,6.625,6.625,1,1,Barber,average
NA,6.625,6.625,1,1,Barber,average
NA,6.625,6.625,1,1,Barber,average
NA,6.625,6.625,1,1,Barber,average
NA,6.625,6.625,1,1,Barber,average
NA,6.625,6.625,1,1,Barber,average
NA,6.625,6.625,1,1,Barber,average
NA,6.625,6.625,1,1,Barber,average
NA,6.625,6.625,1,1,Barber,average
NA,6.625,6.625,1,1,Barber,average
NA,6.625,6.625,0,1,Barber,average
NA,6.625,6.625,1,1,Barber,average
NA,6.625,6.625,1,1,Barber,average
NA,6.625,6.625,1,1,Barber,average
NA,6.625,6.625,1,1,Barber,average
NA,6.625,6.625,1,1,Barber,average
NA,6.625,6.625,1,1,Barber,average
NA,6.625,6.625,1,1,Barber,average
NA,6.625,6.625,1,1,Barber,average
NA,6.625,6.625,1,1,Barber,average
NA,6.625,6.625,1,1,Barber,average
NA,6.625,6.625,1,1,Barber,average
NA,6.625,6.0227272727272725,1,0,Barber,average
NA,6.625,6.625,1,1,Barber,average
NA,6.625,6.625,1,1,Barber,average
NA,6.625,6.625,1,1,Barber,average
NA,6.625,6.625,1,1,Barber,average
NA,6.625,6.625,0,0,Barber,average
NA,6.625,6.625,1,1,Barber,average
NA,6.625,6.625,1,1,Barber,average
NA,6.625,6.625,1,1,Barber,average
NA,6.625,6.625,1,1,Barber,average
NA,6.625,6.625,1,1,Barber,average
NA,6.625,6.625,1,1,Barber,average
NA,6.625,6.625,1,1,Barber,average
NA,6.625,6.625,0,1,Barber,average
NA,6.625,6.625,1,1,Barber,average
NA,6.625,6.625,1,1,Barber,average
NA,6.625,6.625,1,1,Barber,average
NA,6.625,6.625,1,1,Barber,average
NA,6.625,6.625,1,1,Barber,average
NA,6.625,6.625,1,1,Barber,average
NA,6.625,6.625,1,1,Barber,average
NA,6.625,6.625,1,1,Barber,average
NA,6.625,6.625,1,1,Barber,average
NA,6.625,6.625,1,1,Barber,average
NA,6.625,6.625,1,1,Barber,average
NA,6.625,6.625,0,1,Barber,average
NA,6.625,6.625,1,1,Barber,average
NA,6.625,6.625,1,1,Barber,average
NA,6.625,6.625,1,1,Barber,average
NA,6.625,6.625,1,1,Barber,average
NA,6.625,6.0227272727272725,0,0,Barber,average
NA,6.625,6.625,1,1,Barber,average
NA,6.625,6.625,1,1,Barber,average
NA,6.625,6.625,1,1,Barber,average
NA,6.625,6.625,1,1,Barber,average
NA,6.625,6.625,0,1,Barber,average
NA,6.625,6.625,1,1,Barber,average
NA,6.625,6.625,1,1,Barber,average
NA,6.625,6.625,1,1,Barber,average
NA,6.625,6.625,1,1,Barber,average
NA,6.625,6.625,1,1,Barber,average
NA,6.625,6.625,1,1,Barber,average
NA,6.625,6.625,1,1,Barber,average
NA,6.625,6.625,1,1,Barber,average
NA,6.625,6.625,1,1,Barber,average
NA,6.625,6.625,1,1,Barber,average
NA,6.625,6.625,1,1,Barber,average
NA,6.625,6.625,1,1,Barber,average
NA,6.625,6.625,1,1,Barber,average
NA,6.625,6.625,1,1,Barber,average
NA,6.625,6.625,1,1,Barber,average
NA,6.625,6.625,1,1,Barber,average
NA,6.625,6.625,1,1,Barber,average
NA,6.625,6.625,1,1,Barber,average
NA,6.625,6.625,1,1,Barber,average
NA,6.625,6.625,1,1,Barber,average
NA,6.625,6.625,1,1,Barber,average
NA,6.625,6.625,1,1,Barber,average
NA,6.625,6.625,1,1,Barber,average
NA,6.625,6.625,1,1,Barber,average
NA,6.625,6.625,1,1,Barber,average
NA,6.625,6.625,1,1,Barber,average
NA,6.625,6.625,1,1,Barber,average
NA,6.625,6.625,1,1,Barber,average
NA,6.625,6.625,1,1,Barber,average
NA,6.625,6.625,1,1,Barber,average
NA,6.625,6.625,1,1,Barber,average
NA,6.625,6.625,1,1,Barber,average
NA,6.625,6.625,1,1,Barber,average
NA,6.625,6.625,1,1,Barber,average
NA,6.625,6.625,1,1,Barber,average
NA,6.625,6.625,1,1,Barber,average
NA,6.625,6.625,1,1,Barber,average
NA,6.625,6.625,1,1,Barber,average
NA,6.625,6.625,1,1,Barber,average
NA,6.625,6.625,1,1,Barber,average
NA,6.625,6.625,1,1,Barber,average
NA,6.625,6.625,1,1,Barber,average
NA,6.625,6.625,1,1,Barber,average
NA,6.625,6.625,1,1,Barber,average
NA,6.625,6.625,0,1,Barber,average
NA,6.625,6.625,1,1,Barber,average
NA,6.625,6.625,1,1,Barber,average
NA,6.625,6.625,1,1,Barber,average
NA,6.625,6.625,1,1,Barber,average
NA,6.625,6.625,1,1,Barber,average
NA,6.625,6.625,1,1,Barber,average
NA,6.625,6.625,1,1,Barber,average
NA,6.625,6.625,1,1,Barber,average
NA,6.625,6.625,1,1,Barber,average
NA,6.625,6.625,1,1,Barber,average
NA,6.625,6.625,1,1,Barber,average
NA,6.625,6.0227272727272725,0,0,Barber,average
NA,6.625,6.625,1,1,Barber,average
NA,6.625,6.625,1,1,Barber,average
NA,6.625,6.625,1,1,Barber,average
NA,6.625,6.625,1,1,Barber,average
NA,6.625,6.625,1,1,Barber,average
NA,6.625,6.625,1,1,Barber,average
NA,6.625,6.625,1,1,Barber,average
NA,6.625,6.625,1,1,Barber,average
NA,6.625,6.625,1,1,Barber,average
NA,6.625,6.625,1,1,Barber,average
NA,6.625,6.625,1,1,Barber,average
NA,6.625,6.625,1,1,Barber,average
NA,6.625,6.625,1,1,Barber,average
NA,6.625,6.625,0,1,Barber,average
NA,6.625,6.625,1,1,Barber,average
NA,6.625,6.625,1,1,Barber,average
NA,6.625,6.625,1,1,Barber,average
NA,6.625,6.625,0,1,Barber,average
NA,6.625,6.625,1,1,Barber,average
NA,6.625,6.625,1,1,Barber,average
NA,6.625,6.625,0,1,Barber,average
NA,6.625,6.625,1,1,Barber,average
NA,6.625,6.625,1,1,Barber,average
NA,6.625,6.625,1,1,Barber,average
NA,6.625,6.625,1,1,Barber,average
NA,6.625,6.625,1,1,Barber,average
NA,6.625,6.625,0,1,Barber,average
NA,6.625,6.625,1,1,Barber,average
NA,6.625,6.625,1,1,Barber,average
NA,6.625,6.625,1,1,Barber,average
NA,6.625,6.625,1,1,Barber,average
NA,6.625,6.625,1,1,Barber,average
NA,6.625,6.625,0,1,Barber,average
NA,6.625,6.625,1,1,Barber,average
NA,6.625,6.625,1,1,Barber,average
NA,6.625,6.625,0,1,Barber,average
NA,6.625,6.625,1,1,Barber,average
NA,6.625,6.625,1,1,Barber,average
NA,6.625,6.625,1,1,Barber,average
NA,6.625,6.625,1,1,Barber,average
NA,6.625,6.625,1,1,Barber,average
NA,6.625,6.625,1,1,Barber,average
NA,6.625,6.625,1,1,Barber,average
NA,6.625,6.625,1,1,Barber,average
NA,6.625,6.625,1,1,Barber,average
NA,6.625,6.625,1,1,Barber,average
NA,6.625,6.625,1,1,Barber,average
NA,6.625,6.625,1,1,Barber,average
NA,6.625,6.625,1,1,Barber,average
NA,6.625,6.625,1,1,Barber,average
NA,6.625,6.625,1,1,Barber,average
NA,6.625,6.625,1,1,Barber,average
NA,6.625,6.625,1,1,Barber,average
NA,6.625,6.625,1,1,Barber,average
NA,6.625,6.625,1,1,Barber,average
NA,6.625,6.625,1,1,Barber,average
NA,6.625,6.625,1,1,Barber,average
NA,6.625,6.625,0,1,Barber,average
NA,6.625,6.625,1,1,Barber,average
NA,6.625,6.625,1,1,Barber,average
NA,6.625,6.625,0,1,Barber,average
NA,6.625,6.625,1,1,Barber,average
NA,6.625,6.625,1,1,Barber,average
NA,6.625,6.625,1,1,Barber,average
NA,6.625,6.625,1,1,Barber,average
NA,6.625,6.625,1,1,Barber,average
NA,6.625,6.625,1,1,Barber,average
NA,6.625,6.0227272727272725,1,0,Barber,average
NA,6.625,6.625,1,1,Barber,average
NA,6.625,6.625,1,1,Barber,average
NA,6.625,6.625,1,1,Barber,average
NA,6.625,6.625,1,1,Barber,average
NA,6.625,6.625,1,1,Barber,average
NA,6.625,6.0227272727272725,1,0,Barber,average
NA,6.625,6.625,1,1,Barber,average
NA,6.625,6.625,1,1,Barber,average
NA,6.625,6.0227272727272725,0,0,Barber,average
NA,6.625,6.625,0,1,Barber,average
NA,6.625,6.0227272727272725,0,0,Barber,average
NA,6.625,6.625,1,1,Barber,average
NA,6.625,6.625,1,1,Barber,average
NA,6.625,6.625,1,1,Barber,average
NA,6.625,6.625,1,1,Barber,average
NA,6.625,6.625,1,1,Barber,average
NA,6.625,6.625,1,1,Barber,average
NA,6.625,6.625,1,1,Barber,average
NA,6.625,6.625,1,1,Barber,average
NA,6.625,6.625,1,1,Barber,average
NA,6.625,6.625,1,1,Barber,average
NA,6.625,6.625,1,1,Barber,average
NA,6.625,6.625,1,1,Barber,average
NA,6.625,6.625,1,1,Barber,average
NA,6.625,6.625,1,1,Barber,average
NA,6.625,6.625,1,1,Barber,average
NA,6.625,6.625,1,1,Barber,average
NA,6.625,6.0227272727272725,0,0,Barber,average
NA,6.625,6.625,1,1,Barber,average
NA,6.625,6.625,0,1,Barber,average
NA,6.625,6.625,1,1,Barber,average
NA,6.625,6.625,1,1,Barber,average
NA,6.625,6.625,1,1,Barber,average
NA,6.625,6.625,1,1,Barber,average
NA,6.625,6.625,1,1,Barber,average
NA,6.625,6.625,1,1,Barber,average
NA,6.625,6.625,1,1,Barber,average
NA,6.625,6.625,1,1,Barber,average
NA,6.625,6.625,1,1,Barber,average
NA,6.625,6.0227272727272725,0,0,Barber,average
NA,6.625,6.625,1,1,Barber,average
NA,6.625,6.625,1,1,Barber,average
NA,6.625,6.625,1,1,Barber,average
NA,6.625,6.625,1,1,Barber,average
NA,6.625,6.625,1,1,Barber,average
NA,6.625,6.625,0,1,Barber,average
NA,6.625,6.625,1,1,Barber,average
NA,6.625,6.625,1,1,Barber,average
NA,6.625,6.625,1,1,Barber,average
NA,6.625,6.625,1,1,Barber,average
NA,6.625,6.625,1,1,Barber,average
NA,6.625,6.625,0,1,Barber,average
NA,6.625,6.625,1,1,Barber,average
NA,6.625,6.625,1,1,Barber,average
NA,6.625,6.625,1,1,Barber,average
NA,6.625,6.625,1,1,Barber,average
NA,6.625,6.625,1,1,Barber,average
NA,6.625,6.625,1,1,Barber,average
NA,6.625,6.625,1,1,Barber,average
NA,6.625,6.625,1,1,Barber,average
NA,6.625,6.625,1,1,Barber,average
NA,6.625,6.625,1,1,Barber,average
NA,6.625,6.625,1,1,Barber,average
NA,6.625,6.625,1,1,Barber,average
NA,6.625,6.625,1,1,Barber,average
NA,6.625,6.625,1,1,Barber,average
NA,6.625,6.625,1,1,Barber,average
NA,6.625,6.625,1,1,Barber,average
NA,6.625,6.625,1,1,Barber,average
NA,6.625,6.625,1,1,Barber,average
NA,6.625,6.625,1,1,Barber,average
NA,6.625,6.625,1,1,Barber,average
NA,6.625,6.625,1,1,Barber,average
NA,6.625,6.0227272727272725,0,0,Barber,average
NA,6.625,6.625,1,1,Barber,average
NA,6.625,6.625,1,1,Barber,average
NA,6.625,6.625,1,1,Barber,average
NA,6.625,6.625,1,1,Barber,average
NA,6.625,6.625,1,1,Barber,average
NA,6.625,6.625,1,1,Barber,average
NA,6.625,6.625,0,1,Barber,average
NA,6.625,6.625,1,1,Barber,average
NA,6.625,6.625,1,1,Barber,average
NA,6.625,6.625,1,1,Barber,average
NA,6.625,6.625,1,1,Barber,average
NA,6.625,6.625,1,1,Barber,average
NA,6.625,6.625,1,1,Barber,average
NA,6.625,6.625,1,1,Barber,average
NA,6.625,6.625,1,1,Barber,average
NA,6.625,6.625,1,1,Barber,average
NA,6.625,6.625,1,1,Barber,average
NA,6.625,6.625,0,1,Barber,average
NA,6.625,6.625,1,1,Barber,average
NA,6.625,6.625,1,1,Barber,average
NA,6.625,6.625,1,1,Barber,average
NA,6.625,6.625,1,1,Barber,average
NA,6.625,6.625,1,1,Barber,average
NA,6.625,6.625,1,1,Barber,average
NA,6.625,6.625,1,1,Barber,average
NA,6.625,6.625,0,1,Barber,average
NA,6.625,6.625,1,1,Barber,average
NA,6.625,6.625,1,1,Barber,average
NA,6.625,6.625,1,1,Barber,average
NA,6.625,6.625,0,1,Barber,average
NA,6.625,6.625,1,1,Barber,average
NA,6.625,6.625,1,1,Barber,average
NA,6.625,6.625,1,1,Barber,average
NA,6.625,6.625,1,1,Barber,average
NA,6.625,6.625,0,1,Barber,average
NA,6.625,6.625,1,1,Barber,average
NA,6.625,6.625,1,1,Barber,average
NA,6.625,6.625,1,1,Barber,average
NA,6.625,6.625,1,1,Barber,average
NA,6.625,6.625,1,1,Barber,average
NA,6.625,6.625,1,1,Barber,average
NA,6.625,6.625,0,1,Barber,average
NA,6.625,6.625,1,1,Barber,average
NA,6.625,6.625,1,1,Barber,average
NA,6.625,6.625,1,1,Barber,average
NA,6.625,6.625,1,1,Barber,average
NA,6.625,6.625,0,1,Barber,average
NA,6.625,6.625,1,1,Barber,average
NA,6.625,6.625,1,1,Barber,average
NA,6.625,6.625,1,1,Barber,average
NA,6.625,6.625,0,1,Barber,average
NA,6.625,6.625,1,1,Barber,average
NA,6.625,6.625,1,1,Barber,average
NA,6.625,6.625,1,1,Barber,average
NA,6.625,6.625,1,1,Barber,average
NA,6.625,6.625,1,1,Barber,average
NA,6.625,6.625,1,1,Barber,average
NA,6.625,6.625,0,1,Barber,average
NA,6.625,6.625,1,1,Barber,average
NA,6.625,6.625,1,1,Barber,average
NA,6.625,6.625,1,1,Barber,average
NA,6.625,6.625,1,1,Barber,average
NA,6.625,6.625,1,1,Barber,average
NA,6.625,6.625,1,1,Barber,average
NA,6.625,6.625,1,1,Barber,average
NA,6.625,6.625,1,1,Barber,average
NA,6.625,6.625,1,1,Barber,average
NA,6.625,6.625,1,1,Barber,average
NA,6.625,6.0227272727272725,1,0,Barber,average
NA,6.625,6.0227272727272725,0,0,Barber,average
NA,6.625,6.625,1,1,Barber,average
NA,6.625,6.625,1,1,Barber,average
NA,6.625,6.625,1,1,Barber,average
NA,6.625,6.625,1,1,Barber,average
NA,6.625,6.625,1,1,Barber,average
NA,6.625,6.625,1,1,Barber,average
NA,6.625,6.625,1,1,Barber,average
NA,6.625,6.625,1,1,Barber,average
NA,6.625,6.625,1,1,Barber,average
NA,6.625,6.625,1,1,Barber,average
NA,6.625,6.0227272727272725,0,0,Barber,average
NA,6.625,6.625,0,1,Barber,average
NA,6.625,6.625,1,1,Barber,average
NA,6.625,6.0227272727272725,1,0,Barber,average
NA,6.625,6.625,1,1,Barber,average
NA,6.625,6.625,1,1,Barber,average
NA,6.625,6.0227272727272725,0,0,Barber,average
NA,6.625,6.625,0,1,Barber,average
NA,6.625,6.625,1,1,Barber,average
NA,6.625,6.625,1,1,Barber,average
NA,6.625,6.625,1,1,Barber,average
NA,6.625,6.625,1,1,Barber,average
NA,6.625,6.625,1,1,Barber,average
NA,6.625,6.625,1,1,Barber,average
NA,6.625,6.625,1,1,Barber,average
NA,6.625,6.625,1,1,Barber,average
NA,6.625,6.625,1,1,Barber,average
NA,6.625,6.625,1,1,Barber,average
NA,6.625,6.625,1,1,Barber,average
NA,6.625,6.625,1,1,Barber,average
NA,6.625,6.625,1,1,Barber,average
NA,6.625,6.625,1,1,Barber,average
NA,6.625,6.625,1,1,Barber,average
NA,6.625,6.625,0,1,Barber,average
NA,6.625,6.625,1,1,Barber,average
NA,6.625,6.625,1,1,Barber,average
NA,6.625,6.625,1,1,Barber,average
NA,6.625,6.625,1,0,Barber,average
NA,6.625,6.0227272727272725,1,0,Barber,average
NA,6.625,6.625,1,1,Barber,average
NA,6.625,6.625,1,1,Barber,average
NA,6.625,6.625,1,1,Barber,average
NA,6.625,6.625,1,1,Barber,average
NA,6.625,6.625,1,1,Barber,average
NA,6.625,6.625,1,1,Barber,average
NA,6.625,6.625,1,1,Barber,average
NA,6.625,6.625,1,1,Barber,average
NA,6.625,6.625,1,1,Barber,average
NA,6.625,6.625,1,1,Barber,average
NA,6.625,6.625,1,1,Barber,average
NA,6.625,6.0227272727272725,1,0,Barber,average
NA,6.625,6.625,1,1,Barber,average
NA,6.625,6.625,0,1,Barber,average
NA,6.625,6.625,1,1,Barber,average
NA,6.625,6.625,1,1,Barber,average
NA,6.625,6.625,1,1,Barber,average
NA,6.625,6.625,1,1,Barber,average
NA,6.625,6.625,1,1,Barber,average
NA,6.625,6.625,1,1,Barber,average
NA,6.625,6.625,1,1,Barber,average
NA,6.625,6.625,1,1,Barber,average
NA,6.625,6.625,1,1,Barber,average
NA,6.625,6.625,1,1,Barber,average
NA,6.625,6.625,1,1,Barber,average
NA,6.625,6.625,0,1,Barber,average
NA,6.625,6.625,1,1,Barber,average
NA,6.625,6.625,1,1,Barber,average
NA,6.625,6.625,0,1,Barber,average
NA,6.625,6.625,1,1,Barber,average
NA,6.625,6.625,1,1,Barber,average
NA,6.625,6.625,1,1,Barber,average
NA,6.625,6.625,1,1,Barber,average
NA,6.625,6.625,1,1,Barber,average
NA,6.625,6.625,1,1,Barber,average
NA,6.625,6.625,1,1,Barber,average
NA,6.625,6.625,1,1,Barber,average
NA,6.625,6.625,0,1,Barber,average
NA,6.625,6.625,1,1,Barber,average
NA,6.625,6.625,1,1,Barber,average
NA,6.625,6.625,1,1,Barber,average
NA,6.625,6.625,1,1,Barber,average
NA,6.625,6.625,1,1,Barber,average
NA,6.625,6.625,0,1,Barber,average
NA,6.625,6.625,1,1,Barber,average
NA,6.625,6.625,1,1,Barber,average
NA,6.625,6.625,1,1,Barber,average
NA,6.625,6.625,1,1,Barber,average
NA,6.625,6.625,1,1,Barber,average
NA,6.625,6.625,1,1,Barber,average
NA,6.625,6.625,1,1,Barber,average
NA,6.625,6.625,1,1,Barber,average
NA,6.625,6.625,1,1,Barber,average
NA,6.625,6.625,1,1,Barber,average
NA,6.625,6.625,1,1,Barber,average
NA,6.625,6.625,1,1,Barber,average
NA,6.625,6.625,1,1,Barber,average
NA,6.625,6.625,1,1,Barber,average
NA,6.625,6.625,1,1,Barber,average
NA,6.625,6.625,1,1,Barber,average
NA,6.625,6.625,1,1,Barber,average
NA,6.625,6.625,1,1,Barber,average
NA,6.625,6.625,1,1,Barber,average
NA,6.625,6.625,1,1,Barber,average
NA,6.625,6.625,1,1,Barber,average
NA,6.625,6.625,1,1,Barber,average
NA,6.625,6.625,0,1,Barber,average
NA,6.625,6.0227272727272725,0,0,Barber,average
NA,6.625,6.625,1,1,Barber,average
NA,6.625,6.625,1,1,Barber,average
NA,6.625,6.0227272727272725,1,0,Barber,average
NA,6.625,6.625,0,1,Barber,average
NA,6.625,6.625,1,1,Barber,average
NA,6.625,6.625,1,1,Barber,average
NA,6.625,6.625,1,1,Barber,average
NA,6.625,6.625,1,1,Barber,average
NA,6.625,6.625,1,1,Barber,average
NA,6.625,6.625,1,1,Barber,average
NA,6.625,6.625,1,1,Barber,average
NA,6.625,6.625,1,1,Barber,average
NA,6.625,6.625,1,1,Barber,average
NA,6.625,6.625,1,1,Barber,average
NA,6.625,6.625,1,1,Barber,average
NA,6.625,6.625,1,1,Barber,average
NA,6.625,6.625,1,1,Barber,average
NA,6.625,6.0227272727272725,0,0,Barber,average
NA,6.625,6.625,1,1,Barber,average
NA,6.625,6.625,1,1,Barber,average
NA,6.625,6.625,1,1,Barber,average
NA,6.625,6.625,0,1,Barber,average
NA,6.625,6.625,1,1,Barber,average
NA,6.625,6.625,1,1,Barber,average
NA,6.625,6.625,1,1,Barber,average
NA,6.625,6.625,1,1,Barber,average
NA,6.625,6.625,1,1,Barber,average
NA,6.625,6.625,1,1,Barber,average
NA,6.625,6.625,1,1,Barber,average
NA,6.625,6.625,1,1,Barber,average
NA,6.625,6.625,1,1,Barber,average
NA,6.625,6.0227272727272725,0,0,Barber,average
NA,6.625,6.625,0,1,Barber,average
NA,6.625,6.625,1,1,Barber,average
NA,6.625,6.625,1,1,Barber,average
NA,6.625,6.625,0,1,Barber,average
NA,6.625,6.625,1,1,Barber,average
NA,6.625,6.625,1,1,Barber,average
NA,6.625,6.625,1,1,Barber,average
NA,6.625,6.625,1,1,Barber,average
NA,6.625,6.625,1,1,Barber,average
NA,6.625,6.625,1,1,Barber,average
NA,6.625,6.625,1,1,Barber,average
NA,6.625,6.625,1,1,Barber,average
NA,6.625,6.625,1,1,Barber,average
NA,6.625,6.625,1,1,Barber,average
NA,6.625,6.625,1,1,Barber,average
NA,6.625,6.625,1,1,Barber,average
NA,6.625,6.625,1,1,Barber,average
NA,6.625,6.625,1,1,Barber,average
NA,6.625,6.625,1,1,Barber,average
NA,6.625,6.625,0,1,Barber,average
NA,6.625,6.625,1,1,Barber,average
NA,6.625,6.625,0,1,Barber,average
NA,6.625,6.625,1,1,Barber,average
NA,6.625,6.625,1,1,Barber,average
NA,6.625,6.625,1,1,Barber,average
NA,6.625,6.625,1,1,Barber,average
NA,6.625,6.625,1,1,Barber,average
NA,6.625,6.625,0,1,Barber,average
NA,6.625,6.625,1,1,Barber,average
NA,6.625,6.625,1,1,Barber,average
NA,6.625,6.625,1,1,Barber,average
NA,6.625,6.625,1,1,Barber,average
NA,6.625,6.625,1,1,Barber,average
NA,6.625,6.625,1,1,Barber,average
NA,6.625,6.625,1,1,Barber,average
NA,6.625,6.625,1,1,Barber,average
NA,6.625,6.625,1,1,Barber,average
NA,6.625,6.625,1,1,Barber,average
NA,6.625,6.625,1,1,Barber,average
NA,6.625,6.625,1,1,Barber,average
NA,6.625,6.625,1,1,Barber,average
NA,6.625,6.625,1,1,Barber,average
NA,6.625,6.625,1,1,Barber,average
NA,6.625,6.625,1,1,Barber,average
NA,6.625,6.625,1,1,Barber,average
NA,6.625,6.625,1,1,Barber,average
NA,6.625,6.625,1,1,Barber,average
NA,6.625,6.625,1,1,Barber,average
NA,6.625,6.625,1,1,Barber,average
NA,6.625,6.625,1,1,Barber,average
NA,6.625,6.625,1,1,Barber,average
NA,6.625,6.625,1,1,Barber,average
NA,6.625,6.625,1,1,Barber,average
NA,6.625,6.625,1,1,Barber,average
NA,6.625,6.625,1,1,Barber,average
NA,6.625,6.625,1,1,Barber,average
NA,6.625,6.625,1,1,Barber,average
NA,6.625,6.625,1,1,Barber,average
NA,6.625,6.625,1,1,Barber,average
NA,6.625,6.625,1,1,Barber,average
NA,6.625,6.625,1,1,Barber,average
NA,6.625,6.625,1,1,Barber,average
NA,6.625,6.625,1,1,Barber,average
NA,6.625,6.625,1,1,Barber,average
NA,6.625,6.625,1,1,Barber,average
NA,6.625,6.625,1,1,Barber,average
NA,6.625,6.625,1,1,Barber,average
NA,6.625,6.625,1,1,Barber,average
NA,6.625,6.625,1,1,Barber,average
NA,6.625,6.625,1,1,Barber,average
NA,6.625,6.625,1,1,Barber,average
NA,6.625,6.625,1,1,Barber,average
NA,6.625,6.625,1,1,Barber,average
NA,6.625,6.625,1,1,Barber,average
NA,6.625,6.625,1,1,Barber,average
NA,6.625,6.625,1,1,Barber,average
NA,6.625,6.625,1,1,Barber,average
NA,6.625,6.625,1,1,Barber,average
NA,6.625,6.625,1,1,Barber,average
NA,6.625,6.625,1,1,Barber,average
NA,6.625,6.625,1,1,Barber,average
NA,6.625,6.625,1,1,Barber,average
NA,6.625,6.625,1,1,Barber,average
NA,6.625,6.625,1,1,Barber,average
NA,6.625,6.625,1,1,Barber,average
NA,6.625,6.625,1,1,Barber,average
NA,6.625,6.625,1,1,Barber,average
NA,6.625,6.625,1,1,Barber,average
NA,6.625,6.625,0,1,Barber,average
NA,6.625,6.625,1,1,Barber,average
NA,6.625,6.625,1,1,Barber,average
NA,6.625,6.625,1,1,Barber,average
NA,6.625,6.625,1,1,Barber,average
NA,6.625,6.625,1,1,Barber,average
NA,6.625,6.625,1,1,Barber,average
NA,6.625,6.625,0,1,Barber,average
NA,6.625,6.625,1,1,Barber,average
NA,6.625,6.625,1,1,Barber,average
NA,6.625,6.625,1,1,Barber,average
NA,6.625,6.625,1,1,Barber,average
NA,6.625,6.625,1,1,Barber,average
NA,6.625,6.0227272727272725,1,0,Barber,average
NA,6.625,6.625,1,1,Barber,average
NA,6.625,6.625,1,1,Barber,average
NA,6.625,6.625,1,1,Barber,average
NA,6.625,6.625,1,1,Barber,average
NA,6.625,6.625,1,1,Barber,average
NA,6.625,6.625,1,1,Barber,average
NA,6.625,6.625,1,1,Barber,average
NA,6.625,6.625,1,1,Barber,average
NA,6.625,6.625,1,1,Barber,average
NA,6.625,6.625,1,1,Barber,average
NA,6.625,6.625,1,1,Barber,average
NA,6.625,6.625,1,1,Barber,average
NA,6.625,6.625,1,1,Barber,average
NA,6.625,6.625,1,1,Barber,average
NA,6.625,6.625,1,1,Barber,average
NA,6.625,6.625,1,1,Barber,average
NA,6.625,6.625,1,1,Barber,average
NA,6.625,6.625,1,1,Barber,average
NA,6.625,6.625,1,1,Barber,average
NA,6.625,6.625,1,1,Barber,average
NA,6.625,6.625,1,1,Barber,average
NA,6.625,6.625,0,1,Barber,average
NA,6.625,6.625,1,1,Barber,average
NA,6.625,6.625,1,1,Barber,average
NA,6.625,6.625,1,1,Barber,average
NA,6.625,6.625,1,1,Barber,average
NA,6.625,6.625,1,1,Barber,average
NA,6.625,6.625,1,1,Barber,average
NA,6.625,6.625,1,1,Barber,average
NA,6.625,6.625,1,1,Barber,average
NA,6.625,6.625,1,1,Barber,average
NA,6.625,6.625,1,1,Barber,average
NA,6.625,6.625,1,1,Barber,average
NA,6.625,6.625,1,1,Barber,average
NA,6.625,6.625,1,1,Barber,average
NA,6.625,6.625,1,1,Barber,average
NA,6.625,6.625,1,1,Barber,average
NA,6.625,6.625,1,1,Barber,average
NA,6.625,6.625,1,1,Barber,average
NA,6.625,6.625,1,1,Barber,average
NA,6.625,6.625,1,1,Barber,average
NA,6.625,6.625,1,1,Barber,average
NA,6.625,6.625,1,1,Barber,average
NA,6.625,6.625,1,1,Barber,average
NA,6.625,6.625,1,1,Barber,average
NA,6.625,6.625,1,1,Barber,average
NA,6.625,6.625,1,1,Barber,average
NA,6.625,6.625,1,1,Barber,average
NA,6.625,6.625,1,1,Barber,average
NA,6.625,6.625,1,1,Barber,average
NA,6.625,6.625,1,1,Barber,average
NA,6.625,6.625,1,0,Barber,average
NA,6.625,6.625,1,1,Barber,average
NA,6.625,6.625,1,1,Barber,average
NA,6.625,6.625,1,1,Barber,average
NA,6.625,6.625,1,1,Barber,average
NA,6.625,6.625,0,1,Barber,average
NA,6.625,6.625,1,1,Barber,average
NA,6.625,6.625,1,1,Barber,average
NA,6.625,6.625,1,1,Barber,average
NA,6.625,6.625,1,1,Barber,average
NA,6.625,6.625,1,1,Barber,average
NA,6.625,6.625,1,1,Barber,average
NA,6.625,6.625,1,1,Barber,average
NA,6.625,6.625,1,1,Barber,average
NA,6.625,6.625,1,1,Barber,average
NA,6.625,6.625,1,1,Barber,average
NA,6.625,6.625,1,1,Barber,average
NA,6.625,6.625,1,1,Barber,average
NA,6.625,6.625,0,1,Barber,average
NA,6.625,6.625,1,1,Barber,average
NA,6.625,6.625,1,1,Barber,average
NA,6.625,6.625,1,1,Barber,average
NA,6.625,6.625,1,1,Barber,average
NA,6.625,6.625,1,1,Barber,average
NA,6.625,6.625,1,1,Barber,average
NA,6.625,6.625,1,1,Barber,average
NA,6.625,6.625,1,1,Barber,average
NA,6.625,6.625,1,1,Barber,average
NA,6.625,6.625,0,1,Barber,average
NA,6.625,6.625,1,1,Barber,average
NA,6.625,6.625,1,1,Barber,average
NA,6.625,6.625,1,1,Barber,average
NA,6.625,6.625,1,1,Barber,average
NA,6.625,6.625,1,1,Barber,average
NA,6.625,6.0227272727272725,1,0,Barber,average
NA,6.625,6.625,1,1,Barber,average
NA,6.625,6.625,1,1,Barber,average
NA,6.625,6.625,1,1,Barber,average
NA,6.625,6.625,1,1,Barber,average
NA,6.625,6.625,1,1,Barber,average
NA,6.625,6.625,1,1,Barber,average
NA,6.625,6.625,1,1,Barber,average
NA,6.625,6.625,1,1,Barber,average
NA,6.625,6.625,1,1,Barber,average
NA,6.625,6.625,1,1,Barber,average
NA,6.625,6.625,1,1,Barber,average
NA,6.625,6.625,1,1,Barber,average
NA,6.625,6.625,1,1,Barber,average
NA,6.625,6.625,0,1,Barber,average
NA,6.625,6.625,1,1,Barber,average
NA,6.625,6.625,1,1,Barber,average
NA,6.625,6.625,1,1,Barber,average
NA,6.625,6.625,1,1,Barber,average
NA,6.625,6.625,1,1,Barber,average
NA,6.625,6.625,1,1,Barber,average
NA,6.625,6.625,1,1,Barber,average
NA,6.625,6.625,0,1,Barber,average
NA,6.625,6.625,1,1,Barber,average
NA,6.625,6.625,1,1,Barber,average
NA,6.625,6.625,1,1,Barber,average
NA,6.625,6.625,1,1,Barber,average
NA,6.625,6.625,1,1,Barber,average
NA,6.625,6.625,1,1,Barber,average
NA,6.625,6.625,1,1,Barber,average
NA,6.625,6.625,1,1,Barber,average
NA,6.625,6.625,1,1,Barber,average
NA,6.625,6.625,1,1,Barber,average
NA,6.625,6.625,1,1,Barber,average
NA,6.625,6.625,1,1,Barber,average
NA,6.625,6.625,1,1,Barber,average
NA,6.625,6.625,1,1,Barber,average
NA,6.625,6.625,1,1,Barber,average
NA,6.625,6.625,1,1,Barber,average
NA,6.625,6.625,1,1,Barber,average
NA,6.625,6.625,1,1,Barber,average
NA,6.625,6.625,1,1,Barber,average
NA,6.625,6.625,1,1,Barber,average
NA,6.625,6.625,1,1,Barber,average
NA,6.625,6.625,1,1,Barber,average
NA,6.625,6.625,1,1,Barber,average
NA,6.625,6.625,1,1,Barber,average
NA,6.625,6.625,0,1,Barber,average
NA,6.625,6.625,1,1,Barber,average
NA,6.625,6.625,1,1,Barber,average
NA,6.625,6.625,1,1,Barber,average
NA,6.625,6.625,0,0,Barber,average
NA,6.625,6.625,1,1,Barber,average
NA,6.625,6.625,1,1,Barber,average
NA,6.625,6.625,0,1,Barber,average
NA,6.625,6.625,1,1,Barber,average
NA,6.625,6.625,1,1,Barber,average
NA,6.625,6.625,1,1,Barber,average
NA,6.625,6.0227272727272725,0,0,Barber,average
NA,6.625,6.625,0,1,Barber,average
NA,6.625,6.625,1,1,Barber,average
NA,6.625,6.625,1,1,Barber,average
NA,6.625,6.625,1,1,Barber,average
NA,6.625,6.0227272727272725,0,0,Barber,average
NA,6.625,6.625,1,1,Barber,average
NA,6.625,6.625,1,1,Barber,average
NA,6.625,6.625,1,1,Barber,average
NA,6.625,6.625,1,1,Barber,average
NA,6.625,6.0227272727272725,0,0,Barber,average
NA,6.625,6.625,1,1,Barber,average
NA,6.625,6.625,1,1,Barber,average
NA,6.625,6.625,1,1,Barber,average
NA,6.625,6.625,1,1,Barber,average
NA,6.625,6.625,1,1,Barber,average
NA,6.625,6.625,1,1,Barber,average
NA,6.625,6.625,1,1,Barber,average
NA,6.625,6.625,1,1,Barber,average
NA,6.625,6.625,1,1,Barber,average
NA,6.625,6.625,1,1,Barber,average
NA,6.625,6.625,1,1,Barber,average
NA,6.625,6.625,1,1,Barber,average
NA,6.625,6.625,1,1,Barber,average
NA,6.625,6.625,1,1,Barber,average
NA,6.625,6.625,1,1,Barber,average
NA,6.625,6.625,1,1,Barber,average
NA,6.625,6.625,1,1,Barber,average
NA,6.625,6.625,1,1,Barber,average
NA,6.625,6.625,1,1,Barber,average
NA,6.625,6.625,1,1,Barber,average
NA,6.625,6.625,1,1,Barber,average
NA,6.625,6.625,1,1,Barber,average
NA,6.625,6.625,1,1,Barber,average
NA,6.625,6.625,1,1,Barber,average
NA,6.625,6.625,1,1,Barber,average
NA,6.625,6.625,1,1,Barber,average
NA,6.625,6.625,1,1,Barber,average
NA,6.625,6.625,0,1,Barber,average
NA,6.625,6.625,1,1,Barber,average
NA,6.625,6.625,1,1,Barber,average
NA,6.625,6.625,1,1,Barber,average
NA,6.625,6.625,1,1,Barber,average
NA,6.625,6.625,1,1,Barber,average
NA,6.625,6.625,1,1,Barber,average
NA,6.625,6.625,1,1,Barber,average
NA,6.625,6.625,1,1,Barber,average
NA,6.625,6.625,1,1,Barber,average
NA,6.625,6.625,1,1,Barber,average
NA,6.625,6.625,1,1,Barber,average
NA,6.625,6.625,1,1,Barber,average
NA,6.625,6.625,1,1,Barber,average
NA,6.625,6.625,1,1,Barber,average
NA,6.625,6.625,1,1,Barber,average
NA,6.625,6.625,1,1,Barber,average
NA,6.625,6.625,1,1,Barber,average
NA,6.625,6.625,1,1,Barber,average
NA,6.625,6.625,1,1,Barber,average
NA,6.625,6.625,0,1,Barber,average
NA,6.625,6.625,0,1,Barber,average
NA,6.625,6.625,0,1,Barber,average
NA,6.625,6.625,0,1,Barber,average
NA,6.625,6.625,1,1,Barber,average
NA,6.625,6.625,1,1,Barber,average
NA,6.625,6.625,1,1,Barber,average
NA,6.625,6.625,0,1,Barber,average
NA,6.625,6.625,1,1,Barber,average
NA,6.625,6.625,1,1,Barber,average
NA,6.625,6.625,1,1,Barber,average
NA,6.625,6.625,1,1,Barber,average
NA,6.625,6.625,1,1,Barber,average
NA,6.625,6.625,1,1,Barber,average
NA,6.625,6.625,1,1,Barber,average
NA,6.625,6.625,1,1,Barber,average
NA,6.625,6.625,1,1,Barber,average
NA,6.625,6.0227272727272725,0,0,Barber,average
NA,6.625,6.625,1,1,Barber,average
NA,6.625,6.625,1,1,Barber,average
NA,6.625,6.625,1,1,Barber,average
NA,6.625,6.625,1,1,Barber,average
NA,6.625,6.625,1,1,Barber,average
NA,6.625,6.625,1,1,Barber,average
NA,6.625,6.625,1,1,Barber,average
NA,6.625,6.625,0,1,Barber,average
NA,6.625,6.625,1,1,Barber,average
NA,6.625,6.625,1,1,Barber,average
NA,6.625,6.625,1,1,Barber,average
NA,6.625,6.625,1,1,Barber,average
NA,6.625,6.0227272727272725,0,0,Barber,average
NA,6.625,6.625,1,1,Barber,average
NA,6.625,6.625,1,1,Barber,average
NA,6.625,6.625,1,1,Barber,average
NA,6.625,6.625,1,1,Barber,average
NA,6.625,6.625,1,1,Barber,average
NA,6.625,6.625,0,1,Barber,average
NA,6.625,6.625,1,1,Barber,average
NA,6.625,6.625,1,1,Barber,average
NA,6.625,6.625,0,1,Barber,average
NA,6.625,6.625,1,1,Barber,average
NA,6.625,6.625,1,1,Barber,average
NA,6.625,6.625,1,1,Barber,average
NA,6.625,6.625,1,1,Barber,average
NA,6.625,6.625,1,1,Barber,average
NA,6.625,6.625,1,1,Barber,average
NA,6.625,6.625,1,1,Barber,average
NA,6.625,6.625,1,1,Barber,average
NA,6.625,6.625,1,1,Barber,average
NA,6.625,6.625,0,1,Barber,average
NA,6.625,6.625,1,1,Barber,average
NA,6.625,6.625,1,1,Barber,average
NA,6.625,6.625,1,1,Barber,average
NA,6.625,6.625,1,1,Barber,average
NA,6.625,6.625,1,1,Barber,average
NA,6.625,6.625,1,1,Barber,average
NA,6.625,6.0227272727272725,0,0,Barber,average
NA,6.625,6.625,1,1,Barber,average
NA,6.625,6.625,1,1,Barber,average
NA,6.625,6.625,0,1,Barber,average
NA,6.625,6.625,1,1,Barber,average
NA,6.625,6.625,1,1,Barber,average
NA,6.625,6.625,1,1,Barber,average
NA,6.625,6.625,1,1,Barber,average
NA,6.625,6.625,1,1,Barber,average
NA,6.625,6.625,1,1,Barber,average
NA,6.625,6.625,1,1,Barber,average
NA,6.625,6.625,1,1,Barber,average
NA,6.625,6.625,1,1,Barber,average
NA,6.625,6.625,1,1,Barber,average
NA,6.625,6.625,1,1,Barber,average
NA,6.625,6.625,1,1,Barber,average
NA,6.625,6.625,1,1,Barber,average
NA,6.625,6.625,1,1,Barber,average
NA,6.625,6.625,1,1,Barber,average
NA,6.625,6.625,1,1,Barber,average
NA,6.625,6.625,1,1,Barber,average
NA,6.625,6.625,1,1,Barber,average
NA,6.625,6.625,1,1,Barber,average
NA,6.625,6.625,1,1,Barber,average
NA,6.625,6.625,1,1,Barber,average
NA,6.625,6.625,1,1,Barber,average
NA,6.625,6.625,0,1,Barber,average
NA,6.625,6.625,0,1,Barber,average
NA,6.625,6.625,1,1,Barber,average
NA,6.625,6.625,1,1,Barber,average
NA,6.625,6.625,1,1,Barber,average
NA,6.625,6.625,1,1,Barber,average
NA,6.625,6.625,1,1,Barber,average
NA,6.625,6.625,1,1,Barber,average
NA,6.625,6.625,1,1,Barber,average
NA,6.625,6.625,1,1,Barber,average
NA,6.625,6.625,1,1,Barber,average
NA,6.625,6.625,1,1,Barber,average
NA,6.625,6.625,0,0,Barber,average
NA,6.625,6.625,1,1,Barber,average
NA,6.625,6.625,0,1,Barber,average
NA,6.625,6.625,1,1,Barber,average
NA,6.625,6.625,1,1,Barber,average
NA,6.625,6.625,1,1,Barber,average
NA,6.625,6.625,1,1,Barber,average
NA,6.625,6.625,1,1,Barber,average
NA,6.625,6.625,1,1,Barber,average
NA,6.625,6.625,1,1,Barber,average
NA,6.625,6.625,1,1,Barber,average
NA,6.625,6.625,1,1,Barber,average
NA,6.625,6.625,1,1,Barber,average
NA,6.625,6.625,1,1,Barber,average
NA,6.625,6.625,0,1,Barber,average
NA,6.625,6.625,1,1,Barber,average
NA,6.625,6.625,1,1,Barber,average
NA,6.625,6.625,1,1,Barber,average
NA,6.625,6.625,1,1,Barber,average
NA,6.625,6.625,1,1,Barber,average
NA,6.625,6.625,1,1,Barber,average
NA,6.625,6.625,1,1,Barber,average
NA,6.625,6.625,1,1,Barber,average
NA,6.625,6.625,1,1,Barber,average
NA,6.625,6.625,1,1,Barber,average
NA,6.625,6.625,1,1,Barber,average
NA,6.625,6.625,1,1,Barber,average
NA,6.625,6.625,1,1,Barber,average
NA,6.625,6.625,1,1,Barber,average
NA,6.625,6.625,1,1,Barber,average
NA,6.625,6.625,1,1,Barber,average
NA,6.625,6.625,1,1,Barber,average
NA,6.625,6.625,1,1,Barber,average
NA,6.625,6.625,1,1,Barber,average
NA,6.625,6.625,1,1,Barber,average
NA,6.625,6.625,1,1,Barber,average
NA,6.625,6.625,1,1,Barber,average
NA,6.625,6.625,0,1,Barber,average
NA,6.625,6.625,1,1,Barber,average
NA,6.625,6.625,1,1,Barber,average
NA,6.625,6.625,1,1,Barber,average
NA,6.625,6.625,1,1,Barber,average
NA,6.625,6.625,1,1,Barber,average
NA,6.625,6.625,0,1,Barber,average
NA,6.625,6.625,1,1,Barber,average
NA,6.625,6.625,1,0,Barber,average
NA,6.625,6.625,1,1,Barber,average
NA,6.625,6.625,1,1,Barber,average
NA,6.625,6.625,1,1,Barber,average
NA,6.625,6.625,1,1,Barber,average
NA,6.625,6.625,1,1,Barber,average
NA,6.625,6.625,1,1,Barber,average
NA,6.625,6.625,0,1,Barber,average
NA,6.625,6.625,1,1,Barber,average
NA,6.625,6.625,1,1,Barber,average
NA,6.625,6.625,1,1,Barber,average
NA,6.625,6.625,1,1,Barber,average
NA,6.625,6.625,1,1,Barber,average
NA,6.625,6.625,1,1,Barber,average
NA,6.625,6.625,1,1,Barber,average
NA,6.625,6.625,1,1,Barber,average
NA,6.625,6.625,1,1,Barber,average
NA,6.625,6.625,1,1,Barber,average
NA,6.625,6.625,1,1,Barber,average
NA,6.625,6.625,1,1,Barber,average
NA,6.625,6.625,1,1,Barber,average
NA,6.625,6.625,0,1,Barber,average
NA,6.625,6.625,1,1,Barber,average
NA,6.625,6.625,1,1,Barber,average
NA,6.625,6.625,1,1,Barber,average
NA,6.625,6.625,1,1,Barber,average
NA,6.625,6.625,1,1,Barber,average
NA,6.625,6.625,1,1,Barber,average
NA,6.625,6.625,1,1,Barber,average
NA,6.625,6.625,1,1,Barber,average
NA,6.625,6.625,1,1,Barber,average
NA,6.625,6.625,1,1,Barber,average
NA,6.625,6.625,1,0,Barber,average
NA,6.625,6.625,1,1,Barber,average
NA,6.625,6.625,1,1,Barber,average
NA,6.625,6.625,1,1,Barber,average
NA,6.625,6.625,1,1,Barber,average
NA,6.625,6.625,1,1,Barber,average
NA,6.625,6.625,1,1,Barber,average
NA,6.625,6.625,1,1,Barber,average
NA,6.625,6.625,1,1,Barber,average
NA,6.625,6.625,1,1,Barber,average
NA,6.625,6.625,1,1,Barber,average
NA,6.625,6.625,1,1,Barber,average
NA,6.625,6.625,1,1,Barber,average
NA,6.625,6.0227272727272725,0,0,Barber,average
NA,6.625,6.625,1,1,Barber,average
NA,6.625,6.625,1,1,Barber,average
NA,6.625,6.625,1,1,Barber,average
NA,6.625,6.625,1,1,Barber,average
NA,6.625,6.625,1,1,Barber,average
NA,6.625,6.625,0,1,Barber,average
NA,6.625,6.0227272727272725,0,0,Barber,average
NA,6.625,6.625,1,1,Barber,average
NA,6.625,6.625,1,1,Barber,average
NA,6.625,6.625,1,1,Barber,average
NA,6.625,6.625,1,1,Barber,average
NA,6.625,6.625,1,1,Barber,average
NA,6.625,6.625,1,1,Barber,average
NA,6.625,6.625,1,1,Barber,average
NA,6.625,6.625,1,1,Barber,average
NA,6.625,6.625,1,1,Barber,average
NA,6.625,6.625,1,1,Barber,average
NA,6.625,6.625,1,1,Barber,average
NA,6.625,6.625,1,1,Barber,average
NA,6.625,6.072916666666667,0,0,Barber,average
NA,6.625,6.625,1,1,Barber,average
NA,6.625,6.625,1,1,Barber,average
NA,6.625,6.625,1,1,Barber,average
NA,6.625,6.625,1,1,Barber,average
NA,6.625,6.625,1,1,Barber,average
NA,6.625,6.625,1,1,Barber,average
NA,6.625,6.625,1,1,Barber,average
NA,6.625,6.625,1,1,Barber,average
NA,6.625,6.625,1,1,Barber,average
NA,6.625,6.625,1,1,Barber,average
NA,6.625,6.625,1,1,Barber,average
NA,6.625,6.625,1,1,Barber,average
NA,6.625,6.625,1,1,Barber,average
NA,6.625,6.625,1,1,Barber,average
NA,6.625,6.625,1,1,Barber,average
NA,6.625,6.625,1,1,Barber,average
NA,6.625,6.625,1,1,Barber,average
NA,6.625,6.625,1,1,Barber,average
NA,6.625,6.0227272727272725,0,0,Barber,average
NA,6.625,6.625,1,1,Barber,average
NA,6.625,6.625,1,1,Barber,average
NA,6.625,6.625,1,1,Barber,average
NA,6.625,6.625,1,1,Barber,average
NA,6.625,6.625,1,1,Barber,average
NA,6.625,6.625,1,1,Barber,average
NA,6.625,6.625,1,1,Barber,average
NA,6.625,6.625,1,1,Barber,average
NA,6.625,6.625,1,1,Barber,average
NA,6.625,6.625,1,1,Barber,average
NA,6.625,6.625,1,1,Barber,average
NA,6.625,6.625,1,1,Barber,average
NA,6.625,6.625,1,1,Barber,average
NA,6.625,6.625,1,1,Barber,average
NA,6.625,6.625,1,1,Barber,average
NA,6.625,6.625,1,1,Barber,average
NA,6.625,6.625,1,1,Barber,average
NA,6.625,6.625,1,1,Barber,average
NA,6.625,6.625,1,1,Barber,average
NA,6.625,6.625,1,1,Barber,average
NA,6.625,6.625,1,1,Barber,average
NA,6.625,6.625,1,1,Barber,average
NA,6.625,6.625,1,1,Barber,average
NA,6.625,6.0227272727272725,0,0,Barber,average
NA,6.625,6.625,0,1,Barber,average
NA,6.625,6.625,1,1,Barber,average
NA,6.625,6.625,0,1,Barber,average
NA,6.625,6.625,1,1,Barber,average
NA,6.625,6.625,1,1,Barber,average
NA,6.625,6.625,1,1,Barber,average
NA,6.625,6.625,1,1,Barber,average
NA,6.625,6.625,1,1,Barber,average
NA,6.625,6.625,1,1,Barber,average
NA,6.625,6.625,1,1,Barber,average
NA,6.625,6.625,0,0,Barber,average
NA,6.625,6.625,1,1,Barber,average
NA,6.625,6.625,1,1,Barber,average
NA,6.625,6.625,1,1,Barber,average
NA,6.625,6.625,1,1,Barber,average
NA,6.625,6.625,1,1,Barber,average
NA,6.625,6.625,1,1,Barber,average
NA,6.625,6.0227272727272725,0,0,Barber,average
NA,6.625,6.625,1,1,Barber,average
NA,6.625,6.625,1,1,Barber,average
NA,6.625,6.625,1,1,Barber,average
NA,6.625,6.625,1,1,Barber,average
NA,6.625,6.625,1,1,Barber,average
NA,6.625,6.625,1,1,Barber,average
NA,6.625,6.625,1,1,Barber,average
NA,6.625,6.625,1,1,Barber,average
NA,6.625,6.625,1,1,Barber,average
NA,6.625,6.625,1,1,Barber,average
NA,6.625,6.625,1,1,Barber,average
NA,6.625,6.625,1,1,Barber,average
NA,6.625,6.625,0,1,Barber,average
NA,6.625,6.625,1,1,Barber,average
NA,6.625,6.625,1,1,Barber,average
NA,6.625,6.625,1,1,Barber,average
NA,6.625,6.625,1,1,Barber,average
NA,6.625,6.0227272727272725,1,0,Barber,average
NA,6.625,6.625,1,1,Barber,average
NA,6.625,6.625,0,1,Barber,average
NA,6.625,6.625,0,1,Barber,average
NA,6.625,6.625,1,1,Barber,average
NA,6.625,6.625,1,1,Barber,average
NA,6.625,6.625,1,1,Barber,average
NA,6.625,6.625,1,1,Barber,average
NA,6.625,6.625,1,1,Barber,average
NA,6.625,6.625,1,1,Barber,average
NA,6.625,6.625,1,1,Barber,average
NA,6.625,6.625,1,1,Barber,average
NA,6.625,6.625,1,1,Barber,average
NA,6.625,6.625,1,1,Barber,average
NA,6.625,6.625,1,1,Barber,average
NA,6.625,6.625,1,1,Barber,average
NA,6.625,6.625,1,1,Barber,average
NA,6.625,6.625,1,1,Barber,average
NA,6.625,6.625,1,1,Barber,average
NA,6.625,6.625,1,1,Barber,average
NA,6.625,6.625,1,1,Barber,average
NA,6.625,6.625,1,1,Barber,average
NA,6.625,6.625,1,1,Barber,average
NA,6.625,6.625,1,1,Barber,average
NA,6.625,6.625,1,1,Barber,average
NA,6.625,6.625,1,1,Barber,average
NA,6.625,6.625,1,1,Barber,average
NA,6.625,6.625,1,1,Barber,average
NA,6.625,6.625,1,1,Barber,average
NA,6.625,6.625,1,1,Barber,average
NA,6.625,6.625,1,1,Barber,average
NA,6.625,6.625,1,1,Barber,average
NA,6.625,6.625,1,1,Barber,average
NA,6.625,6.625,1,1,Barber,average
NA,6.625,6.625,1,1,Barber,average
NA,6.625,6.625,1,1,Barber,average
NA,6.625,6.625,1,1,Barber,average
NA,6.625,6.625,1,1,Barber,average
NA,6.625,6.625,1,1,Barber,average
NA,6.625,6.625,1,1,Barber,average
NA,6.625,6.625,1,1,Barber,average
NA,6.625,6.625,1,1,Barber,average
NA,6.625,6.625,1,1,Barber,average
NA,6.625,6.625,1,1,Barber,average
NA,6.625,6.625,1,1,Barber,average
NA,6.625,6.625,1,1,Barber,average
NA,6.625,6.625,1,1,Barber,average
NA,6.625,6.625,1,1,Barber,average
NA,6.625,6.625,1,1,Barber,average
NA,6.625,6.625,1,1,Barber,average
NA,6.625,6.625,1,1,Barber,average
NA,6.625,6.625,1,1,Barber,average
NA,6.625,6.625,1,1,Barber,average
NA,6.625,6.625,1,1,Barber,average
NA,6.625,6.625,1,1,Barber,average
NA,6.625,6.625,1,1,Barber,average
NA,6.625,6.625,1,1,Barber,average
NA,6.625,6.625,1,1,Barber,average
NA,6.625,6.625,0,1,Barber,average
NA,6.625,6.625,1,1,Barber,average
NA,6.625,6.625,1,1,Barber,average
NA,6.625,6.625,1,1,Barber,average
NA,6.625,6.625,1,1,Barber,average
NA,6.625,6.625,1,1,Barber,average
NA,6.625,6.625,1,1,Barber,average
NA,6.625,6.625,1,1,Barber,average
NA,6.625,6.625,1,1,Barber,average
NA,6.625,6.625,0,1,Barber,average
NA,6.625,6.0227272727272725,1,0,Barber,average
NA,6.625,6.625,1,1,Barber,average
NA,6.625,6.625,1,1,Barber,average
NA,6.625,6.625,1,1,Barber,average
NA,6.625,6.625,1,1,Barber,average
NA,6.625,6.625,1,1,Barber,average
NA,6.625,6.625,1,1,Barber,average
NA,6.625,6.625,1,1,Barber,average
NA,6.625,6.625,1,1,Barber,average
NA,6.625,6.625,1,1,Barber,average
NA,6.625,6.625,1,1,Barber,average
NA,6.625,6.625,0,1,Barber,average
NA,6.625,6.625,1,1,Barber,average
NA,6.625,6.625,1,1,Barber,average
NA,6.625,6.625,1,1,Barber,average
NA,6.625,6.625,1,1,Barber,average
NA,6.625,6.625,1,1,Barber,average
NA,6.625,6.625,1,1,Barber,average
NA,6.625,6.625,1,1,Barber,average
NA,6.625,6.625,0,1,Barber,average
NA,6.625,6.625,1,1,Barber,average
NA,6.625,6.625,1,1,Barber,average
NA,6.625,6.625,1,1,Barber,average
NA,6.625,6.625,1,1,Barber,average
NA,6.625,6.625,1,1,Barber,average
NA,6.625,6.625,1,1,Barber,average
NA,6.625,6.625,1,1,Barber,average
NA,6.625,6.625,0,1,Barber,average
NA,6.625,6.625,1,1,Barber,average
NA,6.625,6.625,1,1,Barber,average
NA,6.625,6.625,1,1,Barber,average
NA,6.625,6.625,1,1,Barber,average
NA,6.625,6.0227272727272725,0,0,Barber,average
NA,6.625,6.625,1,1,Barber,average
NA,6.625,6.625,1,1,Barber,average
NA,6.625,6.625,1,1,Barber,average
NA,6.625,6.625,1,1,Barber,average
NA,6.625,6.625,1,1,Barber,average
NA,6.625,6.625,1,1,Barber,average
NA,6.625,6.625,1,1,Barber,average
NA,6.625,6.625,1,1,Barber,average
NA,6.625,6.625,1,1,Barber,average
NA,6.625,6.625,1,1,Barber,average
NA,6.625,6.625,0,1,Barber,average
NA,6.625,6.625,1,1,Barber,average
NA,6.625,6.625,0,1,Barber,average
NA,6.625,6.625,1,1,Barber,average
NA,6.625,6.625,1,1,Barber,average
NA,6.625,6.625,1,1,Barber,average
NA,6.625,6.625,1,1,Barber,average
NA,6.625,6.625,0,1,Barber,average
NA,6.625,6.625,1,1,Barber,average
NA,6.625,6.625,1,1,Barber,average
NA,6.625,6.625,1,1,Barber,average
NA,6.625,6.625,1,1,Barber,average
NA,6.625,6.625,1,1,Barber,average
NA,6.625,6.625,1,1,Barber,average
NA,6.625,6.625,1,1,Barber,average
NA,6.625,6.625,1,1,Barber,average
NA,6.625,6.625,1,1,Barber,average
NA,6.625,6.625,0,1,Barber,average
NA,6.625,6.625,1,1,Barber,average
NA,6.625,6.625,1,1,Barber,average
NA,6.625,6.625,1,1,Barber,average
NA,6.625,6.625,1,1,Barber,average
NA,6.625,6.625,1,1,Barber,average
NA,6.625,6.625,1,1,Barber,average
NA,6.625,6.0227272727272725,1,0,Barber,average
NA,6.625,6.625,1,1,Barber,average
NA,6.625,6.625,1,1,Barber,average
NA,6.625,6.625,1,1,Barber,average
NA,6.625,6.625,1,1,Barber,average
NA,6.625,6.0227272727272725,0,0,Barber,average
NA,6.625,6.625,1,1,Barber,average
NA,6.625,6.625,1,1,Barber,average
NA,6.625,6.625,1,1,Barber,average
NA,6.625,6.625,1,1,Barber,average
NA,6.625,6.625,0,1,Barber,average
NA,6.625,6.625,1,1,Barber,average
NA,6.625,6.625,1,1,Barber,average
NA,6.625,6.625,1,1,Barber,average
NA,6.625,6.625,1,1,Barber,average
NA,6.625,6.625,1,1,Barber,average
NA,6.625,6.625,1,1,Barber,average
NA,6.625,6.625,1,1,Barber,average
NA,6.625,6.0227272727272725,0,0,Barber,average
NA,6.625,6.625,1,1,Barber,average
NA,6.625,6.625,1,1,Barber,average
NA,6.625,6.625,1,1,Barber,average
NA,6.625,6.625,1,1,Barber,average
NA,6.625,6.625,0,0,Barber,average
NA,6.625,6.072916666666667,1,0,Barber,average
NA,6.625,6.625,1,1,Barber,average
NA,6.625,6.625,1,1,Barber,average
NA,6.625,6.625,1,1,Barber,average
NA,6.625,6.625,1,1,Barber,average
NA,6.625,6.625,1,1,Barber,average
NA,6.625,6.625,1,1,Barber,average
NA,6.625,6.625,1,1,Barber,average
NA,6.625,6.625,0,1,Barber,average
NA,6.625,6.625,1,1,Barber,average
NA,6.625,6.625,1,1,Barber,average
NA,6.625,6.625,1,1,Barber,average
NA,6.625,6.625,1,1,Barber,average
NA,6.625,6.625,1,1,Barber,average
NA,6.625,6.625,1,1,Barber,average
NA,6.625,6.625,1,1,Barber,average
NA,6.625,6.625,1,1,Barber,average
NA,6.625,6.625,1,1,Barber,average
NA,6.625,6.625,1,1,Barber,average
NA,6.625,6.625,1,1,Barber,average
NA,6.625,6.625,1,1,Barber,average
NA,6.625,6.625,1,1,Barber,average
NA,6.625,6.625,1,1,Barber,average
NA,6.625,6.625,1,1,Barber,average
NA,6.625,6.625,1,1,Barber,average
NA,6.625,6.0227272727272725,1,0,Barber,average
NA,6.625,6.625,1,1,Barber,average
NA,6.625,6.625,1,1,Barber,average
NA,6.625,6.625,1,1,Barber,average
NA,6.625,6.625,1,1,Barber,average
NA,6.625,6.625,1,1,Barber,average
NA,6.625,6.625,1,1,Barber,average
NA,6.625,6.625,1,1,Barber,average
NA,6.625,6.625,0,1,Barber,average
NA,6.625,6.625,1,1,Barber,average
NA,6.625,6.625,1,1,Barber,average
NA,6.625,6.625,0,1,Barber,average
NA,6.625,6.625,1,1,Barber,average
NA,6.625,6.625,1,1,Barber,average
NA,6.625,6.625,1,1,Barber,average
NA,6.625,6.625,1,1,Barber,average
NA,6.625,6.625,1,1,Barber,average
NA,6.625,6.625,1,1,Barber,average
NA,6.625,6.625,1,1,Barber,average
NA,6.625,6.625,1,1,Barber,average
NA,6.625,6.625,1,1,Barber,average
NA,6.625,6.625,1,1,Barber,average
NA,6.625,6.625,1,1,Barber,average
NA,6.625,6.625,1,1,Barber,average
NA,6.625,6.625,1,1,Barber,average
NA,6.625,6.625,1,1,Barber,average
NA,6.625,6.625,1,1,Barber,average
NA,6.625,6.625,1,1,Barber,average
NA,6.625,6.625,0,1,Barber,average
NA,6.625,6.625,1,1,Barber,average
NA,6.625,6.625,1,1,Barber,average
NA,6.625,6.625,1,1,Barber,average
NA,6.625,6.625,1,1,Barber,average
NA,6.625,6.625,1,1,Barber,average
NA,6.625,6.625,1,1,Barber,average
NA,6.625,6.625,1,1,Barber,average
NA,6.625,6.625,1,1,Barber,average
NA,6.625,6.625,0,0,Barber,average
NA,6.625,6.625,1,1,Barber,average
NA,6.625,6.625,1,1,Barber,average
NA,6.625,6.625,1,1,Barber,average
NA,6.625,6.625,1,1,Barber,average
NA,6.625,6.625,1,1,Barber,average
NA,6.625,6.625,1,1,Barber,average
NA,6.625,6.625,1,1,Barber,average
NA,6.625,6.625,1,1,Barber,average
NA,6.625,6.625,1,1,Barber,average
NA,6.625,6.625,1,1,Barber,average
NA,6.625,6.625,1,1,Barber,average
NA,6.625,6.625,0,1,Barber,average
NA,6.625,6.625,1,1,Barber,average
NA,6.625,6.625,1,1,Barber,average
NA,6.625,6.625,1,1,Barber,average
NA,6.625,6.625,1,1,Barber,average
NA,6.625,6.625,1,1,Barber,average
NA,6.625,6.625,1,1,Barber,average
NA,6.625,6.625,1,1,Barber,average
NA,6.625,6.625,1,1,Barber,average
NA,6.625,6.625,1,1,Barber,average
NA,6.625,6.625,1,1,Barber,average
NA,6.625,6.625,1,1,Barber,average
NA,6.625,6.625,1,1,Barber,average
NA,6.625,6.625,1,1,Barber,average
NA,6.625,6.625,1,1,Barber,average
NA,6.625,6.625,1,1,Barber,average
NA,6.625,6.625,1,1,Barber,average
NA,6.625,6.625,1,1,Barber,average
NA,6.625,6.625,1,1,Barber,average
NA,6.625,6.625,1,1,Barber,average
NA,6.625,6.625,1,1,Barber,average
NA,6.625,6.625,1,1,Barber,average
NA,6.625,6.625,1,1,Barber,average
NA,6.625,6.625,1,1,Barber,average
NA,6.625,6.625,1,1,Barber,average
NA,6.625,6.625,1,1,Barber,average
NA,6.625,6.625,1,1,Barber,average
NA,6.625,6.625,1,1,Barber,average
NA,6.625,6.625,0,1,Barber,average
NA,6.625,6.625,1,1,Barber,average
NA,6.625,6.625,1,1,Barber,average
NA,6.625,6.625,0,1,Barber,average
NA,6.625,6.625,1,1,Barber,average
NA,6.625,6.625,1,1,Barber,average
NA,6.625,6.625,0,1,Barber,average
NA,6.625,6.625,0,1,Barber,average
NA,6.625,6.625,0,1,Barber,average
NA,6.625,6.625,1,1,Barber,average
NA,6.625,6.625,1,1,Barber,average
NA,6.625,6.625,1,1,Barber,average
NA,6.625,6.625,1,1,Barber,average
NA,6.625,6.625,1,1,Barber,average
NA,6.625,6.625,1,1,Barber,average
NA,6.625,6.625,1,0,Barber,average
NA,6.625,6.625,1,1,Barber,average
NA,6.625,6.625,1,1,Barber,average
NA,6.625,5.520833333333333,0,0,Barber,average
NA,6.625,6.625,1,1,Barber,average
NA,6.625,6.625,1,1,Barber,average
NA,6.625,6.0227272727272725,0,0,Barber,average
NA,6.625,6.625,0,1,Barber,average
NA,6.625,6.625,1,1,Barber,average
NA,6.625,6.625,1,1,Barber,average
NA,6.625,6.625,0,1,Barber,average
NA,6.625,6.625,0,1,Barber,average
NA,6.625,6.625,1,1,Barber,average
NA,6.625,6.625,1,1,Barber,average
NA,6.625,6.625,0,1,Barber,average
NA,6.625,6.625,1,1,Barber,average
NA,6.625,6.625,1,1,Barber,average
NA,6.625,6.625,1,1,Barber,average
NA,6.625,6.625,1,1,Barber,average
NA,6.625,6.625,1,1,Barber,average
NA,6.625,6.625,1,1,Barber,average
NA,6.625,6.625,1,1,Barber,average
NA,6.625,6.625,1,1,Barber,average
NA,6.625,6.625,1,1,Barber,average
NA,6.625,6.625,1,1,Barber,average
NA,6.625,6.0227272727272725,0,0,Barber,average
NA,6.625,6.625,0,1,Barber,average
NA,6.625,6.625,1,1,Barber,average
NA,6.625,6.625,1,1,Barber,average
NA,6.625,6.625,1,1,Barber,average
NA,6.625,6.625,1,1,Barber,average
NA,6.625,6.625,1,1,Barber,average
NA,6.625,6.625,1,1,Barber,average
NA,6.625,6.625,1,1,Barber,average
NA,6.625,6.625,1,1,Barber,average
NA,6.625,6.625,0,1,Barber,average
NA,6.625,6.625,1,1,Barber,average
NA,6.625,6.625,1,1,Barber,average
NA,6.625,6.625,1,1,Barber,average
NA,6.625,6.625,1,1,Barber,average
NA,6.625,6.625,1,1,Barber,average
NA,6.625,6.625,1,1,Barber,average
NA,6.625,6.625,1,1,Barber,average
NA,6.625,6.625,1,1,Barber,average
NA,6.625,6.625,1,1,Barber,average
NA,6.625,6.625,1,1,Barber,average
NA,6.625,6.625,1,1,Barber,average
NA,6.625,6.625,1,1,Barber,average
NA,6.625,6.625,1,1,Barber,average
NA,6.625,6.625,1,1,Barber,average
NA,6.625,6.625,1,1,Barber,average
NA,6.625,6.625,1,1,Barber,average
NA,6.625,6.625,0,1,Barber,average
NA,6.625,6.625,1,1,Barber,average
NA,6.625,6.625,1,1,Barber,average
NA,6.625,6.625,1,1,Barber,average
NA,6.625,6.625,1,1,Barber,average
NA,6.625,6.625,1,1,Barber,average
NA,6.625,6.625,1,1,Barber,average
NA,6.625,6.625,1,1,Barber,average
NA,6.625,6.625,1,1,Barber,average
NA,6.625,6.625,1,1,Barber,average
NA,6.625,6.625,1,1,Barber,average
NA,6.625,6.625,1,1,Barber,average
NA,6.625,6.625,1,1,Barber,average
NA,6.625,6.625,1,1,Barber,average
NA,6.625,6.625,1,1,Barber,average
NA,6.625,6.625,1,1,Barber,average
NA,6.625,6.625,0,1,Barber,average
NA,6.625,6.625,1,1,Barber,average
NA,6.625,6.625,1,1,Barber,average
NA,6.625,6.625,1,1,Barber,average
NA,6.625,6.625,1,1,Barber,average
NA,6.625,6.625,1,1,Barber,average
NA,6.625,6.625,1,1,Barber,average
NA,6.625,6.625,1,1,Barber,average
NA,6.625,6.625,1,1,Barber,average
NA,6.625,6.625,0,1,Barber,average
NA,6.625,6.625,1,1,Barber,average
NA,6.625,6.625,1,1,Barber,average
NA,6.625,6.625,1,1,Barber,average
NA,6.625,6.625,1,1,Barber,average
NA,6.625,6.625,1,1,Barber,average
NA,6.625,6.625,1,1,Barber,average
NA,6.625,6.625,1,1,Barber,average
NA,6.625,6.625,1,1,Barber,average
NA,6.625,6.625,1,1,Barber,average
NA,6.625,6.625,1,1,Barber,average
NA,6.625,6.625,1,1,Barber,average
NA,6.625,6.625,1,1,Barber,average
NA,6.625,6.625,1,1,Barber,average
NA,6.625,6.625,1,1,Barber,average
NA,6.625,6.625,1,1,Barber,average
NA,6.625,6.625,1,1,Barber,average
NA,6.625,6.625,1,1,Barber,average
NA,6.625,6.625,1,1,Barber,average
NA,6.625,6.625,1,1,Barber,average
NA,6.625,6.625,1,1,Barber,average
NA,6.625,6.625,1,1,Barber,average
NA,6.625,6.625,1,1,Barber,average
NA,6.625,6.625,1,1,Barber,average
NA,6.625,6.625,1,1,Barber,average
NA,6.625,6.625,1,1,Barber,average
NA,6.625,6.0227272727272725,1,0,Barber,average
NA,6.625,6.625,1,1,Barber,average
NA,6.625,6.625,1,1,Barber,average
NA,6.625,6.625,1,1,Barber,average
NA,6.625,6.625,1,1,Barber,average
NA,6.625,6.625,0,1,Barber,average
NA,6.625,6.625,1,1,Barber,average
NA,6.625,6.625,1,1,Barber,average
NA,6.625,6.625,1,1,Barber,average
NA,6.625,6.625,1,1,Barber,average
NA,6.625,6.625,1,1,Barber,average
NA,6.625,6.625,1,1,Barber,average
NA,6.625,6.625,1,1,Barber,average
NA,6.625,6.625,1,0,Barber,average
NA,6.625,6.625,1,1,Barber,average
NA,6.625,6.625,1,1,Barber,average
NA,6.625,6.625,1,1,Barber,average
NA,6.625,6.625,1,1,Barber,average
NA,6.625,6.625,0,1,Barber,average
NA,6.625,6.625,1,1,Barber,average
NA,6.625,6.625,1,1,Barber,average
NA,6.625,6.625,1,1,Barber,average
NA,6.625,6.0227272727272725,0,0,Barber,average
NA,6.625,6.625,0,1,Barber,average
NA,6.625,6.0227272727272725,0,0,Barber,average
NA,6.625,6.625,1,1,Barber,average
NA,6.625,6.625,1,1,Barber,average
NA,6.625,6.625,1,1,Barber,average
NA,6.625,6.625,1,1,Barber,average
NA,6.625,6.625,1,1,Barber,average
NA,6.625,6.625,1,1,Barber,average
NA,6.625,6.625,1,1,Barber,average
NA,6.625,6.625,1,1,Barber,average
NA,6.625,6.625,1,1,Barber,average
NA,6.625,6.625,1,1,Barber,average
NA,6.625,6.625,1,1,Barber,average
NA,6.625,6.625,1,1,Barber,average
NA,6.625,6.625,1,1,Barber,average
NA,6.625,6.625,1,1,Barber,average
NA,6.625,6.625,1,1,Barber,average
NA,6.625,6.625,1,1,Barber,average
NA,6.625,6.625,1,1,Barber,average
NA,6.625,6.625,1,1,Barber,average
NA,6.625,6.625,1,1,Barber,average
NA,6.625,6.625,1,1,Barber,average
NA,6.625,6.625,1,1,Barber,average
NA,6.625,6.625,1,1,Barber,average
NA,6.625,6.625,1,1,Barber,average
NA,6.625,6.625,1,1,Barber,average
NA,6.625,6.625,1,1,Barber,average
NA,6.625,6.625,1,1,Barber,average
NA,6.625,6.625,1,1,Barber,average
NA,6.625,6.625,1,1,Barber,average
NA,6.625,6.625,1,1,Barber,average
NA,6.625,6.625,1,1,Barber,average
NA,6.625,6.625,1,1,Barber,average
NA,6.625,6.625,1,1,Barber,average
NA,6.625,6.0227272727272725,1,0,Barber,average
NA,6.625,6.625,1,1,Barber,average
NA,6.625,6.625,1,1,Barber,average
NA,6.625,6.625,0,1,Barber,average
NA,6.625,6.625,1,1,Barber,average
NA,6.625,6.625,1,1,Barber,average
NA,6.625,6.625,1,1,Barber,average
NA,6.625,6.625,1,1,Barber,average
NA,6.625,6.625,1,1,Barber,average
NA,6.625,6.625,1,1,Barber,average
NA,6.625,6.625,1,1,Barber,average
NA,6.625,6.625,1,1,Barber,average
NA,6.625,6.625,1,1,Barber,average
NA,6.625,6.625,1,1,Barber,average
NA,6.625,6.625,1,1,Barber,average
NA,6.625,6.625,1,1,Barber,average
NA,6.625,6.625,1,1,Barber,average
NA,6.625,6.625,1,1,Barber,average
NA,6.625,6.625,1,1,Barber,average
NA,6.625,6.625,1,1,Barber,average
NA,6.625,6.625,1,1,Barber,average
NA,6.625,6.625,1,1,Barber,average
NA,6.625,6.625,1,1,Barber,average
NA,6.625,6.625,1,1,Barber,average
NA,6.625,6.625,1,1,Barber,average
NA,6.625,6.625,1,1,Barber,average
NA,6.625,6.625,1,1,Barber,average
NA,6.625,6.625,1,1,Barber,average
NA,6.625,6.625,1,1,Barber,average
NA,6.625,6.625,1,1,Barber,average
NA,6.625,6.625,1,1,Barber,average
NA,6.625,6.625,1,1,Barber,average
NA,6.625,6.0227272727272725,0,0,Barber,average
NA,6.625,6.625,1,1,Barber,average
NA,6.625,6.625,0,1,Barber,average
NA,6.625,6.625,1,1,Barber,average
NA,6.625,6.625,1,1,Barber,average
NA,6.625,6.625,1,1,Barber,average
NA,6.625,6.625,1,1,Barber,average
NA,6.625,6.625,1,1,Barber,average
NA,6.625,6.625,1,1,Barber,average
NA,6.625,6.625,1,1,Barber,average
NA,6.625,6.625,1,1,Barber,average
NA,6.625,6.625,1,1,Barber,average
NA,6.625,6.625,1,1,Barber,average
NA,6.625,6.625,1,1,Barber,average
NA,6.625,6.0227272727272725,1,0,Barber,average
NA,6.625,6.625,1,1,Barber,average
NA,6.625,6.625,1,1,Barber,average
NA,6.625,6.625,1,1,Barber,average
NA,6.625,6.625,1,1,Barber,average
NA,6.625,6.625,1,1,Barber,average
NA,6.625,6.625,1,1,Barber,average
NA,6.625,6.625,1,1,Barber,average
NA,6.625,6.625,1,1,Barber,average
NA,6.625,6.625,1,1,Barber,average
NA,6.625,6.625,1,1,Barber,average
NA,6.625,6.625,0,1,Barber,average
NA,6.625,6.625,1,1,Barber,average
NA,6.625,6.625,1,1,Barber,average
NA,6.625,6.625,1,1,Barber,average
NA,6.625,6.625,1,1,Barber,average
NA,6.625,6.625,0,1,Barber,average
NA,6.625,6.625,1,1,Barber,average
NA,6.625,6.625,1,0,Barber,average
NA,6.625,6.625,1,1,Barber,average
NA,6.625,6.625,0,1,Barber,average
NA,6.625,6.0227272727272725,1,0,Barber,average
NA,6.625,6.625,1,1,Barber,average
NA,6.625,6.625,0,1,Barber,average
NA,6.625,6.625,1,1,Barber,average
NA,6.625,6.625,1,1,Barber,average
NA,6.625,6.625,1,1,Barber,average
NA,6.625,6.625,1,1,Barber,average
NA,6.625,6.625,1,1,Barber,average
NA,6.625,6.625,1,1,Barber,average
NA,6.625,6.0227272727272725,1,0,Barber,average
NA,6.625,6.0227272727272725,0,0,Barber,average
NA,6.625,6.625,1,1,Barber,average
NA,6.625,6.625,1,1,Barber,average
NA,6.625,6.625,1,1,Barber,average
NA,6.625,6.625,1,1,Barber,average
NA,6.625,6.625,1,1,Barber,average
NA,6.625,6.625,1,1,Barber,average
NA,6.625,6.625,1,1,Barber,average
NA,6.625,6.625,1,1,Barber,average
NA,6.625,6.625,1,1,Barber,average
NA,6.625,6.625,1,1,Barber,average
NA,6.625,6.625,0,1,Barber,average
NA,6.625,6.625,1,1,Barber,average
NA,6.625,6.625,1,1,Barber,average
NA,6.625,6.625,0,1,Barber,average
NA,6.625,6.625,1,1,Barber,average
NA,6.625,6.625,1,1,Barber,average
NA,6.625,6.625,1,1,Barber,average
NA,6.625,6.625,1,1,Barber,average
NA,6.625,6.625,1,1,Barber,average
NA,6.625,6.0227272727272725,0,0,Barber,average
NA,6.625,6.625,0,1,Barber,average
NA,6.625,6.625,1,1,Barber,average
NA,6.625,6.625,1,1,Barber,average
NA,6.625,6.625,1,1,Barber,average
NA,6.625,6.625,1,1,Barber,average
NA,6.625,6.625,1,1,Barber,average
NA,6.625,6.625,1,1,Barber,average
NA,6.625,6.625,1,1,Barber,average
NA,6.625,6.625,1,1,Barber,average
NA,6.625,6.625,1,1,Barber,average
NA,6.625,6.625,1,1,Barber,average
NA,6.625,6.0227272727272725,1,0,Barber,average
NA,6.625,6.625,1,1,Barber,average
NA,6.625,6.0227272727272725,0,0,Barber,average
NA,6.625,6.625,1,1,Barber,average
NA,6.625,6.625,1,1,Barber,average
NA,6.625,6.625,1,1,Barber,average
NA,6.625,6.625,1,1,Barber,average
NA,6.625,6.625,1,1,Barber,average
NA,6.625,6.625,1,1,Barber,average
NA,6.625,6.625,1,1,Barber,average
NA,6.625,6.625,1,1,Barber,average
NA,6.625,6.625,1,1,Barber,average
NA,6.625,6.625,1,1,Barber,average
NA,6.625,6.625,1,1,Barber,average
NA,6.625,6.625,1,1,Barber,average
NA,6.625,6.625,1,1,Barber,average
NA,6.625,6.625,1,1,Barber,average
NA,6.625,6.625,1,1,Barber,average
NA,6.625,6.625,0,1,Barber,average
NA,6.625,6.625,1,1,Barber,average
NA,6.625,6.625,1,1,Barber,average
NA,6.625,6.625,1,1,Barber,average
NA,6.625,6.625,0,1,Barber,average
NA,6.625,6.625,1,1,Barber,average
NA,6.625,6.625,1,1,Barber,average
NA,6.625,6.625,1,1,Barber,average
NA,6.625,6.625,1,1,Barber,average
NA,6.625,6.625,1,1,Barber,average
NA,6.625,6.625,1,1,Barber,average
NA,6.625,6.625,1,1,Barber,average
NA,6.625,6.625,1,1,Barber,average
NA,6.625,6.625,1,1,Barber,average
NA,6.625,6.625,1,1,Barber,average
NA,6.625,6.625,1,1,Barber,average
NA,6.625,6.625,0,1,Barber,average
NA,6.625,6.625,1,1,Barber,average
NA,6.625,6.625,1,1,Barber,average
NA,6.625,6.625,1,1,Barber,average
NA,6.625,6.625,1,1,Barber,average
NA,6.625,6.625,1,1,Barber,average
NA,6.625,6.625,0,1,Barber,average
NA,6.625,6.625,1,1,Barber,average
NA,6.625,6.625,1,1,Barber,average
NA,6.625,6.625,1,1,Barber,average
NA,6.625,6.625,1,1,Barber,average
NA,6.625,6.0227272727272725,0,0,Barber,average
NA,6.625,6.625,1,1,Barber,average
NA,6.625,6.625,1,1,Barber,average
NA,6.625,6.625,1,1,Barber,average
NA,6.625,6.625,1,1,Barber,average
NA,6.625,6.625,1,1,Barber,average
NA,6.625,6.625,0,1,Barber,average
NA,6.625,6.625,1,1,Barber,average
NA,6.625,6.625,1,1,Barber,average
NA,6.625,6.625,1,1,Barber,average
NA,6.625,6.625,1,1,Barber,average
NA,6.625,6.625,1,1,Barber,average
NA,6.625,6.625,1,1,Barber,average
NA,6.625,6.625,1,1,Barber,average
NA,6.625,6.625,1,1,Barber,average
NA,6.625,6.625,1,1,Barber,average
NA,6.625,6.625,0,1,Barber,average
NA,6.625,6.625,1,1,Barber,average
NA,6.625,6.625,1,1,Barber,average
NA,6.625,6.625,1,1,Barber,average
NA,6.625,6.625,1,1,Barber,average
NA,6.625,6.625,1,1,Barber,average
NA,6.625,6.625,1,1,Barber,average
NA,6.625,6.625,1,1,Barber,average
NA,6.625,6.625,0,1,Barber,average
NA,6.625,6.625,1,1,Barber,average
NA,6.625,6.625,1,1,Barber,average
NA,6.625,6.625,1,1,Barber,average
NA,6.625,6.625,1,1,Barber,average
NA,6.625,6.625,1,1,Barber,average
NA,6.625,6.625,0,1,Barber,average
NA,6.625,6.625,1,1,Barber,average
NA,6.625,6.625,1,1,Barber,average
NA,6.625,6.625,1,1,Barber,average
NA,6.625,6.625,0,1,Barber,average
NA,6.625,6.625,1,1,Barber,average
NA,6.625,6.625,0,1,Barber,average
NA,6.625,6.625,1,1,Barber,average
NA,6.625,6.625,1,1,Barber,average
NA,6.625,6.625,1,1,Barber,average
NA,6.625,6.625,1,1,Barber,average
NA,6.625,6.625,1,1,Barber,average
NA,6.625,6.625,1,1,Barber,average
NA,6.625,6.625,1,1,Barber,average
NA,6.625,6.625,1,1,Barber,average
NA,6.625,6.625,1,1,Barber,average
NA,6.625,6.625,1,1,Barber,average
NA,6.625,6.625,1,1,Barber,average
NA,6.625,6.625,1,1,Barber,average
NA,6.625,6.625,1,1,Barber,average
NA,6.625,6.625,1,1,Barber,average
NA,6.625,6.625,0,1,Barber,average
NA,6.625,6.0227272727272725,1,0,Barber,average
NA,6.625,6.625,1,1,Barber,average
NA,6.625,6.625,1,1,Barber,average
NA,6.625,6.625,1,1,Barber,average
NA,6.625,6.625,1,1,Barber,average
NA,6.625,6.625,1,1,Barber,average
NA,6.625,6.625,1,1,Barber,average
NA,6.625,6.625,1,1,Barber,average
NA,6.625,6.625,0,1,Barber,average
NA,6.625,6.625,1,1,Barber,average
NA,6.625,6.625,1,1,Barber,average
NA,6.625,6.625,1,1,Barber,average
NA,6.625,6.625,1,1,Barber,average
NA,6.625,6.625,1,1,Barber,average
NA,6.625,6.625,1,1,Barber,average
NA,6.625,6.625,1,1,Barber,average
NA,6.625,6.625,1,1,Barber,average
NA,6.625,6.625,1,1,Barber,average
NA,6.625,6.625,1,1,Barber,average
NA,6.625,6.625,1,1,Barber,average
NA,6.625,6.625,1,1,Barber,average
NA,6.625,6.625,1,1,Barber,average
NA,6.625,6.625,1,1,Barber,average
NA,6.625,6.625,1,1,Barber,average
NA,6.625,6.625,1,1,Barber,average
NA,6.625,6.625,1,1,Barber,average
NA,6.625,6.625,1,1,Barber,average
NA,6.625,6.625,1,1,Barber,average
NA,6.625,6.625,1,1,Barber,average
NA,6.625,6.625,1,1,Barber,average
NA,6.625,6.625,1,0,Barber,average
NA,6.625,6.625,1,1,Barber,average
NA,6.625,6.625,1,1,Barber,average
NA,6.625,6.625,1,1,Barber,average
NA,6.625,6.625,1,1,Barber,average
NA,6.625,6.625,1,1,Barber,average
NA,6.625,6.625,1,1,Barber,average
NA,6.625,6.625,1,1,Barber,average
NA,6.625,6.625,1,1,Barber,average
NA,6.625,6.625,1,1,Barber,average
NA,6.625,6.625,1,1,Barber,average
NA,6.625,6.0227272727272725,1,0,Barber,average
NA,6.625,6.625,1,1,Barber,average
NA,6.625,6.625,1,1,Barber,average
NA,6.625,6.625,1,1,Barber,average
NA,6.625,6.625,0,1,Barber,average
NA,6.625,6.625,1,1,Barber,average
NA,6.625,6.625,0,1,Barber,average
NA,6.625,6.625,1,1,Barber,average
NA,6.625,6.625,1,1,Barber,average
NA,6.625,6.625,1,1,Barber,average
NA,6.625,6.625,0,1,Barber,average
NA,6.625,6.625,1,1,Barber,average
NA,6.625,6.625,1,1,Barber,average
NA,6.625,6.625,1,1,Barber,average
NA,6.625,6.625,0,1,Barber,average
NA,6.625,6.625,1,1,Barber,average
NA,6.625,6.625,1,1,Barber,average
NA,6.625,6.625,1,1,Barber,average
NA,6.625,6.625,1,1,Barber,average
NA,6.625,6.625,1,1,Barber,average
NA,6.625,6.625,1,1,Barber,average
NA,6.625,6.625,1,1,Barber,average
NA,6.625,6.625,1,1,Barber,average
NA,6.625,6.625,1,1,Barber,average
NA,6.625,6.625,1,1,Barber,average
NA,6.625,6.625,1,1,Barber,average
NA,6.625,6.625,1,1,Barber,average
NA,6.625,6.625,1,1,Barber,average
NA,6.625,6.625,0,0,Barber,average
NA,6.625,6.625,1,1,Barber,average
NA,6.625,6.625,1,1,Barber,average
NA,6.625,6.625,1,1,Barber,average
NA,6.625,6.625,1,1,Barber,average
NA,6.625,6.625,1,1,Barber,average
NA,6.625,6.0227272727272725,1,0,Barber,average
NA,6.625,6.625,1,1,Barber,average
NA,6.625,6.625,0,1,Barber,average
NA,6.625,6.625,0,1,Barber,average
NA,6.625,6.625,1,1,Barber,average
NA,6.625,6.625,1,1,Barber,average
NA,6.625,6.625,1,1,Barber,average
NA,6.625,6.625,1,1,Barber,average
NA,6.625,6.625,1,1,Barber,average
NA,6.625,6.625,1,1,Barber,average
NA,6.625,6.625,1,0,Barber,average
NA,6.625,6.625,1,1,Barber,average
NA,6.625,6.625,0,1,Barber,average
NA,6.625,6.625,1,1,Barber,average
NA,6.625,6.625,1,1,Barber,average
NA,6.625,6.625,1,1,Barber,average
NA,6.625,6.625,1,1,Barber,average
NA,6.625,6.625,1,1,Barber,average
NA,6.625,6.625,1,1,Barber,average
NA,6.625,6.625,1,1,Barber,average
NA,6.625,6.625,1,1,Barber,average
NA,6.625,6.625,1,1,Barber,average
NA,6.625,6.625,1,1,Barber,average
NA,6.625,6.625,1,1,Barber,average
NA,6.625,6.625,1,1,Barber,average
NA,6.625,6.625,1,1,Barber,average
NA,6.625,6.625,1,1,Barber,average
NA,6.625,6.625,1,1,Barber,average
NA,6.625,6.625,1,1,Barber,average
NA,6.625,6.625,1,1,Barber,average
NA,6.625,6.625,1,1,Barber,average
NA,6.625,6.625,1,1,Barber,average
NA,6.625,6.625,1,1,Barber,average
NA,6.625,6.625,1,1,Barber,average
NA,6.625,6.625,1,1,Barber,average
NA,6.625,6.625,0,0,Barber,average
NA,6.625,6.625,1,1,Barber,average
NA,6.625,6.625,1,1,Barber,average
NA,6.625,6.625,1,1,Barber,average
NA,6.625,6.625,1,1,Barber,average
NA,6.625,6.625,1,1,Barber,average
NA,6.625,6.625,1,1,Barber,average
NA,6.625,6.625,1,1,Barber,average
NA,6.625,6.625,1,1,Barber,average
NA,6.625,6.625,1,1,Barber,average
NA,6.625,6.625,1,1,Barber,average
NA,6.625,6.625,1,1,Barber,average
NA,6.625,6.625,1,1,Barber,average
NA,6.625,6.0227272727272725,0,0,Barber,average
NA,6.625,6.625,1,1,Barber,average
NA,6.625,6.625,1,1,Barber,average
NA,6.625,6.625,1,1,Barber,average
NA,6.625,6.625,1,1,Barber,average
NA,6.625,6.625,0,1,Barber,average
NA,6.625,6.625,1,1,Barber,average
NA,6.625,6.625,1,1,Barber,average
NA,6.625,6.625,1,1,Barber,average
NA,6.625,6.625,1,1,Barber,average
NA,6.625,6.625,1,1,Barber,average
NA,6.625,6.625,1,1,Barber,average
NA,6.625,6.625,1,1,Barber,average
NA,6.625,6.625,1,1,Barber,average
NA,6.625,6.625,1,1,Barber,average
NA,6.625,6.625,1,1,Barber,average
NA,6.625,6.625,1,1,Barber,average
NA,6.625,6.625,1,1,Barber,average
NA,6.625,6.625,1,1,Barber,average
NA,6.625,6.625,1,1,Barber,average
NA,6.625,6.625,1,1,Barber,average
NA,6.625,6.625,1,1,Barber,average
NA,6.625,6.625,1,1,Barber,average
NA,6.625,6.625,1,1,Barber,average
NA,6.625,6.625,1,1,Barber,average
NA,6.625,6.625,0,1,Barber,average
NA,6.625,6.625,1,1,Barber,average
NA,6.625,6.625,1,1,Barber,average
NA,6.625,6.625,1,1,Barber,average
NA,6.625,6.625,1,1,Barber,average
NA,6.625,6.625,1,1,Barber,average
NA,6.625,6.625,1,1,Barber,average
NA,6.625,6.625,1,1,Barber,average
NA,6.625,6.625,0,1,Barber,average
NA,6.625,6.625,1,1,Barber,average
NA,6.625,6.625,1,1,Barber,average
NA,6.625,6.625,1,1,Barber,average
NA,6.625,6.625,1,1,Barber,average
NA,6.625,6.625,1,1,Barber,average
NA,6.625,6.625,1,1,Barber,average
NA,6.625,6.625,1,1,Barber,average
NA,6.625,6.625,1,1,Barber,average
NA,6.625,6.625,1,1,Barber,average
NA,6.625,6.625,1,1,Barber,average
NA,6.625,6.625,1,1,Barber,average
NA,6.625,6.625,1,1,Barber,average
NA,6.625,6.625,0,1,Barber,average
NA,6.625,6.625,1,1,Barber,average
NA,6.625,6.625,1,1,Barber,average
NA,6.625,6.625,1,1,Barber,average
NA,6.625,6.625,1,1,Barber,average
NA,6.625,6.625,0,1,Barber,average
NA,6.625,6.625,1,1,Barber,average
NA,6.625,6.625,1,1,Barber,average
NA,6.625,6.625,1,1,Barber,average
NA,6.625,6.625,1,1,Barber,average
NA,6.625,6.625,1,1,Barber,average
NA,6.625,6.625,1,1,Barber,average
NA,6.625,6.625,1,1,Barber,average
NA,6.625,6.625,1,1,Barber,average
NA,6.625,6.625,1,1,Barber,average
NA,6.625,6.625,0,1,Barber,average
NA,6.625,6.625,1,1,Barber,average
NA,6.625,6.625,1,1,Barber,average
NA,6.625,6.625,0,1,Barber,average
NA,6.625,6.625,0,1,Barber,average
NA,6.625,6.625,0,1,Barber,average
NA,6.625,6.625,1,1,Barber,average
NA,6.625,6.625,1,1,Barber,average
NA,6.625,6.625,1,1,Barber,average
NA,6.625,6.625,1,1,Barber,average
NA,6.625,6.625,1,1,Barber,average
NA,6.625,6.625,1,1,Barber,average
NA,6.625,6.625,1,1,Barber,average
NA,6.625,6.625,1,1,Barber,average
NA,6.625,6.625,1,1,Barber,average
NA,6.625,6.625,1,1,Barber,average
NA,6.625,6.625,1,1,Barber,average
NA,6.625,6.625,1,1,Barber,average
NA,6.625,6.625,1,1,Barber,average
NA,6.625,6.625,1,1,Barber,average
NA,6.625,6.625,1,1,Barber,average
NA,6.625,6.625,1,1,Barber,average
NA,6.625,6.625,1,1,Barber,average
NA,6.625,6.625,1,1,Barber,average
NA,6.625,6.625,1,1,Barber,average
NA,6.625,6.625,1,1,Barber,average
NA,6.625,6.625,0,1,Barber,average
NA,6.625,6.625,1,1,Barber,average
NA,6.625,6.625,1,1,Barber,average
NA,6.625,6.625,1,1,Barber,average
NA,6.625,6.625,1,1,Barber,average
NA,6.625,6.625,1,1,Barber,average
NA,6.625,6.625,1,1,Barber,average
NA,6.625,6.625,1,1,Barber,average
NA,6.625,6.625,1,1,Barber,average
NA,6.625,6.625,1,1,Barber,average
NA,6.625,6.625,1,1,Barber,average
NA,6.625,6.625,1,1,Barber,average
NA,6.625,6.625,1,1,Barber,average
NA,6.625,6.625,1,1,Barber,average
NA,6.625,6.625,1,1,Barber,average
NA,6.625,6.625,1,1,Barber,average
NA,6.625,6.625,1,1,Barber,average
NA,6.625,6.625,1,1,Barber,average
NA,6.625,6.625,1,1,Barber,average
NA,6.625,6.625,0,1,Barber,average
NA,6.625,6.0227272727272725,0,0,Barber,average
NA,6.625,6.625,0,1,Barber,average
NA,6.625,6.625,1,1,Barber,average
NA,6.625,6.625,1,1,Barber,average
NA,6.625,6.625,1,1,Barber,average
NA,6.625,6.625,1,1,Barber,average
NA,6.625,6.625,1,1,Barber,average
NA,6.625,6.625,1,1,Barber,average
NA,6.625,6.625,1,1,Barber,average
NA,6.625,6.625,1,1,Barber,average
NA,6.625,6.625,1,1,Barber,average
NA,6.625,6.625,1,1,Barber,average
NA,6.625,6.625,1,1,Barber,average
NA,6.625,6.625,1,1,Barber,average
NA,6.625,6.625,1,1,Barber,average
NA,7.75,7.75,1,1,Barber,average
NA,7.75,7.75,1,1,Barber,average
NA,7.75,7.75,1,1,Barber,average
NA,7.75,7.75,1,1,Barber,average
NA,7.75,7.75,1,1,Barber,average
NA,7.75,7.75,1,1,Barber,average
NA,7.75,7.75,1,1,Barber,average
NA,7.75,7.75,1,1,Barber,average
NA,7.75,7.75,1,1,Barber,average
NA,7.75,7.75,1,1,Barber,average
NA,7.75,7.75,0,1,Barber,average
NA,7.75,7.75,1,1,Barber,average
NA,7.75,7.75,1,1,Barber,average
NA,7.75,7.75,1,1,Barber,average
NA,7.75,7.75,1,1,Barber,average
NA,7.75,7.75,1,1,Barber,average
NA,7.75,7.75,1,1,Barber,average
NA,7.75,7.75,1,1,Barber,average
NA,7.75,7.75,1,1,Barber,average
NA,7.75,7.75,1,1,Barber,average
NA,7.75,7.75,1,1,Barber,average
NA,7.75,7.75,1,1,Barber,average
NA,7.75,7.75,1,1,Barber,average
NA,7.75,7.75,1,1,Barber,average
NA,7.75,7.75,1,1,Barber,average
NA,7.75,7.75,1,1,Barber,average
NA,7.75,7.75,1,1,Barber,average
NA,7.75,7.75,1,1,Barber,average
NA,7.75,7.75,1,1,Barber,average
NA,7.75,7.75,1,1,Barber,average
NA,7.75,7.75,1,1,Barber,average
NA,7.75,7.75,1,1,Barber,average
NA,7.75,7.75,1,1,Barber,average
NA,7.75,7.75,1,1,Barber,average
NA,7.75,7.75,1,1,Barber,average
NA,7.75,7.75,1,1,Barber,average
NA,7.75,7.75,1,1,Barber,average
NA,7.75,7.75,1,1,Barber,average
NA,7.75,7.75,1,1,Barber,average
NA,7.75,7.75,1,1,Barber,average
NA,7.75,7.75,1,1,Barber,average
NA,7.75,7.75,1,1,Barber,average
NA,7.75,7.75,1,1,Barber,average
NA,7.75,7.75,1,1,Barber,average
NA,7.75,7.75,1,1,Barber,average
NA,7.75,7.75,1,1,Barber,average
NA,7.75,7.75,1,1,Barber,average
NA,7.75,7.75,1,1,Barber,average
NA,7.75,7.75,1,1,Barber,average
NA,7.75,7.75,1,1,Barber,average
NA,7.75,7.75,1,1,Barber,average
NA,7.75,7.75,1,1,Barber,average
NA,7.75,7.75,1,1,Barber,average
NA,7.75,7.75,1,1,Barber,average
NA,7.75,7.75,1,1,Barber,average
NA,7.75,7.75,1,1,Barber,average
NA,7.75,7.75,1,1,Barber,average
NA,7.75,7.75,1,1,Barber,average
NA,7.75,7.75,1,1,Barber,average
NA,7.75,7.75,1,1,Barber,average
NA,7.75,7.75,1,1,Barber,average
NA,7.75,7.75,1,1,Barber,average
NA,7.75,7.75,1,1,Barber,average
NA,7.75,7.75,1,1,Barber,average
NA,7.75,7.75,1,1,Barber,average
NA,7.75,7.75,1,1,Barber,average
NA,7.75,7.75,1,1,Barber,average
NA,7.75,7.75,1,1,Barber,average
NA,7.75,7.75,1,1,Barber,average
NA,7.75,7.75,1,1,Barber,average
NA,7.75,7.75,1,1,Barber,average
NA,7.75,7.75,1,1,Barber,average
NA,7.75,7.75,1,1,Barber,average
NA,7.75,7.75,1,1,Barber,average
NA,7.75,7.75,1,1,Barber,average
NA,7.75,7.75,1,1,Barber,average
NA,7.75,7.75,1,1,Barber,average
NA,7.75,7.75,1,1,Barber,average
NA,7.75,7.75,1,1,Barber,average
NA,7.75,7.75,1,1,Barber,average
NA,7.75,7.75,1,1,Barber,average
NA,7.75,7.75,1,1,Barber,average
NA,7.75,7.75,1,1,Barber,average
NA,7.75,7.75,1,1,Barber,average
NA,7.75,7.75,1,1,Barber,average
NA,7.75,7.75,1,1,Barber,average
NA,7.75,7.75,1,1,Barber,average
NA,7.75,7.75,1,1,Barber,average
NA,7.75,7.75,1,1,Barber,average
NA,7.75,7.75,1,1,Barber,average
NA,7.75,7.045454545454546,0,0,Barber,average
NA,7.75,7.75,0,1,Barber,average
NA,7.75,7.75,1,1,Barber,average
NA,7.75,7.75,1,1,Barber,average
NA,7.75,7.75,1,1,Barber,average
NA,7.75,7.75,1,1,Barber,average
NA,7.75,7.75,1,1,Barber,average
NA,7.75,7.75,1,1,Barber,average
NA,7.75,7.75,1,1,Barber,average
NA,7.75,7.75,1,1,Barber,average
NA,7.75,7.75,1,1,Barber,average
NA,7.75,7.75,1,1,Barber,average
NA,7.75,7.75,1,1,Barber,average
NA,7.75,7.75,1,1,Barber,average
NA,7.75,7.75,1,1,Barber,average
NA,7.75,7.75,1,1,Barber,average
NA,7.75,7.75,1,1,Barber,average
NA,7.75,7.75,1,1,Barber,average
NA,7.75,7.75,1,1,Barber,average
NA,7.75,7.75,1,1,Barber,average
NA,7.75,7.75,1,1,Barber,average
NA,7.75,7.75,1,1,Barber,average
NA,7.75,7.75,1,1,Barber,average
NA,7.75,7.75,1,1,Barber,average
NA,7.75,7.75,1,1,Barber,average
NA,7.75,7.75,1,1,Barber,average
NA,7.75,7.75,1,1,Barber,average
NA,7.75,7.75,1,1,Barber,average
NA,7.75,7.75,1,1,Barber,average
NA,7.75,7.75,0,1,Barber,average
NA,7.75,7.75,1,1,Barber,average
NA,7.75,7.75,1,1,Barber,average
NA,7.75,7.75,1,1,Barber,average
NA,7.75,7.75,1,1,Barber,average
NA,7.75,7.75,1,1,Barber,average
NA,7.75,7.75,1,1,Barber,average
NA,7.75,7.75,1,1,Barber,average
NA,7.75,7.75,1,1,Barber,average
NA,7.75,7.75,1,1,Barber,average
NA,7.75,7.75,1,1,Barber,average
NA,7.75,7.75,1,1,Barber,average
NA,7.75,7.75,1,1,Barber,average
NA,7.75,7.75,1,1,Barber,average
NA,7.75,7.75,1,1,Barber,average
NA,7.75,7.75,1,1,Barber,average
NA,7.75,7.75,0,1,Barber,average
NA,7.75,7.75,0,1,Barber,average
NA,7.75,7.75,1,1,Barber,average
NA,7.75,7.75,1,1,Barber,average
NA,7.75,7.75,1,1,Barber,average
NA,7.75,7.75,1,1,Barber,average
NA,7.75,7.75,1,1,Barber,average
NA,7.75,7.75,1,1,Barber,average
NA,7.75,7.75,1,1,Barber,average
NA,7.75,7.75,1,1,Barber,average
NA,7.75,7.75,1,1,Barber,average
NA,7.75,7.75,1,1,Barber,average
NA,7.75,7.75,1,1,Barber,average
NA,7.75,7.75,1,1,Barber,average
NA,7.75,7.75,1,1,Barber,average
NA,7.75,7.75,1,1,Barber,average
NA,7.75,7.75,1,1,Barber,average
NA,7.75,7.75,1,1,Barber,average
NA,7.75,7.75,1,1,Barber,average
NA,7.75,7.75,1,1,Barber,average
NA,7.75,7.75,1,1,Barber,average
NA,7.75,7.75,1,1,Barber,average
NA,7.75,7.75,1,1,Barber,average
NA,7.75,7.75,1,1,Barber,average
NA,7.75,7.75,1,1,Barber,average
NA,7.75,7.75,1,1,Barber,average
NA,7.75,7.75,1,1,Barber,average
NA,7.75,7.75,1,1,Barber,average
NA,7.75,7.75,1,1,Barber,average
NA,7.75,7.75,1,1,Barber,average
NA,7.75,7.75,1,1,Barber,average
NA,7.75,7.75,1,1,Barber,average
NA,7.75,7.75,1,1,Barber,average
NA,7.75,7.75,1,1,Barber,average
NA,7.75,7.75,1,1,Barber,average
NA,7.75,7.75,1,1,Barber,average
NA,7.75,7.75,1,1,Barber,average
NA,7.75,7.75,1,1,Barber,average
NA,7.75,7.75,1,1,Barber,average
NA,7.75,7.75,1,1,Barber,average
NA,7.75,7.75,1,1,Barber,average
NA,7.75,7.75,1,1,Barber,average
NA,7.75,7.75,1,1,Barber,average
NA,7.75,7.75,1,1,Barber,average
NA,7.75,7.75,1,1,Barber,average
NA,7.75,7.75,1,1,Barber,average
NA,7.75,7.75,1,1,Barber,average
NA,7.75,7.75,1,1,Barber,average
NA,7.75,7.75,1,1,Barber,average
NA,7.75,7.75,1,1,Barber,average
NA,7.75,7.75,1,1,Barber,average
NA,7.75,7.75,1,1,Barber,average
NA,7.75,7.75,1,1,Barber,average
NA,7.75,7.75,1,1,Barber,average
NA,7.75,7.75,1,1,Barber,average
NA,7.75,7.75,1,1,Barber,average
NA,7.75,7.75,1,1,Barber,average
NA,7.75,7.75,1,1,Barber,average
NA,7.75,7.75,1,1,Barber,average
NA,7.75,7.75,1,1,Barber,average
NA,7.75,7.75,1,1,Barber,average
NA,7.75,7.75,1,1,Barber,average
NA,7.75,7.75,1,1,Barber,average
NA,7.75,7.75,1,1,Barber,average
NA,7.75,7.75,1,1,Barber,average
NA,7.75,7.75,1,1,Barber,average
NA,7.75,7.75,1,1,Barber,average
NA,7.75,7.75,1,1,Barber,average
NA,7.75,7.75,1,1,Barber,average
NA,7.75,7.75,1,1,Barber,average
NA,7.75,7.75,1,1,Barber,average
NA,7.75,7.75,1,1,Barber,average
NA,7.75,7.75,1,1,Barber,average
NA,7.75,7.75,1,1,Barber,average
NA,7.75,7.75,1,1,Barber,average
NA,7.75,7.75,1,1,Barber,average
NA,7.75,7.75,1,1,Barber,average
NA,7.75,7.75,1,1,Barber,average
NA,7.75,7.75,1,1,Barber,average
NA,7.75,7.75,1,1,Barber,average
NA,7.75,7.75,1,1,Barber,average
NA,7.75,7.75,1,1,Barber,average
NA,7.75,7.75,1,1,Barber,average
NA,7.75,7.75,1,1,Barber,average
NA,7.75,7.75,1,1,Barber,average
NA,7.75,7.75,1,1,Barber,average
NA,7.75,7.75,1,1,Barber,average
NA,7.75,7.75,1,1,Barber,average
NA,7.75,7.75,1,1,Barber,average
NA,7.75,7.75,1,1,Barber,average
NA,7.75,7.75,1,1,Barber,average
NA,7.75,7.75,1,1,Barber,average
NA,7.75,7.75,1,1,Barber,average
NA,7.75,7.75,1,1,Barber,average
NA,7.75,7.75,1,1,Barber,average
NA,7.75,7.75,1,1,Barber,average
NA,7.75,7.75,1,1,Barber,average
NA,7.75,7.75,1,1,Barber,average
NA,7.75,7.75,1,1,Barber,average
NA,7.75,7.75,1,1,Barber,average
NA,7.75,7.75,1,1,Barber,average
NA,7.75,7.75,1,1,Barber,average
NA,7.75,7.75,1,1,Barber,average
NA,7.75,7.75,1,1,Barber,average
NA,7.75,7.75,1,1,Barber,average
NA,7.75,7.75,1,1,Barber,average
NA,7.75,7.75,1,1,Barber,average
NA,7.75,7.75,1,1,Barber,average
NA,7.75,7.75,1,1,Barber,average
NA,7.75,7.75,1,1,Barber,average
NA,7.75,7.75,1,1,Barber,average
NA,7.75,7.75,1,1,Barber,average
NA,7.75,7.75,1,1,Barber,average
NA,7.75,7.75,1,1,Barber,average
NA,7.75,7.75,1,1,Barber,average
NA,7.75,7.75,1,1,Barber,average
NA,7.75,7.75,1,1,Barber,average
NA,7.75,7.75,1,1,Barber,average
NA,7.75,7.75,1,1,Barber,average
NA,7.75,7.75,1,1,Barber,average
NA,7.75,7.75,1,1,Barber,average
NA,7.75,7.75,1,1,Barber,average
NA,7.75,7.75,1,1,Barber,average
NA,7.75,7.75,1,1,Barber,average
NA,7.75,7.75,1,1,Barber,average
NA,7.75,7.75,1,1,Barber,average
NA,7.75,7.75,1,1,Barber,average
NA,7.75,7.75,1,1,Barber,average
NA,7.75,7.75,1,1,Barber,average
NA,7.75,7.75,1,1,Barber,average
NA,7.75,7.75,1,1,Barber,average
NA,7.75,7.75,1,1,Barber,average
NA,7.75,7.75,1,1,Barber,average
NA,7.75,7.75,1,1,Barber,average
NA,7.75,7.75,1,1,Barber,average
NA,7.75,7.75,1,1,Barber,average
NA,7.75,7.75,1,1,Barber,average
NA,7.75,7.75,1,1,Barber,average
NA,7.75,7.75,1,1,Barber,average
NA,7.75,7.75,1,1,Barber,average
NA,7.75,7.75,1,1,Barber,average
NA,7.75,7.75,1,1,Barber,average
NA,7.75,7.75,1,1,Barber,average
NA,7.75,7.75,1,1,Barber,average
NA,7.75,7.75,1,1,Barber,average
NA,7.75,7.75,1,1,Barber,average
NA,7.75,7.75,1,1,Barber,average
NA,7.75,7.75,1,1,Barber,average
NA,7.75,7.75,1,1,Barber,average
NA,7.75,7.75,1,1,Barber,average
NA,7.75,7.75,1,1,Barber,average
NA,7.75,7.75,1,1,Barber,average
NA,7.75,7.75,1,1,Barber,average
NA,7.75,7.75,1,1,Barber,average
NA,7.75,7.75,1,1,Barber,average
NA,7.75,7.75,1,1,Barber,average
NA,7.75,7.75,1,1,Barber,average
NA,7.75,7.75,1,1,Barber,average
NA,7.75,7.75,1,1,Barber,average
NA,7.75,7.75,1,1,Barber,average
NA,7.75,7.75,1,1,Barber,average
NA,7.75,7.75,1,1,Barber,average
NA,7.75,7.75,1,1,Barber,average
NA,7.75,7.75,1,1,Barber,average
NA,7.75,7.75,1,1,Barber,average
NA,7.75,7.75,1,1,Barber,average
NA,7.75,7.75,1,1,Barber,average
NA,7.75,7.75,1,1,Barber,average
NA,7.75,7.75,1,1,Barber,average
NA,7.75,7.75,1,1,Barber,average
NA,7.75,7.75,1,1,Barber,average
NA,7.75,7.75,1,1,Barber,average
NA,7.75,7.75,1,1,Barber,average
NA,7.75,7.75,1,1,Barber,average
NA,7.75,7.75,1,1,Barber,average
NA,7.75,7.75,1,1,Barber,average
NA,7.75,7.75,1,1,Barber,average
NA,7.75,7.75,1,1,Barber,average
NA,7.75,7.75,1,1,Barber,average
NA,7.75,7.75,1,1,Barber,average
NA,7.75,7.75,1,1,Barber,average
NA,7.75,7.75,1,1,Barber,average
NA,7.75,7.75,1,1,Barber,average
NA,7.75,7.75,1,1,Barber,average
NA,7.75,7.75,1,1,Barber,average
NA,7.75,7.75,1,1,Barber,average
NA,7.75,7.75,1,1,Barber,average
NA,7.75,7.75,1,1,Barber,average
NA,7.75,7.75,1,1,Barber,average
NA,7.75,7.75,1,1,Barber,average
NA,7.75,7.75,1,1,Barber,average
NA,7.75,7.75,1,1,Barber,average
NA,7.75,7.75,1,1,Barber,average
NA,7.75,7.75,1,1,Barber,average
NA,7.75,7.75,1,1,Barber,average
NA,7.75,7.75,1,1,Barber,average
NA,7.75,7.75,1,1,Barber,average
NA,7.75,7.75,1,1,Barber,average
NA,7.75,7.75,1,1,Barber,average
NA,7.75,7.75,1,1,Barber,average
NA,7.75,7.75,1,1,Barber,average
NA,7.75,7.75,1,1,Barber,average
NA,7.75,7.75,1,1,Barber,average
NA,7.75,7.75,1,1,Barber,average
NA,7.75,7.75,1,1,Barber,average
NA,7.75,7.75,1,1,Barber,average
NA,7.75,7.75,1,1,Barber,average
NA,7.75,7.75,1,1,Barber,average
NA,7.75,7.75,1,1,Barber,average
NA,7.75,7.75,0,1,Barber,average
NA,7.75,7.75,1,1,Barber,average
NA,7.75,7.75,1,1,Barber,average
NA,7.75,7.75,1,1,Barber,average
NA,7.75,7.75,1,1,Barber,average
NA,7.75,7.75,1,1,Barber,average
NA,7.75,7.75,1,1,Barber,average
NA,7.75,7.75,1,1,Barber,average
NA,7.75,7.75,1,1,Barber,average
NA,7.75,7.75,1,1,Barber,average
NA,7.75,7.75,1,1,Barber,average
NA,7.75,7.75,1,1,Barber,average
NA,7.75,7.75,1,1,Barber,average
NA,7.75,7.75,1,1,Barber,average
NA,7.75,7.75,1,1,Barber,average
NA,7.75,7.75,1,1,Barber,average
NA,7.75,7.75,1,1,Barber,average
NA,7.75,7.75,1,1,Barber,average
NA,7.75,7.75,1,1,Barber,average
NA,7.75,7.75,1,1,Barber,average
NA,7.75,7.75,1,1,Barber,average
NA,7.75,7.75,1,1,Barber,average
NA,7.75,7.75,1,1,Barber,average
NA,7.75,7.75,1,1,Barber,average
NA,7.75,7.75,1,1,Barber,average
NA,7.75,7.75,1,1,Barber,average
NA,7.75,7.75,1,1,Barber,average
NA,7.75,7.75,1,1,Barber,average
NA,7.75,7.75,1,1,Barber,average
NA,7.75,7.75,1,1,Barber,average
NA,7.75,7.75,1,1,Barber,average
NA,7.75,7.75,1,1,Barber,average
NA,7.75,7.75,1,1,Barber,average
NA,7.75,7.75,1,1,Barber,average
NA,7.75,7.75,1,1,Barber,average
NA,7.75,7.75,1,1,Barber,average
NA,7.75,7.75,1,1,Barber,average
NA,7.75,7.75,1,1,Barber,average
NA,7.75,7.75,1,1,Barber,average
NA,7.75,7.75,1,1,Barber,average
NA,7.75,7.75,1,1,Barber,average
NA,7.75,7.75,1,1,Barber,average
NA,7.75,7.75,1,1,Barber,average
NA,7.75,7.75,1,1,Barber,average
NA,7.75,7.75,1,1,Barber,average
NA,7.75,7.75,1,1,Barber,average
NA,7.75,7.75,1,1,Barber,average
NA,7.75,7.75,1,1,Barber,average
NA,7.75,7.75,1,1,Barber,average
NA,7.75,7.75,1,1,Barber,average
NA,7.75,7.75,1,1,Barber,average
NA,7.75,7.75,1,1,Barber,average
NA,7.75,7.75,1,1,Barber,average
NA,7.75,7.75,1,1,Barber,average
NA,7.75,7.75,1,1,Barber,average
NA,7.75,7.75,1,1,Barber,average
NA,7.75,7.75,1,1,Barber,average
NA,7.75,7.75,1,1,Barber,average
NA,7.75,7.75,1,1,Barber,average
NA,7.75,7.75,1,1,Barber,average
NA,7.75,7.75,1,1,Barber,average
NA,7.75,7.75,1,1,Barber,average
NA,7.75,7.75,1,1,Barber,average
NA,7.75,7.75,1,1,Barber,average
NA,7.75,7.75,1,1,Barber,average
NA,7.75,7.75,1,1,Barber,average
NA,7.75,7.75,1,1,Barber,average
NA,7.75,7.75,1,1,Barber,average
NA,7.75,7.75,1,1,Barber,average
NA,7.75,7.75,1,1,Barber,average
NA,7.75,7.75,1,1,Barber,average
NA,7.75,7.75,1,1,Barber,average
NA,7.75,7.75,1,1,Barber,average
NA,7.75,7.75,1,1,Barber,average
NA,7.75,7.75,1,1,Barber,average
NA,7.75,7.75,1,1,Barber,average
NA,7.75,7.75,1,1,Barber,average
NA,7.75,7.75,1,1,Barber,average
NA,7.75,7.75,1,1,Barber,average
NA,7.75,7.75,1,1,Barber,average
NA,7.75,7.75,1,1,Barber,average
NA,7.75,7.75,1,1,Barber,average
NA,7.75,7.75,1,1,Barber,average
NA,7.75,7.75,1,1,Barber,average
NA,7.75,7.75,0,1,Barber,average
NA,7.75,7.75,1,1,Barber,average
NA,7.75,7.75,1,1,Barber,average
NA,7.75,7.75,1,1,Barber,average
NA,7.75,7.75,1,1,Barber,average
NA,7.75,7.75,1,1,Barber,average
NA,7.75,7.75,1,1,Barber,average
NA,7.75,7.75,1,1,Barber,average
NA,7.75,7.75,1,1,Barber,average
NA,7.75,7.75,1,1,Barber,average
NA,7.75,7.75,1,1,Barber,average
NA,7.75,7.75,1,1,Barber,average
NA,7.75,7.75,1,1,Barber,average
NA,7.75,7.75,1,1,Barber,average
NA,7.75,7.75,1,1,Barber,average
NA,7.75,7.75,1,1,Barber,average
NA,7.75,7.75,1,1,Barber,average
NA,7.75,7.75,1,1,Barber,average
NA,7.75,7.75,1,1,Barber,average
NA,7.75,7.75,1,1,Barber,average
NA,7.75,7.75,1,1,Barber,average
NA,7.75,7.75,1,1,Barber,average
NA,7.75,7.75,1,1,Barber,average
NA,7.75,7.75,1,1,Barber,average
NA,7.75,7.75,1,1,Barber,average
NA,7.75,7.75,1,1,Barber,average
NA,7.75,7.75,1,1,Barber,average
NA,7.75,7.75,1,1,Barber,average
NA,7.75,7.75,1,1,Barber,average
NA,7.75,7.75,1,1,Barber,average
NA,7.75,7.75,1,1,Barber,average
NA,7.75,7.75,1,1,Barber,average
NA,7.75,7.75,1,1,Barber,average
NA,7.75,7.75,1,1,Barber,average
NA,7.75,7.75,1,1,Barber,average
NA,7.75,7.75,1,1,Barber,average
NA,7.75,7.75,1,1,Barber,average
NA,7.75,7.75,1,1,Barber,average
NA,7.75,7.75,1,1,Barber,average
NA,7.75,7.75,1,1,Barber,average
NA,7.75,7.75,1,1,Barber,average
NA,7.75,7.75,1,1,Barber,average
NA,7.75,7.75,1,1,Barber,average
NA,7.75,7.75,1,1,Barber,average
NA,7.75,7.75,1,1,Barber,average
NA,7.75,7.75,1,1,Barber,average
NA,7.75,7.75,1,1,Barber,average
NA,7.75,7.75,1,1,Barber,average
NA,7.75,7.75,1,1,Barber,average
NA,7.75,7.75,1,1,Barber,average
NA,7.75,7.75,1,1,Barber,average
NA,7.75,7.75,1,1,Barber,average
NA,7.75,7.75,1,1,Barber,average
NA,7.75,7.75,1,1,Barber,average
NA,7.75,7.75,1,1,Barber,average
NA,7.75,7.75,1,1,Barber,average
NA,7.75,7.75,1,1,Barber,average
NA,7.75,7.75,1,1,Barber,average
NA,7.75,7.75,1,1,Barber,average
NA,7.75,7.75,1,1,Barber,average
NA,7.75,7.75,1,1,Barber,average
NA,7.75,7.75,1,1,Barber,average
NA,7.75,7.75,1,1,Barber,average
NA,7.75,7.75,1,1,Barber,average
NA,7.75,7.75,1,1,Barber,average
NA,7.75,7.75,1,1,Barber,average
NA,7.75,7.75,1,1,Barber,average
NA,7.75,7.75,1,1,Barber,average
NA,7.75,7.75,1,1,Barber,average
NA,7.75,7.75,1,1,Barber,average
NA,7.75,7.75,1,1,Barber,average
NA,7.75,7.75,1,1,Barber,average
NA,7.75,7.75,1,1,Barber,average
NA,7.75,7.75,1,1,Barber,average
NA,7.75,7.75,1,1,Barber,average
NA,7.75,7.75,1,1,Barber,average
NA,7.75,7.75,1,1,Barber,average
NA,7.75,7.75,1,1,Barber,average
NA,7.75,7.75,1,1,Barber,average
NA,7.75,7.75,1,1,Barber,average
NA,7.75,7.75,1,1,Barber,average
NA,7.75,7.75,1,1,Barber,average
NA,7.75,7.75,0,1,Barber,average
NA,7.75,7.75,0,1,Barber,average
NA,7.75,7.75,1,1,Barber,average
NA,7.75,7.75,1,1,Barber,average
NA,7.75,7.75,1,1,Barber,average
NA,7.75,7.75,1,1,Barber,average
NA,7.75,7.75,1,1,Barber,average
NA,7.75,7.75,1,1,Barber,average
NA,7.75,7.75,1,1,Barber,average
NA,7.75,7.75,1,1,Barber,average
NA,7.75,7.75,1,1,Barber,average
NA,7.75,7.75,1,1,Barber,average
NA,7.75,7.75,1,1,Barber,average
NA,7.75,7.75,1,1,Barber,average
NA,7.75,7.75,0,1,Barber,average
NA,7.75,7.75,1,1,Barber,average
NA,7.75,7.75,1,1,Barber,average
NA,7.75,7.75,1,1,Barber,average
NA,7.75,7.75,1,1,Barber,average
NA,7.75,7.75,1,1,Barber,average
NA,7.75,7.75,1,1,Barber,average
NA,7.75,7.75,1,1,Barber,average
NA,7.75,7.75,1,1,Barber,average
NA,7.75,7.75,1,1,Barber,average
NA,7.75,7.75,1,1,Barber,average
NA,7.75,7.75,1,1,Barber,average
NA,7.75,7.75,1,1,Barber,average
NA,7.75,7.75,1,1,Barber,average
NA,7.75,7.75,1,1,Barber,average
NA,7.75,7.75,1,1,Barber,average
NA,7.75,7.75,1,1,Barber,average
NA,7.75,7.75,1,1,Barber,average
NA,7.75,7.75,1,1,Barber,average
NA,7.75,7.75,1,1,Barber,average
NA,7.75,7.75,1,1,Barber,average
NA,7.75,7.75,1,1,Barber,average
NA,7.75,7.75,1,1,Barber,average
NA,7.75,7.75,1,1,Barber,average
NA,7.75,7.75,1,1,Barber,average
NA,7.75,7.75,1,1,Barber,average
NA,7.75,7.75,1,1,Barber,average
NA,7.75,7.75,1,1,Barber,average
NA,7.75,7.75,1,1,Barber,average
NA,7.75,7.75,1,1,Barber,average
NA,7.75,7.75,1,1,Barber,average
NA,7.75,7.75,1,1,Barber,average
NA,7.75,7.75,1,1,Barber,average
NA,7.75,7.75,1,1,Barber,average
NA,7.75,7.75,1,1,Barber,average
NA,7.75,7.75,1,1,Barber,average
NA,7.75,7.75,1,1,Barber,average
NA,7.75,7.75,1,0,Barber,average
NA,7.75,7.75,1,1,Barber,average
NA,7.75,7.75,1,1,Barber,average
NA,7.75,7.75,1,1,Barber,average
NA,7.75,7.75,1,1,Barber,average
NA,7.75,7.75,1,1,Barber,average
NA,7.75,7.75,1,1,Barber,average
NA,7.75,7.75,1,1,Barber,average
NA,7.75,7.75,1,1,Barber,average
NA,7.75,7.75,1,1,Barber,average
NA,7.75,7.75,1,1,Barber,average
NA,7.75,7.75,1,1,Barber,average
NA,7.75,7.75,1,1,Barber,average
NA,7.75,7.75,1,1,Barber,average
NA,7.75,7.75,1,1,Barber,average
NA,7.75,7.75,1,1,Barber,average
NA,7.75,7.75,1,1,Barber,average
NA,7.75,7.75,1,1,Barber,average
NA,7.75,7.75,1,1,Barber,average
NA,7.75,7.75,1,1,Barber,average
NA,7.75,7.75,1,1,Barber,average
NA,7.75,7.75,1,1,Barber,average
NA,7.75,7.75,1,1,Barber,average
NA,7.75,7.75,1,1,Barber,average
NA,7.75,7.75,1,1,Barber,average
NA,7.75,7.75,1,1,Barber,average
NA,7.75,7.75,1,1,Barber,average
NA,7.75,7.75,1,1,Barber,average
NA,7.75,7.75,1,1,Barber,average
NA,7.75,7.75,1,1,Barber,average
NA,7.75,7.75,1,1,Barber,average
NA,7.75,7.75,1,1,Barber,average
NA,7.75,7.75,1,1,Barber,average
NA,7.75,7.75,1,1,Barber,average
NA,7.75,7.75,1,1,Barber,average
NA,7.75,7.75,1,1,Barber,average
NA,7.75,7.75,1,1,Barber,average
NA,7.75,7.75,1,1,Barber,average
NA,7.75,7.75,1,1,Barber,average
NA,7.75,7.75,1,1,Barber,average
NA,7.75,7.75,1,1,Barber,average
NA,7.75,7.75,1,1,Barber,average
NA,7.75,7.75,1,1,Barber,average
NA,7.75,7.75,1,1,Barber,average
NA,7.75,7.75,1,1,Barber,average
NA,7.75,7.75,1,1,Barber,average
NA,7.75,7.75,1,1,Barber,average
NA,7.75,7.75,1,1,Barber,average
NA,7.75,7.75,1,1,Barber,average
NA,7.75,7.75,1,1,Barber,average
NA,7.75,7.75,1,1,Barber,average
NA,7.75,7.75,1,1,Barber,average
NA,7.75,7.75,1,1,Barber,average
NA,7.75,7.75,1,1,Barber,average
NA,7.75,7.75,1,1,Barber,average
NA,7.75,7.75,1,1,Barber,average
NA,7.75,7.75,1,1,Barber,average
NA,7.75,7.75,1,1,Barber,average
NA,7.75,7.75,1,1,Barber,average
NA,7.75,7.75,1,1,Barber,average
NA,7.75,7.75,1,1,Barber,average
NA,7.75,7.75,1,1,Barber,average
NA,7.75,7.75,1,1,Barber,average
NA,7.75,7.75,1,1,Barber,average
NA,7.75,7.75,1,1,Barber,average
NA,7.75,7.75,1,1,Barber,average
NA,7.75,7.75,1,1,Barber,average
NA,7.75,7.75,1,1,Barber,average
NA,7.75,7.75,1,1,Barber,average
NA,7.75,7.75,1,1,Barber,average
NA,7.75,7.75,1,1,Barber,average
NA,7.75,7.75,1,1,Barber,average
NA,7.75,7.75,1,1,Barber,average
NA,7.75,7.75,1,1,Barber,average
NA,7.75,7.75,1,1,Barber,average
NA,7.75,7.75,1,1,Barber,average
NA,7.75,7.75,1,1,Barber,average
NA,7.75,7.75,1,1,Barber,average
NA,7.75,7.75,1,1,Barber,average
NA,7.75,7.75,1,1,Barber,average
NA,7.75,7.75,1,1,Barber,average
NA,7.75,7.75,1,1,Barber,average
NA,7.75,7.75,1,1,Barber,average
NA,7.75,7.75,1,1,Barber,average
NA,7.75,7.75,1,1,Barber,average
NA,7.75,7.75,1,1,Barber,average
NA,7.75,7.75,1,1,Barber,average
NA,7.75,7.75,1,1,Barber,average
NA,7.75,7.75,1,1,Barber,average
NA,7.75,7.75,1,1,Barber,average
NA,7.75,7.75,1,1,Barber,average
NA,7.75,7.75,1,1,Barber,average
NA,7.75,7.75,1,1,Barber,average
NA,7.75,7.75,1,1,Barber,average
NA,7.75,7.75,1,1,Barber,average
NA,7.75,7.75,1,1,Barber,average
NA,7.75,7.75,1,1,Barber,average
NA,7.75,7.75,1,1,Barber,average
NA,7.75,7.75,1,1,Barber,average
NA,7.75,7.75,1,1,Barber,average
NA,7.75,7.75,1,1,Barber,average
NA,7.75,7.75,1,1,Barber,average
NA,7.75,7.75,1,1,Barber,average
NA,7.75,7.75,1,1,Barber,average
NA,7.75,7.75,1,1,Barber,average
NA,7.75,7.75,1,0,Barber,average
NA,7.75,7.75,1,1,Barber,average
NA,7.75,7.75,1,1,Barber,average
NA,7.75,7.75,0,1,Barber,average
NA,7.75,7.75,1,1,Barber,average
NA,7.75,7.75,1,1,Barber,average
NA,7.75,7.75,1,1,Barber,average
NA,7.75,7.75,1,1,Barber,average
NA,7.75,7.75,1,1,Barber,average
NA,7.75,7.75,1,1,Barber,average
NA,7.75,7.75,1,1,Barber,average
NA,7.75,7.75,1,1,Barber,average
NA,7.75,7.75,1,1,Barber,average
NA,7.75,7.045454545454546,0,0,Barber,average
NA,7.75,7.75,1,1,Barber,average
NA,7.75,7.75,1,1,Barber,average
NA,7.75,7.75,1,1,Barber,average
NA,7.75,7.75,1,1,Barber,average
NA,7.75,7.75,1,1,Barber,average
NA,7.75,7.75,1,1,Barber,average
NA,7.75,7.75,1,1,Barber,average
NA,7.75,7.75,1,1,Barber,average
NA,7.75,7.75,1,1,Barber,average
NA,7.75,7.75,1,1,Barber,average
NA,7.75,7.75,1,1,Barber,average
NA,7.75,7.75,1,1,Barber,average
NA,7.75,7.75,1,1,Barber,average
NA,7.75,7.75,1,1,Barber,average
NA,7.75,7.75,1,1,Barber,average
NA,7.75,7.75,1,1,Barber,average
NA,7.75,7.75,1,1,Barber,average
NA,7.75,7.75,1,1,Barber,average
NA,7.75,7.75,1,1,Barber,average
NA,7.75,7.75,1,1,Barber,average
NA,7.75,7.75,1,1,Barber,average
NA,7.75,7.75,1,1,Barber,average
NA,7.75,7.75,1,1,Barber,average
NA,7.75,7.75,1,1,Barber,average
NA,7.75,7.75,1,1,Barber,average
NA,7.75,7.75,1,1,Barber,average
NA,7.75,7.75,1,1,Barber,average
NA,7.75,7.75,1,1,Barber,average
NA,7.75,7.75,1,1,Barber,average
NA,7.75,7.75,1,1,Barber,average
NA,7.75,7.75,1,1,Barber,average
NA,7.75,7.75,1,1,Barber,average
NA,7.75,7.75,1,1,Barber,average
NA,7.75,7.75,1,1,Barber,average
NA,7.75,7.75,1,1,Barber,average
NA,7.75,7.75,1,1,Barber,average
NA,7.75,7.75,1,1,Barber,average
NA,7.75,7.75,1,1,Barber,average
NA,7.75,7.75,1,1,Barber,average
NA,7.75,7.75,1,1,Barber,average
NA,7.75,7.75,1,1,Barber,average
NA,7.75,7.75,1,1,Barber,average
NA,7.75,7.75,1,1,Barber,average
NA,7.75,7.75,0,1,Barber,average
NA,7.75,7.75,1,1,Barber,average
NA,7.75,7.75,1,1,Barber,average
NA,7.75,7.75,1,1,Barber,average
NA,7.75,7.75,1,1,Barber,average
NA,7.75,7.75,1,1,Barber,average
NA,7.75,7.75,1,1,Barber,average
NA,7.75,7.75,1,1,Barber,average
NA,7.75,7.75,1,1,Barber,average
NA,7.75,7.75,1,1,Barber,average
NA,7.75,7.75,1,1,Barber,average
NA,7.75,7.75,1,1,Barber,average
NA,7.75,7.75,1,1,Barber,average
NA,7.75,7.75,1,1,Barber,average
NA,7.75,7.75,1,1,Barber,average
NA,7.75,7.75,1,1,Barber,average
NA,7.75,7.75,1,1,Barber,average
NA,7.75,7.75,1,1,Barber,average
NA,7.75,7.75,1,1,Barber,average
NA,7.75,7.75,1,1,Barber,average
NA,7.75,7.75,1,1,Barber,average
NA,7.75,7.75,1,1,Barber,average
NA,7.75,7.75,1,1,Barber,average
NA,7.75,7.75,1,1,Barber,average
NA,7.75,7.75,1,1,Barber,average
NA,7.75,7.75,1,1,Barber,average
NA,7.75,7.75,1,1,Barber,average
NA,7.75,7.75,1,1,Barber,average
NA,7.75,7.75,1,1,Barber,average
NA,7.75,7.75,1,1,Barber,average
NA,7.75,7.75,1,1,Barber,average
NA,7.75,7.75,1,1,Barber,average
NA,7.75,7.75,1,1,Barber,average
NA,7.75,7.75,1,1,Barber,average
NA,7.75,7.75,1,1,Barber,average
NA,7.75,7.75,1,1,Barber,average
NA,7.75,7.75,1,1,Barber,average
NA,7.75,7.75,1,1,Barber,average
NA,7.75,7.75,1,1,Barber,average
NA,7.75,7.75,1,1,Barber,average
NA,7.75,7.75,1,1,Barber,average
NA,7.75,7.75,1,1,Barber,average
NA,7.75,7.75,1,1,Barber,average
NA,7.75,7.045454545454546,0,0,Barber,average
NA,7.75,7.75,1,1,Barber,average
NA,7.75,7.75,1,1,Barber,average
NA,7.75,7.75,1,1,Barber,average
NA,7.75,7.75,1,1,Barber,average
NA,7.75,7.75,1,1,Barber,average
NA,7.75,7.75,1,1,Barber,average
NA,7.75,7.75,1,1,Barber,average
NA,7.75,7.75,1,1,Barber,average
NA,7.75,7.75,1,1,Barber,average
NA,7.75,7.75,1,1,Barber,average
NA,7.75,7.75,1,1,Barber,average
NA,7.75,7.75,1,1,Barber,average
NA,7.75,7.75,1,1,Barber,average
NA,7.75,7.75,1,1,Barber,average
NA,7.75,7.75,1,1,Barber,average
NA,7.75,7.75,1,1,Barber,average
NA,7.75,7.75,1,1,Barber,average
NA,7.75,7.75,1,1,Barber,average
NA,7.75,7.75,1,1,Barber,average
NA,7.75,7.75,1,1,Barber,average
NA,7.75,7.75,1,1,Barber,average
NA,7.75,7.75,1,1,Barber,average
NA,7.75,7.75,1,1,Barber,average
NA,7.75,7.75,1,1,Barber,average
NA,7.75,7.75,1,1,Barber,average
NA,7.75,7.75,1,1,Barber,average
NA,7.75,7.75,1,1,Barber,average
NA,7.75,7.75,1,1,Barber,average
NA,7.75,7.75,1,1,Barber,average
NA,7.75,7.75,1,1,Barber,average
NA,7.75,7.75,1,1,Barber,average
NA,7.75,7.75,1,1,Barber,average
NA,7.75,7.75,1,1,Barber,average
NA,7.75,7.75,1,1,Barber,average
NA,7.75,7.75,1,1,Barber,average
NA,7.75,7.75,1,1,Barber,average
NA,7.75,7.75,1,1,Barber,average
NA,7.75,7.75,1,1,Barber,average
NA,7.75,7.75,1,1,Barber,average
NA,7.75,7.75,1,1,Barber,average
NA,7.75,7.75,1,1,Barber,average
NA,7.75,7.75,1,1,Barber,average
NA,7.75,7.75,1,1,Barber,average
NA,7.75,7.75,1,1,Barber,average
NA,7.75,7.75,1,1,Barber,average
NA,7.75,7.75,1,1,Barber,average
NA,7.75,7.75,1,1,Barber,average
NA,7.75,7.75,1,1,Barber,average
NA,7.75,7.75,1,1,Barber,average
NA,7.75,7.75,1,1,Barber,average
NA,7.75,7.75,1,1,Barber,average
NA,7.75,7.75,1,1,Barber,average
NA,7.75,7.75,1,1,Barber,average
NA,7.75,7.75,1,1,Barber,average
NA,7.75,7.75,1,1,Barber,average
NA,7.75,7.75,1,1,Barber,average
NA,7.75,7.75,1,1,Barber,average
NA,7.75,7.75,1,1,Barber,average
NA,7.75,7.75,1,1,Barber,average
NA,7.75,7.75,1,1,Barber,average
NA,7.75,7.75,1,1,Barber,average
NA,7.75,7.75,1,1,Barber,average
NA,7.75,7.75,1,1,Barber,average
NA,7.75,7.75,1,1,Barber,average
NA,7.75,7.75,1,1,Barber,average
NA,7.75,7.75,1,1,Barber,average
NA,7.75,7.75,1,1,Barber,average
NA,7.75,7.75,1,1,Barber,average
NA,7.75,7.75,1,1,Barber,average
NA,7.75,7.75,1,1,Barber,average
NA,7.75,7.75,1,1,Barber,average
NA,7.75,7.75,1,1,Barber,average
NA,7.75,7.75,1,1,Barber,average
NA,7.75,7.045454545454546,0,0,Barber,average
NA,7.75,7.75,1,1,Barber,average
NA,7.75,7.75,1,1,Barber,average
NA,7.75,7.75,1,1,Barber,average
NA,7.75,7.75,1,1,Barber,average
NA,7.75,7.75,1,1,Barber,average
NA,7.75,7.75,1,1,Barber,average
NA,7.75,7.75,1,1,Barber,average
NA,7.75,7.75,1,1,Barber,average
NA,7.75,7.75,1,1,Barber,average
NA,7.75,7.75,1,1,Barber,average
NA,7.75,7.75,1,1,Barber,average
NA,7.75,7.75,1,1,Barber,average
NA,7.75,7.75,0,1,Barber,average
NA,7.75,7.75,1,1,Barber,average
NA,7.75,7.75,1,1,Barber,average
NA,7.75,7.75,1,1,Barber,average
NA,7.75,7.75,1,1,Barber,average
NA,7.75,7.75,1,1,Barber,average
NA,7.75,7.75,1,1,Barber,average
NA,7.75,7.75,1,1,Barber,average
NA,7.75,7.75,1,1,Barber,average
NA,7.75,7.75,1,1,Barber,average
NA,7.75,7.75,1,1,Barber,average
NA,7.75,7.75,1,1,Barber,average
NA,7.75,7.75,1,1,Barber,average
NA,7.75,7.75,1,1,Barber,average
NA,7.75,7.75,1,1,Barber,average
NA,7.75,7.75,1,1,Barber,average
NA,7.75,7.75,1,1,Barber,average
NA,7.75,7.75,1,1,Barber,average
NA,7.75,7.75,1,1,Barber,average
NA,7.75,7.75,1,1,Barber,average
NA,7.75,7.75,1,1,Barber,average
NA,7.75,7.75,0,1,Barber,average
NA,7.75,7.75,1,1,Barber,average
NA,7.75,7.75,1,1,Barber,average
NA,7.75,7.75,1,1,Barber,average
NA,7.75,7.75,1,1,Barber,average
NA,7.75,7.75,1,1,Barber,average
NA,7.75,7.75,1,1,Barber,average
NA,7.75,7.75,1,1,Barber,average
NA,7.75,7.75,1,1,Barber,average
NA,7.75,7.75,1,1,Barber,average
NA,7.75,7.75,1,1,Barber,average
NA,7.75,7.75,1,1,Barber,average
NA,7.75,7.75,1,1,Barber,average
NA,7.75,7.75,1,1,Barber,average
NA,7.75,7.75,1,1,Barber,average
NA,7.75,7.75,1,1,Barber,average
NA,7.75,7.75,1,1,Barber,average
NA,7.75,7.75,1,1,Barber,average
NA,7.75,7.75,1,1,Barber,average
NA,7.75,7.75,1,1,Barber,average
NA,7.75,7.75,1,1,Barber,average
NA,7.75,7.75,1,1,Barber,average
NA,7.75,7.75,1,1,Barber,average
NA,7.75,7.75,1,1,Barber,average
NA,7.75,7.75,1,1,Barber,average
NA,7.75,7.75,1,1,Barber,average
NA,7.75,7.75,0,1,Barber,average
NA,7.75,7.75,1,1,Barber,average
NA,7.75,7.75,1,1,Barber,average
NA,7.75,7.75,1,1,Barber,average
NA,7.75,7.75,1,1,Barber,average
NA,7.75,7.75,1,1,Barber,average
NA,7.75,7.75,1,1,Barber,average
NA,7.75,7.75,1,1,Barber,average
NA,7.75,7.75,1,1,Barber,average
NA,7.75,7.75,0,1,Barber,average
NA,7.75,7.75,1,1,Barber,average
NA,7.75,7.75,1,1,Barber,average
NA,7.75,7.75,1,1,Barber,average
NA,7.75,7.75,1,1,Barber,average
NA,7.75,7.75,1,1,Barber,average
NA,7.75,7.75,1,1,Barber,average
NA,7.75,7.75,1,1,Barber,average
NA,7.75,7.75,1,1,Barber,average
NA,7.75,7.75,1,1,Barber,average
NA,7.75,7.75,1,1,Barber,average
NA,7.75,7.75,1,1,Barber,average
NA,7.75,7.75,1,1,Barber,average
NA,7.75,7.75,1,1,Barber,average
NA,7.75,7.75,1,1,Barber,average
NA,7.75,7.75,1,1,Barber,average
NA,7.75,7.75,1,1,Barber,average
NA,7.75,7.75,1,1,Barber,average
NA,7.75,7.75,1,1,Barber,average
NA,7.75,7.75,1,1,Barber,average
NA,7.75,7.75,1,1,Barber,average
NA,7.75,7.75,1,1,Barber,average
NA,7.75,7.75,1,1,Barber,average
NA,7.75,7.75,1,1,Barber,average
NA,7.75,7.75,1,1,Barber,average
NA,7.75,7.75,1,1,Barber,average
NA,7.75,7.75,1,1,Barber,average
NA,7.75,7.75,1,1,Barber,average
NA,7.75,7.75,1,1,Barber,average
NA,7.75,7.75,1,1,Barber,average
NA,7.75,7.75,1,1,Barber,average
NA,7.75,7.75,1,1,Barber,average
NA,7.75,7.75,1,1,Barber,average
NA,7.75,7.75,1,1,Barber,average
NA,7.75,7.75,1,1,Barber,average
NA,7.75,7.75,1,1,Barber,average
NA,7.75,7.75,1,1,Barber,average
NA,7.75,7.75,1,1,Barber,average
NA,7.75,7.75,1,1,Barber,average
NA,7.75,7.75,1,1,Barber,average
NA,7.75,7.75,1,1,Barber,average
NA,7.75,7.75,1,1,Barber,average
NA,7.75,7.75,1,1,Barber,average
NA,7.75,7.75,1,1,Barber,average
NA,7.75,7.75,1,1,Barber,average
NA,7.75,7.75,1,1,Barber,average
NA,7.75,7.75,1,1,Barber,average
NA,7.75,7.75,1,1,Barber,average
NA,7.75,7.75,1,1,Barber,average
NA,7.75,7.75,1,1,Barber,average
NA,7.75,7.75,1,1,Barber,average
NA,7.75,7.75,1,1,Barber,average
NA,7.75,7.75,1,1,Barber,average
NA,7.75,7.75,1,1,Barber,average
NA,7.75,7.75,1,1,Barber,average
NA,7.75,7.75,1,1,Barber,average
NA,7.75,7.75,1,1,Barber,average
NA,7.75,7.75,1,1,Barber,average
NA,7.75,7.75,1,1,Barber,average
NA,7.75,7.75,1,1,Barber,average
NA,7.75,7.75,1,1,Barber,average
NA,7.75,7.75,1,1,Barber,average
NA,7.75,7.75,1,1,Barber,average
NA,7.75,7.75,1,1,Barber,average
NA,7.75,7.75,1,1,Barber,average
NA,7.75,7.75,1,1,Barber,average
NA,7.75,7.75,1,1,Barber,average
NA,7.75,7.75,1,1,Barber,average
NA,7.75,7.75,1,1,Barber,average
NA,7.75,7.75,1,1,Barber,average
NA,7.75,7.75,1,1,Barber,average
NA,7.75,7.75,1,1,Barber,average
NA,7.75,7.75,1,1,Barber,average
NA,7.75,7.75,1,1,Barber,average
NA,7.75,7.75,1,1,Barber,average
NA,7.75,7.75,1,1,Barber,average
NA,7.75,7.75,1,1,Barber,average
NA,7.75,7.75,1,1,Barber,average
NA,7.75,7.75,1,1,Barber,average
NA,7.75,7.75,1,1,Barber,average
NA,7.75,7.75,1,1,Barber,average
NA,7.75,7.75,1,1,Barber,average
NA,7.75,7.75,1,1,Barber,average
NA,7.75,7.75,0,1,Barber,average
NA,7.75,7.75,1,1,Barber,average
NA,7.75,7.75,1,1,Barber,average
NA,7.75,7.75,1,1,Barber,average
NA,7.75,7.75,1,1,Barber,average
NA,7.75,7.75,1,1,Barber,average
NA,7.75,7.75,1,1,Barber,average
NA,7.75,7.75,1,1,Barber,average
NA,7.75,7.75,1,1,Barber,average
NA,7.75,7.75,0,1,Barber,average
NA,7.75,7.75,1,1,Barber,average
NA,7.75,7.75,1,1,Barber,average
NA,7.75,7.75,1,1,Barber,average
NA,7.75,7.75,1,1,Barber,average
NA,7.75,7.75,1,1,Barber,average
NA,7.75,7.75,1,1,Barber,average
NA,7.75,7.75,1,1,Barber,average
NA,7.75,7.75,1,1,Barber,average
NA,7.75,7.75,1,1,Barber,average
NA,7.75,7.75,1,1,Barber,average
NA,7.75,7.75,1,1,Barber,average
NA,7.75,7.75,1,1,Barber,average
NA,7.75,7.75,1,1,Barber,average
NA,7.75,7.75,1,1,Barber,average
NA,7.75,7.75,1,1,Barber,average
NA,7.75,7.75,1,1,Barber,average
NA,7.75,7.75,1,1,Barber,average
NA,7.75,7.75,1,1,Barber,average
NA,7.75,7.75,1,1,Barber,average
NA,7.75,7.75,1,1,Barber,average
NA,7.75,7.75,1,1,Barber,average
NA,7.75,7.75,0,1,Barber,average
NA,7.75,7.75,1,1,Barber,average
NA,7.75,7.75,1,1,Barber,average
NA,7.75,7.75,1,1,Barber,average
NA,7.75,7.75,1,1,Barber,average
NA,7.75,7.75,1,1,Barber,average
NA,7.75,7.75,1,1,Barber,average
NA,7.75,7.75,1,1,Barber,average
NA,7.75,7.75,1,1,Barber,average
NA,7.75,7.75,1,1,Barber,average
NA,7.75,7.75,1,1,Barber,average
NA,7.75,7.75,1,1,Barber,average
NA,7.75,7.75,1,1,Barber,average
NA,7.75,7.75,1,1,Barber,average
NA,7.75,7.75,1,1,Barber,average
NA,7.75,7.75,1,1,Barber,average
NA,7.75,7.75,1,1,Barber,average
NA,7.75,7.75,1,1,Barber,average
NA,7.75,7.75,1,1,Barber,average
NA,7.75,7.75,1,1,Barber,average
NA,7.75,7.75,1,1,Barber,average
NA,7.75,7.75,1,1,Barber,average
NA,7.75,7.75,1,1,Barber,average
NA,7.75,7.75,0,1,Barber,average
NA,7.75,7.045454545454546,0,0,Barber,average
NA,7.75,7.75,1,1,Barber,average
NA,7.75,7.75,1,1,Barber,average
NA,7.75,7.75,1,1,Barber,average
NA,7.75,7.75,1,1,Barber,average
NA,7.75,7.75,1,1,Barber,average
NA,7.75,7.75,1,1,Barber,average
NA,7.75,7.75,1,1,Barber,average
NA,7.75,7.75,1,1,Barber,average
NA,7.75,7.75,1,1,Barber,average
NA,7.75,7.75,1,1,Barber,average
NA,7.75,7.75,1,1,Barber,average
NA,7.75,7.75,1,1,Barber,average
NA,7.75,7.75,1,1,Barber,average
NA,7.75,7.75,1,1,Barber,average
NA,7.75,7.75,1,1,Barber,average
NA,7.75,7.75,1,1,Barber,average
NA,7.75,7.75,1,1,Barber,average
NA,7.75,7.75,1,1,Barber,average
NA,7.75,7.75,1,1,Barber,average
NA,7.75,7.75,1,1,Barber,average
NA,7.75,7.75,1,1,Barber,average
NA,7.75,7.75,1,1,Barber,average
NA,7.75,7.75,1,1,Barber,average
NA,7.75,7.75,1,1,Barber,average
NA,7.75,7.75,1,1,Barber,average
NA,7.75,7.75,1,1,Barber,average
NA,7.75,7.75,1,1,Barber,average
NA,7.75,7.75,1,1,Barber,average
NA,7.75,7.75,1,1,Barber,average
NA,7.75,7.75,1,1,Barber,average
NA,7.75,7.75,1,1,Barber,average
NA,7.75,7.75,1,1,Barber,average
NA,7.75,7.75,1,1,Barber,average
NA,7.75,7.75,1,1,Barber,average
NA,7.75,7.75,1,1,Barber,average
NA,7.75,7.75,1,1,Barber,average
NA,7.75,7.75,0,1,Barber,average
NA,7.75,7.75,1,1,Barber,average
NA,7.75,7.75,1,1,Barber,average
NA,7.75,7.75,1,1,Barber,average
NA,7.75,7.75,1,1,Barber,average
NA,7.75,7.75,1,1,Barber,average
NA,7.75,7.75,1,1,Barber,average
NA,7.75,7.75,1,1,Barber,average
NA,7.75,7.75,1,1,Barber,average
NA,7.75,7.75,1,1,Barber,average
NA,7.75,7.75,1,1,Barber,average
NA,7.75,7.75,1,1,Barber,average
NA,7.75,7.75,1,1,Barber,average
NA,7.75,7.75,1,1,Barber,average
NA,7.75,7.75,1,1,Barber,average
NA,7.75,7.75,1,1,Barber,average
NA,7.75,7.75,1,1,Barber,average
NA,7.75,7.75,1,1,Barber,average
NA,7.75,7.75,1,1,Barber,average
NA,7.75,7.75,1,1,Barber,average
NA,7.75,7.75,1,1,Barber,average
NA,7.75,7.75,1,1,Barber,average
NA,7.75,7.75,1,1,Barber,average
NA,7.75,7.75,1,1,Barber,average
NA,7.75,7.75,1,1,Barber,average
NA,7.75,7.75,1,1,Barber,average
NA,7.75,7.75,1,1,Barber,average
NA,7.75,7.75,1,1,Barber,average
NA,7.75,7.75,1,1,Barber,average
NA,7.75,7.75,1,1,Barber,average
NA,7.75,7.75,1,1,Barber,average
NA,7.75,7.75,0,1,Barber,average
NA,7.75,7.75,1,1,Barber,average
NA,7.75,7.75,1,1,Barber,average
NA,7.75,7.75,1,1,Barber,average
NA,7.75,7.75,1,1,Barber,average
NA,7.75,7.75,1,1,Barber,average
NA,7.75,7.75,1,1,Barber,average
NA,7.75,7.75,1,1,Barber,average
NA,7.75,7.75,1,1,Barber,average
NA,7.75,7.75,1,1,Barber,average
NA,7.75,7.75,0,1,Barber,average
NA,7.75,7.75,1,1,Barber,average
NA,7.75,7.75,1,1,Barber,average
NA,7.75,7.75,1,1,Barber,average
NA,7.75,7.75,1,1,Barber,average
NA,7.75,7.75,1,1,Barber,average
NA,7.75,7.75,1,1,Barber,average
NA,7.75,7.75,1,1,Barber,average
NA,7.75,7.75,1,1,Barber,average
NA,7.75,7.75,1,1,Barber,average
NA,7.75,7.75,1,1,Barber,average
NA,7.75,7.75,1,1,Barber,average
NA,7.75,7.75,1,1,Barber,average
NA,7.75,7.75,1,1,Barber,average
NA,7.75,7.75,1,1,Barber,average
NA,7.75,7.75,1,1,Barber,average
NA,7.75,7.75,1,1,Barber,average
NA,7.75,7.75,1,1,Barber,average
NA,7.75,7.75,1,1,Barber,average
NA,7.75,7.75,1,1,Barber,average
NA,7.75,7.75,1,1,Barber,average
NA,7.75,7.75,1,1,Barber,average
NA,7.75,7.75,1,1,Barber,average
NA,7.75,7.75,1,0,Barber,average
NA,7.75,7.75,1,1,Barber,average
NA,7.75,7.75,1,1,Barber,average
NA,7.75,7.75,1,1,Barber,average
NA,7.75,7.75,1,1,Barber,average
NA,7.75,7.75,1,1,Barber,average
NA,7.75,7.75,1,1,Barber,average
NA,7.75,7.75,1,1,Barber,average
NA,7.75,7.75,1,1,Barber,average
NA,7.75,7.75,1,1,Barber,average
NA,7.75,7.75,1,1,Barber,average
NA,7.75,7.045454545454546,1,0,Barber,average
NA,7.75,7.75,1,1,Barber,average
NA,7.75,7.75,1,1,Barber,average
NA,7.75,7.75,1,1,Barber,average
NA,7.75,7.75,1,1,Barber,average
NA,7.75,7.75,1,1,Barber,average
NA,7.75,7.75,1,1,Barber,average
NA,7.75,7.75,0,1,Barber,average
NA,7.75,7.75,1,1,Barber,average
NA,7.75,7.75,1,1,Barber,average
NA,7.75,7.75,1,1,Barber,average
NA,7.75,7.75,1,1,Barber,average
NA,7.75,7.75,1,1,Barber,average
NA,7.75,7.75,1,1,Barber,average
NA,7.75,7.75,1,1,Barber,average
NA,7.75,7.75,1,1,Barber,average
NA,7.75,7.75,1,1,Barber,average
NA,7.75,7.75,1,1,Barber,average
NA,7.75,7.75,1,1,Barber,average
NA,7.75,7.75,1,1,Barber,average
NA,7.75,7.75,1,1,Barber,average
NA,7.75,7.75,1,1,Barber,average
NA,7.75,7.75,1,1,Barber,average
NA,7.75,7.75,1,1,Barber,average
NA,7.75,7.75,1,1,Barber,average
NA,7.75,7.75,1,1,Barber,average
NA,7.75,7.75,1,1,Barber,average
NA,7.75,7.75,1,1,Barber,average
NA,7.75,7.75,1,1,Barber,average
NA,7.75,7.75,1,1,Barber,average
NA,7.75,7.75,1,1,Barber,average
NA,7.75,7.75,1,1,Barber,average
NA,7.75,7.75,1,1,Barber,average
NA,7.75,7.75,1,1,Barber,average
NA,7.75,7.75,1,1,Barber,average
NA,7.75,7.75,1,1,Barber,average
NA,7.75,7.75,1,1,Barber,average
NA,7.75,7.75,1,1,Barber,average
NA,7.75,7.75,1,1,Barber,average
NA,7.75,7.75,1,1,Barber,average
NA,7.75,7.75,1,1,Barber,average
NA,7.75,7.75,1,1,Barber,average
NA,7.75,7.75,1,1,Barber,average
NA,7.75,7.75,1,1,Barber,average
NA,7.75,7.75,1,1,Barber,average
NA,7.75,7.75,1,1,Barber,average
NA,7.75,7.75,1,1,Barber,average
NA,7.75,7.75,1,1,Barber,average
NA,7.75,7.75,1,1,Barber,average
NA,7.75,7.75,1,1,Barber,average
NA,7.75,7.75,1,1,Barber,average
NA,7.75,7.75,1,1,Barber,average
NA,7.75,7.75,1,1,Barber,average
NA,7.75,7.75,1,1,Barber,average
NA,7.75,7.75,1,1,Barber,average
NA,7.75,7.75,1,1,Barber,average
NA,7.75,7.75,1,1,Barber,average
NA,7.75,7.75,1,1,Barber,average
NA,7.75,7.75,1,1,Barber,average
NA,7.75,7.75,0,1,Barber,average
NA,7.75,7.75,1,1,Barber,average
NA,7.75,7.75,1,1,Barber,average
NA,7.75,7.75,1,1,Barber,average
NA,7.75,7.75,1,1,Barber,average
NA,7.75,7.75,1,1,Barber,average
NA,7.75,7.75,1,1,Barber,average
NA,7.75,7.75,1,1,Barber,average
NA,7.75,7.75,1,1,Barber,average
NA,7.75,7.75,1,1,Barber,average
NA,7.75,7.75,1,1,Barber,average
NA,7.75,7.75,1,1,Barber,average
NA,7.75,7.75,1,1,Barber,average
NA,7.75,7.75,1,1,Barber,average
NA,7.75,7.75,1,1,Barber,average
NA,7.75,7.75,1,1,Barber,average
NA,7.75,7.75,1,1,Barber,average
NA,7.75,7.75,1,1,Barber,average
NA,7.75,7.75,1,1,Barber,average
NA,7.75,7.75,1,1,Barber,average
NA,7.75,7.75,1,1,Barber,average
NA,7.75,7.75,0,1,Barber,average
NA,7.75,7.75,1,1,Barber,average
NA,7.75,7.75,1,1,Barber,average
NA,7.75,7.75,1,1,Barber,average
NA,7.75,7.75,1,1,Barber,average
NA,7.75,7.75,1,1,Barber,average
NA,7.75,7.75,1,1,Barber,average
NA,7.75,7.75,1,1,Barber,average
NA,7.75,7.75,1,1,Barber,average
NA,7.75,7.75,1,1,Barber,average
NA,7.75,7.75,1,1,Barber,average
NA,7.75,7.75,1,1,Barber,average
NA,7.75,7.75,1,1,Barber,average
NA,7.75,7.75,1,1,Barber,average
NA,7.75,7.75,1,1,Barber,average
NA,7.75,7.75,1,1,Barber,average
NA,7.75,7.75,1,1,Barber,average
NA,7.75,7.75,1,1,Barber,average
NA,7.75,7.75,1,1,Barber,average
NA,7.75,7.75,1,1,Barber,average
NA,7.75,7.75,1,1,Barber,average
NA,7.75,7.045454545454546,0,0,Barber,average
NA,7.75,7.75,1,1,Barber,average
NA,7.75,7.75,1,1,Barber,average
NA,7.75,7.75,1,1,Barber,average
NA,7.75,7.75,1,1,Barber,average
NA,7.75,7.75,1,1,Barber,average
NA,7.75,7.75,1,1,Barber,average
NA,7.75,7.75,0,1,Barber,average
NA,7.75,7.75,1,1,Barber,average
NA,7.75,7.75,1,1,Barber,average
NA,7.75,7.75,1,1,Barber,average
NA,7.75,7.75,1,1,Barber,average
NA,7.75,7.75,1,1,Barber,average
NA,7.75,7.75,1,1,Barber,average
NA,7.75,7.75,1,1,Barber,average
NA,7.75,7.75,0,1,Barber,average
NA,7.75,7.75,1,1,Barber,average
NA,7.75,7.75,1,1,Barber,average
NA,7.75,7.75,1,1,Barber,average
NA,7.75,7.75,1,1,Barber,average
NA,7.75,7.75,1,1,Barber,average
NA,7.75,7.75,1,1,Barber,average
NA,7.75,7.75,1,1,Barber,average
NA,7.75,7.75,1,1,Barber,average
NA,7.75,7.75,1,1,Barber,average
NA,7.75,7.75,1,1,Barber,average
NA,7.75,7.75,1,1,Barber,average
NA,7.75,7.75,1,1,Barber,average
NA,7.75,7.75,1,1,Barber,average
NA,7.75,7.75,1,1,Barber,average
NA,7.75,7.75,1,1,Barber,average
NA,7.75,7.75,1,1,Barber,average
NA,7.75,7.75,1,1,Barber,average
NA,7.75,7.75,1,1,Barber,average
NA,7.75,7.75,1,1,Barber,average
NA,7.75,7.75,1,1,Barber,average
NA,7.75,7.75,1,1,Barber,average
NA,7.75,7.75,1,1,Barber,average
NA,7.75,7.75,1,1,Barber,average
NA,7.75,7.75,1,1,Barber,average
NA,7.75,7.75,1,1,Barber,average
NA,7.75,7.75,1,1,Barber,average
NA,7.75,7.75,1,1,Barber,average
NA,7.75,7.75,1,1,Barber,average
NA,7.75,7.75,1,1,Barber,average
NA,7.75,7.75,1,1,Barber,average
NA,7.75,7.75,1,1,Barber,average
NA,7.75,7.75,1,1,Barber,average
NA,7.75,7.75,1,1,Barber,average
NA,7.75,7.75,1,1,Barber,average
NA,7.75,7.75,1,1,Barber,average
NA,7.75,7.75,1,1,Barber,average
NA,7.75,7.75,1,1,Barber,average
NA,7.75,7.75,1,1,Barber,average
NA,7.75,7.75,1,1,Barber,average
NA,7.75,7.75,1,1,Barber,average
NA,7.75,7.75,1,1,Barber,average
NA,7.75,7.75,1,1,Barber,average
NA,7.75,7.75,1,1,Barber,average
NA,7.75,7.75,1,1,Barber,average
NA,7.75,7.75,1,1,Barber,average
NA,7.75,7.75,1,1,Barber,average
NA,7.75,7.75,1,1,Barber,average
NA,7.75,7.75,1,1,Barber,average
NA,7.75,7.75,1,1,Barber,average
NA,7.75,7.75,1,1,Barber,average
NA,7.75,7.75,1,1,Barber,average
NA,7.75,7.75,1,1,Barber,average
NA,7.75,7.75,1,1,Barber,average
NA,7.75,7.75,1,1,Barber,average
NA,7.75,7.75,1,1,Barber,average
NA,7.75,7.75,0,1,Barber,average
NA,7.75,7.75,1,1,Barber,average
NA,7.75,7.75,1,1,Barber,average
NA,7.75,7.75,1,1,Barber,average
NA,7.75,7.75,1,1,Barber,average
NA,7.75,7.75,1,1,Barber,average
NA,7.75,7.75,1,1,Barber,average
NA,7.75,7.75,1,1,Barber,average
NA,7.75,7.75,1,1,Barber,average
NA,7.75,7.75,1,1,Barber,average
NA,7.75,7.75,1,1,Barber,average
NA,7.75,7.75,1,1,Barber,average
NA,7.75,7.75,0,1,Barber,average
NA,7.75,7.75,1,1,Barber,average
NA,7.75,7.75,0,1,Barber,average
NA,7.75,7.75,1,1,Barber,average
NA,7.75,7.75,1,1,Barber,average
NA,7.75,7.75,1,1,Barber,average
NA,7.75,7.75,1,1,Barber,average
NA,7.75,7.75,1,1,Barber,average
NA,7.75,7.75,1,1,Barber,average
NA,7.75,7.75,1,1,Barber,average
NA,7.75,7.75,1,1,Barber,average
NA,7.75,7.75,1,1,Barber,average
NA,7.75,7.75,1,1,Barber,average
NA,7.75,7.75,1,1,Barber,average
NA,7.75,7.75,1,1,Barber,average
NA,7.75,7.75,1,1,Barber,average
NA,7.75,7.75,1,1,Barber,average
NA,7.75,7.75,1,1,Barber,average
NA,7.75,7.75,1,1,Barber,average
NA,7.75,7.75,1,1,Barber,average
NA,7.75,7.75,1,1,Barber,average
NA,7.75,7.75,1,1,Barber,average
NA,7.75,7.75,1,1,Barber,average
NA,7.75,7.75,1,1,Barber,average
NA,7.75,7.75,1,1,Barber,average
NA,7.75,7.75,1,1,Barber,average
NA,7.75,7.75,1,1,Barber,average
NA,7.75,7.75,1,1,Barber,average
NA,7.75,7.75,1,1,Barber,average
NA,7.75,7.75,1,1,Barber,average
NA,7.75,7.75,1,1,Barber,average
NA,7.75,7.75,1,1,Barber,average
NA,7.75,7.75,1,1,Barber,average
NA,7.75,7.75,1,1,Barber,average
NA,7.75,7.75,1,1,Barber,average
NA,7.75,7.75,1,1,Barber,average
NA,7.75,7.75,1,1,Barber,average
NA,7.75,7.75,1,1,Barber,average
NA,7.75,7.75,1,1,Barber,average
NA,7.75,7.75,1,1,Barber,average
NA,7.75,7.75,1,1,Barber,average
NA,7.75,7.75,1,1,Barber,average
NA,7.75,7.75,1,1,Barber,average
NA,7.75,7.75,1,1,Barber,average
NA,7.75,7.75,1,1,Barber,average
NA,7.75,7.75,1,1,Barber,average
NA,7.75,7.75,1,1,Barber,average
NA,7.75,7.75,1,1,Barber,average
NA,7.75,7.75,1,1,Barber,average
NA,7.75,7.75,1,1,Barber,average
NA,7.75,7.75,1,1,Barber,average
NA,7.75,7.75,1,1,Barber,average
NA,7.75,7.75,1,1,Barber,average
NA,7.75,7.75,1,1,Barber,average
NA,7.75,7.75,1,1,Barber,average
NA,7.75,7.75,1,1,Barber,average
NA,7.75,7.75,1,1,Barber,average
NA,7.75,7.75,1,1,Barber,average
NA,7.75,7.75,1,1,Barber,average
NA,7.75,7.75,1,1,Barber,average
NA,7.75,7.75,1,1,Barber,average
NA,7.75,7.75,1,1,Barber,average
NA,7.75,7.75,1,1,Barber,average
NA,7.75,7.75,1,1,Barber,average
NA,7.75,7.75,1,1,Barber,average
NA,7.75,7.75,1,1,Barber,average
NA,7.75,7.75,1,1,Barber,average
NA,7.75,7.75,1,1,Barber,average
NA,7.75,7.75,1,1,Barber,average
NA,7.75,7.75,1,1,Barber,average
NA,7.75,7.75,1,1,Barber,average
NA,7.75,7.75,0,1,Barber,average
NA,7.75,7.75,1,1,Barber,average
NA,7.75,7.75,1,1,Barber,average
NA,7.75,7.75,1,1,Barber,average
NA,7.75,7.75,1,1,Barber,average
NA,7.75,7.75,1,1,Barber,average
NA,7.75,7.75,1,1,Barber,average
NA,7.75,7.75,1,1,Barber,average
NA,7.75,7.75,1,1,Barber,average
NA,7.75,7.75,1,1,Barber,average
NA,7.75,7.75,1,1,Barber,average
NA,7.75,7.75,1,1,Barber,average
NA,7.75,7.75,1,1,Barber,average
NA,7.75,7.75,1,1,Barber,average
NA,7.75,7.75,1,1,Barber,average
NA,7.75,7.75,1,1,Barber,average
NA,7.75,7.75,1,1,Barber,average
NA,7.75,7.75,1,1,Barber,average
NA,7.75,7.75,1,1,Barber,average
NA,7.75,7.75,1,1,Barber,average
NA,7.75,7.75,1,1,Barber,average
NA,7.75,7.75,1,1,Barber,average
NA,7.75,7.75,1,1,Barber,average
NA,7.75,7.75,1,1,Barber,average
NA,7.75,7.75,1,1,Barber,average
NA,7.75,7.75,1,1,Barber,average
NA,7.75,7.75,1,1,Barber,average
NA,7.75,7.75,1,1,Barber,average
NA,7.75,7.75,1,1,Barber,average
NA,7.75,7.75,1,1,Barber,average
NA,7.75,7.75,0,1,Barber,average
NA,7.75,7.75,1,1,Barber,average
NA,7.75,7.75,1,1,Barber,average
NA,7.75,7.75,1,1,Barber,average
NA,7.75,7.75,1,1,Barber,average
NA,7.75,7.75,1,1,Barber,average
NA,7.75,7.75,1,1,Barber,average
NA,7.75,7.75,1,1,Barber,average
NA,7.75,7.75,1,1,Barber,average
NA,7.75,7.75,1,1,Barber,average
NA,7.75,7.75,1,1,Barber,average
NA,7.75,7.75,1,1,Barber,average
NA,7.75,7.75,1,1,Barber,average
NA,7.75,7.75,1,1,Barber,average
NA,7.75,7.75,1,1,Barber,average
NA,7.75,7.75,1,1,Barber,average
NA,7.75,7.75,1,1,Barber,average
NA,7.75,7.75,1,1,Barber,average
NA,7.75,7.75,1,1,Barber,average
NA,7.75,7.75,1,1,Barber,average
NA,7.75,7.75,1,1,Barber,average
NA,7.75,7.75,1,1,Barber,average
NA,7.75,7.75,0,1,Barber,average
NA,7.75,7.75,1,1,Barber,average
NA,7.75,7.75,1,1,Barber,average
NA,7.75,7.75,1,1,Barber,average
NA,7.75,7.75,1,1,Barber,average
NA,7.75,7.75,1,1,Barber,average
NA,7.75,7.75,1,1,Barber,average
NA,7.75,7.75,1,1,Barber,average
NA,7.75,7.75,1,1,Barber,average
NA,7.75,7.75,1,1,Barber,average
NA,7.75,7.75,1,1,Barber,average
NA,7.75,7.75,1,1,Barber,average
NA,7.75,7.75,1,1,Barber,average
NA,7.75,7.75,1,1,Barber,average
NA,7.75,7.75,1,1,Barber,average
NA,7.75,7.75,1,1,Barber,average
NA,7.75,7.75,1,1,Barber,average
NA,7.75,7.75,0,1,Barber,average
NA,7.75,7.75,1,1,Barber,average
NA,7.75,7.75,1,1,Barber,average
NA,7.75,7.75,1,1,Barber,average
NA,7.75,7.75,1,1,Barber,average
NA,7.75,7.75,1,1,Barber,average
NA,7.75,7.75,1,1,Barber,average
NA,7.75,7.75,1,1,Barber,average
NA,7.75,7.75,1,1,Barber,average
NA,7.75,7.75,1,1,Barber,average
NA,7.75,7.75,1,1,Barber,average
NA,7.75,7.75,1,1,Barber,average
NA,7.75,7.75,1,1,Barber,average
NA,7.75,7.75,1,1,Barber,average
NA,7.75,7.75,1,1,Barber,average
NA,7.75,7.75,1,1,Barber,average
NA,7.75,7.75,1,1,Barber,average
NA,7.75,7.75,1,1,Barber,average
NA,7.75,7.75,1,1,Barber,average
NA,7.75,7.75,1,1,Barber,average
NA,7.75,7.75,1,1,Barber,average
NA,7.75,7.75,1,1,Barber,average
NA,7.75,7.75,1,1,Barber,average
NA,7.75,7.75,1,1,Barber,average
NA,7.75,7.75,1,1,Barber,average
NA,7.75,7.75,1,1,Barber,average
NA,7.75,7.75,1,1,Barber,average
NA,7.75,7.75,1,1,Barber,average
NA,7.75,7.75,1,1,Barber,average
NA,7.75,7.75,1,1,Barber,average
NA,7.75,7.75,1,1,Barber,average
NA,7.75,7.75,1,1,Barber,average
NA,7.75,7.75,1,1,Barber,average
NA,7.75,7.75,1,1,Barber,average
NA,7.75,7.75,1,1,Barber,average
NA,7.75,7.75,1,1,Barber,average
NA,7.75,7.75,1,1,Barber,average
NA,7.75,7.75,1,1,Barber,average
NA,7.75,7.75,1,1,Barber,average
NA,7.75,7.75,1,1,Barber,average
NA,7.75,7.75,1,1,Barber,average
NA,7.75,7.75,1,1,Barber,average
NA,7.75,7.75,1,1,Barber,average
NA,7.75,7.75,1,1,Barber,average
NA,7.75,7.75,1,1,Barber,average
NA,7.75,7.75,1,1,Barber,average
NA,7.75,7.75,1,1,Barber,average
NA,7.75,7.75,1,1,Barber,average
NA,7.75,7.75,1,1,Barber,average
NA,7.75,7.75,1,1,Barber,average
NA,7.75,7.75,1,1,Barber,average
NA,7.75,7.75,1,1,Barber,average
NA,7.75,7.75,1,1,Barber,average
NA,7.75,7.75,1,1,Barber,average
NA,7.75,7.75,1,1,Barber,average
NA,7.75,7.75,1,1,Barber,average
NA,7.75,7.75,1,1,Barber,average
NA,7.75,7.75,1,1,Barber,average
NA,7.75,7.75,1,1,Barber,average
NA,7.75,7.75,1,1,Barber,average
NA,7.75,7.75,1,1,Barber,average
NA,7.75,7.75,1,1,Barber,average
NA,7.75,7.75,1,1,Barber,average
NA,7.75,7.75,1,1,Barber,average
NA,7.75,7.75,1,1,Barber,average
NA,7.75,7.75,1,1,Barber,average
NA,7.75,7.75,1,1,Barber,average
NA,7.75,7.75,1,1,Barber,average
NA,7.75,7.75,1,1,Barber,average
NA,7.75,7.75,1,1,Barber,average
NA,7.75,7.75,1,1,Barber,average
NA,7.75,7.75,1,1,Barber,average
NA,7.75,7.75,1,1,Barber,average
NA,7.75,7.75,1,1,Barber,average
NA,7.75,7.75,1,1,Barber,average
NA,7.75,7.75,1,1,Barber,average
NA,7.75,7.75,1,1,Barber,average
NA,7.75,7.75,1,1,Barber,average
NA,7.75,7.75,1,1,Barber,average
NA,7.75,7.75,1,1,Barber,average
NA,7.75,7.75,1,1,Barber,average
NA,7.75,7.75,1,1,Barber,average
NA,7.75,7.75,1,1,Barber,average
NA,7.75,7.75,1,1,Barber,average
NA,7.75,7.75,1,1,Barber,average
NA,7.75,7.75,1,1,Barber,average
NA,7.75,7.75,1,1,Barber,average
NA,7.75,7.75,1,1,Barber,average
NA,7.75,7.75,1,1,Barber,average
NA,7.75,7.045454545454546,0,0,Barber,average
NA,7.75,7.75,1,1,Barber,average
NA,7.75,7.75,1,1,Barber,average
NA,7.75,7.75,1,1,Barber,average
NA,7.75,7.75,1,1,Barber,average
NA,7.75,7.75,1,1,Barber,average
NA,7.75,7.75,1,1,Barber,average
NA,7.75,7.75,0,1,Barber,average
NA,7.75,7.75,1,1,Barber,average
NA,7.75,7.75,1,1,Barber,average
NA,7.75,7.75,1,1,Barber,average
NA,7.75,7.75,1,1,Barber,average
NA,7.75,7.75,1,1,Barber,average
NA,7.75,7.75,1,1,Barber,average
NA,7.75,7.75,1,1,Barber,average
NA,7.75,7.75,1,1,Barber,average
NA,7.75,7.75,1,1,Barber,average
NA,7.75,7.75,1,1,Barber,average
NA,7.75,7.75,1,1,Barber,average
NA,7.75,7.75,1,1,Barber,average
NA,7.75,7.75,1,1,Barber,average
NA,7.75,7.75,1,1,Barber,average
NA,7.75,7.75,1,1,Barber,average
NA,7.75,7.75,1,1,Barber,average
NA,7.75,7.75,1,1,Barber,average
NA,7.75,7.75,1,1,Barber,average
NA,7.75,7.75,1,1,Barber,average
NA,7.75,7.75,1,1,Barber,average
NA,7.75,7.75,1,1,Barber,average
NA,7.75,7.75,1,1,Barber,average
NA,7.75,7.75,1,1,Barber,average
NA,7.75,7.75,1,1,Barber,average
NA,7.75,7.75,1,1,Barber,average
NA,7.75,7.75,1,1,Barber,average
NA,7.75,7.75,1,1,Barber,average
NA,7.75,7.75,1,1,Barber,average
NA,7.75,7.75,1,1,Barber,average
NA,7.75,7.75,1,1,Barber,average
NA,7.75,7.75,1,1,Barber,average
NA,7.75,7.75,1,1,Barber,average
NA,7.75,7.75,1,1,Barber,average
NA,7.75,7.75,1,1,Barber,average
NA,7.75,7.75,1,1,Barber,average
NA,7.75,7.75,1,1,Barber,average
NA,7.75,7.75,1,1,Barber,average
NA,7.75,7.75,1,1,Barber,average
NA,7.75,7.75,1,1,Barber,average
NA,7.75,7.75,1,1,Barber,average
NA,7.75,7.75,1,1,Barber,average
NA,7.75,7.75,1,1,Barber,average
NA,7.75,7.75,1,1,Barber,average
NA,7.75,7.75,1,1,Barber,average
NA,7.75,7.75,1,1,Barber,average
NA,7.75,7.75,1,1,Barber,average
NA,7.75,7.75,1,1,Barber,average
NA,7.75,7.75,1,1,Barber,average
NA,7.75,7.75,1,1,Barber,average
NA,7.75,7.75,1,1,Barber,average
NA,7.75,7.75,1,1,Barber,average
NA,7.75,7.75,1,1,Barber,average
NA,7.75,7.75,1,1,Barber,average
NA,7.75,7.75,1,1,Barber,average
NA,7.75,7.75,1,1,Barber,average
NA,7.75,7.75,1,1,Barber,average
NA,7.75,7.75,1,1,Barber,average
NA,7.75,7.75,1,1,Barber,average
NA,7.75,7.75,1,1,Barber,average
NA,7.75,7.75,1,1,Barber,average
NA,7.75,7.75,1,1,Barber,average
NA,7.75,7.75,0,1,Barber,average
NA,7.75,7.75,1,1,Barber,average
NA,7.75,7.75,1,1,Barber,average
NA,7.75,7.75,1,1,Barber,average
NA,7.75,7.75,1,1,Barber,average
NA,7.75,7.75,1,1,Barber,average
NA,7.75,7.75,1,1,Barber,average
NA,7.75,7.75,1,1,Barber,average
NA,7.75,7.75,1,1,Barber,average
NA,7.75,7.75,1,1,Barber,average
NA,7.75,7.75,1,1,Barber,average
NA,7.75,7.75,1,1,Barber,average
NA,7.75,7.75,1,1,Barber,average
NA,7.75,7.75,1,1,Barber,average
NA,7.75,7.75,0,1,Barber,average
NA,7.75,7.75,1,1,Barber,average
NA,7.75,7.75,0,1,Barber,average
NA,7.75,7.75,1,1,Barber,average
NA,7.75,7.75,0,1,Barber,average
NA,7.75,7.75,1,1,Barber,average
NA,7.75,7.75,1,1,Barber,average
NA,7.75,7.75,1,1,Barber,average
NA,7.75,7.75,0,1,Barber,average
NA,7.75,7.75,1,1,Barber,average
NA,7.75,7.75,1,1,Barber,average
NA,7.75,7.75,1,1,Barber,average
NA,7.75,7.75,1,1,Barber,average
NA,7.75,7.75,1,1,Barber,average
NA,7.75,7.75,1,1,Barber,average
NA,7.75,7.75,1,1,Barber,average
NA,7.75,7.75,1,1,Barber,average
NA,7.75,7.75,1,1,Barber,average
NA,7.75,7.75,1,1,Barber,average
NA,7.75,7.75,1,1,Barber,average
NA,7.75,7.045454545454546,0,0,Barber,average
NA,7.75,7.75,1,1,Barber,average
NA,7.75,7.75,1,1,Barber,average
NA,7.75,7.75,1,1,Barber,average
NA,7.75,7.75,1,1,Barber,average
NA,7.75,7.75,1,1,Barber,average
NA,7.75,7.75,1,1,Barber,average
NA,7.75,7.75,1,1,Barber,average
NA,7.75,7.75,1,1,Barber,average
NA,7.75,7.75,1,1,Barber,average
NA,7.75,7.75,1,1,Barber,average
NA,7.75,7.75,1,1,Barber,average
NA,7.75,7.75,0,1,Barber,average
NA,7.75,7.75,1,1,Barber,average
NA,7.75,7.75,1,1,Barber,average
NA,7.75,7.75,1,1,Barber,average
NA,7.75,7.75,1,1,Barber,average
NA,7.75,7.75,1,1,Barber,average
NA,7.75,7.75,1,1,Barber,average
NA,7.75,7.75,1,1,Barber,average
NA,7.75,7.75,1,1,Barber,average
NA,7.75,7.75,1,1,Barber,average
NA,7.75,7.75,1,1,Barber,average
NA,7.75,7.75,1,1,Barber,average
NA,7.75,7.75,1,1,Barber,average
NA,7.75,7.75,1,1,Barber,average
NA,7.75,7.75,1,1,Barber,average
NA,7.75,7.75,1,1,Barber,average
NA,7.75,7.75,1,1,Barber,average
NA,7.75,7.75,1,1,Barber,average
NA,7.75,7.75,1,1,Barber,average
NA,7.75,7.75,1,1,Barber,average
NA,7.75,7.75,1,1,Barber,average
NA,7.75,7.75,1,1,Barber,average
NA,7.75,7.75,1,1,Barber,average
NA,7.75,7.75,1,1,Barber,average
NA,7.75,7.75,1,1,Barber,average
NA,7.75,7.75,0,1,Barber,average
NA,7.75,7.75,1,1,Barber,average
NA,7.75,7.75,1,1,Barber,average
NA,7.75,7.75,1,1,Barber,average
NA,7.75,7.75,1,1,Barber,average
NA,7.75,7.75,1,1,Barber,average
NA,7.75,7.75,1,1,Barber,average
NA,7.75,7.75,1,1,Barber,average
NA,7.75,7.75,1,1,Barber,average
NA,7.75,7.75,1,1,Barber,average
NA,7.75,7.75,1,1,Barber,average
NA,7.75,7.75,1,1,Barber,average
NA,7.75,7.75,1,1,Barber,average
NA,7.75,7.75,1,1,Barber,average
NA,7.75,7.75,1,1,Barber,average
NA,7.75,7.75,1,1,Barber,average
NA,7.75,7.75,1,1,Barber,average
NA,7.75,7.75,1,1,Barber,average
NA,7.75,7.75,1,1,Barber,average
NA,7.75,7.75,1,1,Barber,average
NA,7.75,7.75,1,1,Barber,average
NA,7.75,7.75,1,1,Barber,average
NA,7.75,7.75,1,1,Barber,average
NA,7.75,7.75,1,1,Barber,average
NA,7.75,7.75,1,1,Barber,average
NA,7.75,7.75,1,1,Barber,average
NA,7.75,7.75,1,1,Barber,average
NA,7.75,7.75,1,1,Barber,average
NA,7.75,7.75,1,1,Barber,average
NA,7.75,7.75,1,1,Barber,average
NA,7.75,7.75,1,1,Barber,average
NA,7.75,7.75,1,1,Barber,average
NA,7.75,7.75,1,1,Barber,average
NA,7.75,7.75,1,1,Barber,average
NA,7.75,7.75,1,1,Barber,average
NA,7.75,7.75,1,1,Barber,average
NA,7.75,7.75,1,1,Barber,average
NA,7.75,7.75,1,1,Barber,average
NA,7.75,7.75,1,1,Barber,average
NA,7.75,7.75,1,1,Barber,average
NA,7.75,7.75,1,1,Barber,average
NA,7.75,7.75,1,1,Barber,average
NA,7.75,7.75,1,1,Barber,average
NA,7.75,7.75,1,1,Barber,average
NA,7.75,7.75,1,1,Barber,average
NA,7.75,7.75,1,1,Barber,average
NA,7.75,7.045454545454546,0,0,Barber,average
NA,7.75,7.75,1,1,Barber,average
NA,7.75,7.75,1,1,Barber,average
NA,7.75,7.75,1,1,Barber,average
NA,7.75,7.75,1,1,Barber,average
NA,7.75,7.75,1,1,Barber,average
NA,7.75,7.75,1,1,Barber,average
NA,7.75,7.75,1,1,Barber,average
NA,7.75,7.75,1,1,Barber,average
NA,7.75,7.75,1,1,Barber,average
NA,7.75,7.75,1,1,Barber,average
NA,7.75,7.75,1,1,Barber,average
NA,7.75,7.75,1,1,Barber,average
NA,7.75,7.75,1,1,Barber,average
NA,7.75,7.75,1,1,Barber,average
NA,7.75,7.75,1,1,Barber,average
NA,7.75,7.75,1,1,Barber,average
NA,7.75,7.75,1,1,Barber,average
NA,7.75,7.75,1,1,Barber,average
NA,7.75,7.75,1,1,Barber,average
NA,7.75,7.75,1,1,Barber,average
NA,7.75,7.75,1,1,Barber,average
NA,7.75,7.75,1,1,Barber,average
NA,7.75,7.75,1,1,Barber,average
NA,7.75,7.75,1,1,Barber,average
NA,7.75,7.75,1,1,Barber,average
NA,7.75,7.75,1,1,Barber,average
NA,7.75,7.75,1,1,Barber,average
NA,7.75,7.75,1,1,Barber,average
NA,7.75,7.75,0,1,Barber,average
NA,7.75,7.75,1,1,Barber,average
NA,7.75,7.75,1,1,Barber,average
NA,7.75,7.75,1,1,Barber,average
NA,7.75,7.75,1,1,Barber,average
NA,7.75,7.75,1,1,Barber,average
NA,7.75,7.75,1,1,Barber,average
NA,7.75,7.75,1,1,Barber,average
NA,7.75,7.75,1,1,Barber,average
NA,7.75,7.75,1,1,Barber,average
NA,7.75,7.75,1,1,Barber,average
NA,7.75,7.75,1,1,Barber,average
NA,7.75,7.75,1,1,Barber,average
NA,7.75,7.75,1,1,Barber,average
NA,7.75,7.75,1,1,Barber,average
NA,7.75,7.75,1,1,Barber,average
NA,7.75,7.75,1,1,Barber,average
NA,7.75,7.75,1,1,Barber,average
NA,7.75,7.75,1,1,Barber,average
NA,7.75,7.75,1,1,Barber,average
NA,7.75,7.75,1,1,Barber,average
NA,7.75,7.75,1,1,Barber,average
NA,7.75,7.75,1,1,Barber,average
NA,7.75,7.75,1,1,Barber,average
NA,7.75,7.75,1,1,Barber,average
NA,7.75,7.75,1,1,Barber,average
NA,7.75,7.75,1,1,Barber,average
NA,7.75,7.75,1,1,Barber,average
NA,7.75,7.75,1,1,Barber,average
NA,7.75,7.75,1,1,Barber,average
NA,7.75,7.75,1,1,Barber,average
NA,7.75,7.75,1,1,Barber,average
NA,7.75,7.75,1,1,Barber,average
NA,7.75,7.75,1,1,Barber,average
NA,7.75,7.75,1,1,Barber,average
NA,7.75,7.75,1,1,Barber,average
NA,7.75,7.75,1,1,Barber,average
NA,7.75,7.75,1,1,Barber,average
NA,7.75,7.75,1,1,Barber,average
NA,7.75,7.75,1,1,Barber,average
NA,7.75,7.75,1,1,Barber,average
NA,7.75,7.75,1,1,Barber,average
NA,7.75,7.75,1,1,Barber,average
NA,7.75,7.75,1,1,Barber,average
NA,7.75,7.75,1,1,Barber,average
NA,7.75,7.75,1,1,Barber,average
NA,7.75,7.75,1,1,Barber,average
NA,7.75,7.75,1,1,Barber,average
NA,7.75,7.75,1,1,Barber,average
NA,7.75,7.75,1,1,Barber,average
NA,7.75,7.75,1,1,Barber,average
NA,7.75,7.75,1,1,Barber,average
NA,7.75,7.75,1,1,Barber,average
NA,7.75,7.75,1,1,Barber,average
NA,7.75,7.75,1,1,Barber,average
NA,7.75,7.75,1,1,Barber,average
NA,7.75,7.75,1,1,Barber,average
NA,7.75,7.75,1,1,Barber,average
NA,7.75,7.75,1,1,Barber,average
NA,7.75,7.75,1,1,Barber,average
NA,7.75,7.75,1,1,Barber,average
NA,7.75,7.75,1,1,Barber,average
NA,7.75,7.75,1,1,Barber,average
NA,7.75,7.75,1,1,Barber,average
NA,7.75,7.75,1,1,Barber,average
NA,7.75,7.75,1,1,Barber,average
NA,7.75,7.75,1,1,Barber,average
NA,7.75,7.75,1,1,Barber,average
NA,7.75,7.75,1,1,Barber,average
NA,7.75,7.75,1,1,Barber,average
NA,7.75,7.75,1,1,Barber,average
NA,7.75,7.75,1,1,Barber,average
NA,7.75,7.75,1,1,Barber,average
NA,7.75,7.75,1,1,Barber,average
NA,7.75,7.75,1,1,Barber,average
NA,7.75,7.75,1,1,Barber,average
NA,7.75,7.75,1,1,Barber,average
NA,7.75,7.75,1,1,Barber,average
NA,7.75,7.75,1,1,Barber,average
NA,7.75,7.75,1,1,Barber,average
NA,7.75,7.75,1,1,Barber,average
NA,7.75,7.75,1,1,Barber,average
NA,7.75,7.75,1,1,Barber,average
NA,7.75,7.75,1,1,Barber,average
NA,7.75,7.75,1,1,Barber,average
NA,7.75,7.75,1,1,Barber,average
NA,7.75,7.75,1,1,Barber,average
NA,7.75,7.75,1,1,Barber,average
NA,7.75,7.75,1,1,Barber,average
NA,7.75,7.75,1,1,Barber,average
NA,7.75,7.75,1,1,Barber,average
NA,7.75,7.75,1,1,Barber,average
NA,7.75,7.75,1,1,Barber,average
NA,7.75,7.75,1,1,Barber,average
NA,7.75,7.75,1,1,Barber,average
NA,7.75,7.75,1,1,Barber,average
NA,7.75,7.75,1,1,Barber,average
NA,7.75,7.75,1,1,Barber,average
NA,7.75,7.75,1,1,Barber,average
NA,7.75,7.75,1,1,Barber,average
NA,7.75,7.75,1,1,Barber,average
NA,7.75,7.75,1,1,Barber,average
NA,7.75,7.75,1,1,Barber,average
NA,7.75,7.75,1,1,Barber,average
NA,7.75,7.75,1,1,Barber,average
NA,7.75,7.75,1,1,Barber,average
NA,7.75,7.75,1,1,Barber,average
NA,7.75,7.75,0,1,Barber,average
NA,7.75,7.75,1,1,Barber,average
NA,7.75,7.75,0,1,Barber,average
NA,7.75,7.75,1,1,Barber,average
NA,7.75,7.75,1,1,Barber,average
NA,7.75,7.75,1,1,Barber,average
NA,7.75,7.75,1,1,Barber,average
NA,7.75,7.75,1,1,Barber,average
NA,7.75,7.75,1,1,Barber,average
NA,7.75,7.75,1,1,Barber,average
NA,7.75,7.75,1,1,Barber,average
NA,7.75,7.75,1,1,Barber,average
NA,7.75,7.75,1,1,Barber,average
NA,7.75,7.75,1,1,Barber,average
NA,7.75,7.75,1,1,Barber,average
NA,7.75,7.75,1,1,Barber,average
NA,7.75,7.75,1,1,Barber,average
NA,7.75,7.75,1,1,Barber,average
NA,7.75,7.75,1,1,Barber,average
NA,7.75,7.75,1,1,Barber,average
NA,7.75,7.75,1,1,Barber,average
NA,7.75,7.75,1,1,Barber,average
NA,7.75,7.75,1,1,Barber,average
NA,7.75,7.75,1,1,Barber,average
NA,7.75,7.75,1,1,Barber,average
NA,7.75,7.75,1,1,Barber,average
NA,7.75,7.75,1,1,Barber,average
NA,7.75,7.75,1,1,Barber,average
NA,7.75,7.75,1,1,Barber,average
NA,7.75,7.75,1,1,Barber,average
NA,7.75,7.75,1,1,Barber,average
NA,7.75,7.75,1,1,Barber,average
NA,7.75,7.75,1,1,Barber,average
NA,7.75,7.75,1,1,Barber,average
NA,7.75,7.75,1,1,Barber,average
NA,7.75,7.75,1,1,Barber,average
NA,7.75,7.75,1,1,Barber,average
NA,7.75,7.75,1,1,Barber,average
NA,7.75,7.75,1,1,Barber,average
NA,7.75,7.75,1,1,Barber,average
NA,7.75,7.75,0,1,Barber,average
NA,7.75,7.75,1,1,Barber,average
NA,7.75,7.75,1,1,Barber,average
NA,7.75,7.75,1,1,Barber,average
NA,7.75,7.75,1,1,Barber,average
NA,7.75,7.75,1,1,Barber,average
NA,7.75,7.75,1,1,Barber,average
NA,7.75,7.75,1,1,Barber,average
NA,7.75,7.75,1,1,Barber,average
NA,7.75,7.75,1,1,Barber,average
NA,7.75,7.75,1,1,Barber,average
NA,7.75,7.75,1,1,Barber,average
NA,7.75,7.75,1,1,Barber,average
NA,7.75,7.75,1,1,Barber,average
NA,7.75,7.75,1,1,Barber,average
NA,7.75,7.75,1,1,Barber,average
NA,7.75,7.75,1,1,Barber,average
NA,7.75,7.75,1,1,Barber,average
NA,7.75,7.75,1,1,Barber,average
NA,7.75,7.75,1,1,Barber,average
NA,7.75,7.75,1,1,Barber,average
NA,7.75,7.75,1,1,Barber,average
NA,7.75,7.75,1,1,Barber,average
NA,7.75,7.75,1,1,Barber,average
NA,7.75,7.75,1,1,Barber,average
NA,7.75,7.75,1,1,Barber,average
NA,7.75,7.75,1,1,Barber,average
NA,7.75,7.75,1,1,Barber,average
NA,7.75,7.75,1,1,Barber,average
NA,7.75,7.75,1,1,Barber,average
NA,7.75,7.75,1,1,Barber,average
NA,7.75,7.75,1,1,Barber,average
NA,7.75,7.75,1,1,Barber,average
NA,7.75,7.75,1,1,Barber,average
NA,7.75,7.75,1,1,Barber,average
NA,7.75,7.75,1,1,Barber,average
NA,7.75,7.75,1,1,Barber,average
NA,7.75,7.75,1,1,Barber,average
NA,7.75,7.75,1,1,Barber,average
NA,7.75,7.75,1,1,Barber,average
NA,7.75,7.75,1,1,Barber,average
NA,7.75,7.75,1,1,Barber,average
NA,7.75,7.75,1,1,Barber,average
NA,7.75,7.045454545454546,0,0,Barber,average
NA,7.75,7.75,1,1,Barber,average
NA,7.75,7.75,1,1,Barber,average
NA,7.75,7.75,1,1,Barber,average
NA,7.75,7.75,0,1,Barber,average
NA,7.75,7.75,1,1,Barber,average
NA,7.75,7.75,1,1,Barber,average
NA,7.75,7.75,1,1,Barber,average
NA,7.75,7.75,1,1,Barber,average
NA,7.75,7.75,1,1,Barber,average
NA,7.75,7.75,1,1,Barber,average
NA,7.75,7.75,1,1,Barber,average
NA,7.75,7.75,0,1,Barber,average
NA,7.75,7.75,1,1,Barber,average
NA,7.75,7.75,1,1,Barber,average
NA,7.75,7.75,1,1,Barber,average
NA,7.75,7.75,1,1,Barber,average
NA,7.75,7.75,1,1,Barber,average
NA,7.75,7.75,1,1,Barber,average
NA,7.75,7.75,1,1,Barber,average
NA,7.75,7.75,1,1,Barber,average
NA,7.75,7.75,1,1,Barber,average
NA,7.75,7.75,1,1,Barber,average
NA,8.875,8.875,1,1,Barber,average
NA,8.875,8.875,1,1,Barber,average
NA,8.875,8.875,1,1,Barber,average
NA,8.875,8.875,1,1,Barber,average
NA,8.875,8.875,1,1,Barber,average
NA,8.875,8.875,1,1,Barber,average
NA,8.875,8.875,1,1,Barber,average
NA,8.875,8.875,1,1,Barber,average
NA,8.875,8.875,1,1,Barber,average
NA,8.875,8.875,1,1,Barber,average
NA,8.875,8.875,1,1,Barber,average
NA,8.875,8.875,1,1,Barber,average
NA,8.875,8.875,1,1,Barber,average
NA,8.875,8.875,1,1,Barber,average
NA,8.875,8.875,1,1,Barber,average
NA,8.875,8.875,1,1,Barber,average
NA,8.875,8.875,1,1,Barber,average
NA,8.875,8.875,1,1,Barber,average
NA,8.875,8.875,1,1,Barber,average
NA,8.875,8.875,1,1,Barber,average
NA,8.875,8.875,1,1,Barber,average
NA,8.875,8.875,1,1,Barber,average
NA,8.875,8.875,1,1,Barber,average
NA,8.875,8.875,1,1,Barber,average
NA,8.875,8.875,1,1,Barber,average
NA,8.875,8.875,1,1,Barber,average
NA,8.875,8.875,1,1,Barber,average
NA,8.875,8.875,1,1,Barber,average
NA,8.875,8.875,1,1,Barber,average
NA,8.875,8.875,1,1,Barber,average
NA,8.875,8.875,1,1,Barber,average
NA,8.875,8.875,1,1,Barber,average
NA,8.875,8.875,1,1,Barber,average
NA,8.875,8.875,1,1,Barber,average
NA,8.875,8.875,1,1,Barber,average
NA,8.875,8.875,1,1,Barber,average
NA,8.875,8.875,1,1,Barber,average
NA,8.875,8.875,1,1,Barber,average
NA,8.875,8.875,1,1,Barber,average
NA,8.875,8.875,1,1,Barber,average
NA,8.875,8.875,1,1,Barber,average
NA,8.875,8.875,1,1,Barber,average
NA,8.875,8.875,1,1,Barber,average
NA,8.875,8.875,1,1,Barber,average
NA,8.875,8.875,1,1,Barber,average
NA,8.875,8.875,1,1,Barber,average
NA,8.875,8.875,1,1,Barber,average
NA,8.875,8.875,1,1,Barber,average
NA,8.875,8.875,1,1,Barber,average
NA,8.875,8.875,1,1,Barber,average
NA,8.875,8.875,1,1,Barber,average
NA,8.875,8.875,1,1,Barber,average
NA,8.875,8.875,1,1,Barber,average
NA,8.875,8.875,1,1,Barber,average
NA,8.875,8.875,1,1,Barber,average
NA,8.875,8.875,1,1,Barber,average
NA,8.875,8.875,1,1,Barber,average
NA,8.875,8.875,1,1,Barber,average
NA,8.875,8.875,1,1,Barber,average
NA,8.875,8.875,1,1,Barber,average
NA,8.875,8.875,1,1,Barber,average
NA,8.875,8.875,1,1,Barber,average
NA,8.875,8.875,1,1,Barber,average
NA,8.875,8.875,1,1,Barber,average
NA,8.875,8.875,1,1,Barber,average
NA,8.875,8.875,1,1,Barber,average
NA,8.875,8.875,1,1,Barber,average
NA,8.875,8.875,1,1,Barber,average
NA,8.875,8.875,1,1,Barber,average
NA,8.875,8.875,1,1,Barber,average
NA,8.875,8.875,1,1,Barber,average
NA,8.875,8.875,1,1,Barber,average
NA,8.875,8.875,1,1,Barber,average
NA,8.875,8.875,1,1,Barber,average
NA,8.875,8.875,1,1,Barber,average
NA,8.875,8.875,1,1,Barber,average
NA,8.875,8.875,1,1,Barber,average
NA,8.875,8.875,1,1,Barber,average
NA,8.875,8.875,1,1,Barber,average
NA,8.875,8.875,1,1,Barber,average
NA,8.875,8.875,1,1,Barber,average
NA,8.875,8.875,1,1,Barber,average
NA,8.875,8.875,1,1,Barber,average
NA,8.875,8.875,1,1,Barber,average
NA,8.875,8.875,1,1,Barber,average
NA,8.875,8.875,1,1,Barber,average
NA,8.875,8.875,1,1,Barber,average
NA,8.875,8.875,1,1,Barber,average
NA,8.875,8.875,1,1,Barber,average
NA,8.875,8.875,1,1,Barber,average
NA,8.875,8.875,1,1,Barber,average
NA,8.875,8.875,1,1,Barber,average
NA,8.875,8.875,1,1,Barber,average
NA,8.875,8.875,1,1,Barber,average
NA,8.875,8.875,1,1,Barber,average
NA,8.875,8.875,1,1,Barber,average
NA,8.875,8.875,1,1,Barber,average
NA,8.875,8.875,1,1,Barber,average
NA,8.875,8.875,1,1,Barber,average
NA,8.875,8.875,1,1,Barber,average
NA,8.875,8.875,1,1,Barber,average
NA,8.875,8.875,1,1,Barber,average
NA,8.875,8.875,1,1,Barber,average
NA,8.875,8.875,1,1,Barber,average
NA,8.875,8.875,1,1,Barber,average
NA,8.875,8.875,1,1,Barber,average
NA,8.875,8.875,1,1,Barber,average
NA,8.875,8.875,1,1,Barber,average
NA,8.875,8.875,1,1,Barber,average
NA,8.875,8.875,1,1,Barber,average
NA,8.875,8.875,1,1,Barber,average
NA,8.875,8.875,1,1,Barber,average
NA,8.875,8.875,1,1,Barber,average
NA,8.875,8.875,1,1,Barber,average
NA,8.875,8.875,1,1,Barber,average
NA,8.875,8.875,1,1,Barber,average
NA,8.875,8.875,1,1,Barber,average
NA,8.875,8.875,1,1,Barber,average
NA,8.875,8.875,1,1,Barber,average
NA,8.875,8.875,1,1,Barber,average
NA,8.875,8.875,1,1,Barber,average
NA,8.875,8.875,1,1,Barber,average
NA,8.875,8.875,1,1,Barber,average
NA,8.875,8.875,1,1,Barber,average
NA,8.875,8.875,1,1,Barber,average
NA,8.875,8.875,1,1,Barber,average
NA,8.875,8.875,1,1,Barber,average
NA,8.875,8.875,1,1,Barber,average
NA,8.875,8.875,1,1,Barber,average
NA,8.875,8.875,1,1,Barber,average
NA,8.875,8.875,1,1,Barber,average
NA,8.875,8.875,1,1,Barber,average
NA,8.875,8.875,1,1,Barber,average
NA,8.875,8.875,1,1,Barber,average
NA,8.875,8.875,1,1,Barber,average
NA,8.875,8.875,1,1,Barber,average
NA,8.875,8.875,1,1,Barber,average
NA,8.875,8.875,1,1,Barber,average
NA,8.875,8.875,1,1,Barber,average
NA,8.875,8.875,1,1,Barber,average
NA,8.875,8.875,1,1,Barber,average
NA,8.875,8.875,1,1,Barber,average
NA,8.875,8.875,1,1,Barber,average
NA,8.875,8.875,1,1,Barber,average
NA,8.875,8.875,1,1,Barber,average
NA,8.875,8.875,1,1,Barber,average
NA,8.875,8.875,1,1,Barber,average
NA,8.875,8.875,1,1,Barber,average
NA,8.875,8.875,1,1,Barber,average
NA,8.875,8.875,1,1,Barber,average
NA,8.875,8.875,1,1,Barber,average
NA,8.875,8.875,1,1,Barber,average
NA,8.875,8.875,1,1,Barber,average
NA,8.875,8.875,1,1,Barber,average
NA,8.875,8.875,1,1,Barber,average
NA,8.875,8.875,1,1,Barber,average
NA,8.875,8.875,1,1,Barber,average
NA,8.875,8.875,1,1,Barber,average
NA,8.875,8.875,1,1,Barber,average
NA,8.875,8.875,1,1,Barber,average
NA,8.875,8.875,1,1,Barber,average
NA,8.875,8.875,1,1,Barber,average
NA,8.875,8.875,1,1,Barber,average
NA,8.875,8.875,1,1,Barber,average
NA,8.875,8.875,1,1,Barber,average
NA,8.875,8.875,1,1,Barber,average
NA,8.875,8.875,1,1,Barber,average
NA,8.875,8.875,1,1,Barber,average
NA,8.875,8.875,1,1,Barber,average
NA,8.875,8.875,1,1,Barber,average
NA,8.875,8.875,1,1,Barber,average
NA,8.875,8.875,1,1,Barber,average
NA,8.875,8.875,1,1,Barber,average
NA,8.875,8.875,1,1,Barber,average
NA,8.875,8.875,1,1,Barber,average
NA,8.875,8.875,1,1,Barber,average
NA,8.875,8.875,1,1,Barber,average
NA,8.875,8.875,1,1,Barber,average
NA,8.875,8.875,1,1,Barber,average
NA,8.875,8.875,1,1,Barber,average
NA,8.875,8.875,1,1,Barber,average
NA,8.875,8.875,1,1,Barber,average
NA,8.875,8.875,1,1,Barber,average
NA,8.875,8.875,1,1,Barber,average
NA,8.875,8.875,1,1,Barber,average
NA,8.875,8.875,1,1,Barber,average
NA,8.875,8.875,1,1,Barber,average
NA,8.875,8.875,1,1,Barber,average
NA,8.875,8.875,1,1,Barber,average
NA,8.875,8.875,1,1,Barber,average
NA,8.875,8.875,1,1,Barber,average
NA,8.875,8.875,1,1,Barber,average
NA,8.875,8.875,1,1,Barber,average
NA,8.875,8.875,1,1,Barber,average
NA,8.875,8.875,1,1,Barber,average
NA,8.875,8.875,1,1,Barber,average
NA,8.875,8.875,1,1,Barber,average
NA,8.875,8.875,1,1,Barber,average
NA,8.875,8.875,1,1,Barber,average
NA,8.875,8.875,1,1,Barber,average
NA,8.875,8.875,1,1,Barber,average
NA,8.875,8.875,1,1,Barber,average
NA,8.875,8.875,1,1,Barber,average
NA,8.875,8.875,1,1,Barber,average
NA,8.875,8.875,1,1,Barber,average
NA,8.875,8.875,1,1,Barber,average
NA,8.875,8.875,1,1,Barber,average
NA,8.875,8.875,1,1,Barber,average
NA,8.875,8.875,1,1,Barber,average
NA,8.875,8.875,1,1,Barber,average
NA,8.875,8.875,1,1,Barber,average
NA,8.875,8.875,1,1,Barber,average
NA,8.875,8.875,1,1,Barber,average
NA,8.875,8.875,1,1,Barber,average
NA,8.875,8.875,1,1,Barber,average
NA,8.875,8.875,1,1,Barber,average
NA,8.875,8.875,1,1,Barber,average
NA,8.875,8.875,1,1,Barber,average
NA,8.875,8.875,1,1,Barber,average
NA,8.875,8.875,1,1,Barber,average
NA,8.875,8.875,1,1,Barber,average
NA,8.875,8.875,1,1,Barber,average
NA,8.875,8.875,1,1,Barber,average
NA,8.875,8.875,1,1,Barber,average
NA,8.875,8.875,1,1,Barber,average
NA,8.875,8.875,1,1,Barber,average
NA,8.875,8.875,1,1,Barber,average
NA,8.875,8.875,1,1,Barber,average
NA,8.875,8.875,1,1,Barber,average
NA,8.875,8.875,1,1,Barber,average
NA,8.875,8.875,1,1,Barber,average
NA,8.875,8.875,1,1,Barber,average
NA,8.875,8.875,1,1,Barber,average
NA,8.875,8.875,1,1,Barber,average
NA,8.875,8.875,1,1,Barber,average
NA,8.875,8.875,1,1,Barber,average
NA,8.875,8.875,1,1,Barber,average
NA,8.875,8.875,1,1,Barber,average
NA,8.875,8.875,1,1,Barber,average
NA,8.875,8.875,1,1,Barber,average
NA,8.875,8.875,1,1,Barber,average
NA,8.875,8.875,1,1,Barber,average
NA,8.875,8.875,1,1,Barber,average
NA,8.875,8.875,1,1,Barber,average
NA,8.875,8.875,1,1,Barber,average
NA,8.875,8.875,1,1,Barber,average
NA,8.875,8.875,1,1,Barber,average
NA,8.875,8.875,1,1,Barber,average
NA,8.875,8.875,1,1,Barber,average
NA,8.875,8.875,1,1,Barber,average
NA,8.875,8.875,1,1,Barber,average
NA,8.875,8.875,1,1,Barber,average
NA,8.875,8.875,1,1,Barber,average
NA,8.875,8.875,1,1,Barber,average
NA,8.875,8.875,1,1,Barber,average
NA,8.875,8.875,1,1,Barber,average
NA,8.875,8.875,1,1,Barber,average
NA,8.875,8.875,1,1,Barber,average
NA,8.875,8.875,1,1,Barber,average
NA,8.875,8.875,1,1,Barber,average
NA,8.875,8.875,1,1,Barber,average
NA,8.875,8.875,1,1,Barber,average
NA,8.875,8.875,1,1,Barber,average
NA,8.875,8.875,1,1,Barber,average
NA,8.875,8.875,1,1,Barber,average
NA,8.875,8.875,1,1,Barber,average
NA,8.875,8.875,1,1,Barber,average
NA,8.875,8.875,1,1,Barber,average
NA,8.875,8.875,1,1,Barber,average
NA,8.875,8.875,1,1,Barber,average
NA,8.875,8.875,1,1,Barber,average
NA,8.875,8.875,1,1,Barber,average
NA,8.875,8.875,1,1,Barber,average
NA,8.875,8.875,1,1,Barber,average
NA,8.875,8.875,1,1,Barber,average
NA,8.875,8.875,1,1,Barber,average
NA,8.875,8.875,1,1,Barber,average
NA,8.875,8.875,1,1,Barber,average
NA,8.875,8.875,1,1,Barber,average
NA,8.875,8.875,1,1,Barber,average
NA,8.875,8.875,1,1,Barber,average
NA,8.875,8.875,1,1,Barber,average
NA,8.875,8.875,1,1,Barber,average
NA,8.875,8.875,1,1,Barber,average
NA,8.875,8.875,1,1,Barber,average
NA,8.875,8.875,1,1,Barber,average
NA,8.875,8.875,1,1,Barber,average
NA,8.875,8.875,1,1,Barber,average
NA,8.875,8.875,1,1,Barber,average
NA,8.875,8.875,1,1,Barber,average
NA,8.875,8.875,1,1,Barber,average
NA,8.875,8.875,1,1,Barber,average
NA,8.875,8.875,1,1,Barber,average
NA,8.875,8.875,1,1,Barber,average
NA,8.875,8.875,1,1,Barber,average
NA,8.875,8.875,1,1,Barber,average
NA,8.875,8.875,1,1,Barber,average
NA,8.875,8.875,1,1,Barber,average
NA,8.875,8.875,1,1,Barber,average
NA,8.875,8.875,1,1,Barber,average
NA,8.875,8.875,1,1,Barber,average
NA,8.875,8.875,1,1,Barber,average
NA,8.875,8.875,1,1,Barber,average
NA,8.875,8.875,1,1,Barber,average
NA,8.875,8.875,1,1,Barber,average
NA,8.875,8.875,1,1,Barber,average
NA,8.875,8.875,1,1,Barber,average
NA,8.875,8.875,1,1,Barber,average
NA,8.875,8.875,1,1,Barber,average
NA,8.875,8.875,1,1,Barber,average
NA,8.875,8.875,1,1,Barber,average
NA,8.875,8.875,1,1,Barber,average
NA,8.875,8.875,1,1,Barber,average
NA,8.875,8.875,1,1,Barber,average
NA,8.875,8.875,1,1,Barber,average
NA,8.875,8.875,1,1,Barber,average
NA,8.875,8.875,1,1,Barber,average
NA,8.875,8.875,1,1,Barber,average
NA,8.875,8.875,1,1,Barber,average
NA,8.875,8.875,1,1,Barber,average
NA,8.875,8.875,1,1,Barber,average
NA,8.875,8.875,1,1,Barber,average
NA,8.875,8.875,1,1,Barber,average
NA,8.875,8.875,1,1,Barber,average
NA,8.875,8.875,1,1,Barber,average
NA,8.875,8.875,1,1,Barber,average
NA,8.875,8.875,1,1,Barber,average
NA,8.875,8.875,1,1,Barber,average
NA,8.875,8.875,1,1,Barber,average
NA,8.875,8.875,1,1,Barber,average
NA,8.875,8.875,1,1,Barber,average
NA,8.875,8.875,1,1,Barber,average
NA,8.875,8.875,1,1,Barber,average
NA,8.875,8.875,1,1,Barber,average
NA,8.875,8.875,1,1,Barber,average
NA,8.875,8.875,1,1,Barber,average
NA,8.875,8.875,1,1,Barber,average
NA,8.875,8.875,1,1,Barber,average
NA,8.875,8.875,1,1,Barber,average
NA,8.875,8.875,1,1,Barber,average
NA,8.875,8.875,1,1,Barber,average
NA,8.875,8.875,1,1,Barber,average
NA,8.875,8.875,1,1,Barber,average
NA,8.875,8.875,1,1,Barber,average
NA,8.875,8.875,1,1,Barber,average
NA,8.875,8.875,1,1,Barber,average
NA,8.875,8.875,1,1,Barber,average
NA,8.875,8.875,1,1,Barber,average
NA,8.875,8.875,1,1,Barber,average
NA,8.875,8.875,1,1,Barber,average
NA,8.875,8.875,1,1,Barber,average
NA,8.875,8.875,1,1,Barber,average
NA,8.875,8.875,1,1,Barber,average
NA,8.875,8.875,1,1,Barber,average
NA,8.875,8.875,1,1,Barber,average
NA,8.875,8.875,1,1,Barber,average
NA,8.875,8.875,1,1,Barber,average
NA,8.875,8.875,1,1,Barber,average
NA,8.875,8.875,1,1,Barber,average
NA,8.875,8.875,1,1,Barber,average
NA,8.875,8.875,1,1,Barber,average
NA,8.875,8.875,1,1,Barber,average
NA,8.875,8.875,1,1,Barber,average
NA,8.875,8.875,1,1,Barber,average
NA,8.875,8.875,1,1,Barber,average
NA,8.875,8.875,1,1,Barber,average
NA,8.875,8.875,1,1,Barber,average
NA,8.875,8.875,1,1,Barber,average
NA,8.875,8.875,1,1,Barber,average
NA,8.875,8.875,1,1,Barber,average
NA,8.875,8.875,1,1,Barber,average
NA,8.875,8.875,1,1,Barber,average
NA,8.875,8.875,1,1,Barber,average
NA,8.875,8.875,1,1,Barber,average
NA,8.875,8.875,1,1,Barber,average
NA,8.875,8.875,1,1,Barber,average
NA,8.875,8.875,1,1,Barber,average
NA,8.875,8.875,1,1,Barber,average
NA,8.875,8.875,1,1,Barber,average
NA,8.875,8.875,1,1,Barber,average
NA,8.875,8.875,1,1,Barber,average
NA,8.875,8.875,1,1,Barber,average
NA,8.875,8.875,1,1,Barber,average
NA,8.875,8.875,1,1,Barber,average
NA,8.875,8.875,1,1,Barber,average
NA,8.875,8.875,1,1,Barber,average
NA,8.875,8.875,1,1,Barber,average
NA,8.875,8.875,1,1,Barber,average
NA,8.875,8.875,1,1,Barber,average
NA,8.875,8.875,1,1,Barber,average
NA,8.875,8.875,1,1,Barber,average
NA,8.875,8.875,1,1,Barber,average
NA,8.875,8.875,1,1,Barber,average
NA,8.875,8.875,1,1,Barber,average
NA,8.875,8.875,1,1,Barber,average
NA,8.875,8.875,1,1,Barber,average
NA,8.875,8.875,1,1,Barber,average
NA,8.875,8.875,1,1,Barber,average
NA,8.875,8.875,1,1,Barber,average
NA,8.875,8.875,1,1,Barber,average
NA,8.875,8.875,1,1,Barber,average
NA,8.875,8.875,1,1,Barber,average
NA,8.875,8.875,1,1,Barber,average
NA,8.875,8.875,1,1,Barber,average
NA,8.875,8.875,1,1,Barber,average
NA,8.875,8.875,1,1,Barber,average
NA,8.875,8.875,1,1,Barber,average
NA,8.875,8.875,1,1,Barber,average
NA,8.875,8.875,1,1,Barber,average
NA,8.875,8.875,1,1,Barber,average
NA,8.875,8.875,1,1,Barber,average
NA,8.875,8.875,1,1,Barber,average
NA,8.875,8.875,1,1,Barber,average
NA,8.875,8.875,1,1,Barber,average
NA,8.875,8.875,1,1,Barber,average
NA,8.875,8.875,1,1,Barber,average
NA,8.875,8.875,1,1,Barber,average
NA,8.875,8.875,1,1,Barber,average
NA,8.875,8.875,1,1,Barber,average
NA,8.875,8.875,1,1,Barber,average
NA,8.875,8.875,1,1,Barber,average
NA,8.875,8.875,1,1,Barber,average
NA,8.875,8.875,1,1,Barber,average
NA,8.875,8.875,1,1,Barber,average
NA,8.875,8.875,1,1,Barber,average
NA,8.875,8.875,1,1,Barber,average
NA,8.875,8.875,1,1,Barber,average
NA,8.875,8.875,1,1,Barber,average
NA,8.875,8.875,1,1,Barber,average
NA,8.875,8.875,1,1,Barber,average
NA,8.875,8.875,1,1,Barber,average
NA,8.875,8.875,1,1,Barber,average
NA,8.875,8.875,1,1,Barber,average
NA,8.875,8.875,1,1,Barber,average
NA,8.875,8.875,1,1,Barber,average
NA,8.875,8.875,1,1,Barber,average
NA,8.875,8.875,1,1,Barber,average
NA,8.875,8.875,1,1,Barber,average
NA,8.875,8.875,1,1,Barber,average
NA,8.875,8.875,1,1,Barber,average
NA,8.875,8.875,1,1,Barber,average
NA,8.875,8.875,1,1,Barber,average
NA,8.875,8.875,1,1,Barber,average
NA,8.875,8.875,1,1,Barber,average
NA,8.875,8.875,1,1,Barber,average
NA,8.875,8.875,1,1,Barber,average
NA,8.875,8.875,1,1,Barber,average
NA,8.875,8.875,1,1,Barber,average
NA,8.875,8.875,1,1,Barber,average
NA,8.875,8.875,1,1,Barber,average
NA,8.875,8.875,1,1,Barber,average
NA,8.875,8.875,1,1,Barber,average
NA,8.875,8.875,1,1,Barber,average
NA,8.875,8.875,1,1,Barber,average
NA,8.875,8.875,1,1,Barber,average
NA,8.875,8.875,1,1,Barber,average
NA,8.875,8.875,1,1,Barber,average
NA,8.875,8.875,1,1,Barber,average
NA,8.875,8.875,1,1,Barber,average
NA,8.875,8.875,1,1,Barber,average
NA,8.875,8.875,1,1,Barber,average
NA,8.875,8.875,1,1,Barber,average
NA,8.875,8.875,1,1,Barber,average
NA,8.875,8.875,1,1,Barber,average
NA,8.875,8.875,1,1,Barber,average
NA,8.875,8.875,1,1,Barber,average
NA,8.875,8.875,1,1,Barber,average
NA,8.875,8.875,1,1,Barber,average
NA,8.875,8.875,1,1,Barber,average
NA,8.875,8.875,1,1,Barber,average
NA,8.875,8.875,1,1,Barber,average
NA,8.875,8.875,1,1,Barber,average
NA,8.875,8.875,1,1,Barber,average
NA,8.875,8.875,1,1,Barber,average
NA,8.875,8.875,1,1,Barber,average
NA,8.875,8.875,1,1,Barber,average
NA,8.875,8.875,1,1,Barber,average
NA,8.875,8.875,1,1,Barber,average
NA,8.875,8.875,1,1,Barber,average
NA,8.875,8.875,1,1,Barber,average
NA,8.875,8.875,1,1,Barber,average
NA,8.875,8.875,1,1,Barber,average
NA,8.875,8.875,1,1,Barber,average
NA,8.875,8.875,1,1,Barber,average
NA,8.875,8.875,1,1,Barber,average
NA,8.875,8.875,1,1,Barber,average
NA,8.875,8.875,1,1,Barber,average
NA,8.875,8.875,1,1,Barber,average
NA,8.875,8.875,1,1,Barber,average
NA,8.875,8.875,1,1,Barber,average
NA,8.875,8.875,1,1,Barber,average
NA,8.875,8.875,1,1,Barber,average
NA,8.875,8.875,1,1,Barber,average
NA,8.875,8.875,1,1,Barber,average
NA,8.875,8.875,1,1,Barber,average
NA,8.875,8.875,1,1,Barber,average
NA,8.875,8.875,1,1,Barber,average
NA,8.875,8.875,1,1,Barber,average
NA,8.875,8.875,1,1,Barber,average
NA,8.875,8.875,1,1,Barber,average
NA,8.875,8.875,1,1,Barber,average
NA,8.875,8.875,1,1,Barber,average
NA,8.875,8.875,1,1,Barber,average
NA,8.875,8.875,1,1,Barber,average
NA,8.875,8.875,1,1,Barber,average
NA,8.875,8.875,1,1,Barber,average
NA,8.875,8.875,1,1,Barber,average
NA,8.875,8.875,1,1,Barber,average
NA,8.875,8.875,1,1,Barber,average
NA,8.875,8.875,1,1,Barber,average
NA,8.875,8.875,1,1,Barber,average
NA,8.875,8.875,1,1,Barber,average
NA,8.875,8.875,1,1,Barber,average
NA,8.875,8.875,1,1,Barber,average
NA,8.875,8.875,1,1,Barber,average
NA,8.875,8.875,1,1,Barber,average
NA,8.875,8.875,1,1,Barber,average
NA,8.875,8.875,1,1,Barber,average
NA,8.875,8.875,1,1,Barber,average
NA,8.875,8.875,1,1,Barber,average
NA,8.875,8.875,1,1,Barber,average
NA,8.875,8.875,1,1,Barber,average
NA,8.875,8.875,1,1,Barber,average
NA,8.875,8.875,1,1,Barber,average
NA,8.875,8.875,1,1,Barber,average
NA,8.875,8.875,1,1,Barber,average
NA,8.875,8.875,1,1,Barber,average
NA,8.875,8.875,1,1,Barber,average
NA,8.875,8.875,1,1,Barber,average
NA,8.875,8.875,1,1,Barber,average
NA,8.875,8.875,1,1,Barber,average
NA,8.875,8.875,1,1,Barber,average
NA,8.875,8.875,1,1,Barber,average
NA,8.875,8.875,1,1,Barber,average
NA,8.875,8.875,1,1,Barber,average
NA,8.875,8.875,1,1,Barber,average
NA,8.875,8.875,1,1,Barber,average
NA,8.875,8.875,1,1,Barber,average
NA,8.875,8.875,1,1,Barber,average
NA,8.875,8.875,1,1,Barber,average
NA,8.875,8.875,1,1,Barber,average
NA,8.875,8.875,1,1,Barber,average
NA,8.875,8.875,1,1,Barber,average
NA,8.875,8.875,1,1,Barber,average
NA,8.875,8.875,1,1,Barber,average
NA,8.875,8.875,1,1,Barber,average
NA,8.875,8.875,1,1,Barber,average
NA,8.875,8.875,1,1,Barber,average
NA,8.875,8.875,1,1,Barber,average
NA,8.875,8.875,1,1,Barber,average
NA,8.875,8.875,1,1,Barber,average
NA,8.875,8.875,1,1,Barber,average
NA,8.875,8.875,1,1,Barber,average
NA,8.875,8.875,1,1,Barber,average
NA,8.875,8.875,1,1,Barber,average
NA,8.875,8.875,1,1,Barber,average
NA,8.875,8.875,1,1,Barber,average
NA,8.875,8.875,1,1,Barber,average
NA,8.875,8.875,1,1,Barber,average
NA,8.875,8.875,1,1,Barber,average
NA,8.875,8.875,1,1,Barber,average
NA,8.875,8.875,1,1,Barber,average
NA,8.875,8.875,1,1,Barber,average
NA,8.875,8.875,1,1,Barber,average
NA,8.875,8.875,1,1,Barber,average
NA,8.875,8.875,1,1,Barber,average
NA,8.875,8.875,1,1,Barber,average
NA,8.875,8.875,1,1,Barber,average
NA,8.875,8.875,1,1,Barber,average
NA,8.875,8.875,1,1,Barber,average
NA,8.875,8.875,1,1,Barber,average
NA,8.875,8.875,1,1,Barber,average
NA,8.875,8.875,1,1,Barber,average
NA,8.875,8.875,1,1,Barber,average
NA,8.875,8.875,1,1,Barber,average
NA,8.875,8.875,1,1,Barber,average
NA,8.875,8.875,1,1,Barber,average
NA,8.875,8.875,1,1,Barber,average
NA,8.875,8.875,1,1,Barber,average
NA,8.875,8.875,1,1,Barber,average
NA,8.875,8.875,1,1,Barber,average
NA,8.875,8.875,1,1,Barber,average
NA,8.875,8.875,1,1,Barber,average
NA,8.875,8.875,1,1,Barber,average
NA,8.875,8.875,1,1,Barber,average
NA,8.875,8.875,1,1,Barber,average
NA,8.875,8.875,1,1,Barber,average
NA,8.875,8.875,1,1,Barber,average
NA,8.875,8.875,1,1,Barber,average
NA,8.875,8.875,1,1,Barber,average
NA,8.875,8.875,1,1,Barber,average
NA,8.875,8.875,1,1,Barber,average
NA,8.875,8.875,1,1,Barber,average
NA,8.875,8.875,1,1,Barber,average
NA,8.875,8.875,1,1,Barber,average
NA,8.875,8.875,1,1,Barber,average
NA,8.875,8.875,1,1,Barber,average
NA,8.875,8.875,1,1,Barber,average
NA,8.875,8.875,1,1,Barber,average
NA,8.875,8.875,1,1,Barber,average
NA,8.875,8.875,1,1,Barber,average
NA,8.875,8.875,1,1,Barber,average
NA,8.875,8.875,1,1,Barber,average
NA,8.875,8.875,1,1,Barber,average
NA,8.875,8.875,1,1,Barber,average
NA,8.875,8.875,1,1,Barber,average
NA,8.875,8.875,1,1,Barber,average
NA,8.875,8.875,1,1,Barber,average
NA,8.875,8.875,1,1,Barber,average
NA,8.875,8.875,1,1,Barber,average
NA,8.875,8.875,1,1,Barber,average
NA,8.875,8.875,1,1,Barber,average
NA,8.875,8.875,1,1,Barber,average
NA,8.875,8.875,1,1,Barber,average
NA,8.875,8.875,1,1,Barber,average
NA,8.875,8.875,1,1,Barber,average
NA,8.875,8.875,1,1,Barber,average
NA,8.875,8.875,1,1,Barber,average
NA,8.875,8.875,1,1,Barber,average
NA,8.875,8.875,1,1,Barber,average
NA,8.875,8.875,1,1,Barber,average
NA,8.875,8.875,1,1,Barber,average
NA,8.875,8.875,1,1,Barber,average
NA,8.875,8.875,1,1,Barber,average
NA,8.875,8.875,1,1,Barber,average
NA,8.875,8.875,1,1,Barber,average
NA,8.875,8.875,1,1,Barber,average
NA,8.875,8.875,1,1,Barber,average
NA,8.875,8.875,1,1,Barber,average
NA,8.875,8.875,1,1,Barber,average
NA,8.875,8.875,1,1,Barber,average
NA,8.875,8.875,1,1,Barber,average
NA,8.875,8.875,1,1,Barber,average
NA,8.875,8.875,1,1,Barber,average
NA,8.875,8.875,1,1,Barber,average
NA,8.875,8.875,1,1,Barber,average
NA,8.875,8.875,1,1,Barber,average
NA,8.875,8.875,1,1,Barber,average
NA,8.875,8.875,1,1,Barber,average
NA,8.875,8.875,1,1,Barber,average
NA,8.875,8.875,1,1,Barber,average
NA,8.875,8.875,1,1,Barber,average
NA,8.875,8.875,1,1,Barber,average
NA,8.875,8.875,1,1,Barber,average
NA,8.875,8.875,1,1,Barber,average
NA,8.875,8.875,1,1,Barber,average
NA,8.875,8.875,1,1,Barber,average
NA,8.875,8.875,1,1,Barber,average
NA,8.875,8.875,1,1,Barber,average
NA,8.875,8.875,1,1,Barber,average
NA,8.875,8.875,1,1,Barber,average
NA,8.875,8.875,1,1,Barber,average
NA,8.875,8.875,1,1,Barber,average
NA,8.875,8.875,1,1,Barber,average
NA,8.875,8.875,1,1,Barber,average
NA,8.875,8.875,1,1,Barber,average
NA,8.875,8.875,1,1,Barber,average
NA,8.875,8.875,1,1,Barber,average
NA,8.875,8.875,1,1,Barber,average
NA,8.875,8.875,1,1,Barber,average
NA,8.875,8.875,1,1,Barber,average
NA,8.875,8.875,1,1,Barber,average
NA,8.875,8.875,1,1,Barber,average
NA,8.875,8.875,1,1,Barber,average
NA,8.875,8.875,1,1,Barber,average
NA,8.875,8.875,1,1,Barber,average
NA,8.875,8.875,1,1,Barber,average
NA,8.875,8.875,1,1,Barber,average
NA,8.875,8.875,0,1,Barber,average
NA,8.875,8.875,1,1,Barber,average
NA,8.875,8.875,1,1,Barber,average
NA,8.875,8.875,1,1,Barber,average
NA,8.875,8.875,1,1,Barber,average
NA,8.875,8.875,1,1,Barber,average
NA,8.875,8.875,1,1,Barber,average
NA,8.875,8.875,1,1,Barber,average
NA,8.875,8.875,1,1,Barber,average
NA,8.875,8.875,1,1,Barber,average
NA,8.875,8.875,1,1,Barber,average
NA,8.875,8.875,1,1,Barber,average
NA,8.875,8.875,1,1,Barber,average
NA,8.875,8.875,1,1,Barber,average
NA,8.875,8.875,1,1,Barber,average
NA,8.875,8.875,1,1,Barber,average
NA,8.875,8.875,1,1,Barber,average
NA,8.875,8.875,1,1,Barber,average
NA,8.875,8.875,1,1,Barber,average
NA,8.875,8.875,1,1,Barber,average
NA,8.875,8.875,1,1,Barber,average
NA,8.875,8.875,1,1,Barber,average
NA,8.875,8.875,1,1,Barber,average
NA,8.875,8.875,1,1,Barber,average
NA,8.875,8.875,1,1,Barber,average
NA,8.875,8.875,1,1,Barber,average
NA,8.875,8.875,1,1,Barber,average
NA,8.875,8.875,1,1,Barber,average
NA,8.875,8.875,1,1,Barber,average
NA,8.875,8.875,1,1,Barber,average
NA,8.875,8.875,1,1,Barber,average
NA,8.875,8.875,1,1,Barber,average
NA,8.875,8.875,1,1,Barber,average
NA,8.875,8.875,1,1,Barber,average
NA,8.875,8.875,1,1,Barber,average
NA,8.875,8.875,1,1,Barber,average
NA,8.875,8.875,1,1,Barber,average
NA,8.875,8.875,1,1,Barber,average
NA,8.875,8.875,1,1,Barber,average
NA,8.875,8.875,1,1,Barber,average
NA,8.875,8.875,1,1,Barber,average
NA,8.875,8.875,1,1,Barber,average
NA,8.875,8.875,1,1,Barber,average
NA,8.875,8.875,1,1,Barber,average
NA,8.875,8.875,1,1,Barber,average
NA,8.875,8.875,1,1,Barber,average
NA,8.875,8.875,1,1,Barber,average
NA,8.875,8.875,1,1,Barber,average
NA,8.875,8.875,1,1,Barber,average
NA,8.875,8.875,1,1,Barber,average
NA,8.875,8.875,1,1,Barber,average
NA,8.875,8.875,1,1,Barber,average
NA,8.875,8.875,1,1,Barber,average
NA,8.875,8.875,1,1,Barber,average
NA,8.875,8.875,1,1,Barber,average
NA,8.875,8.875,1,1,Barber,average
NA,8.875,8.875,1,1,Barber,average
NA,8.875,8.875,1,1,Barber,average
NA,8.875,8.875,1,1,Barber,average
NA,8.875,8.875,1,1,Barber,average
NA,8.875,8.875,1,1,Barber,average
NA,8.875,8.875,1,1,Barber,average
NA,8.875,8.875,1,1,Barber,average
NA,8.875,8.875,1,1,Barber,average
NA,8.875,8.875,1,1,Barber,average
NA,8.875,8.875,1,1,Barber,average
NA,8.875,8.875,1,1,Barber,average
NA,8.875,8.875,1,1,Barber,average
NA,8.875,8.875,1,1,Barber,average
NA,8.875,8.875,1,1,Barber,average
NA,8.875,8.875,1,1,Barber,average
NA,8.875,8.875,1,1,Barber,average
NA,8.875,8.875,1,1,Barber,average
NA,8.875,8.875,1,1,Barber,average
NA,8.875,8.875,1,1,Barber,average
NA,8.875,8.875,1,1,Barber,average
NA,8.875,8.875,1,1,Barber,average
NA,8.875,8.875,1,1,Barber,average
NA,8.875,8.875,1,1,Barber,average
NA,8.875,8.875,1,1,Barber,average
NA,8.875,8.875,1,1,Barber,average
NA,8.875,8.875,1,1,Barber,average
NA,8.875,8.875,1,1,Barber,average
NA,8.875,8.875,1,1,Barber,average
NA,8.875,8.875,1,1,Barber,average
NA,8.875,8.875,1,1,Barber,average
NA,8.875,8.875,1,1,Barber,average
NA,8.875,8.875,1,1,Barber,average
NA,8.875,8.875,1,1,Barber,average
NA,8.875,8.875,1,1,Barber,average
NA,8.875,8.875,1,1,Barber,average
NA,8.875,8.875,1,1,Barber,average
NA,8.875,8.875,1,1,Barber,average
NA,8.875,8.875,1,1,Barber,average
NA,8.875,8.875,1,1,Barber,average
NA,8.875,8.875,1,1,Barber,average
NA,8.875,8.875,1,1,Barber,average
NA,8.875,8.875,1,1,Barber,average
NA,8.875,8.875,1,1,Barber,average
NA,8.875,8.875,1,1,Barber,average
NA,8.875,8.875,1,1,Barber,average
NA,8.875,8.875,1,1,Barber,average
NA,8.875,8.875,1,1,Barber,average
NA,8.875,8.875,1,1,Barber,average
NA,8.875,8.875,1,1,Barber,average
NA,8.875,8.875,1,1,Barber,average
NA,8.875,8.875,1,1,Barber,average
NA,8.875,8.875,1,1,Barber,average
NA,8.875,8.875,1,1,Barber,average
NA,8.875,8.875,1,1,Barber,average
NA,8.875,8.875,1,1,Barber,average
NA,8.875,8.875,1,1,Barber,average
NA,8.875,8.875,1,1,Barber,average
NA,8.875,8.875,1,1,Barber,average
NA,8.875,8.875,1,1,Barber,average
NA,8.875,8.875,1,1,Barber,average
NA,8.875,8.875,1,1,Barber,average
NA,8.875,8.875,1,1,Barber,average
NA,8.875,8.875,1,1,Barber,average
NA,8.875,8.875,1,1,Barber,average
NA,8.875,8.875,1,1,Barber,average
NA,8.875,8.875,1,1,Barber,average
NA,8.875,8.875,1,1,Barber,average
NA,8.875,8.875,1,1,Barber,average
NA,8.875,8.068181818181818,0,0,Barber,average
NA,8.875,8.875,1,1,Barber,average
NA,8.875,8.875,1,1,Barber,average
NA,8.875,8.875,1,1,Barber,average
NA,8.875,8.875,1,1,Barber,average
NA,8.875,8.875,1,1,Barber,average
NA,8.875,8.875,1,1,Barber,average
NA,8.875,8.875,1,1,Barber,average
NA,8.875,8.875,1,1,Barber,average
NA,8.875,8.875,1,1,Barber,average
NA,8.875,8.875,1,1,Barber,average
NA,8.875,8.875,1,1,Barber,average
NA,8.875,8.875,1,1,Barber,average
NA,8.875,8.875,1,1,Barber,average
NA,8.875,8.875,1,1,Barber,average
NA,8.875,8.875,1,1,Barber,average
NA,8.875,8.875,1,1,Barber,average
NA,8.875,8.875,1,1,Barber,average
NA,8.875,8.875,1,1,Barber,average
NA,8.875,8.875,1,1,Barber,average
NA,8.875,8.875,1,1,Barber,average
NA,8.875,8.875,1,1,Barber,average
NA,8.875,8.875,1,1,Barber,average
NA,8.875,8.875,1,1,Barber,average
NA,8.875,8.875,1,1,Barber,average
NA,8.875,8.875,1,1,Barber,average
NA,8.875,8.875,1,1,Barber,average
NA,8.875,8.875,1,1,Barber,average
NA,8.875,8.875,1,1,Barber,average
NA,8.875,8.875,1,1,Barber,average
NA,8.875,8.875,1,1,Barber,average
NA,8.875,8.875,1,1,Barber,average
NA,8.875,8.875,1,1,Barber,average
NA,8.875,8.875,1,1,Barber,average
NA,8.875,8.875,1,1,Barber,average
NA,8.875,8.875,1,1,Barber,average
NA,8.875,8.875,1,1,Barber,average
NA,8.875,8.875,1,1,Barber,average
NA,8.875,8.875,1,1,Barber,average
NA,8.875,8.875,1,1,Barber,average
NA,8.875,8.875,1,1,Barber,average
NA,8.875,8.875,1,1,Barber,average
NA,8.875,8.875,1,1,Barber,average
NA,8.875,8.875,1,1,Barber,average
NA,8.875,8.875,1,1,Barber,average
NA,8.875,8.875,1,1,Barber,average
NA,8.875,8.875,1,1,Barber,average
NA,8.875,8.875,1,1,Barber,average
NA,8.875,8.875,1,1,Barber,average
NA,8.875,8.875,1,1,Barber,average
NA,8.875,8.875,1,1,Barber,average
NA,8.875,8.875,1,1,Barber,average
NA,8.875,8.875,1,1,Barber,average
NA,8.875,8.875,1,1,Barber,average
NA,8.875,8.875,1,1,Barber,average
NA,8.875,8.875,1,1,Barber,average
NA,8.875,8.875,1,1,Barber,average
NA,8.875,8.875,1,1,Barber,average
NA,8.875,8.875,1,1,Barber,average
NA,8.875,8.875,1,1,Barber,average
NA,8.875,8.875,1,1,Barber,average
NA,8.875,8.875,1,1,Barber,average
NA,8.875,8.875,1,1,Barber,average
NA,8.875,8.875,1,1,Barber,average
NA,8.875,8.875,1,1,Barber,average
NA,8.875,8.875,1,1,Barber,average
NA,8.875,8.875,1,1,Barber,average
NA,8.875,8.875,1,1,Barber,average
NA,8.875,8.875,1,1,Barber,average
NA,8.875,8.875,1,1,Barber,average
NA,8.875,8.875,1,1,Barber,average
NA,8.875,8.875,1,1,Barber,average
NA,8.875,8.875,1,1,Barber,average
NA,8.875,8.875,1,1,Barber,average
NA,8.875,8.875,1,1,Barber,average
NA,8.875,8.875,1,1,Barber,average
NA,8.875,8.875,1,1,Barber,average
NA,8.875,8.875,1,1,Barber,average
NA,8.875,8.875,1,1,Barber,average
NA,8.875,8.875,1,1,Barber,average
NA,8.875,8.875,1,1,Barber,average
NA,8.875,8.875,1,1,Barber,average
NA,8.875,8.875,1,1,Barber,average
NA,8.875,8.875,1,1,Barber,average
NA,8.875,8.875,1,1,Barber,average
NA,8.875,8.875,1,1,Barber,average
NA,8.875,8.875,1,1,Barber,average
NA,8.875,8.875,1,1,Barber,average
NA,8.875,8.875,1,1,Barber,average
NA,8.875,8.875,1,1,Barber,average
NA,8.875,8.875,1,1,Barber,average
NA,8.875,8.875,1,1,Barber,average
NA,8.875,8.875,1,1,Barber,average
NA,8.875,8.875,1,1,Barber,average
NA,8.875,8.875,1,1,Barber,average
NA,8.875,8.875,1,1,Barber,average
NA,8.875,8.875,1,1,Barber,average
NA,8.875,8.875,1,1,Barber,average
NA,8.875,8.875,1,1,Barber,average
NA,8.875,8.875,1,1,Barber,average
NA,8.875,8.875,1,1,Barber,average
NA,8.875,8.875,1,1,Barber,average
NA,8.875,8.875,1,1,Barber,average
NA,8.875,8.875,1,1,Barber,average
NA,8.875,8.875,1,1,Barber,average
NA,8.875,8.875,1,1,Barber,average
NA,8.875,8.875,1,1,Barber,average
NA,8.875,8.875,1,1,Barber,average
NA,8.875,8.875,1,1,Barber,average
NA,8.875,8.875,1,1,Barber,average
NA,8.875,8.875,1,1,Barber,average
NA,8.875,8.875,1,1,Barber,average
NA,8.875,8.875,1,1,Barber,average
NA,8.875,8.875,1,1,Barber,average
NA,8.875,8.875,1,1,Barber,average
NA,8.875,8.875,1,1,Barber,average
NA,8.875,8.875,1,1,Barber,average
NA,8.875,8.875,1,1,Barber,average
NA,8.875,8.875,1,1,Barber,average
NA,8.875,8.875,1,1,Barber,average
NA,8.875,8.875,1,1,Barber,average
NA,8.875,8.875,1,1,Barber,average
NA,8.875,8.875,1,1,Barber,average
NA,8.875,8.875,1,1,Barber,average
NA,8.875,8.875,1,1,Barber,average
NA,8.875,8.875,1,1,Barber,average
NA,8.875,8.875,1,1,Barber,average
NA,8.875,8.875,1,1,Barber,average
NA,8.875,8.875,1,1,Barber,average
NA,8.875,8.875,1,1,Barber,average
NA,8.875,8.875,1,1,Barber,average
NA,8.875,8.875,1,1,Barber,average
NA,8.875,8.875,1,1,Barber,average
NA,8.875,8.875,1,1,Barber,average
NA,8.875,8.875,1,1,Barber,average
NA,8.875,8.875,1,1,Barber,average
NA,8.875,8.875,1,1,Barber,average
NA,8.875,8.875,1,1,Barber,average
NA,8.875,8.875,1,1,Barber,average
NA,8.875,8.875,1,1,Barber,average
NA,8.875,8.875,1,1,Barber,average
NA,8.875,8.875,1,1,Barber,average
NA,8.875,8.875,1,1,Barber,average
NA,8.875,8.875,1,1,Barber,average
NA,8.875,8.875,1,1,Barber,average
NA,8.875,8.875,1,1,Barber,average
NA,8.875,8.875,1,1,Barber,average
NA,8.875,8.875,1,1,Barber,average
NA,8.875,8.875,1,1,Barber,average
NA,8.875,8.875,1,1,Barber,average
NA,8.875,8.875,1,1,Barber,average
NA,8.875,8.875,1,1,Barber,average
NA,8.875,8.875,1,1,Barber,average
NA,8.875,8.875,1,1,Barber,average
NA,8.875,8.875,1,1,Barber,average
NA,8.875,8.875,1,1,Barber,average
NA,8.875,8.875,1,1,Barber,average
NA,8.875,8.875,1,1,Barber,average
NA,8.875,8.875,1,1,Barber,average
NA,8.875,8.875,1,1,Barber,average
NA,8.875,8.875,1,1,Barber,average
NA,8.875,8.875,1,1,Barber,average
NA,8.875,8.875,1,1,Barber,average
NA,8.875,8.875,1,1,Barber,average
NA,8.875,8.875,1,1,Barber,average
NA,8.875,8.875,1,1,Barber,average
NA,8.875,8.875,1,1,Barber,average
NA,8.875,8.875,1,1,Barber,average
NA,8.875,8.875,1,1,Barber,average
NA,8.875,8.875,1,1,Barber,average
NA,8.875,8.875,1,1,Barber,average
NA,8.875,8.875,1,1,Barber,average
NA,8.875,8.875,1,1,Barber,average
NA,8.875,8.875,1,1,Barber,average
NA,8.875,8.875,1,1,Barber,average
NA,8.875,8.875,1,1,Barber,average
NA,8.875,8.875,1,1,Barber,average
NA,8.875,8.875,1,1,Barber,average
NA,8.875,8.875,1,1,Barber,average
NA,8.875,8.875,1,1,Barber,average
NA,8.875,8.875,1,1,Barber,average
NA,8.875,8.875,1,1,Barber,average
NA,8.875,8.875,1,1,Barber,average
NA,8.875,8.875,1,1,Barber,average
NA,8.875,8.875,1,1,Barber,average
NA,8.875,8.875,1,1,Barber,average
NA,8.875,8.875,1,1,Barber,average
NA,8.875,8.875,1,1,Barber,average
NA,8.875,8.875,1,1,Barber,average
NA,8.875,8.875,1,1,Barber,average
NA,8.875,8.875,1,1,Barber,average
NA,8.875,8.875,1,1,Barber,average
NA,8.875,8.875,1,1,Barber,average
NA,8.875,8.875,1,1,Barber,average
NA,8.875,8.875,1,1,Barber,average
NA,8.875,8.875,1,1,Barber,average
NA,8.875,8.875,1,1,Barber,average
NA,8.875,8.875,1,1,Barber,average
NA,8.875,8.875,1,1,Barber,average
NA,8.875,8.875,1,1,Barber,average
NA,8.875,8.875,1,1,Barber,average
NA,8.875,8.875,1,1,Barber,average
NA,8.875,8.875,1,1,Barber,average
NA,8.875,8.875,1,1,Barber,average
NA,8.875,8.875,1,1,Barber,average
NA,8.875,8.875,1,1,Barber,average
NA,8.875,8.875,1,1,Barber,average
NA,8.875,8.875,1,1,Barber,average
NA,8.875,8.875,1,1,Barber,average
NA,8.875,8.875,1,1,Barber,average
NA,8.875,8.875,1,1,Barber,average
NA,8.875,8.875,1,1,Barber,average
NA,8.875,8.875,1,1,Barber,average
NA,8.875,8.875,1,1,Barber,average
NA,8.875,8.875,1,1,Barber,average
NA,8.875,8.875,1,1,Barber,average
NA,8.875,8.875,1,1,Barber,average
NA,8.875,8.875,1,1,Barber,average
NA,8.875,8.875,1,1,Barber,average
NA,8.875,8.875,1,1,Barber,average
NA,8.875,8.875,1,1,Barber,average
NA,8.875,8.875,1,1,Barber,average
NA,8.875,8.875,1,1,Barber,average
NA,8.875,8.875,1,1,Barber,average
NA,8.875,8.875,1,1,Barber,average
NA,8.875,8.875,1,1,Barber,average
NA,8.875,8.875,1,1,Barber,average
NA,8.875,8.875,1,1,Barber,average
NA,8.875,8.875,1,1,Barber,average
NA,8.875,8.875,1,1,Barber,average
NA,8.875,8.875,1,1,Barber,average
NA,8.875,8.875,1,1,Barber,average
NA,8.875,8.875,1,1,Barber,average
NA,8.875,8.875,1,1,Barber,average
NA,8.875,8.875,1,1,Barber,average
NA,8.875,8.875,1,1,Barber,average
NA,8.875,8.875,1,1,Barber,average
NA,8.875,8.875,1,1,Barber,average
NA,8.875,8.875,1,1,Barber,average
NA,8.875,8.875,1,1,Barber,average
NA,8.875,8.875,1,1,Barber,average
NA,8.875,8.875,1,1,Barber,average
NA,8.875,8.875,1,1,Barber,average
NA,8.875,8.875,1,1,Barber,average
NA,8.875,8.875,1,1,Barber,average
NA,8.875,8.875,1,1,Barber,average
NA,8.875,8.875,1,1,Barber,average
NA,8.875,8.875,1,1,Barber,average
NA,8.875,8.875,1,1,Barber,average
NA,8.875,8.875,1,1,Barber,average
NA,8.875,8.875,1,1,Barber,average
NA,8.875,8.875,1,1,Barber,average
NA,8.875,8.875,1,1,Barber,average
NA,8.875,8.875,1,1,Barber,average
NA,8.875,8.875,1,1,Barber,average
NA,8.875,8.875,1,1,Barber,average
NA,8.875,8.875,1,1,Barber,average
NA,8.875,8.875,1,1,Barber,average
NA,8.875,8.875,1,1,Barber,average
NA,8.875,8.875,1,1,Barber,average
NA,8.875,8.875,1,1,Barber,average
NA,8.875,8.875,1,1,Barber,average
NA,8.875,8.875,1,1,Barber,average
NA,8.875,8.875,1,1,Barber,average
NA,8.875,8.875,1,1,Barber,average
NA,8.875,8.875,1,1,Barber,average
NA,8.875,8.875,1,1,Barber,average
NA,8.875,8.875,1,1,Barber,average
NA,8.875,8.875,1,1,Barber,average
NA,8.875,8.875,1,1,Barber,average
NA,8.875,8.875,1,1,Barber,average
NA,8.875,8.875,1,1,Barber,average
NA,8.875,8.875,1,1,Barber,average
NA,8.875,8.875,1,1,Barber,average
NA,8.875,8.875,1,1,Barber,average
NA,8.875,8.875,1,1,Barber,average
NA,8.875,8.875,1,1,Barber,average
NA,8.875,8.875,1,1,Barber,average
NA,8.875,8.875,1,1,Barber,average
NA,8.875,8.875,1,1,Barber,average
NA,8.875,8.875,1,1,Barber,average
NA,8.875,8.875,1,1,Barber,average
NA,8.875,8.875,1,1,Barber,average
NA,8.875,8.875,1,1,Barber,average
NA,8.875,8.875,1,1,Barber,average
NA,8.875,8.875,1,1,Barber,average
NA,8.875,8.875,1,1,Barber,average
NA,8.875,8.875,1,1,Barber,average
NA,8.875,8.875,1,1,Barber,average
NA,8.875,8.875,1,1,Barber,average
NA,8.875,8.875,1,1,Barber,average
NA,8.875,8.875,1,1,Barber,average
NA,8.875,8.875,1,1,Barber,average
NA,8.875,8.875,1,1,Barber,average
NA,8.875,8.875,1,1,Barber,average
NA,8.875,8.875,1,1,Barber,average
NA,8.875,8.875,1,1,Barber,average
NA,8.875,8.875,1,1,Barber,average
NA,8.875,8.875,1,1,Barber,average
NA,8.875,8.875,1,1,Barber,average
NA,8.875,8.875,1,1,Barber,average
NA,8.875,8.875,1,1,Barber,average
NA,8.875,8.875,1,1,Barber,average
NA,8.875,8.875,1,1,Barber,average
NA,8.875,8.875,1,1,Barber,average
NA,8.875,8.875,1,1,Barber,average
NA,8.875,8.875,1,1,Barber,average
NA,8.875,8.875,1,1,Barber,average
NA,8.875,8.875,1,1,Barber,average
NA,8.875,8.875,1,1,Barber,average
NA,8.875,8.875,1,1,Barber,average
NA,8.875,8.875,1,1,Barber,average
NA,8.875,8.875,1,1,Barber,average
NA,8.875,8.875,1,1,Barber,average
NA,8.875,8.875,1,1,Barber,average
NA,8.875,8.875,1,1,Barber,average
NA,8.875,8.875,1,1,Barber,average
NA,8.875,8.875,1,1,Barber,average
NA,8.875,8.875,1,1,Barber,average
NA,8.875,8.875,1,1,Barber,average
NA,8.875,8.875,1,1,Barber,average
NA,8.875,8.875,1,1,Barber,average
NA,8.875,8.875,1,1,Barber,average
NA,8.875,8.875,1,1,Barber,average
NA,8.875,8.875,1,1,Barber,average
NA,8.875,8.875,1,1,Barber,average
NA,8.875,8.875,1,1,Barber,average
NA,8.875,8.875,1,1,Barber,average
NA,8.875,8.875,1,1,Barber,average
NA,8.875,8.875,1,1,Barber,average
NA,8.875,8.875,1,1,Barber,average
NA,8.875,8.875,1,1,Barber,average
NA,8.875,8.875,1,1,Barber,average
NA,8.875,8.875,1,1,Barber,average
NA,8.875,8.875,1,1,Barber,average
NA,8.875,8.875,1,1,Barber,average
NA,8.875,8.875,1,1,Barber,average
NA,8.875,8.875,1,1,Barber,average
NA,8.875,8.875,1,1,Barber,average
NA,8.875,8.875,1,1,Barber,average
NA,8.875,8.875,1,1,Barber,average
NA,8.875,8.875,1,1,Barber,average
NA,8.875,8.875,1,1,Barber,average
NA,8.875,8.875,1,1,Barber,average
NA,8.875,8.875,1,1,Barber,average
NA,8.875,8.875,1,1,Barber,average
NA,8.875,8.875,1,1,Barber,average
NA,8.875,8.875,1,1,Barber,average
NA,8.875,8.875,1,1,Barber,average
NA,8.875,8.875,1,1,Barber,average
NA,8.875,8.875,1,1,Barber,average
NA,8.875,8.875,1,1,Barber,average
NA,8.875,8.875,1,1,Barber,average
NA,8.875,8.875,1,1,Barber,average
NA,8.875,8.875,1,1,Barber,average
NA,8.875,8.875,1,1,Barber,average
NA,8.875,8.875,1,1,Barber,average
NA,8.875,8.875,1,1,Barber,average
NA,8.875,8.875,1,1,Barber,average
NA,8.875,8.875,1,1,Barber,average
NA,8.875,8.875,1,1,Barber,average
NA,8.875,8.875,1,1,Barber,average
NA,8.875,8.875,1,1,Barber,average
NA,8.875,8.875,1,1,Barber,average
NA,8.875,8.875,1,1,Barber,average
NA,8.875,8.875,1,1,Barber,average
NA,8.875,8.875,1,1,Barber,average
NA,8.875,8.875,1,1,Barber,average
NA,8.875,8.875,1,1,Barber,average
NA,8.875,8.875,1,1,Barber,average
NA,8.875,8.875,1,1,Barber,average
NA,8.875,8.875,1,1,Barber,average
NA,8.875,8.875,1,1,Barber,average
NA,8.875,8.875,1,1,Barber,average
NA,8.875,8.875,1,1,Barber,average
NA,8.875,8.875,1,1,Barber,average
NA,8.875,8.875,1,1,Barber,average
NA,8.875,8.875,1,1,Barber,average
NA,8.875,8.875,1,1,Barber,average
NA,8.875,8.875,1,1,Barber,average
NA,8.875,8.875,1,1,Barber,average
NA,8.875,8.875,1,1,Barber,average
NA,8.875,8.875,1,1,Barber,average
NA,8.875,8.875,1,1,Barber,average
NA,8.875,8.875,1,1,Barber,average
NA,8.875,8.875,1,1,Barber,average
NA,8.875,8.875,1,1,Barber,average
NA,8.875,8.875,1,1,Barber,average
NA,8.875,8.875,1,1,Barber,average
NA,8.875,8.875,1,1,Barber,average
NA,8.875,8.875,1,1,Barber,average
NA,8.875,8.875,1,1,Barber,average
NA,8.875,8.875,1,1,Barber,average
NA,8.875,8.875,1,1,Barber,average
NA,8.875,8.875,1,1,Barber,average
NA,8.875,8.875,1,1,Barber,average
NA,8.875,8.875,1,1,Barber,average
NA,8.875,8.875,1,1,Barber,average
NA,8.875,8.875,1,1,Barber,average
NA,8.875,8.875,1,1,Barber,average
NA,8.875,8.875,1,1,Barber,average
NA,8.875,8.875,1,1,Barber,average
NA,8.875,8.875,1,1,Barber,average
NA,8.875,8.875,1,1,Barber,average
NA,8.875,8.875,1,1,Barber,average
NA,8.875,8.875,1,1,Barber,average
NA,8.875,8.875,1,1,Barber,average
NA,8.875,8.875,1,1,Barber,average
NA,8.875,8.875,1,1,Barber,average
NA,8.875,8.875,1,1,Barber,average
NA,8.875,8.875,1,1,Barber,average
NA,8.875,8.875,1,1,Barber,average
NA,8.875,8.875,1,1,Barber,average
NA,8.875,8.875,1,1,Barber,average
NA,8.875,8.875,1,1,Barber,average
NA,8.875,8.875,1,1,Barber,average
NA,8.875,8.875,1,1,Barber,average
NA,8.875,8.875,1,1,Barber,average
NA,8.875,8.875,1,1,Barber,average
NA,8.875,8.875,1,1,Barber,average
NA,8.875,8.875,1,1,Barber,average
NA,8.875,8.875,1,1,Barber,average
NA,8.875,8.875,1,1,Barber,average
NA,8.875,8.875,1,1,Barber,average
NA,8.875,8.875,1,1,Barber,average
NA,8.875,8.875,1,1,Barber,average
NA,8.875,8.875,1,1,Barber,average
NA,8.875,8.875,1,1,Barber,average
NA,8.875,8.875,1,1,Barber,average
NA,8.875,8.875,1,1,Barber,average
NA,8.875,8.875,1,1,Barber,average
NA,8.875,8.875,1,1,Barber,average
NA,8.875,8.875,1,1,Barber,average
NA,8.875,8.875,1,1,Barber,average
NA,8.875,8.875,1,1,Barber,average
NA,8.875,8.875,1,1,Barber,average
NA,8.875,8.875,1,1,Barber,average
NA,8.875,8.875,1,1,Barber,average
NA,8.875,8.875,1,1,Barber,average
NA,8.875,8.875,1,1,Barber,average
NA,8.875,8.875,1,1,Barber,average
NA,8.875,8.875,1,1,Barber,average
NA,8.875,8.875,1,1,Barber,average
NA,8.875,8.875,1,1,Barber,average
NA,8.875,8.875,1,1,Barber,average
NA,8.875,8.875,1,1,Barber,average
NA,8.875,8.875,1,1,Barber,average
NA,8.875,8.875,1,1,Barber,average
NA,8.875,8.875,1,1,Barber,average
NA,8.875,8.875,1,1,Barber,average
NA,8.875,8.875,1,1,Barber,average
NA,8.875,8.875,1,1,Barber,average
NA,8.875,8.875,1,1,Barber,average
NA,8.875,8.875,1,1,Barber,average
NA,8.875,8.875,1,1,Barber,average
NA,8.875,8.875,1,1,Barber,average
NA,8.875,8.875,1,1,Barber,average
NA,8.875,8.875,1,1,Barber,average
NA,8.875,8.875,1,1,Barber,average
NA,8.875,8.875,1,1,Barber,average
NA,8.875,8.875,1,1,Barber,average
NA,8.875,8.875,1,1,Barber,average
NA,8.875,8.875,1,1,Barber,average
NA,8.875,8.875,1,1,Barber,average
NA,8.875,8.875,1,1,Barber,average
NA,8.875,8.875,1,1,Barber,average
NA,8.875,8.875,1,1,Barber,average
NA,8.875,8.875,1,1,Barber,average
NA,8.875,8.875,1,1,Barber,average
NA,8.875,8.875,1,1,Barber,average
NA,8.875,8.875,1,1,Barber,average
NA,8.875,8.875,1,1,Barber,average
NA,8.875,8.875,1,1,Barber,average
NA,8.875,8.875,1,1,Barber,average
NA,8.875,8.875,1,1,Barber,average
NA,8.875,8.875,1,1,Barber,average
NA,8.875,8.875,1,1,Barber,average
NA,8.875,8.875,1,1,Barber,average
NA,8.875,8.875,1,1,Barber,average
NA,8.875,8.875,1,1,Barber,average
NA,8.875,8.875,1,1,Barber,average
NA,8.875,8.875,1,1,Barber,average
NA,8.875,8.875,1,1,Barber,average
NA,8.875,8.875,1,1,Barber,average
NA,8.875,8.875,1,1,Barber,average
NA,8.875,8.875,1,1,Barber,average
NA,8.875,8.875,1,1,Barber,average
NA,8.875,8.875,1,1,Barber,average
NA,8.875,8.875,1,1,Barber,average
NA,8.875,8.875,1,1,Barber,average
NA,8.875,8.875,1,1,Barber,average
NA,8.875,8.875,1,1,Barber,average
NA,8.875,8.875,1,1,Barber,average
NA,8.875,8.875,1,1,Barber,average
NA,8.875,8.875,1,1,Barber,average
NA,8.875,8.875,1,1,Barber,average
NA,8.875,8.875,1,1,Barber,average
NA,8.875,8.875,1,1,Barber,average
NA,8.875,8.875,1,1,Barber,average
NA,8.875,8.875,1,1,Barber,average
NA,8.875,8.875,1,1,Barber,average
NA,8.875,8.875,1,1,Barber,average
NA,8.875,8.875,1,1,Barber,average
NA,8.875,8.875,1,1,Barber,average
NA,8.875,8.875,1,1,Barber,average
NA,8.875,8.875,1,1,Barber,average
NA,8.875,8.875,1,1,Barber,average
NA,8.875,8.875,1,1,Barber,average
NA,8.875,8.875,1,1,Barber,average
NA,8.875,8.875,1,1,Barber,average
NA,8.875,8.875,1,1,Barber,average
NA,8.875,8.875,1,1,Barber,average
NA,8.875,8.875,1,1,Barber,average
NA,8.875,8.875,1,1,Barber,average
NA,8.875,8.875,1,1,Barber,average
NA,8.875,8.875,1,1,Barber,average
NA,8.875,8.875,1,1,Barber,average
NA,8.875,8.875,1,1,Barber,average
NA,8.875,8.875,1,1,Barber,average
NA,8.875,8.875,1,1,Barber,average
NA,8.875,8.875,1,1,Barber,average
NA,8.875,8.875,1,1,Barber,average
NA,8.875,8.875,1,1,Barber,average
NA,8.875,8.875,1,1,Barber,average
NA,8.875,8.875,1,1,Barber,average
NA,8.875,8.875,1,1,Barber,average
NA,8.875,8.875,1,1,Barber,average
NA,8.875,8.875,1,1,Barber,average
NA,8.875,8.875,1,1,Barber,average
NA,8.875,8.875,1,1,Barber,average
NA,8.875,8.875,1,1,Barber,average
NA,8.875,8.875,1,1,Barber,average
NA,8.875,8.875,1,1,Barber,average
NA,8.875,8.875,1,1,Barber,average
NA,8.875,8.875,1,1,Barber,average
NA,8.875,8.875,1,1,Barber,average
NA,8.875,8.875,1,1,Barber,average
NA,8.875,8.875,1,1,Barber,average
NA,8.875,8.875,1,1,Barber,average
NA,8.875,8.875,1,1,Barber,average
NA,8.875,8.875,1,1,Barber,average
NA,8.875,8.875,1,1,Barber,average
NA,8.875,8.875,1,1,Barber,average
NA,8.875,8.875,1,1,Barber,average
NA,8.875,8.875,1,1,Barber,average
NA,8.875,8.875,1,1,Barber,average
NA,8.875,8.875,1,1,Barber,average
NA,8.875,8.875,1,1,Barber,average
NA,8.875,8.875,1,1,Barber,average
NA,8.875,8.875,1,1,Barber,average
NA,8.875,8.875,1,1,Barber,average
NA,8.875,8.875,1,1,Barber,average
NA,8.875,8.875,1,1,Barber,average
NA,8.875,8.875,1,1,Barber,average
NA,8.875,8.875,1,1,Barber,average
NA,8.875,8.875,1,1,Barber,average
NA,8.875,8.875,1,1,Barber,average
NA,8.875,8.875,1,1,Barber,average
NA,8.875,8.875,1,1,Barber,average
NA,8.875,8.875,1,1,Barber,average
NA,8.875,8.875,1,1,Barber,average
NA,8.875,8.875,1,1,Barber,average
NA,8.875,8.875,1,1,Barber,average
NA,8.875,8.875,1,1,Barber,average
NA,8.875,8.875,1,1,Barber,average
NA,8.875,8.875,1,1,Barber,average
NA,8.875,8.875,1,1,Barber,average
NA,8.875,8.875,1,1,Barber,average
NA,8.875,8.875,1,1,Barber,average
NA,8.875,8.875,1,1,Barber,average
NA,8.875,8.875,1,1,Barber,average
NA,8.875,8.875,1,1,Barber,average
NA,8.875,8.875,1,1,Barber,average
NA,8.875,8.875,1,1,Barber,average
NA,8.875,8.875,1,1,Barber,average
NA,8.875,8.875,1,1,Barber,average
NA,8.875,8.875,1,1,Barber,average
NA,8.875,8.875,1,1,Barber,average
NA,8.875,8.875,1,1,Barber,average
NA,8.875,8.875,1,1,Barber,average
NA,8.875,8.875,1,1,Barber,average
NA,8.875,8.875,1,1,Barber,average
NA,8.875,8.875,1,1,Barber,average
NA,8.875,8.875,1,1,Barber,average
NA,8.875,8.875,1,1,Barber,average
NA,8.875,8.875,1,1,Barber,average
NA,8.875,8.875,1,1,Barber,average
NA,8.875,8.875,1,1,Barber,average
NA,8.875,8.875,1,1,Barber,average
NA,8.875,8.875,1,1,Barber,average
NA,8.875,8.875,1,1,Barber,average
NA,8.875,8.875,1,1,Barber,average
NA,8.875,8.875,1,1,Barber,average
NA,8.875,8.875,1,1,Barber,average
NA,8.875,8.875,1,1,Barber,average
NA,8.875,8.875,1,1,Barber,average
NA,8.875,8.875,1,1,Barber,average
NA,8.875,8.875,1,1,Barber,average
NA,8.875,8.875,1,1,Barber,average
NA,8.875,8.875,1,1,Barber,average
NA,8.875,8.875,1,1,Barber,average
NA,8.875,8.875,1,1,Barber,average
NA,8.875,8.875,1,1,Barber,average
NA,8.875,8.875,1,1,Barber,average
NA,8.875,8.875,1,1,Barber,average
NA,8.875,8.875,1,1,Barber,average
NA,8.875,8.875,1,1,Barber,average
NA,8.875,8.875,1,1,Barber,average
NA,8.875,8.875,1,1,Barber,average
NA,8.875,8.875,1,1,Barber,average
NA,8.875,8.875,1,1,Barber,average
NA,8.875,8.875,1,1,Barber,average
NA,8.875,8.875,1,1,Barber,average
NA,8.875,8.875,1,1,Barber,average
NA,8.875,8.875,1,1,Barber,average
NA,8.875,8.875,1,1,Barber,average
NA,8.875,8.875,1,1,Barber,average
NA,8.875,8.875,1,1,Barber,average
NA,8.875,8.875,1,1,Barber,average
NA,8.875,8.875,1,1,Barber,average
NA,8.875,8.875,1,1,Barber,average
NA,8.875,8.875,1,1,Barber,average
NA,8.875,8.875,1,1,Barber,average
NA,8.875,8.875,1,1,Barber,average
NA,8.875,8.875,1,1,Barber,average
NA,8.875,8.875,1,1,Barber,average
NA,8.875,8.875,1,1,Barber,average
NA,8.875,8.875,1,1,Barber,average
NA,8.875,8.875,1,1,Barber,average
NA,8.875,8.875,1,1,Barber,average
NA,8.875,8.875,1,1,Barber,average
NA,8.875,8.875,1,1,Barber,average
NA,8.875,8.875,1,1,Barber,average
NA,8.875,8.875,1,1,Barber,average
NA,8.875,8.875,1,1,Barber,average
NA,8.875,8.875,1,1,Barber,average
NA,8.875,8.875,1,1,Barber,average
NA,8.875,8.875,1,1,Barber,average
NA,8.875,8.875,1,1,Barber,average
NA,8.875,8.875,1,1,Barber,average
NA,8.875,8.875,1,1,Barber,average
NA,8.875,8.875,1,1,Barber,average
NA,8.875,8.875,1,1,Barber,average
NA,8.875,8.875,1,1,Barber,average
NA,8.875,8.875,1,1,Barber,average
NA,8.875,8.875,1,1,Barber,average
NA,8.875,8.875,1,1,Barber,average
NA,8.875,8.875,1,1,Barber,average
NA,8.875,8.875,1,1,Barber,average
NA,8.875,8.875,1,1,Barber,average
NA,8.875,8.875,1,1,Barber,average
NA,8.875,8.875,1,1,Barber,average
NA,8.875,8.875,1,1,Barber,average
NA,8.875,8.875,1,1,Barber,average
NA,8.875,8.875,1,1,Barber,average
NA,8.875,8.875,1,1,Barber,average
NA,8.875,8.875,1,1,Barber,average
NA,8.875,8.875,1,1,Barber,average
NA,8.875,8.875,1,1,Barber,average
NA,8.875,8.875,1,1,Barber,average
NA,8.875,8.875,1,1,Barber,average
NA,8.875,8.875,1,1,Barber,average
NA,8.875,8.875,1,1,Barber,average
NA,8.875,8.875,1,1,Barber,average
NA,8.875,8.875,1,1,Barber,average
NA,8.875,8.875,1,1,Barber,average
NA,8.875,8.875,1,1,Barber,average
NA,8.875,8.875,1,1,Barber,average
NA,8.875,8.875,1,1,Barber,average
NA,8.875,8.875,1,1,Barber,average
NA,8.875,8.875,1,1,Barber,average
NA,8.875,8.875,1,1,Barber,average
NA,8.875,8.875,1,1,Barber,average
NA,8.875,8.875,1,1,Barber,average
NA,8.875,8.875,1,1,Barber,average
NA,8.875,8.875,1,1,Barber,average
NA,8.875,8.875,1,1,Barber,average
NA,8.875,8.875,1,1,Barber,average
NA,8.875,8.875,1,1,Barber,average
NA,8.875,8.875,1,1,Barber,average
NA,8.875,8.875,1,1,Barber,average
NA,8.875,8.875,1,1,Barber,average
NA,8.875,8.875,1,1,Barber,average
NA,8.875,8.875,1,1,Barber,average
NA,8.875,8.875,1,1,Barber,average
NA,8.875,8.875,1,1,Barber,average
NA,8.875,8.875,1,1,Barber,average
NA,8.875,8.875,1,1,Barber,average
NA,8.875,8.875,1,1,Barber,average
NA,8.875,8.875,1,1,Barber,average
NA,8.875,8.875,1,1,Barber,average
NA,8.875,8.875,1,1,Barber,average
NA,8.875,8.875,1,1,Barber,average
NA,8.875,8.875,1,1,Barber,average
NA,8.875,8.875,1,1,Barber,average
NA,8.875,8.875,1,1,Barber,average
NA,8.875,8.875,1,1,Barber,average
NA,8.875,8.875,1,1,Barber,average
NA,8.875,8.875,1,1,Barber,average
NA,8.875,8.875,1,1,Barber,average
NA,8.875,8.875,1,1,Barber,average
NA,8.875,8.875,1,1,Barber,average
NA,8.875,8.875,1,1,Barber,average
NA,8.875,8.875,1,1,Barber,average
NA,8.875,8.875,1,1,Barber,average
NA,8.875,8.875,1,1,Barber,average
NA,8.875,8.875,1,1,Barber,average
NA,8.875,8.875,1,1,Barber,average
NA,8.875,8.875,1,1,Barber,average
NA,8.875,8.875,1,1,Barber,average
NA,8.875,8.875,1,1,Barber,average
NA,8.875,8.875,1,1,Barber,average
NA,8.875,8.875,1,1,Barber,average
NA,8.875,8.875,1,1,Barber,average
NA,8.875,8.875,1,1,Barber,average
NA,8.875,8.875,1,1,Barber,average
NA,8.875,8.875,1,1,Barber,average
NA,8.875,8.875,1,1,Barber,average
NA,8.875,8.875,1,1,Barber,average
NA,8.875,8.875,1,1,Barber,average
NA,8.875,8.875,1,1,Barber,average
NA,8.875,8.875,1,1,Barber,average
NA,8.875,8.875,1,1,Barber,average
NA,8.875,8.875,1,1,Barber,average
NA,8.875,8.875,1,1,Barber,average
NA,8.875,8.875,1,1,Barber,average
NA,8.875,8.875,1,1,Barber,average
NA,8.875,8.875,1,1,Barber,average
NA,8.875,8.875,1,1,Barber,average
NA,8.875,8.875,1,1,Barber,average
NA,8.875,8.875,1,1,Barber,average
NA,8.875,8.875,1,1,Barber,average
NA,8.875,8.875,1,1,Barber,average
NA,8.875,8.875,1,1,Barber,average
NA,8.875,8.875,1,1,Barber,average
NA,8.875,8.875,1,1,Barber,average
NA,8.875,8.875,1,1,Barber,average
NA,8.875,8.875,1,1,Barber,average
NA,8.875,8.875,1,1,Barber,average
NA,8.875,8.875,1,1,Barber,average
NA,8.875,8.875,1,1,Barber,average
NA,8.875,8.875,1,1,Barber,average
NA,8.875,8.875,1,1,Barber,average
NA,8.875,8.875,1,1,Barber,average
NA,8.875,8.875,1,1,Barber,average
NA,8.875,8.875,1,1,Barber,average
NA,8.875,8.875,1,1,Barber,average
NA,8.875,8.875,1,1,Barber,average
NA,8.875,8.875,1,1,Barber,average
NA,8.875,8.875,1,1,Barber,average
NA,8.875,8.875,1,1,Barber,average
NA,8.875,8.875,1,1,Barber,average
NA,8.875,8.875,1,1,Barber,average
NA,8.875,8.875,0,1,Barber,average
NA,8.875,8.875,1,1,Barber,average
NA,8.875,8.875,1,1,Barber,average
NA,8.875,8.875,1,1,Barber,average
NA,8.875,8.875,1,1,Barber,average
NA,8.875,8.875,1,1,Barber,average
NA,8.875,8.875,1,1,Barber,average
NA,8.875,8.875,1,1,Barber,average
NA,8.875,8.875,1,1,Barber,average
NA,8.875,8.875,1,1,Barber,average
NA,8.875,8.875,1,1,Barber,average
NA,8.875,8.875,1,1,Barber,average
NA,8.875,8.875,1,1,Barber,average
NA,8.875,8.875,1,1,Barber,average
NA,8.875,8.875,1,1,Barber,average
NA,8.875,8.875,1,1,Barber,average
NA,8.875,8.875,1,1,Barber,average
NA,8.875,8.875,1,1,Barber,average
NA,8.875,8.875,1,1,Barber,average
NA,8.875,8.875,1,1,Barber,average
NA,8.875,8.875,1,1,Barber,average
NA,8.875,8.875,1,1,Barber,average
NA,8.875,8.875,1,1,Barber,average
NA,8.875,8.875,1,1,Barber,average
NA,8.875,8.875,1,1,Barber,average
NA,8.875,8.875,1,1,Barber,average
NA,8.875,8.875,1,1,Barber,average
NA,8.875,8.875,1,1,Barber,average
NA,8.875,8.875,1,1,Barber,average
NA,8.875,8.875,1,1,Barber,average
NA,8.875,8.875,1,1,Barber,average
NA,8.875,8.875,1,1,Barber,average
NA,8.875,8.875,1,1,Barber,average
NA,8.875,8.875,1,1,Barber,average
NA,8.875,8.875,1,1,Barber,average
NA,8.875,8.875,1,1,Barber,average
NA,8.875,8.875,1,1,Barber,average
NA,8.875,8.875,1,1,Barber,average
NA,8.875,8.875,1,1,Barber,average
NA,8.875,8.875,1,1,Barber,average
NA,8.875,8.875,1,1,Barber,average
NA,8.875,8.875,1,1,Barber,average
NA,8.875,8.875,1,1,Barber,average
NA,8.875,8.875,1,1,Barber,average
NA,8.875,8.875,1,1,Barber,average
NA,8.875,8.875,1,1,Barber,average
NA,8.875,8.875,1,1,Barber,average
NA,8.875,8.875,1,1,Barber,average
NA,8.875,8.875,1,1,Barber,average
NA,8.875,8.875,1,1,Barber,average
NA,8.875,8.875,1,1,Barber,average
NA,8.875,8.875,1,1,Barber,average
NA,8.875,8.875,1,1,Barber,average
NA,8.875,8.875,1,1,Barber,average
NA,8.875,8.875,1,1,Barber,average
NA,8.875,8.875,1,1,Barber,average
NA,8.875,8.875,1,1,Barber,average
NA,8.875,8.875,1,1,Barber,average
NA,8.875,8.875,1,1,Barber,average
NA,8.875,8.875,1,1,Barber,average
NA,8.875,8.875,1,1,Barber,average
NA,8.875,8.875,1,1,Barber,average
NA,8.875,8.875,1,1,Barber,average
NA,8.875,8.875,1,1,Barber,average
NA,8.875,8.875,1,1,Barber,average
NA,8.875,8.875,1,1,Barber,average
NA,8.875,8.875,1,1,Barber,average
NA,8.875,8.875,1,1,Barber,average
NA,8.875,8.875,1,1,Barber,average
NA,8.875,8.875,1,1,Barber,average
NA,8.875,8.875,1,1,Barber,average
NA,8.875,8.875,1,1,Barber,average
NA,8.875,8.875,1,1,Barber,average
NA,8.875,8.875,1,1,Barber,average
NA,8.875,8.875,1,1,Barber,average
NA,8.875,8.875,1,1,Barber,average
NA,8.875,8.875,1,1,Barber,average
NA,8.875,8.875,1,1,Barber,average
NA,8.875,8.875,1,1,Barber,average
NA,8.875,8.875,1,1,Barber,average
NA,8.875,8.875,1,1,Barber,average
NA,8.875,8.875,1,1,Barber,average
NA,8.875,8.875,1,1,Barber,average
NA,8.875,8.875,1,1,Barber,average
NA,8.875,8.875,1,1,Barber,average
NA,8.875,8.875,1,1,Barber,average
NA,8.875,8.875,1,1,Barber,average
NA,8.875,8.875,1,1,Barber,average
NA,8.875,8.875,1,1,Barber,average
NA,8.875,8.875,1,1,Barber,average
NA,8.875,8.875,1,1,Barber,average
NA,8.875,8.875,1,1,Barber,average
NA,8.875,8.875,1,1,Barber,average
NA,8.875,8.875,1,1,Barber,average
NA,8.875,8.875,1,1,Barber,average
NA,8.875,8.875,1,1,Barber,average
NA,8.875,8.875,1,1,Barber,average
NA,8.875,8.875,1,1,Barber,average
NA,8.875,8.875,1,1,Barber,average
NA,8.875,8.875,1,1,Barber,average
NA,8.875,8.875,1,1,Barber,average
NA,8.875,8.875,1,1,Barber,average
NA,8.875,8.875,1,1,Barber,average
NA,8.875,8.875,1,1,Barber,average
NA,8.875,8.875,1,1,Barber,average
NA,8.875,8.875,1,1,Barber,average
NA,8.875,8.875,1,1,Barber,average
NA,8.875,8.875,1,1,Barber,average
NA,8.875,8.875,1,1,Barber,average
NA,8.875,8.875,1,1,Barber,average
NA,8.875,8.875,1,1,Barber,average
NA,8.875,8.875,1,1,Barber,average
NA,8.875,8.875,1,1,Barber,average
NA,8.875,8.875,1,1,Barber,average
NA,8.875,8.875,1,1,Barber,average
NA,8.875,8.875,1,1,Barber,average
NA,8.875,8.875,1,1,Barber,average
NA,8.875,8.875,1,1,Barber,average
NA,8.875,8.875,1,1,Barber,average
NA,8.875,8.875,1,1,Barber,average
NA,8.875,8.875,1,1,Barber,average
NA,8.875,8.875,1,1,Barber,average
NA,8.875,8.875,1,1,Barber,average
NA,8.875,8.875,1,1,Barber,average
NA,8.875,8.875,1,1,Barber,average
NA,8.875,8.875,1,1,Barber,average
NA,8.875,8.875,1,1,Barber,average
NA,8.875,8.875,1,1,Barber,average
NA,8.875,8.875,1,1,Barber,average
NA,8.875,8.875,1,1,Barber,average
NA,8.875,8.875,1,1,Barber,average
NA,8.875,8.875,1,1,Barber,average
NA,8.875,8.875,1,1,Barber,average
NA,8.875,8.875,1,1,Barber,average
NA,8.875,8.875,1,1,Barber,average
NA,8.875,8.875,1,1,Barber,average
NA,8.875,8.875,1,1,Barber,average
NA,8.875,8.875,1,1,Barber,average
NA,8.875,8.875,1,1,Barber,average
NA,8.875,8.875,1,1,Barber,average
NA,8.875,8.875,1,1,Barber,average
NA,8.875,8.875,1,1,Barber,average
NA,8.875,8.875,1,1,Barber,average
NA,8.875,8.875,1,1,Barber,average
NA,8.875,8.875,1,1,Barber,average
NA,8.875,8.875,1,1,Barber,average
NA,8.875,8.875,1,1,Barber,average
NA,8.875,8.875,1,1,Barber,average
NA,8.875,8.875,1,1,Barber,average
NA,8.875,8.875,1,1,Barber,average
NA,8.875,8.875,1,1,Barber,average
NA,8.875,8.875,1,1,Barber,average
NA,8.875,8.875,1,1,Barber,average
NA,8.875,8.875,1,1,Barber,average
NA,8.875,8.875,1,1,Barber,average
NA,8.875,8.875,1,1,Barber,average
NA,8.875,8.875,1,1,Barber,average
NA,8.875,8.875,1,1,Barber,average
NA,8.875,8.875,1,1,Barber,average
NA,8.875,8.875,1,1,Barber,average
NA,8.875,8.875,1,1,Barber,average
NA,8.875,8.875,1,1,Barber,average
NA,8.875,8.875,1,1,Barber,average
NA,8.875,8.875,1,1,Barber,average
NA,8.875,8.875,1,1,Barber,average
NA,8.875,8.875,1,1,Barber,average
NA,8.875,8.875,1,1,Barber,average
NA,8.875,8.875,1,1,Barber,average
NA,8.875,8.875,1,1,Barber,average
NA,8.875,8.875,1,1,Barber,average
NA,8.875,8.875,1,1,Barber,average
NA,8.875,8.875,1,1,Barber,average
NA,8.875,8.875,1,1,Barber,average
NA,8.875,8.875,1,1,Barber,average
NA,8.875,8.875,1,1,Barber,average
NA,8.875,8.875,1,1,Barber,average
NA,8.875,8.875,1,1,Barber,average
NA,8.875,8.875,1,1,Barber,average
NA,8.875,8.875,1,1,Barber,average
NA,8.875,8.875,1,1,Barber,average
NA,8.875,8.875,1,1,Barber,average
NA,8.875,8.875,1,1,Barber,average
NA,8.875,8.875,1,1,Barber,average
NA,8.875,8.875,1,1,Barber,average
NA,8.875,8.875,1,1,Barber,average
NA,8.875,8.875,1,1,Barber,average
NA,8.875,8.875,1,1,Barber,average
NA,8.875,8.875,1,1,Barber,average
NA,8.875,8.875,1,1,Barber,average
NA,8.875,8.875,1,1,Barber,average
NA,8.875,8.875,1,1,Barber,average
NA,8.875,8.875,1,1,Barber,average
NA,8.875,8.875,1,1,Barber,average
NA,8.875,8.875,1,1,Barber,average
NA,8.875,8.875,1,1,Barber,average
NA,8.875,8.875,1,1,Barber,average
NA,8.875,8.875,1,1,Barber,average
NA,8.875,8.875,1,1,Barber,average
NA,8.875,8.875,1,1,Barber,average
NA,8.875,8.875,1,1,Barber,average
NA,8.875,8.875,1,1,Barber,average
NA,8.875,8.875,1,1,Barber,average
NA,8.875,8.875,1,1,Barber,average
NA,8.875,8.875,1,1,Barber,average
NA,8.875,8.875,1,1,Barber,average
NA,8.875,8.875,1,1,Barber,average
NA,8.875,8.875,1,1,Barber,average
NA,8.875,8.068181818181818,0,0,Barber,average
NA,8.875,8.875,1,1,Barber,average
NA,8.875,8.875,1,1,Barber,average
NA,8.875,8.875,1,1,Barber,average
NA,8.875,8.875,1,1,Barber,average
NA,8.875,8.875,1,1,Barber,average
NA,8.875,8.875,1,1,Barber,average
NA,8.875,8.875,1,1,Barber,average
NA,8.875,8.875,1,1,Barber,average
NA,8.875,8.875,1,1,Barber,average
NA,8.875,8.875,1,1,Barber,average
NA,8.875,8.875,1,1,Barber,average
NA,8.875,8.875,1,1,Barber,average
NA,8.875,8.875,1,1,Barber,average
NA,8.875,8.875,1,1,Barber,average
NA,8.875,8.875,1,1,Barber,average
NA,8.875,8.875,1,1,Barber,average
NA,8.875,8.875,1,1,Barber,average
NA,8.875,8.875,1,1,Barber,average
NA,8.875,8.875,1,1,Barber,average
NA,8.875,8.875,1,1,Barber,average
NA,8.875,8.875,1,1,Barber,average
NA,8.875,8.875,1,1,Barber,average
NA,8.875,8.875,1,1,Barber,average
NA,8.875,8.875,1,1,Barber,average
NA,8.875,8.875,1,1,Barber,average
NA,8.875,8.875,1,1,Barber,average
NA,8.875,8.875,1,1,Barber,average
NA,8.875,8.875,1,1,Barber,average
NA,8.875,8.875,1,1,Barber,average
NA,8.875,8.875,1,1,Barber,average
NA,8.875,8.875,1,1,Barber,average
NA,8.875,8.875,1,1,Barber,average
NA,8.875,8.875,1,1,Barber,average
NA,8.875,8.875,1,1,Barber,average
NA,8.875,8.875,1,1,Barber,average
NA,8.875,8.875,1,1,Barber,average
NA,8.875,8.875,1,1,Barber,average
NA,8.875,8.875,1,1,Barber,average
NA,8.875,8.875,1,1,Barber,average
NA,8.875,8.875,1,1,Barber,average
NA,8.875,8.875,1,1,Barber,average
NA,8.875,8.875,1,1,Barber,average
NA,8.875,8.875,1,1,Barber,average
NA,8.875,8.875,1,1,Barber,average
NA,8.875,8.875,1,1,Barber,average
NA,8.875,8.875,1,1,Barber,average
NA,8.875,8.875,1,1,Barber,average
NA,8.875,8.875,1,1,Barber,average
NA,8.875,8.875,1,1,Barber,average
NA,8.875,8.875,1,1,Barber,average
NA,8.875,8.875,1,1,Barber,average
NA,8.875,8.875,1,1,Barber,average
NA,8.875,8.875,1,1,Barber,average
NA,8.875,8.875,1,1,Barber,average
NA,8.875,8.875,1,1,Barber,average
NA,8.875,8.875,1,1,Barber,average
NA,8.875,8.875,1,1,Barber,average
NA,8.875,8.875,1,1,Barber,average
NA,8.875,8.875,1,1,Barber,average
NA,8.875,8.875,1,1,Barber,average
NA,8.875,8.875,1,1,Barber,average
NA,8.875,8.875,1,1,Barber,average
NA,8.875,8.875,1,1,Barber,average
NA,8.875,8.875,1,1,Barber,average
NA,8.875,8.875,1,1,Barber,average
NA,8.875,8.875,1,1,Barber,average
NA,8.875,8.875,1,1,Barber,average
NA,8.875,8.875,1,1,Barber,average
NA,8.875,8.875,1,1,Barber,average
NA,8.875,8.875,1,1,Barber,average
NA,8.875,8.875,1,1,Barber,average
NA,8.875,8.875,1,1,Barber,average
NA,8.875,8.875,1,1,Barber,average
NA,8.875,8.875,1,1,Barber,average
NA,8.875,8.875,1,1,Barber,average
NA,8.875,8.875,1,1,Barber,average
NA,8.875,8.875,1,1,Barber,average
NA,8.875,8.875,1,1,Barber,average
NA,8.875,8.875,1,1,Barber,average
NA,8.875,8.875,1,1,Barber,average
NA,8.875,8.875,1,1,Barber,average
NA,8.875,8.875,1,1,Barber,average
NA,8.875,8.875,1,1,Barber,average
NA,8.875,8.875,1,1,Barber,average
NA,8.875,8.875,1,1,Barber,average
NA,8.875,8.875,1,1,Barber,average
NA,8.875,8.875,1,1,Barber,average
NA,8.875,8.875,1,1,Barber,average
NA,8.875,8.875,1,1,Barber,average
NA,8.875,8.875,1,1,Barber,average
NA,8.875,8.875,1,1,Barber,average
NA,8.875,8.875,1,1,Barber,average
NA,8.875,8.875,1,1,Barber,average
NA,8.875,8.875,1,1,Barber,average
NA,8.875,8.875,1,1,Barber,average
NA,8.875,8.875,1,1,Barber,average
NA,8.875,8.875,1,1,Barber,average
NA,8.875,8.875,1,1,Barber,average
NA,8.875,8.875,1,1,Barber,average
NA,8.875,8.875,1,1,Barber,average
NA,8.875,8.875,1,1,Barber,average
NA,8.875,8.875,1,1,Barber,average
NA,8.875,8.875,1,1,Barber,average
NA,8.875,8.875,1,1,Barber,average
NA,8.875,8.875,1,1,Barber,average
NA,8.875,8.875,1,1,Barber,average
NA,8.875,8.875,1,1,Barber,average
NA,8.875,8.875,1,1,Barber,average
NA,8.875,8.875,1,1,Barber,average
NA,8.875,8.875,1,1,Barber,average
NA,8.875,8.875,1,1,Barber,average
NA,8.875,8.875,1,1,Barber,average
NA,8.875,8.875,1,1,Barber,average
NA,8.875,8.875,1,1,Barber,average
NA,8.875,8.875,1,1,Barber,average
NA,8.875,8.875,1,1,Barber,average
NA,8.875,8.875,1,1,Barber,average
NA,8.875,8.875,1,1,Barber,average
NA,8.875,8.875,1,1,Barber,average
NA,8.875,8.875,1,1,Barber,average
NA,8.875,8.875,1,1,Barber,average
NA,8.875,8.875,1,1,Barber,average
NA,8.875,8.875,1,1,Barber,average
NA,8.875,8.875,1,1,Barber,average
NA,8.875,8.875,1,1,Barber,average
NA,8.875,8.875,1,1,Barber,average
NA,8.875,8.875,1,1,Barber,average
NA,8.875,8.875,1,1,Barber,average
NA,8.875,8.875,1,1,Barber,average
NA,8.875,8.875,1,1,Barber,average
NA,8.875,8.875,1,1,Barber,average
NA,8.875,8.875,1,1,Barber,average
NA,8.875,8.875,1,1,Barber,average
NA,8.875,8.875,1,1,Barber,average
NA,8.875,8.875,1,1,Barber,average
NA,8.875,8.875,1,1,Barber,average
NA,8.875,8.875,1,1,Barber,average
NA,8.875,8.875,1,1,Barber,average
NA,8.875,8.875,1,1,Barber,average
NA,8.875,8.875,1,1,Barber,average
NA,8.875,8.875,1,1,Barber,average
NA,8.875,8.875,1,1,Barber,average
NA,8.875,8.875,1,1,Barber,average
NA,8.875,8.875,1,1,Barber,average
NA,8.875,8.875,1,1,Barber,average
NA,8.875,8.875,1,1,Barber,average
NA,8.875,8.875,1,1,Barber,average
NA,8.875,8.875,1,1,Barber,average
NA,8.875,8.875,1,1,Barber,average
NA,8.875,8.875,1,1,Barber,average
NA,8.875,8.875,1,1,Barber,average
NA,8.875,8.875,1,1,Barber,average
NA,8.875,8.875,1,1,Barber,average
NA,8.875,8.875,1,1,Barber,average
NA,8.875,8.875,1,1,Barber,average
NA,8.875,8.875,1,1,Barber,average
NA,8.875,8.875,1,1,Barber,average
NA,8.875,8.875,1,1,Barber,average
NA,8.875,8.875,1,1,Barber,average
NA,8.875,8.875,1,1,Barber,average
NA,8.875,8.875,1,1,Barber,average
NA,8.875,8.875,1,1,Barber,average
NA,8.875,8.875,1,1,Barber,average
NA,8.875,8.875,1,1,Barber,average
NA,8.875,8.875,1,1,Barber,average
NA,8.875,8.875,1,1,Barber,average
NA,8.875,8.875,1,1,Barber,average
NA,8.875,8.875,1,1,Barber,average
NA,8.875,8.875,1,1,Barber,average
NA,8.875,8.875,1,1,Barber,average
NA,8.875,8.875,1,1,Barber,average
NA,8.875,8.875,1,1,Barber,average
NA,8.875,8.875,1,1,Barber,average
NA,8.875,8.875,1,1,Barber,average
NA,8.875,8.875,1,1,Barber,average
NA,8.875,8.875,1,1,Barber,average
NA,8.875,8.875,1,1,Barber,average
NA,8.875,8.875,1,1,Barber,average
NA,8.875,8.875,1,1,Barber,average
NA,8.875,8.875,1,1,Barber,average
NA,8.875,8.875,1,1,Barber,average
NA,8.875,8.875,1,1,Barber,average
NA,8.875,8.875,1,1,Barber,average
NA,8.875,8.875,1,1,Barber,average
NA,8.875,8.875,1,1,Barber,average
NA,8.875,8.875,1,1,Barber,average
NA,8.875,8.875,1,1,Barber,average
NA,8.875,8.875,1,1,Barber,average
NA,8.875,8.875,1,1,Barber,average
NA,8.875,8.875,1,1,Barber,average
NA,8.875,8.875,1,1,Barber,average
NA,8.875,8.875,1,1,Barber,average
NA,8.875,8.875,1,1,Barber,average
NA,8.875,8.875,1,1,Barber,average
NA,8.875,8.875,1,1,Barber,average
NA,8.875,8.875,1,1,Barber,average
NA,8.875,8.875,1,1,Barber,average
NA,8.875,8.875,1,1,Barber,average
NA,8.875,8.875,1,1,Barber,average
NA,8.875,8.875,1,1,Barber,average
NA,8.875,8.875,1,1,Barber,average
NA,8.875,8.875,1,1,Barber,average
NA,8.875,8.875,1,1,Barber,average
NA,8.875,8.875,1,1,Barber,average
NA,8.875,8.875,1,1,Barber,average
NA,8.875,8.875,1,1,Barber,average
NA,8.875,8.875,1,1,Barber,average
NA,8.875,8.875,1,1,Barber,average
NA,8.875,8.875,1,1,Barber,average
NA,8.875,8.875,1,1,Barber,average
NA,8.875,8.875,1,1,Barber,average
NA,8.875,8.875,1,1,Barber,average
NA,8.875,8.875,1,1,Barber,average
NA,8.875,8.875,1,1,Barber,average
NA,8.875,8.875,1,1,Barber,average
NA,8.875,8.875,1,1,Barber,average
NA,8.875,8.875,1,1,Barber,average
NA,8.875,8.875,1,1,Barber,average
NA,8.875,8.875,1,1,Barber,average
NA,8.875,8.875,1,1,Barber,average
NA,8.875,8.875,1,1,Barber,average
NA,8.875,8.875,1,1,Barber,average
NA,8.875,8.875,1,1,Barber,average
NA,8.875,8.875,1,1,Barber,average
NA,8.875,8.875,1,1,Barber,average
NA,8.875,8.875,1,1,Barber,average
NA,8.875,8.875,1,1,Barber,average
NA,8.875,8.875,1,1,Barber,average
NA,8.875,8.875,1,1,Barber,average
NA,8.875,8.875,1,1,Barber,average
NA,8.875,8.875,1,1,Barber,average
NA,8.875,8.875,1,1,Barber,average
NA,8.875,8.875,1,1,Barber,average
NA,8.875,8.875,1,1,Barber,average
NA,8.875,8.875,1,1,Barber,average
NA,8.875,8.875,1,1,Barber,average
NA,8.875,8.875,1,1,Barber,average
NA,8.875,8.875,1,1,Barber,average
NA,8.875,8.875,1,1,Barber,average
NA,8.875,8.875,1,1,Barber,average
NA,8.875,8.875,1,1,Barber,average
NA,8.875,8.875,1,1,Barber,average
NA,8.875,8.875,1,1,Barber,average
NA,8.875,8.875,1,1,Barber,average
NA,8.875,8.875,1,1,Barber,average
NA,8.875,8.875,1,1,Barber,average
NA,8.875,8.875,1,1,Barber,average
NA,10.0,10.0,1,1,Barber,average
NA,10.0,10.0,1,1,Barber,average
NA,10.0,10.0,1,1,Barber,average
NA,10.0,10.0,1,1,Barber,average
NA,10.0,10.0,1,1,Barber,average
NA,10.0,10.0,1,1,Barber,average
NA,10.0,10.0,1,1,Barber,average
NA,10.0,10.0,1,1,Barber,average
NA,10.0,10.0,1,1,Barber,average
NA,10.0,10.0,1,1,Barber,average
NA,10.0,10.0,1,1,Barber,average
NA,10.0,10.0,1,1,Barber,average
NA,10.0,10.0,1,1,Barber,average
NA,10.0,10.0,1,1,Barber,average
NA,10.0,10.0,1,1,Barber,average
NA,10.0,10.0,1,1,Barber,average
NA,10.0,10.0,1,1,Barber,average
NA,10.0,10.0,1,1,Barber,average
NA,10.0,10.0,1,1,Barber,average
NA,10.0,10.0,1,1,Barber,average
NA,10.0,10.0,1,1,Barber,average
NA,10.0,10.0,1,1,Barber,average
NA,10.0,10.0,1,1,Barber,average
NA,10.0,10.0,1,1,Barber,average
NA,10.0,10.0,1,1,Barber,average
NA,10.0,10.0,1,1,Barber,average
NA,10.0,10.0,1,1,Barber,average
NA,10.0,10.0,1,1,Barber,average
NA,10.0,10.0,1,1,Barber,average
NA,10.0,10.0,1,1,Barber,average
NA,10.0,10.0,1,1,Barber,average
NA,10.0,10.0,1,1,Barber,average
NA,10.0,10.0,1,1,Barber,average
NA,10.0,10.0,1,1,Barber,average
NA,10.0,10.0,1,1,Barber,average
NA,10.0,10.0,1,1,Barber,average
NA,10.0,10.0,1,1,Barber,average
NA,10.0,10.0,1,1,Barber,average
NA,10.0,10.0,1,1,Barber,average
NA,10.0,10.0,1,1,Barber,average
NA,10.0,10.0,1,1,Barber,average
NA,10.0,10.0,1,1,Barber,average
NA,10.0,10.0,1,1,Barber,average
NA,10.0,10.0,1,1,Barber,average
NA,10.0,10.0,1,1,Barber,average
NA,10.0,10.0,1,1,Barber,average
NA,10.0,10.0,1,1,Barber,average
NA,10.0,10.0,1,1,Barber,average
NA,10.0,10.0,1,1,Barber,average
NA,10.0,10.0,1,1,Barber,average
NA,10.0,10.0,1,1,Barber,average
NA,10.0,10.0,1,1,Barber,average
NA,10.0,10.0,1,1,Barber,average
NA,10.0,10.0,1,1,Barber,average
NA,10.0,10.0,1,1,Barber,average
NA,10.0,10.0,1,1,Barber,average
NA,10.0,10.0,1,1,Barber,average
NA,10.0,10.0,1,1,Barber,average
NA,10.0,10.0,1,1,Barber,average
NA,10.0,10.0,1,1,Barber,average
NA,10.0,10.0,1,1,Barber,average
NA,10.0,10.0,1,1,Barber,average
NA,10.0,10.0,1,1,Barber,average
NA,10.0,10.0,1,1,Barber,average
NA,10.0,10.0,1,1,Barber,average
NA,10.0,10.0,1,1,Barber,average
NA,10.0,10.0,1,1,Barber,average
NA,10.0,10.0,1,1,Barber,average
NA,10.0,10.0,1,1,Barber,average
NA,10.0,10.0,1,1,Barber,average
NA,10.0,10.0,1,1,Barber,average
NA,10.0,10.0,1,1,Barber,average
NA,10.0,10.0,1,1,Barber,average
NA,10.0,10.0,1,1,Barber,average
NA,10.0,10.0,1,1,Barber,average
NA,10.0,10.0,1,1,Barber,average
NA,10.0,10.0,1,1,Barber,average
NA,10.0,10.0,1,1,Barber,average
NA,10.0,10.0,1,1,Barber,average
NA,10.0,10.0,1,1,Barber,average
NA,10.0,10.0,1,1,Barber,average
NA,10.0,10.0,1,1,Barber,average
NA,10.0,10.0,1,1,Barber,average
NA,10.0,10.0,1,1,Barber,average
NA,10.0,10.0,1,1,Barber,average
NA,10.0,10.0,1,1,Barber,average
NA,10.0,10.0,1,1,Barber,average
NA,10.0,10.0,1,1,Barber,average
NA,10.0,10.0,1,1,Barber,average
NA,10.0,10.0,1,1,Barber,average
NA,10.0,10.0,1,1,Barber,average
NA,10.0,10.0,1,1,Barber,average
NA,10.0,10.0,1,1,Barber,average
NA,10.0,10.0,1,1,Barber,average
NA,10.0,10.0,1,1,Barber,average
NA,10.0,10.0,1,1,Barber,average
NA,10.0,10.0,1,1,Barber,average
NA,10.0,10.0,1,1,Barber,average
NA,10.0,10.0,1,1,Barber,average
NA,10.0,10.0,1,1,Barber,average
NA,10.0,10.0,1,1,Barber,average
NA,10.0,10.0,1,1,Barber,average
NA,10.0,10.0,1,1,Barber,average
NA,10.0,10.0,1,1,Barber,average
NA,10.0,10.0,1,1,Barber,average
NA,10.0,10.0,1,1,Barber,average
NA,10.0,10.0,1,1,Barber,average
NA,10.0,10.0,1,1,Barber,average
NA,10.0,10.0,1,1,Barber,average
NA,10.0,10.0,1,1,Barber,average
NA,10.0,10.0,1,1,Barber,average
NA,10.0,10.0,1,1,Barber,average
NA,10.0,10.0,1,1,Barber,average
NA,10.0,10.0,1,1,Barber,average
NA,10.0,10.0,1,1,Barber,average
NA,10.0,10.0,1,1,Barber,average
NA,10.0,10.0,1,1,Barber,average
NA,10.0,10.0,1,1,Barber,average
NA,10.0,10.0,1,1,Barber,average
NA,10.0,10.0,1,1,Barber,average
NA,10.0,10.0,1,1,Barber,average
NA,10.0,10.0,1,1,Barber,average
NA,10.0,10.0,1,1,Barber,average
NA,10.0,10.0,1,1,Barber,average
NA,10.0,10.0,1,1,Barber,average
NA,10.0,10.0,1,1,Barber,average
NA,10.0,10.0,1,1,Barber,average
NA,10.0,10.0,1,1,Barber,average
NA,10.0,10.0,1,1,Barber,average
NA,10.0,10.0,1,1,Barber,average
NA,10.0,10.0,1,1,Barber,average
NA,10.0,10.0,1,1,Barber,average
NA,10.0,10.0,1,1,Barber,average
NA,10.0,10.0,1,1,Barber,average
NA,10.0,10.0,1,1,Barber,average
NA,10.0,10.0,1,1,Barber,average
NA,10.0,10.0,1,1,Barber,average
NA,10.0,10.0,1,1,Barber,average
NA,10.0,10.0,1,1,Barber,average
NA,10.0,10.0,1,1,Barber,average
NA,10.0,10.0,1,1,Barber,average
NA,10.0,10.0,1,1,Barber,average
NA,10.0,10.0,1,1,Barber,average
NA,10.0,10.0,1,1,Barber,average
NA,10.0,10.0,1,1,Barber,average
NA,10.0,10.0,1,1,Barber,average
NA,10.0,10.0,1,1,Barber,average
NA,10.0,10.0,1,1,Barber,average
NA,10.0,10.0,1,1,Barber,average
NA,10.0,10.0,1,1,Barber,average
NA,10.0,10.0,1,1,Barber,average
NA,10.0,10.0,1,1,Barber,average
NA,10.0,10.0,1,1,Barber,average
NA,10.0,10.0,1,1,Barber,average
NA,10.0,10.0,1,1,Barber,average
NA,10.0,10.0,1,1,Barber,average
NA,10.0,10.0,1,1,Barber,average
NA,10.0,10.0,1,1,Barber,average
NA,10.0,10.0,1,1,Barber,average
NA,10.0,10.0,1,1,Barber,average
NA,10.0,10.0,1,1,Barber,average
NA,10.0,10.0,1,1,Barber,average
NA,10.0,10.0,1,1,Barber,average
NA,10.0,10.0,1,1,Barber,average
NA,10.0,10.0,1,1,Barber,average
NA,10.0,10.0,1,1,Barber,average
NA,10.0,10.0,1,1,Barber,average
NA,10.0,10.0,1,1,Barber,average
NA,10.0,10.0,1,1,Barber,average
NA,10.0,10.0,1,1,Barber,average
NA,10.0,10.0,1,1,Barber,average
NA,10.0,10.0,1,1,Barber,average
NA,10.0,10.0,1,1,Barber,average
NA,10.0,10.0,1,1,Barber,average
NA,10.0,10.0,1,1,Barber,average
NA,10.0,10.0,1,1,Barber,average
NA,10.0,10.0,1,1,Barber,average
NA,10.0,10.0,1,1,Barber,average
NA,10.0,10.0,1,1,Barber,average
NA,10.0,10.0,1,1,Barber,average
NA,10.0,10.0,1,1,Barber,average
NA,10.0,10.0,1,1,Barber,average
NA,10.0,10.0,1,1,Barber,average
NA,10.0,10.0,1,1,Barber,average
NA,10.0,10.0,1,1,Barber,average
NA,10.0,10.0,1,1,Barber,average
NA,10.0,10.0,1,1,Barber,average
NA,10.0,10.0,1,1,Barber,average
NA,10.0,10.0,1,1,Barber,average
NA,10.0,10.0,1,1,Barber,average
NA,10.0,10.0,1,1,Barber,average
NA,10.0,10.0,1,1,Barber,average
NA,10.0,10.0,1,1,Barber,average
NA,10.0,10.0,1,1,Barber,average
NA,10.0,10.0,1,1,Barber,average
NA,10.0,10.0,1,1,Barber,average
NA,10.0,10.0,1,1,Barber,average
NA,10.0,10.0,1,1,Barber,average
NA,10.0,10.0,1,1,Barber,average
NA,10.0,10.0,1,1,Barber,average
NA,10.0,10.0,1,1,Barber,average
NA,10.0,10.0,1,1,Barber,average
NA,10.0,10.0,1,1,Barber,average
NA,10.0,10.0,1,1,Barber,average
NA,10.0,10.0,1,1,Barber,average
NA,10.0,10.0,1,1,Barber,average
NA,10.0,10.0,1,1,Barber,average
NA,10.0,10.0,1,1,Barber,average
NA,10.0,10.0,1,1,Barber,average
NA,10.0,10.0,1,1,Barber,average
NA,10.0,10.0,1,1,Barber,average
NA,10.0,10.0,1,1,Barber,average
NA,10.0,10.0,1,1,Barber,average
NA,10.0,10.0,1,1,Barber,average
NA,10.0,10.0,1,1,Barber,average
NA,10.0,10.0,1,1,Barber,average
NA,10.0,10.0,1,1,Barber,average
NA,10.0,10.0,1,1,Barber,average
NA,10.0,10.0,1,1,Barber,average
NA,10.0,10.0,1,1,Barber,average
NA,10.0,10.0,1,1,Barber,average
NA,10.0,10.0,1,1,Barber,average
NA,10.0,10.0,1,1,Barber,average
NA,10.0,10.0,1,1,Barber,average
NA,10.0,10.0,1,1,Barber,average
NA,10.0,10.0,1,1,Barber,average
NA,10.0,10.0,1,1,Barber,average
NA,10.0,10.0,1,1,Barber,average
NA,10.0,10.0,1,1,Barber,average
NA,10.0,10.0,1,1,Barber,average
NA,10.0,10.0,1,1,Barber,average
NA,10.0,10.0,1,1,Barber,average
NA,10.0,10.0,1,1,Barber,average
NA,10.0,10.0,1,1,Barber,average
NA,10.0,10.0,1,1,Barber,average
NA,10.0,10.0,1,1,Barber,average
NA,10.0,10.0,1,1,Barber,average
NA,10.0,10.0,1,1,Barber,average
NA,10.0,10.0,1,1,Barber,average
NA,10.0,10.0,1,1,Barber,average
NA,10.0,10.0,1,1,Barber,average
NA,10.0,10.0,1,1,Barber,average
NA,10.0,10.0,1,1,Barber,average
NA,10.0,10.0,1,1,Barber,average
NA,10.0,10.0,1,1,Barber,average
NA,10.0,10.0,1,1,Barber,average
NA,10.0,10.0,1,1,Barber,average
NA,10.0,10.0,1,1,Barber,average
NA,10.0,10.0,1,1,Barber,average
NA,10.0,10.0,1,1,Barber,average
NA,10.0,10.0,1,1,Barber,average
NA,10.0,10.0,1,1,Barber,average
NA,10.0,10.0,1,1,Barber,average
NA,10.0,10.0,1,1,Barber,average
NA,10.0,10.0,1,1,Barber,average
NA,10.0,10.0,1,1,Barber,average
NA,10.0,10.0,1,1,Barber,average
NA,10.0,10.0,1,1,Barber,average
NA,10.0,10.0,1,1,Barber,average
NA,10.0,10.0,1,1,Barber,average
NA,10.0,10.0,1,1,Barber,average
NA,10.0,10.0,1,1,Barber,average
NA,10.0,10.0,1,1,Barber,average
NA,10.0,10.0,1,1,Barber,average
NA,10.0,10.0,1,1,Barber,average
NA,10.0,10.0,1,1,Barber,average
NA,10.0,10.0,1,1,Barber,average
NA,10.0,10.0,1,1,Barber,average
NA,10.0,10.0,1,1,Barber,average
NA,10.0,10.0,1,1,Barber,average
NA,10.0,10.0,1,1,Barber,average
NA,10.0,10.0,1,1,Barber,average
NA,10.0,10.0,1,1,Barber,average
NA,10.0,10.0,1,1,Barber,average
NA,10.0,10.0,1,1,Barber,average
NA,10.0,10.0,1,1,Barber,average
NA,10.0,10.0,1,1,Barber,average
NA,10.0,10.0,1,1,Barber,average
NA,10.0,10.0,1,1,Barber,average
NA,10.0,10.0,1,1,Barber,average
NA,10.0,10.0,1,1,Barber,average
NA,10.0,10.0,1,1,Barber,average
NA,10.0,10.0,1,1,Barber,average
NA,10.0,10.0,1,1,Barber,average
NA,10.0,10.0,1,1,Barber,average
NA,10.0,10.0,1,1,Barber,average
NA,10.0,10.0,1,1,Barber,average
NA,10.0,10.0,1,1,Barber,average
NA,10.0,10.0,1,1,Barber,average
NA,10.0,10.0,1,1,Barber,average
NA,10.0,10.0,1,1,Barber,average
NA,10.0,10.0,1,1,Barber,average
NA,10.0,10.0,1,1,Barber,average
NA,10.0,10.0,1,1,Barber,average
NA,10.0,10.0,1,1,Barber,average
NA,10.0,10.0,1,1,Barber,average
NA,10.0,10.0,1,1,Barber,average
NA,10.0,10.0,1,1,Barber,average
NA,10.0,10.0,1,1,Barber,average
NA,10.0,10.0,1,1,Barber,average
NA,10.0,10.0,1,1,Barber,average
NA,10.0,10.0,1,1,Barber,average
NA,10.0,10.0,1,1,Barber,average
NA,10.0,10.0,1,1,Barber,average
NA,10.0,10.0,1,1,Barber,average
NA,10.0,10.0,1,1,Barber,average
NA,10.0,10.0,1,1,Barber,average
NA,10.0,10.0,1,1,Barber,average
NA,10.0,10.0,1,1,Barber,average
NA,10.0,10.0,1,1,Barber,average
NA,10.0,10.0,1,1,Barber,average
NA,10.0,10.0,1,1,Barber,average
NA,10.0,10.0,1,1,Barber,average
NA,10.0,10.0,1,1,Barber,average
NA,10.0,10.0,1,1,Barber,average
NA,10.0,10.0,1,1,Barber,average
NA,10.0,10.0,1,1,Barber,average
NA,10.0,10.0,1,1,Barber,average
NA,10.0,10.0,1,1,Barber,average
NA,10.0,10.0,1,1,Barber,average
NA,10.0,10.0,1,1,Barber,average
NA,10.0,10.0,1,1,Barber,average
NA,10.0,10.0,1,1,Barber,average
NA,10.0,10.0,1,1,Barber,average
NA,10.0,10.0,1,1,Barber,average
NA,10.0,10.0,1,1,Barber,average
NA,10.0,10.0,1,1,Barber,average
NA,10.0,10.0,1,1,Barber,average
NA,10.0,10.0,1,1,Barber,average
NA,10.0,10.0,1,1,Barber,average
NA,10.0,10.0,1,1,Barber,average
NA,10.0,10.0,1,1,Barber,average
NA,10.0,10.0,1,1,Barber,average
NA,10.0,10.0,1,1,Barber,average
NA,10.0,10.0,1,1,Barber,average
NA,10.0,10.0,1,1,Barber,average
NA,10.0,10.0,1,1,Barber,average
NA,10.0,10.0,1,1,Barber,average
NA,10.0,10.0,1,1,Barber,average
NA,10.0,10.0,1,1,Barber,average
NA,10.0,10.0,1,1,Barber,average
NA,10.0,10.0,1,1,Barber,average
NA,10.0,10.0,1,1,Barber,average
NA,10.0,10.0,1,1,Barber,average
NA,10.0,10.0,1,1,Barber,average
NA,10.0,10.0,1,1,Barber,average
NA,10.0,10.0,1,1,Barber,average
NA,10.0,10.0,1,1,Barber,average
NA,10.0,10.0,1,1,Barber,average
NA,10.0,10.0,1,1,Barber,average
NA,10.0,10.0,1,1,Barber,average
NA,10.0,10.0,1,1,Barber,average
NA,10.0,10.0,1,1,Barber,average
NA,10.0,10.0,1,1,Barber,average
NA,10.0,10.0,1,1,Barber,average
NA,10.0,10.0,1,1,Barber,average
NA,10.0,10.0,1,1,Barber,average
NA,10.0,10.0,1,1,Barber,average
NA,10.0,10.0,1,1,Barber,average
NA,10.0,10.0,1,1,Barber,average
NA,10.0,10.0,1,1,Barber,average
NA,10.0,10.0,1,1,Barber,average
NA,10.0,10.0,1,1,Barber,average
NA,10.0,10.0,1,1,Barber,average
NA,10.0,10.0,1,1,Barber,average
NA,10.0,10.0,1,1,Barber,average
NA,10.0,10.0,1,1,Barber,average
NA,10.0,10.0,1,1,Barber,average
NA,10.0,10.0,1,1,Barber,average
NA,10.0,10.0,1,1,Barber,average
NA,10.0,10.0,1,1,Barber,average
NA,10.0,10.0,1,1,Barber,average
NA,10.0,10.0,1,1,Barber,average
NA,10.0,10.0,1,1,Barber,average
NA,10.0,10.0,1,1,Barber,average
NA,10.0,10.0,1,1,Barber,average
NA,10.0,10.0,1,1,Barber,average
NA,10.0,10.0,1,1,Barber,average
NA,10.0,10.0,1,1,Barber,average
NA,10.0,10.0,1,1,Barber,average
NA,10.0,10.0,1,1,Barber,average
NA,10.0,10.0,1,1,Barber,average
NA,10.0,10.0,1,1,Barber,average
NA,10.0,10.0,1,1,Barber,average
NA,10.0,10.0,1,1,Barber,average
NA,10.0,10.0,1,1,Barber,average
NA,10.0,10.0,1,1,Barber,average
NA,10.0,10.0,1,1,Barber,average
NA,10.0,10.0,1,1,Barber,average
NA,10.0,10.0,1,1,Barber,average
NA,10.0,10.0,1,1,Barber,average
NA,10.0,10.0,1,1,Barber,average
NA,10.0,10.0,1,1,Barber,average
NA,10.0,10.0,1,1,Barber,average
NA,10.0,10.0,1,1,Barber,average
NA,10.0,10.0,1,1,Barber,average
NA,10.0,10.0,1,1,Barber,average
NA,10.0,10.0,1,1,Barber,average
NA,10.0,10.0,1,1,Barber,average
NA,10.0,10.0,1,1,Barber,average
NA,10.0,10.0,1,1,Barber,average
NA,10.0,10.0,1,1,Barber,average
NA,10.0,10.0,1,1,Barber,average
NA,10.0,10.0,1,1,Barber,average
NA,10.0,10.0,1,1,Barber,average
NA,10.0,10.0,1,1,Barber,average
NA,10.0,10.0,1,1,Barber,average
NA,10.0,10.0,1,1,Barber,average
NA,10.0,10.0,1,1,Barber,average
NA,10.0,10.0,1,1,Barber,average
NA,10.0,10.0,1,1,Barber,average
NA,10.0,10.0,1,1,Barber,average
NA,10.0,10.0,1,1,Barber,average
NA,10.0,10.0,1,1,Barber,average
NA,10.0,10.0,1,1,Barber,average
NA,10.0,10.0,1,1,Barber,average
NA,10.0,10.0,1,1,Barber,average
NA,10.0,10.0,1,1,Barber,average
NA,10.0,10.0,1,1,Barber,average
NA,10.0,10.0,1,1,Barber,average
NA,10.0,10.0,1,1,Barber,average
NA,10.0,10.0,1,1,Barber,average
NA,10.0,10.0,1,1,Barber,average
NA,10.0,10.0,1,1,Barber,average
NA,10.0,10.0,1,1,Barber,average
NA,10.0,10.0,1,1,Barber,average
NA,10.0,10.0,1,1,Barber,average
NA,10.0,10.0,1,1,Barber,average
NA,10.0,10.0,1,1,Barber,average
NA,10.0,10.0,1,1,Barber,average
NA,10.0,10.0,1,1,Barber,average
NA,10.0,10.0,1,1,Barber,average
NA,10.0,10.0,1,1,Barber,average
NA,10.0,10.0,1,1,Barber,average
NA,10.0,10.0,1,1,Barber,average
NA,10.0,10.0,1,1,Barber,average
NA,10.0,10.0,1,1,Barber,average
NA,10.0,10.0,1,1,Barber,average
NA,10.0,10.0,1,1,Barber,average
NA,10.0,10.0,1,1,Barber,average
NA,10.0,10.0,1,1,Barber,average
NA,10.0,10.0,1,1,Barber,average
NA,10.0,10.0,1,1,Barber,average
NA,10.0,10.0,1,1,Barber,average
NA,10.0,10.0,1,1,Barber,average
NA,10.0,10.0,1,1,Barber,average
NA,10.0,10.0,1,1,Barber,average
NA,10.0,10.0,1,1,Barber,average
NA,10.0,10.0,1,1,Barber,average
NA,10.0,10.0,1,1,Barber,average
NA,10.0,10.0,1,1,Barber,average
NA,10.0,10.0,1,1,Barber,average
NA,10.0,10.0,1,1,Barber,average
NA,10.0,10.0,1,1,Barber,average
NA,10.0,10.0,1,1,Barber,average
NA,10.0,10.0,1,1,Barber,average
NA,10.0,10.0,1,1,Barber,average
NA,10.0,10.0,1,1,Barber,average
NA,10.0,10.0,1,1,Barber,average
NA,10.0,10.0,1,1,Barber,average
NA,10.0,10.0,1,1,Barber,average
NA,10.0,10.0,1,1,Barber,average
NA,10.0,10.0,1,1,Barber,average
NA,10.0,10.0,1,1,Barber,average
NA,10.0,10.0,1,1,Barber,average
NA,10.0,10.0,1,1,Barber,average
NA,10.0,10.0,1,1,Barber,average
NA,10.0,10.0,1,1,Barber,average
NA,10.0,10.0,1,1,Barber,average
NA,10.0,10.0,1,1,Barber,average
NA,10.0,10.0,1,1,Barber,average
NA,10.0,10.0,1,1,Barber,average
NA,10.0,10.0,1,1,Barber,average
NA,10.0,10.0,1,1,Barber,average
NA,10.0,10.0,1,1,Barber,average
NA,10.0,10.0,1,1,Barber,average
NA,10.0,10.0,1,1,Barber,average
NA,10.0,10.0,1,1,Barber,average
NA,10.0,10.0,1,1,Barber,average
NA,10.0,10.0,1,1,Barber,average
NA,10.0,10.0,1,1,Barber,average
NA,10.0,10.0,1,1,Barber,average
NA,10.0,10.0,1,1,Barber,average
NA,10.0,10.0,1,1,Barber,average
NA,10.0,10.0,1,1,Barber,average
NA,10.0,10.0,1,1,Barber,average
NA,10.0,10.0,1,1,Barber,average
NA,10.0,10.0,1,1,Barber,average
NA,10.0,10.0,1,1,Barber,average
NA,10.0,10.0,1,1,Barber,average
NA,10.0,10.0,1,1,Barber,average
NA,10.0,10.0,1,1,Barber,average
NA,10.0,10.0,1,1,Barber,average
NA,10.0,10.0,1,1,Barber,average
NA,10.0,10.0,1,1,Barber,average
NA,10.0,10.0,1,1,Barber,average
NA,10.0,10.0,1,1,Barber,average
NA,10.0,10.0,1,1,Barber,average
NA,10.0,10.0,1,1,Barber,average
NA,10.0,10.0,1,1,Barber,average
NA,10.0,10.0,1,1,Barber,average
NA,10.0,10.0,1,1,Barber,average
NA,10.0,10.0,1,1,Barber,average
NA,10.0,10.0,1,1,Barber,average
NA,10.0,10.0,1,1,Barber,average
NA,10.0,10.0,1,1,Barber,average
NA,10.0,10.0,1,1,Barber,average
NA,10.0,10.0,1,1,Barber,average
NA,10.0,10.0,1,1,Barber,average
NA,10.0,10.0,1,1,Barber,average
NA,10.0,10.0,1,1,Barber,average
NA,10.0,10.0,1,1,Barber,average
NA,10.0,10.0,1,1,Barber,average
NA,10.0,10.0,1,1,Barber,average
NA,10.0,10.0,1,1,Barber,average
NA,10.0,10.0,1,1,Barber,average
NA,10.0,10.0,1,1,Barber,average
NA,10.0,10.0,1,1,Barber,average
NA,10.0,10.0,1,1,Barber,average
NA,10.0,10.0,1,1,Barber,average
NA,10.0,10.0,1,1,Barber,average
NA,10.0,10.0,1,1,Barber,average
NA,10.0,10.0,1,1,Barber,average
NA,10.0,10.0,1,1,Barber,average
NA,10.0,10.0,1,1,Barber,average
NA,10.0,10.0,1,1,Barber,average
NA,10.0,10.0,1,1,Barber,average
NA,10.0,10.0,1,1,Barber,average
NA,10.0,10.0,1,1,Barber,average
NA,10.0,10.0,1,1,Barber,average
NA,10.0,10.0,1,1,Barber,average
NA,10.0,10.0,1,1,Barber,average
NA,10.0,10.0,1,1,Barber,average
NA,10.0,10.0,1,1,Barber,average
NA,10.0,10.0,1,1,Barber,average
NA,10.0,10.0,1,1,Barber,average
NA,10.0,10.0,1,1,Barber,average
NA,10.0,10.0,1,1,Barber,average
NA,10.0,10.0,1,1,Barber,average
NA,10.0,10.0,1,1,Barber,average
NA,10.0,10.0,1,1,Barber,average
NA,10.0,10.0,1,1,Barber,average
NA,10.0,10.0,1,1,Barber,average
NA,10.0,10.0,1,1,Barber,average
NA,10.0,10.0,1,1,Barber,average
NA,10.0,10.0,1,1,Barber,average
NA,10.0,10.0,1,1,Barber,average
NA,10.0,10.0,1,1,Barber,average
NA,10.0,10.0,1,1,Barber,average
NA,10.0,10.0,1,1,Barber,average
NA,10.0,10.0,1,1,Barber,average
NA,10.0,10.0,1,1,Barber,average
NA,10.0,10.0,1,1,Barber,average
NA,10.0,10.0,1,1,Barber,average
NA,10.0,10.0,1,1,Barber,average
NA,10.0,10.0,1,1,Barber,average
NA,10.0,10.0,1,1,Barber,average
NA,10.0,10.0,1,1,Barber,average
NA,10.0,10.0,1,1,Barber,average
NA,10.0,10.0,1,1,Barber,average
NA,10.0,10.0,1,1,Barber,average
NA,10.0,10.0,1,1,Barber,average
NA,10.0,10.0,1,1,Barber,average
NA,10.0,10.0,1,1,Barber,average
NA,10.0,10.0,1,1,Barber,average
NA,10.0,10.0,1,1,Barber,average
NA,10.0,10.0,1,1,Barber,average
NA,10.0,10.0,1,1,Barber,average
NA,10.0,10.0,1,1,Barber,average
NA,10.0,10.0,1,1,Barber,average
NA,10.0,10.0,1,1,Barber,average
NA,10.0,10.0,1,1,Barber,average
NA,10.0,10.0,1,1,Barber,average
NA,10.0,10.0,1,1,Barber,average
NA,10.0,10.0,1,1,Barber,average
NA,10.0,10.0,1,1,Barber,average
NA,10.0,10.0,1,1,Barber,average
NA,10.0,10.0,1,1,Barber,average
NA,10.0,10.0,1,1,Barber,average
NA,10.0,10.0,1,1,Barber,average
NA,10.0,10.0,1,1,Barber,average
NA,10.0,10.0,1,1,Barber,average
NA,10.0,10.0,1,1,Barber,average
NA,10.0,10.0,1,1,Barber,average
NA,10.0,10.0,1,1,Barber,average
NA,10.0,10.0,1,1,Barber,average
NA,10.0,10.0,1,1,Barber,average
NA,10.0,10.0,1,1,Barber,average
NA,10.0,10.0,1,1,Barber,average
NA,10.0,10.0,1,1,Barber,average
NA,10.0,10.0,1,1,Barber,average
NA,10.0,10.0,1,1,Barber,average
NA,10.0,10.0,1,1,Barber,average
NA,10.0,10.0,1,1,Barber,average
NA,10.0,10.0,1,1,Barber,average
NA,10.0,10.0,1,1,Barber,average
NA,10.0,10.0,1,1,Barber,average
NA,10.0,10.0,1,1,Barber,average
NA,10.0,10.0,1,1,Barber,average
NA,10.0,10.0,1,1,Barber,average
NA,10.0,10.0,1,1,Barber,average
NA,10.0,10.0,1,1,Barber,average
NA,10.0,10.0,1,1,Barber,average
NA,10.0,10.0,1,1,Barber,average
NA,10.0,10.0,1,1,Barber,average
NA,10.0,10.0,1,1,Barber,average
NA,10.0,10.0,1,1,Barber,average
NA,10.0,10.0,1,1,Barber,average
NA,10.0,10.0,1,1,Barber,average
NA,10.0,10.0,1,1,Barber,average
NA,10.0,10.0,1,1,Barber,average
NA,10.0,10.0,1,1,Barber,average
NA,10.0,10.0,1,1,Barber,average
NA,10.0,10.0,1,1,Barber,average
NA,10.0,10.0,1,1,Barber,average
NA,10.0,10.0,1,1,Barber,average
NA,10.0,10.0,1,1,Barber,average
NA,10.0,10.0,1,1,Barber,average
NA,10.0,10.0,1,1,Barber,average
NA,10.0,10.0,1,1,Barber,average
NA,10.0,10.0,1,1,Barber,average
NA,10.0,10.0,1,1,Barber,average
NA,10.0,10.0,1,1,Barber,average
NA,10.0,10.0,1,1,Barber,average
NA,10.0,10.0,1,1,Barber,average
NA,10.0,10.0,1,1,Barber,average
NA,10.0,10.0,1,1,Barber,average
NA,10.0,10.0,1,1,Barber,average
NA,10.0,10.0,1,1,Barber,average
NA,10.0,10.0,1,1,Barber,average
NA,10.0,10.0,1,1,Barber,average
NA,10.0,10.0,1,1,Barber,average
NA,10.0,10.0,1,1,Barber,average
NA,10.0,10.0,1,1,Barber,average
NA,10.0,10.0,1,1,Barber,average
NA,10.0,10.0,1,1,Barber,average
NA,10.0,10.0,1,1,Barber,average
NA,10.0,10.0,1,1,Barber,average
NA,10.0,10.0,1,1,Barber,average
NA,10.0,10.0,1,1,Barber,average
NA,10.0,10.0,1,1,Barber,average
NA,10.0,10.0,1,1,Barber,average
NA,10.0,10.0,1,1,Barber,average
NA,10.0,10.0,1,1,Barber,average
NA,10.0,10.0,1,1,Barber,average
NA,10.0,10.0,1,1,Barber,average
NA,10.0,10.0,1,1,Barber,average
NA,10.0,10.0,1,1,Barber,average
NA,10.0,10.0,1,1,Barber,average
NA,10.0,10.0,1,1,Barber,average
NA,10.0,10.0,1,1,Barber,average
NA,10.0,10.0,1,1,Barber,average
NA,10.0,10.0,1,1,Barber,average
NA,10.0,10.0,1,1,Barber,average
NA,10.0,10.0,1,1,Barber,average
NA,10.0,10.0,1,1,Barber,average
NA,10.0,10.0,1,1,Barber,average
NA,10.0,10.0,1,1,Barber,average
NA,10.0,10.0,1,1,Barber,average
NA,10.0,10.0,1,1,Barber,average
NA,10.0,10.0,1,1,Barber,average
NA,10.0,10.0,1,1,Barber,average
NA,10.0,10.0,1,1,Barber,average
NA,10.0,10.0,1,1,Barber,average
NA,10.0,10.0,1,1,Barber,average
NA,10.0,10.0,1,1,Barber,average
NA,10.0,10.0,1,1,Barber,average
NA,10.0,10.0,1,1,Barber,average
NA,10.0,10.0,1,1,Barber,average
NA,10.0,10.0,1,1,Barber,average
NA,10.0,10.0,1,1,Barber,average
NA,10.0,10.0,1,1,Barber,average
NA,10.0,10.0,1,1,Barber,average
NA,10.0,10.0,1,1,Barber,average
NA,10.0,10.0,1,1,Barber,average
NA,10.0,10.0,1,1,Barber,average
NA,10.0,10.0,1,1,Barber,average
NA,10.0,10.0,1,1,Barber,average
NA,10.0,10.0,1,1,Barber,average
NA,10.0,10.0,1,1,Barber,average
NA,10.0,10.0,1,1,Barber,average
NA,10.0,10.0,1,1,Barber,average
NA,10.0,10.0,1,1,Barber,average
NA,10.0,10.0,1,1,Barber,average
NA,10.0,10.0,1,1,Barber,average
NA,10.0,10.0,1,1,Barber,average
NA,10.0,10.0,1,1,Barber,average
NA,10.0,10.0,1,1,Barber,average
NA,10.0,10.0,1,1,Barber,average
NA,10.0,10.0,1,1,Barber,average
NA,10.0,10.0,1,1,Barber,average
NA,10.0,10.0,1,1,Barber,average
NA,10.0,10.0,1,1,Barber,average
NA,10.0,10.0,1,1,Barber,average
NA,10.0,10.0,1,1,Barber,average
NA,10.0,10.0,1,1,Barber,average
NA,10.0,10.0,1,1,Barber,average
NA,10.0,10.0,1,1,Barber,average
NA,10.0,10.0,1,1,Barber,average
NA,10.0,10.0,1,1,Barber,average
NA,10.0,10.0,1,1,Barber,average
NA,10.0,10.0,1,1,Barber,average
NA,10.0,10.0,1,1,Barber,average
NA,10.0,10.0,1,1,Barber,average
NA,10.0,10.0,1,1,Barber,average
NA,10.0,10.0,1,1,Barber,average
NA,10.0,10.0,1,1,Barber,average
NA,10.0,10.0,1,1,Barber,average
NA,10.0,10.0,1,1,Barber,average
NA,10.0,10.0,1,1,Barber,average
NA,10.0,10.0,1,1,Barber,average
NA,10.0,10.0,1,1,Barber,average
NA,10.0,10.0,1,1,Barber,average
NA,10.0,10.0,1,1,Barber,average
NA,10.0,10.0,1,1,Barber,average
NA,10.0,10.0,1,1,Barber,average
NA,10.0,10.0,1,1,Barber,average
NA,10.0,10.0,1,1,Barber,average
NA,10.0,10.0,1,1,Barber,average
NA,10.0,10.0,1,1,Barber,average
NA,10.0,10.0,1,1,Barber,average
NA,10.0,10.0,1,1,Barber,average
NA,10.0,10.0,1,1,Barber,average
NA,10.0,10.0,1,1,Barber,average
NA,10.0,10.0,1,1,Barber,average
NA,10.0,10.0,1,1,Barber,average
NA,10.0,10.0,1,1,Barber,average
NA,10.0,10.0,1,1,Barber,average
NA,10.0,10.0,1,1,Barber,average
NA,10.0,10.0,1,1,Barber,average
NA,10.0,10.0,1,1,Barber,average
NA,10.0,10.0,1,1,Barber,average
NA,10.0,10.0,1,1,Barber,average
NA,10.0,10.0,1,1,Barber,average
NA,10.0,10.0,1,1,Barber,average
NA,10.0,10.0,1,1,Barber,average
NA,10.0,10.0,1,1,Barber,average
NA,10.0,10.0,1,1,Barber,average
NA,10.0,10.0,1,1,Barber,average
NA,10.0,10.0,1,1,Barber,average
NA,10.0,10.0,1,1,Barber,average
NA,10.0,10.0,1,1,Barber,average
NA,10.0,10.0,1,1,Barber,average
NA,10.0,10.0,1,1,Barber,average
NA,10.0,10.0,1,1,Barber,average
NA,10.0,10.0,1,1,Barber,average
NA,10.0,10.0,1,1,Barber,average
NA,10.0,10.0,1,1,Barber,average
NA,10.0,10.0,1,1,Barber,average
NA,10.0,10.0,1,1,Barber,average
NA,10.0,10.0,1,1,Barber,average
NA,10.0,10.0,1,1,Barber,average
NA,10.0,10.0,1,1,Barber,average
NA,10.0,10.0,1,1,Barber,average
NA,10.0,10.0,1,1,Barber,average
NA,10.0,10.0,1,1,Barber,average
NA,10.0,10.0,1,1,Barber,average
NA,10.0,10.0,1,1,Barber,average
NA,10.0,10.0,1,1,Barber,average
NA,10.0,10.0,1,1,Barber,average
NA,10.0,10.0,1,1,Barber,average
NA,10.0,10.0,1,1,Barber,average
NA,10.0,10.0,1,1,Barber,average
NA,10.0,10.0,1,1,Barber,average
NA,10.0,10.0,1,1,Barber,average
NA,10.0,10.0,1,1,Barber,average
NA,10.0,10.0,1,1,Barber,average
NA,10.0,10.0,1,1,Barber,average
NA,10.0,10.0,1,1,Barber,average
NA,10.0,10.0,1,1,Barber,average
NA,10.0,10.0,1,1,Barber,average
NA,10.0,10.0,1,1,Barber,average
NA,10.0,10.0,1,1,Barber,average
NA,10.0,10.0,1,1,Barber,average
NA,10.0,10.0,1,1,Barber,average
NA,10.0,10.0,1,1,Barber,average
NA,10.0,10.0,1,1,Barber,average
NA,10.0,10.0,1,1,Barber,average
NA,10.0,10.0,1,1,Barber,average
NA,10.0,10.0,1,1,Barber,average
NA,10.0,10.0,1,1,Barber,average
NA,10.0,10.0,1,1,Barber,average
NA,10.0,10.0,1,1,Barber,average
NA,10.0,10.0,1,1,Barber,average
NA,10.0,10.0,1,1,Barber,average
NA,10.0,10.0,1,1,Barber,average
NA,10.0,10.0,1,1,Barber,average
NA,10.0,10.0,1,1,Barber,average
NA,10.0,10.0,1,1,Barber,average
NA,10.0,10.0,1,1,Barber,average
NA,10.0,10.0,1,1,Barber,average
NA,10.0,10.0,1,1,Barber,average
NA,10.0,10.0,1,1,Barber,average
NA,10.0,10.0,1,1,Barber,average
NA,10.0,10.0,1,1,Barber,average
NA,10.0,10.0,1,1,Barber,average
NA,10.0,10.0,1,1,Barber,average
NA,10.0,10.0,1,1,Barber,average
NA,10.0,10.0,1,1,Barber,average
NA,10.0,10.0,1,1,Barber,average
NA,10.0,10.0,1,1,Barber,average
NA,10.0,10.0,1,1,Barber,average
NA,10.0,10.0,1,1,Barber,average
NA,10.0,10.0,1,1,Barber,average
NA,10.0,10.0,1,1,Barber,average
NA,10.0,10.0,1,1,Barber,average
NA,10.0,10.0,1,1,Barber,average
NA,10.0,10.0,1,1,Barber,average
NA,10.0,10.0,1,1,Barber,average
NA,10.0,10.0,1,1,Barber,average
NA,10.0,10.0,1,1,Barber,average
NA,10.0,10.0,1,1,Barber,average
NA,10.0,10.0,1,1,Barber,average
NA,10.0,10.0,1,1,Barber,average
NA,10.0,10.0,1,1,Barber,average
NA,10.0,10.0,1,1,Barber,average
NA,10.0,10.0,1,1,Barber,average
NA,10.0,10.0,1,1,Barber,average
NA,10.0,10.0,1,1,Barber,average
NA,10.0,10.0,1,1,Barber,average
NA,10.0,10.0,1,1,Barber,average
NA,10.0,10.0,1,1,Barber,average
NA,10.0,10.0,1,1,Barber,average
NA,10.0,10.0,1,1,Barber,average
NA,10.0,10.0,1,1,Barber,average
NA,10.0,10.0,1,1,Barber,average
NA,10.0,10.0,1,1,Barber,average
NA,10.0,10.0,1,1,Barber,average
NA,10.0,10.0,1,1,Barber,average
NA,10.0,10.0,1,1,Barber,average
NA,10.0,10.0,1,1,Barber,average
NA,10.0,10.0,1,1,Barber,average
NA,10.0,10.0,1,1,Barber,average
NA,10.0,10.0,1,1,Barber,average
NA,10.0,10.0,1,1,Barber,average
NA,10.0,10.0,1,1,Barber,average
NA,10.0,10.0,1,1,Barber,average
NA,10.0,10.0,1,1,Barber,average
NA,10.0,10.0,1,1,Barber,average
NA,10.0,10.0,1,1,Barber,average
NA,10.0,10.0,1,1,Barber,average
NA,10.0,10.0,1,1,Barber,average
NA,10.0,10.0,1,1,Barber,average
NA,10.0,10.0,1,1,Barber,average
NA,10.0,10.0,1,1,Barber,average
NA,10.0,10.0,1,1,Barber,average
NA,10.0,10.0,1,1,Barber,average
NA,10.0,10.0,1,1,Barber,average
NA,10.0,10.0,1,1,Barber,average
NA,10.0,10.0,1,1,Barber,average
NA,10.0,10.0,1,1,Barber,average
NA,10.0,10.0,1,1,Barber,average
NA,10.0,10.0,1,1,Barber,average
NA,10.0,10.0,1,1,Barber,average
NA,10.0,10.0,1,1,Barber,average
NA,10.0,10.0,1,1,Barber,average
NA,10.0,10.0,1,1,Barber,average
NA,10.0,10.0,1,1,Barber,average
NA,10.0,10.0,1,1,Barber,average
NA,10.0,10.0,1,1,Barber,average
NA,10.0,10.0,1,1,Barber,average
NA,10.0,10.0,1,1,Barber,average
NA,10.0,10.0,1,1,Barber,average
NA,10.0,10.0,1,1,Barber,average
NA,10.0,10.0,1,1,Barber,average
NA,10.0,10.0,1,1,Barber,average
NA,10.0,10.0,1,1,Barber,average
NA,10.0,10.0,1,1,Barber,average
NA,10.0,10.0,1,1,Barber,average
NA,10.0,10.0,1,1,Barber,average
NA,10.0,10.0,1,1,Barber,average
NA,10.0,10.0,1,1,Barber,average
NA,10.0,10.0,1,1,Barber,average
NA,10.0,10.0,1,1,Barber,average
NA,10.0,10.0,1,1,Barber,average
NA,10.0,10.0,1,1,Barber,average
NA,10.0,10.0,1,1,Barber,average
NA,10.0,10.0,1,1,Barber,average
NA,10.0,10.0,1,1,Barber,average
NA,10.0,10.0,1,1,Barber,average
NA,10.0,10.0,1,1,Barber,average
NA,10.0,10.0,1,1,Barber,average
NA,10.0,10.0,1,1,Barber,average
NA,10.0,10.0,1,1,Barber,average
NA,10.0,10.0,1,1,Barber,average
NA,10.0,10.0,1,1,Barber,average
NA,10.0,10.0,1,1,Barber,average
NA,10.0,10.0,1,1,Barber,average
NA,10.0,10.0,1,1,Barber,average
NA,10.0,10.0,1,1,Barber,average
NA,10.0,10.0,1,1,Barber,average
NA,10.0,10.0,1,1,Barber,average
NA,10.0,10.0,1,1,Barber,average
NA,10.0,10.0,1,1,Barber,average
NA,10.0,10.0,1,1,Barber,average
NA,10.0,10.0,1,1,Barber,average
NA,10.0,10.0,1,1,Barber,average
NA,10.0,10.0,1,1,Barber,average
NA,10.0,10.0,1,1,Barber,average
NA,10.0,10.0,1,1,Barber,average
NA,10.0,10.0,1,1,Barber,average
NA,10.0,10.0,1,1,Barber,average
NA,10.0,10.0,1,1,Barber,average
NA,10.0,10.0,1,1,Barber,average
NA,10.0,10.0,1,1,Barber,average
NA,10.0,10.0,1,1,Barber,average
NA,10.0,10.0,1,1,Barber,average
NA,10.0,10.0,1,1,Barber,average
NA,10.0,10.0,1,1,Barber,average
NA,10.0,10.0,1,1,Barber,average
NA,10.0,10.0,1,1,Barber,average
NA,10.0,10.0,1,1,Barber,average
NA,10.0,10.0,1,1,Barber,average
NA,10.0,10.0,1,1,Barber,average
NA,10.0,10.0,1,1,Barber,average
NA,10.0,10.0,1,1,Barber,average
NA,10.0,10.0,1,1,Barber,average
NA,10.0,10.0,1,1,Barber,average
NA,10.0,10.0,1,1,Barber,average
NA,10.0,10.0,1,1,Barber,average
NA,10.0,10.0,1,1,Barber,average
NA,10.0,10.0,1,1,Barber,average
NA,10.0,10.0,1,1,Barber,average
NA,10.0,10.0,1,1,Barber,average
NA,10.0,10.0,1,1,Barber,average
NA,10.0,10.0,1,1,Barber,average
NA,10.0,10.0,1,1,Barber,average
NA,10.0,10.0,1,1,Barber,average
NA,10.0,10.0,1,1,Barber,average
NA,10.0,10.0,1,1,Barber,average
NA,10.0,10.0,1,1,Barber,average
NA,10.0,10.0,1,1,Barber,average
NA,10.0,10.0,1,1,Barber,average
NA,10.0,10.0,1,1,Barber,average
NA,10.0,10.0,1,1,Barber,average
NA,10.0,10.0,1,1,Barber,average
NA,10.0,10.0,1,1,Barber,average
NA,10.0,10.0,1,1,Barber,average
NA,10.0,10.0,1,1,Barber,average
NA,10.0,10.0,1,1,Barber,average
NA,10.0,10.0,1,1,Barber,average
NA,10.0,10.0,1,1,Barber,average
NA,10.0,10.0,1,1,Barber,average
NA,10.0,10.0,1,1,Barber,average
NA,10.0,10.0,1,1,Barber,average
NA,10.0,10.0,1,1,Barber,average
NA,10.0,10.0,1,1,Barber,average
NA,10.0,10.0,1,1,Barber,average
NA,10.0,10.0,1,1,Barber,average
NA,10.0,10.0,1,1,Barber,average
NA,10.0,10.0,1,1,Barber,average
NA,10.0,10.0,1,1,Barber,average
NA,10.0,10.0,1,1,Barber,average
NA,10.0,10.0,1,1,Barber,average
NA,10.0,10.0,1,1,Barber,average
NA,10.0,10.0,1,1,Barber,average
NA,10.0,10.0,1,1,Barber,average
NA,10.0,10.0,1,1,Barber,average
NA,10.0,10.0,1,1,Barber,average
NA,10.0,10.0,1,1,Barber,average
NA,10.0,10.0,1,1,Barber,average
NA,10.0,10.0,1,1,Barber,average
NA,10.0,10.0,1,1,Barber,average
NA,10.0,10.0,1,1,Barber,average
NA,10.0,10.0,1,1,Barber,average
NA,10.0,10.0,1,1,Barber,average
NA,10.0,10.0,1,1,Barber,average
NA,10.0,10.0,1,1,Barber,average
NA,10.0,10.0,1,1,Barber,average
NA,10.0,10.0,1,1,Barber,average
NA,10.0,10.0,1,1,Barber,average
NA,10.0,10.0,1,1,Barber,average
NA,10.0,10.0,1,1,Barber,average
NA,10.0,10.0,1,1,Barber,average
NA,10.0,10.0,1,1,Barber,average
NA,10.0,10.0,1,1,Barber,average
NA,10.0,10.0,1,1,Barber,average
NA,10.0,10.0,1,1,Barber,average
NA,10.0,10.0,1,1,Barber,average
NA,10.0,10.0,1,1,Barber,average
NA,10.0,10.0,1,1,Barber,average
NA,10.0,10.0,1,1,Barber,average
NA,10.0,10.0,1,1,Barber,average
NA,10.0,10.0,1,1,Barber,average
NA,10.0,10.0,1,1,Barber,average
NA,10.0,10.0,1,1,Barber,average
NA,10.0,10.0,1,1,Barber,average
NA,10.0,10.0,1,1,Barber,average
NA,10.0,10.0,1,1,Barber,average
NA,10.0,10.0,1,1,Barber,average
NA,10.0,10.0,1,1,Barber,average
NA,10.0,10.0,1,1,Barber,average
NA,10.0,10.0,1,1,Barber,average
NA,10.0,10.0,1,1,Barber,average
NA,10.0,10.0,1,1,Barber,average
NA,10.0,10.0,1,1,Barber,average
NA,10.0,10.0,1,1,Barber,average
NA,10.0,10.0,1,1,Barber,average
NA,10.0,10.0,1,1,Barber,average
NA,10.0,10.0,1,1,Barber,average
NA,10.0,10.0,1,1,Barber,average
NA,10.0,10.0,1,1,Barber,average
NA,10.0,10.0,1,1,Barber,average
NA,10.0,10.0,1,1,Barber,average
NA,10.0,10.0,1,1,Barber,average
NA,10.0,10.0,1,1,Barber,average
NA,10.0,10.0,1,1,Barber,average
NA,10.0,10.0,1,1,Barber,average
NA,10.0,10.0,1,1,Barber,average
NA,10.0,10.0,1,1,Barber,average
NA,10.0,10.0,1,1,Barber,average
NA,10.0,10.0,1,1,Barber,average
NA,10.0,10.0,1,1,Barber,average
NA,10.0,10.0,1,1,Barber,average
NA,10.0,10.0,1,1,Barber,average
NA,10.0,10.0,1,1,Barber,average
NA,10.0,10.0,1,1,Barber,average
NA,10.0,10.0,1,1,Barber,average
NA,10.0,10.0,1,1,Barber,average
NA,10.0,10.0,1,1,Barber,average
NA,10.0,10.0,1,1,Barber,average
NA,10.0,10.0,1,1,Barber,average
NA,10.0,10.0,1,1,Barber,average
NA,10.0,10.0,1,1,Barber,average
NA,10.0,10.0,1,1,Barber,average
NA,10.0,10.0,1,1,Barber,average
NA,10.0,10.0,1,1,Barber,average
NA,10.0,10.0,1,1,Barber,average
NA,10.0,10.0,1,1,Barber,average
NA,10.0,10.0,1,1,Barber,average
NA,10.0,10.0,1,1,Barber,average
NA,10.0,10.0,1,1,Barber,average
NA,10.0,10.0,1,1,Barber,average
NA,10.0,10.0,1,1,Barber,average
NA,10.0,10.0,1,1,Barber,average
NA,10.0,10.0,1,1,Barber,average
NA,10.0,10.0,1,1,Barber,average
NA,10.0,10.0,1,1,Barber,average
NA,10.0,10.0,1,1,Barber,average
NA,10.0,10.0,1,1,Barber,average
NA,10.0,10.0,1,1,Barber,average
NA,10.0,10.0,1,1,Barber,average
NA,10.0,10.0,1,1,Barber,average
NA,10.0,10.0,1,1,Barber,average
NA,10.0,10.0,1,1,Barber,average
NA,10.0,10.0,1,1,Barber,average
NA,10.0,10.0,1,1,Barber,average
NA,10.0,10.0,1,1,Barber,average
NA,10.0,10.0,1,1,Barber,average
NA,10.0,10.0,1,1,Barber,average
NA,10.0,10.0,1,1,Barber,average
NA,10.0,10.0,1,1,Barber,average
NA,10.0,10.0,1,1,Barber,average
NA,10.0,10.0,1,1,Barber,average
NA,10.0,10.0,1,1,Barber,average
NA,10.0,10.0,1,1,Barber,average
NA,10.0,10.0,1,1,Barber,average
NA,10.0,10.0,1,1,Barber,average
NA,10.0,10.0,1,1,Barber,average
NA,10.0,10.0,1,1,Barber,average
NA,10.0,10.0,1,1,Barber,average
NA,10.0,10.0,1,1,Barber,average
NA,10.0,10.0,1,1,Barber,average
NA,10.0,10.0,1,1,Barber,average
NA,10.0,10.0,1,1,Barber,average
NA,10.0,10.0,1,1,Barber,average
NA,10.0,10.0,1,1,Barber,average
NA,10.0,10.0,1,1,Barber,average
NA,10.0,10.0,1,1,Barber,average
NA,10.0,10.0,1,1,Barber,average
NA,10.0,10.0,1,1,Barber,average
NA,10.0,10.0,1,1,Barber,average
NA,10.0,10.0,1,1,Barber,average
NA,10.0,10.0,1,1,Barber,average
NA,10.0,10.0,1,1,Barber,average
NA,10.0,10.0,1,1,Barber,average
NA,10.0,10.0,1,1,Barber,average
NA,10.0,10.0,1,1,Barber,average
NA,10.0,10.0,1,1,Barber,average
NA,10.0,10.0,1,1,Barber,average
NA,10.0,10.0,1,1,Barber,average
NA,10.0,10.0,1,1,Barber,average
NA,10.0,10.0,1,1,Barber,average
NA,10.0,10.0,1,1,Barber,average
NA,10.0,10.0,1,1,Barber,average
NA,10.0,10.0,1,1,Barber,average
NA,10.0,10.0,1,1,Barber,average
NA,10.0,10.0,1,1,Barber,average
NA,10.0,10.0,1,1,Barber,average
NA,10.0,10.0,1,1,Barber,average
NA,10.0,10.0,1,1,Barber,average
NA,10.0,10.0,1,1,Barber,average
NA,10.0,10.0,1,1,Barber,average
NA,10.0,10.0,1,1,Barber,average
NA,10.0,10.0,1,1,Barber,average
NA,10.0,10.0,1,1,Barber,average
NA,10.0,10.0,1,1,Barber,average
NA,10.0,10.0,1,1,Barber,average
NA,10.0,10.0,1,1,Barber,average
NA,10.0,10.0,1,1,Barber,average
NA,10.0,10.0,1,1,Barber,average
NA,10.0,10.0,1,1,Barber,average
NA,10.0,10.0,1,1,Barber,average
NA,10.0,10.0,1,1,Barber,average
NA,10.0,10.0,1,1,Barber,average
NA,10.0,10.0,1,1,Barber,average
NA,10.0,10.0,0,1,Barber,average
NA,10.0,10.0,1,1,Barber,average
NA,10.0,10.0,1,1,Barber,average
NA,10.0,10.0,1,1,Barber,average
NA,10.0,10.0,1,1,Barber,average
NA,10.0,10.0,1,1,Barber,average
NA,10.0,10.0,1,1,Barber,average
NA,10.0,10.0,1,1,Barber,average
NA,10.0,10.0,1,1,Barber,average
NA,10.0,10.0,1,1,Barber,average
NA,10.0,10.0,1,1,Barber,average
NA,10.0,10.0,1,1,Barber,average
NA,10.0,10.0,1,1,Barber,average
NA,10.0,10.0,1,1,Barber,average
NA,10.0,10.0,1,1,Barber,average
NA,10.0,10.0,1,1,Barber,average
NA,10.0,10.0,1,1,Barber,average
NA,10.0,10.0,1,1,Barber,average
NA,10.0,10.0,1,1,Barber,average
NA,10.0,10.0,1,1,Barber,average
NA,10.0,10.0,1,1,Barber,average
NA,10.0,10.0,1,1,Barber,average
NA,10.0,10.0,1,1,Barber,average
NA,10.0,10.0,1,1,Barber,average
NA,10.0,10.0,1,1,Barber,average
NA,10.0,10.0,1,1,Barber,average
NA,10.0,10.0,1,1,Barber,average
NA,10.0,10.0,1,1,Barber,average
NA,10.0,10.0,1,1,Barber,average
NA,10.0,10.0,1,1,Barber,average
NA,10.0,10.0,1,1,Barber,average
NA,10.0,10.0,1,1,Barber,average
NA,10.0,10.0,1,1,Barber,average
NA,10.0,10.0,1,1,Barber,average
NA,10.0,10.0,1,1,Barber,average
NA,10.0,10.0,1,1,Barber,average
NA,10.0,10.0,1,1,Barber,average
NA,10.0,10.0,1,1,Barber,average
NA,10.0,10.0,1,1,Barber,average
NA,10.0,10.0,1,1,Barber,average
NA,10.0,10.0,1,1,Barber,average
NA,10.0,10.0,1,1,Barber,average
NA,10.0,10.0,1,1,Barber,average
NA,10.0,10.0,1,1,Barber,average
NA,10.0,10.0,1,1,Barber,average
NA,10.0,10.0,1,1,Barber,average
NA,10.0,10.0,1,1,Barber,average
NA,10.0,10.0,1,1,Barber,average
NA,10.0,10.0,1,1,Barber,average
NA,10.0,10.0,1,1,Barber,average
NA,10.0,10.0,1,1,Barber,average
NA,10.0,10.0,1,1,Barber,average
NA,10.0,10.0,1,1,Barber,average
NA,10.0,10.0,1,1,Barber,average
NA,10.0,10.0,1,1,Barber,average
NA,10.0,10.0,1,1,Barber,average
NA,10.0,10.0,1,1,Barber,average
NA,10.0,10.0,1,1,Barber,average
NA,10.0,10.0,1,1,Barber,average
NA,10.0,10.0,1,1,Barber,average
NA,10.0,10.0,1,1,Barber,average
NA,10.0,10.0,1,1,Barber,average
NA,10.0,10.0,1,1,Barber,average
NA,10.0,10.0,1,1,Barber,average
NA,10.0,10.0,1,1,Barber,average
NA,10.0,10.0,1,1,Barber,average
NA,10.0,10.0,1,1,Barber,average
NA,10.0,10.0,1,1,Barber,average
NA,10.0,10.0,1,1,Barber,average
NA,10.0,10.0,1,1,Barber,average
NA,10.0,10.0,1,1,Barber,average
NA,10.0,10.0,1,1,Barber,average
NA,10.0,10.0,1,1,Barber,average
NA,10.0,10.0,1,1,Barber,average
NA,10.0,10.0,1,1,Barber,average
NA,10.0,10.0,1,1,Barber,average
NA,10.0,10.0,1,1,Barber,average
NA,10.0,10.0,1,1,Barber,average
NA,10.0,10.0,1,1,Barber,average
NA,10.0,10.0,1,1,Barber,average
NA,10.0,10.0,1,1,Barber,average
NA,10.0,10.0,1,1,Barber,average
NA,10.0,10.0,1,1,Barber,average
NA,10.0,10.0,1,1,Barber,average
NA,10.0,10.0,1,1,Barber,average
NA,10.0,10.0,1,1,Barber,average
NA,10.0,10.0,1,1,Barber,average
NA,10.0,10.0,1,1,Barber,average
NA,10.0,10.0,1,1,Barber,average
NA,10.0,10.0,1,1,Barber,average
NA,10.0,10.0,1,1,Barber,average
NA,10.0,10.0,1,1,Barber,average
NA,10.0,10.0,1,1,Barber,average
NA,10.0,10.0,1,1,Barber,average
NA,10.0,10.0,1,1,Barber,average
NA,10.0,10.0,1,1,Barber,average
NA,10.0,10.0,1,1,Barber,average
NA,10.0,10.0,1,1,Barber,average
NA,10.0,10.0,1,1,Barber,average
NA,10.0,10.0,1,1,Barber,average
NA,10.0,10.0,1,1,Barber,average
NA,10.0,10.0,1,1,Barber,average
NA,10.0,10.0,1,1,Barber,average
NA,10.0,10.0,1,1,Barber,average
NA,10.0,10.0,1,1,Barber,average
NA,10.0,10.0,1,1,Barber,average
NA,10.0,10.0,1,1,Barber,average
NA,10.0,10.0,1,1,Barber,average
NA,10.0,10.0,1,1,Barber,average
NA,10.0,10.0,1,1,Barber,average
NA,10.0,10.0,1,1,Barber,average
NA,10.0,10.0,1,1,Barber,average
NA,10.0,10.0,1,1,Barber,average
NA,10.0,10.0,1,1,Barber,average
NA,10.0,10.0,1,1,Barber,average
NA,10.0,10.0,1,1,Barber,average
NA,10.0,10.0,1,1,Barber,average
NA,10.0,10.0,1,1,Barber,average
NA,10.0,10.0,1,1,Barber,average
NA,10.0,10.0,1,1,Barber,average
NA,10.0,10.0,1,1,Barber,average
NA,10.0,10.0,1,1,Barber,average
NA,10.0,10.0,1,1,Barber,average
NA,10.0,10.0,1,1,Barber,average
NA,10.0,10.0,1,1,Barber,average
NA,10.0,10.0,1,1,Barber,average
NA,10.0,10.0,1,1,Barber,average
NA,10.0,10.0,1,1,Barber,average
NA,10.0,10.0,1,1,Barber,average
NA,10.0,10.0,1,1,Barber,average
NA,10.0,10.0,1,1,Barber,average
NA,10.0,10.0,1,1,Barber,average
NA,10.0,10.0,1,1,Barber,average
NA,10.0,10.0,1,1,Barber,average
NA,10.0,10.0,1,1,Barber,average
NA,10.0,10.0,1,1,Barber,average
NA,10.0,10.0,1,1,Barber,average
NA,10.0,10.0,1,1,Barber,average
NA,10.0,10.0,1,1,Barber,average
NA,10.0,10.0,1,1,Barber,average
NA,10.0,10.0,1,1,Barber,average
NA,10.0,10.0,1,1,Barber,average
NA,10.0,10.0,1,1,Barber,average
NA,10.0,10.0,1,1,Barber,average
NA,10.0,10.0,1,1,Barber,average
NA,10.0,10.0,1,1,Barber,average
NA,10.0,10.0,1,1,Barber,average
NA,10.0,10.0,1,1,Barber,average
NA,10.0,10.0,1,1,Barber,average
NA,10.0,10.0,1,1,Barber,average
NA,10.0,10.0,1,1,Barber,average
NA,10.0,10.0,1,1,Barber,average
NA,10.0,10.0,1,1,Barber,average
NA,10.0,10.0,1,1,Barber,average
NA,10.0,10.0,1,1,Barber,average
NA,10.0,10.0,1,1,Barber,average
NA,10.0,10.0,1,1,Barber,average
NA,10.0,10.0,1,1,Barber,average
NA,10.0,10.0,1,1,Barber,average
NA,10.0,10.0,1,1,Barber,average
NA,10.0,10.0,1,1,Barber,average
NA,10.0,10.0,1,1,Barber,average
NA,10.0,10.0,1,1,Barber,average
NA,10.0,10.0,1,1,Barber,average
NA,10.0,10.0,1,1,Barber,average
NA,10.0,10.0,1,1,Barber,average
NA,10.0,10.0,1,1,Barber,average
NA,10.0,10.0,1,1,Barber,average
NA,10.0,10.0,1,1,Barber,average
NA,10.0,10.0,1,1,Barber,average
NA,10.0,10.0,1,1,Barber,average
NA,10.0,10.0,1,1,Barber,average
NA,10.0,10.0,1,1,Barber,average
NA,10.0,10.0,1,1,Barber,average
NA,10.0,10.0,1,1,Barber,average
NA,10.0,10.0,1,1,Barber,average
NA,10.0,10.0,1,1,Barber,average
NA,10.0,10.0,1,1,Barber,average
NA,10.0,10.0,1,1,Barber,average
NA,10.0,10.0,1,1,Barber,average
NA,10.0,10.0,1,1,Barber,average
NA,10.0,10.0,1,1,Barber,average
NA,10.0,10.0,1,1,Barber,average
NA,10.0,10.0,1,1,Barber,average
NA,10.0,10.0,1,1,Barber,average
NA,10.0,10.0,1,1,Barber,average
NA,10.0,10.0,1,1,Barber,average
NA,10.0,10.0,1,1,Barber,average
NA,10.0,10.0,1,1,Barber,average
NA,10.0,10.0,1,1,Barber,average
NA,10.0,10.0,1,1,Barber,average
NA,10.0,10.0,1,1,Barber,average
NA,10.0,10.0,1,1,Barber,average
NA,10.0,10.0,1,1,Barber,average
NA,10.0,10.0,1,1,Barber,average
NA,10.0,10.0,1,1,Barber,average
NA,10.0,10.0,1,1,Barber,average
NA,10.0,10.0,1,1,Barber,average
NA,10.0,10.0,1,1,Barber,average
NA,10.0,10.0,1,1,Barber,average
NA,10.0,10.0,1,1,Barber,average
NA,10.0,10.0,1,1,Barber,average
NA,10.0,10.0,1,1,Barber,average
NA,10.0,10.0,1,1,Barber,average
NA,10.0,10.0,1,1,Barber,average
NA,10.0,10.0,1,1,Barber,average
NA,10.0,10.0,1,1,Barber,average
NA,10.0,10.0,1,1,Barber,average
NA,10.0,10.0,1,1,Barber,average
NA,10.0,10.0,1,1,Barber,average
NA,10.0,10.0,1,1,Barber,average
NA,10.0,10.0,1,1,Barber,average
NA,10.0,10.0,1,1,Barber,average
NA,10.0,10.0,1,1,Barber,average
NA,10.0,10.0,1,1,Barber,average
NA,10.0,10.0,1,1,Barber,average
NA,10.0,10.0,1,1,Barber,average
NA,10.0,10.0,1,1,Barber,average
NA,10.0,10.0,1,1,Barber,average
NA,10.0,10.0,1,1,Barber,average
NA,10.0,10.0,1,1,Barber,average
NA,10.0,10.0,1,1,Barber,average
NA,10.0,10.0,1,1,Barber,average
NA,10.0,10.0,1,1,Barber,average
NA,10.0,10.0,1,1,Barber,average
NA,10.0,10.0,1,1,Barber,average
NA,10.0,10.0,1,1,Barber,average
NA,10.0,10.0,1,1,Barber,average
NA,10.0,10.0,1,1,Barber,average
NA,10.0,10.0,1,1,Barber,average
NA,10.0,10.0,1,1,Barber,average
NA,10.0,10.0,1,1,Barber,average
NA,10.0,10.0,1,1,Barber,average
NA,10.0,10.0,1,1,Barber,average
NA,10.0,10.0,1,1,Barber,average
NA,10.0,10.0,1,1,Barber,average
NA,10.0,10.0,1,1,Barber,average
NA,10.0,10.0,1,1,Barber,average
NA,10.0,10.0,1,1,Barber,average
NA,10.0,10.0,1,1,Barber,average
NA,10.0,10.0,1,1,Barber,average
NA,10.0,10.0,1,1,Barber,average
NA,10.0,10.0,1,1,Barber,average
NA,10.0,10.0,1,1,Barber,average
NA,10.0,10.0,1,1,Barber,average
NA,10.0,10.0,1,1,Barber,average
NA,10.0,10.0,1,1,Barber,average
NA,10.0,10.0,1,1,Barber,average
NA,10.0,10.0,1,1,Barber,average
NA,10.0,10.0,1,1,Barber,average
NA,10.0,10.0,1,1,Barber,average
NA,10.0,10.0,1,1,Barber,average
NA,10.0,10.0,1,1,Barber,average
NA,10.0,10.0,1,1,Barber,average
NA,10.0,10.0,1,1,Barber,average
NA,10.0,10.0,1,1,Barber,average
NA,10.0,10.0,1,1,Barber,average
NA,10.0,10.0,1,1,Barber,average
NA,10.0,10.0,1,1,Barber,average
NA,10.0,10.0,1,1,Barber,average
NA,10.0,10.0,1,1,Barber,average
NA,10.0,10.0,1,1,Barber,average
NA,10.0,10.0,1,1,Barber,average
NA,10.0,10.0,1,1,Barber,average
NA,10.0,10.0,1,1,Barber,average
NA,10.0,10.0,1,1,Barber,average
NA,10.0,10.0,1,1,Barber,average
NA,10.0,10.0,1,1,Barber,average
NA,10.0,10.0,1,1,Barber,average
NA,10.0,10.0,1,1,Barber,average
NA,10.0,10.0,1,1,Barber,average
NA,10.0,10.0,1,1,Barber,average
NA,10.0,10.0,1,1,Barber,average
NA,10.0,10.0,1,1,Barber,average
NA,10.0,10.0,1,1,Barber,average
NA,10.0,10.0,1,1,Barber,average
NA,10.0,10.0,1,1,Barber,average
NA,10.0,10.0,1,1,Barber,average
NA,10.0,10.0,1,1,Barber,average
NA,10.0,10.0,1,1,Barber,average
NA,10.0,10.0,1,1,Barber,average
NA,10.0,10.0,1,1,Barber,average
NA,10.0,10.0,1,1,Barber,average
NA,10.0,10.0,1,1,Barber,average
NA,10.0,10.0,1,1,Barber,average
NA,10.0,10.0,1,1,Barber,average
NA,10.0,10.0,1,1,Barber,average
NA,10.0,10.0,1,1,Barber,average
NA,10.0,10.0,1,1,Barber,average
NA,10.0,10.0,1,1,Barber,average
NA,10.0,10.0,1,1,Barber,average
NA,10.0,10.0,1,1,Barber,average
NA,10.0,10.0,1,1,Barber,average
NA,10.0,10.0,1,1,Barber,average
NA,10.0,10.0,1,1,Barber,average
NA,10.0,10.0,1,1,Barber,average
NA,10.0,10.0,1,1,Barber,average
NA,10.0,10.0,1,1,Barber,average
NA,10.0,10.0,1,1,Barber,average
NA,10.0,10.0,1,1,Barber,average
NA,10.0,10.0,1,1,Barber,average
NA,10.0,10.0,1,1,Barber,average
NA,10.0,10.0,1,1,Barber,average
NA,10.0,10.0,1,1,Barber,average
NA,10.0,10.0,1,1,Barber,average
NA,10.0,10.0,1,1,Barber,average
NA,10.0,10.0,1,1,Barber,average
NA,10.0,10.0,1,1,Barber,average
NA,10.0,10.0,1,1,Barber,average
NA,10.0,10.0,1,1,Barber,average
NA,10.0,10.0,1,1,Barber,average
NA,10.0,10.0,1,1,Barber,average
NA,10.0,10.0,1,1,Barber,average
NA,10.0,10.0,1,1,Barber,average
NA,10.0,10.0,1,1,Barber,average
NA,10.0,10.0,1,1,Barber,average
NA,10.0,10.0,1,1,Barber,average
NA,10.0,10.0,1,1,Barber,average
NA,10.0,10.0,1,1,Barber,average
NA,10.0,10.0,1,1,Barber,average
NA,10.0,10.0,1,1,Barber,average
NA,10.0,10.0,1,1,Barber,average
NA,10.0,10.0,1,1,Barber,average
NA,10.0,10.0,1,1,Barber,average
NA,10.0,10.0,1,1,Barber,average
NA,10.0,10.0,1,1,Barber,average
NA,10.0,10.0,1,1,Barber,average
NA,10.0,10.0,1,1,Barber,average
NA,10.0,10.0,1,1,Barber,average
NA,10.0,10.0,1,1,Barber,average
NA,10.0,10.0,1,1,Barber,average
NA,10.0,10.0,1,1,Barber,average
NA,10.0,10.0,1,1,Barber,average
NA,10.0,10.0,1,1,Barber,average
NA,10.0,10.0,1,1,Barber,average
NA,10.0,10.0,1,1,Barber,average
NA,10.0,10.0,1,1,Barber,average
NA,10.0,10.0,1,1,Barber,average
NA,10.0,10.0,1,1,Barber,average
NA,10.0,10.0,1,1,Barber,average
NA,10.0,10.0,1,1,Barber,average
NA,10.0,10.0,1,1,Barber,average
NA,10.0,10.0,1,1,Barber,average
NA,10.0,10.0,1,1,Barber,average
NA,10.0,10.0,1,1,Barber,average
NA,10.0,10.0,1,1,Barber,average
NA,10.0,10.0,1,1,Barber,average
NA,10.0,10.0,1,1,Barber,average
NA,10.0,10.0,1,1,Barber,average
NA,10.0,10.0,1,1,Barber,average
NA,10.0,10.0,1,1,Barber,average
NA,10.0,10.0,1,1,Barber,average
NA,10.0,10.0,1,1,Barber,average
NA,10.0,10.0,1,1,Barber,average
NA,10.0,10.0,1,1,Barber,average
NA,10.0,10.0,1,1,Barber,average
NA,10.0,10.0,1,1,Barber,average
NA,10.0,10.0,1,1,Barber,average
NA,10.0,10.0,1,1,Barber,average
NA,10.0,10.0,1,1,Barber,average
NA,10.0,10.0,1,1,Barber,average
NA,10.0,10.0,1,1,Barber,average
NA,10.0,10.0,1,1,Barber,average
NA,10.0,10.0,1,1,Barber,average
NA,10.0,10.0,1,1,Barber,average
NA,10.0,10.0,1,1,Barber,average
NA,10.0,10.0,1,1,Barber,average
NA,10.0,10.0,1,1,Barber,average
NA,10.0,10.0,1,1,Barber,average
NA,10.0,10.0,1,1,Barber,average
NA,10.0,10.0,1,1,Barber,average
NA,10.0,10.0,1,1,Barber,average
NA,10.0,10.0,1,1,Barber,average
NA,10.0,10.0,1,1,Barber,average
NA,10.0,10.0,1,1,Barber,average
NA,10.0,10.0,1,1,Barber,average
NA,10.0,10.0,1,1,Barber,average
NA,10.0,10.0,1,1,Barber,average
NA,10.0,10.0,1,1,Barber,average
NA,10.0,10.0,1,1,Barber,average
NA,10.0,10.0,1,1,Barber,average
NA,10.0,10.0,1,1,Barber,average
NA,10.0,10.0,1,1,Barber,average
NA,10.0,10.0,1,1,Barber,average
NA,10.0,10.0,1,1,Barber,average
NA,10.0,10.0,1,1,Barber,average
NA,10.0,10.0,1,1,Barber,average
NA,10.0,10.0,1,1,Barber,average
NA,10.0,10.0,1,1,Barber,average
NA,10.0,10.0,1,1,Barber,average
NA,10.0,10.0,1,1,Barber,average
NA,10.0,10.0,1,1,Barber,average
NA,10.0,10.0,1,1,Barber,average
NA,10.0,10.0,1,1,Barber,average
NA,10.0,10.0,1,1,Barber,average
NA,10.0,10.0,1,1,Barber,average
NA,10.0,10.0,1,1,Barber,average
NA,10.0,10.0,1,1,Barber,average
NA,10.0,10.0,1,1,Barber,average
NA,10.0,10.0,1,1,Barber,average
NA,10.0,10.0,1,1,Barber,average
NA,10.0,10.0,1,1,Barber,average
NA,10.0,10.0,1,1,Barber,average
NA,10.0,10.0,1,1,Barber,average
NA,10.0,10.0,1,1,Barber,average
NA,10.0,10.0,1,1,Barber,average
NA,10.0,10.0,1,1,Barber,average
NA,10.0,10.0,1,1,Barber,average
NA,10.0,10.0,1,1,Barber,average
NA,10.0,10.0,1,1,Barber,average
NA,10.0,10.0,1,1,Barber,average
NA,10.0,10.0,1,1,Barber,average
NA,10.0,10.0,1,1,Barber,average
NA,10.0,10.0,1,1,Barber,average
NA,10.0,10.0,1,1,Barber,average
NA,10.0,10.0,1,1,Barber,average
NA,10.0,10.0,1,1,Barber,average
NA,10.0,10.0,1,1,Barber,average
NA,10.0,10.0,1,1,Barber,average
NA,10.0,10.0,1,1,Barber,average
NA,10.0,10.0,1,1,Barber,average
NA,10.0,10.0,1,1,Barber,average
NA,10.0,10.0,1,1,Barber,average
NA,10.0,10.0,1,1,Barber,average
NA,10.0,10.0,1,1,Barber,average
NA,10.0,10.0,1,1,Barber,average
NA,10.0,10.0,1,1,Barber,average
NA,10.0,10.0,1,1,Barber,average
NA,10.0,10.0,1,1,Barber,average
NA,10.0,10.0,1,1,Barber,average
NA,10.0,10.0,1,1,Barber,average
NA,10.0,10.0,1,1,Barber,average
NA,10.0,10.0,1,1,Barber,average
NA,10.0,10.0,1,1,Barber,average
NA,10.0,10.0,1,1,Barber,average
NA,10.0,10.0,1,1,Barber,average
NA,10.0,10.0,1,1,Barber,average
NA,10.0,10.0,1,1,Barber,average
NA,10.0,10.0,1,1,Barber,average
NA,10.0,10.0,1,1,Barber,average
NA,10.0,10.0,1,1,Barber,average
NA,10.0,10.0,1,1,Barber,average
NA,10.0,10.0,1,1,Barber,average
NA,10.0,10.0,1,1,Barber,average
NA,10.0,10.0,1,1,Barber,average
NA,10.0,10.0,1,1,Barber,average
NA,10.0,10.0,1,1,Barber,average
NA,10.0,10.0,1,1,Barber,average
NA,10.0,10.0,1,1,Barber,average
NA,10.0,10.0,1,1,Barber,average
NA,10.0,10.0,1,1,Barber,average
NA,10.0,10.0,1,1,Barber,average
NA,10.0,10.0,1,1,Barber,average
NA,10.0,10.0,1,1,Barber,average
NA,10.0,10.0,1,1,Barber,average
NA,10.0,10.0,1,1,Barber,average
NA,10.0,10.0,1,1,Barber,average
NA,10.0,10.0,1,1,Barber,average
NA,10.0,10.0,1,1,Barber,average
NA,10.0,10.0,1,1,Barber,average
NA,10.0,10.0,1,1,Barber,average
NA,10.0,10.0,1,1,Barber,average
NA,10.0,10.0,1,1,Barber,average
NA,10.0,10.0,1,1,Barber,average
NA,10.0,10.0,1,1,Barber,average
NA,10.0,10.0,1,1,Barber,average
NA,10.0,10.0,1,1,Barber,average
NA,10.0,10.0,1,1,Barber,average
NA,10.0,10.0,1,1,Barber,average
NA,10.0,10.0,1,1,Barber,average
NA,10.0,10.0,1,1,Barber,average
NA,10.0,10.0,1,1,Barber,average
NA,10.0,10.0,1,1,Barber,average
NA,10.0,10.0,1,1,Barber,average
NA,10.0,10.0,1,1,Barber,average
NA,10.0,10.0,1,1,Barber,average
NA,10.0,10.0,1,1,Barber,average
NA,10.0,10.0,1,1,Barber,average
NA,10.0,10.0,1,1,Barber,average
NA,10.0,10.0,1,1,Barber,average
NA,10.0,10.0,1,1,Barber,average
NA,10.0,10.0,1,1,Barber,average
NA,10.0,10.0,1,1,Barber,average
NA,10.0,10.0,1,1,Barber,average
NA,10.0,10.0,1,1,Barber,average
NA,10.0,10.0,1,1,Barber,average
NA,10.0,10.0,1,1,Barber,average
NA,10.0,10.0,1,1,Barber,average
NA,10.0,10.0,1,1,Barber,average
NA,10.0,10.0,1,1,Barber,average
NA,10.0,10.0,1,1,Barber,average
NA,10.0,10.0,1,1,Barber,average
NA,10.0,10.0,1,1,Barber,average
NA,10.0,10.0,1,1,Barber,average
NA,10.0,10.0,1,1,Barber,average
NA,10.0,10.0,1,1,Barber,average
NA,10.0,10.0,1,1,Barber,average
NA,10.0,10.0,1,1,Barber,average
NA,10.0,10.0,1,1,Barber,average
NA,10.0,10.0,1,1,Barber,average
NA,10.0,10.0,1,1,Barber,average
NA,10.0,10.0,1,1,Barber,average
NA,10.0,10.0,1,1,Barber,average
NA,10.0,10.0,1,1,Barber,average
NA,10.0,10.0,1,1,Barber,average
NA,10.0,10.0,1,1,Barber,average
NA,10.0,10.0,1,1,Barber,average
NA,10.0,10.0,1,1,Barber,average
NA,10.0,10.0,1,1,Barber,average
NA,10.0,10.0,1,1,Barber,average
NA,10.0,10.0,1,1,Barber,average
NA,10.0,10.0,1,1,Barber,average
NA,10.0,10.0,1,1,Barber,average
NA,10.0,10.0,1,1,Barber,average
NA,10.0,10.0,1,1,Barber,average
NA,10.0,10.0,1,1,Barber,average
NA,10.0,10.0,1,1,Barber,average
NA,10.0,10.0,1,1,Barber,average
NA,10.0,10.0,1,1,Barber,average
NA,10.0,10.0,1,1,Barber,average
NA,10.0,10.0,1,1,Barber,average
NA,10.0,10.0,1,1,Barber,average
NA,10.0,10.0,1,1,Barber,average
NA,10.0,10.0,1,1,Barber,average
NA,10.0,10.0,1,1,Barber,average
NA,10.0,10.0,1,1,Barber,average
NA,10.0,10.0,1,1,Barber,average
NA,10.0,10.0,1,1,Barber,average
NA,10.0,10.0,1,1,Barber,average
NA,10.0,10.0,1,1,Barber,average
NA,10.0,10.0,1,1,Barber,average
NA,10.0,10.0,1,1,Barber,average
NA,10.0,10.0,1,1,Barber,average
NA,10.0,10.0,1,1,Barber,average
NA,10.0,10.0,1,1,Barber,average
NA,10.0,10.0,1,1,Barber,average
NA,10.0,10.0,1,1,Barber,average
NA,10.0,10.0,1,1,Barber,average
NA,10.0,10.0,1,1,Barber,average
NA,10.0,10.0,1,1,Barber,average
NA,10.0,10.0,1,1,Barber,average
NA,10.0,10.0,1,1,Barber,average
NA,10.0,10.0,1,1,Barber,average
NA,10.0,10.0,1,1,Barber,average
NA,10.0,10.0,1,1,Barber,average
NA,10.0,10.0,1,1,Barber,average
NA,10.0,10.0,1,1,Barber,average
NA,10.0,10.0,1,1,Barber,average
NA,10.0,10.0,1,1,Barber,average
NA,10.0,10.0,1,1,Barber,average
NA,10.0,10.0,1,1,Barber,average
NA,10.0,10.0,1,1,Barber,average
NA,10.0,10.0,1,1,Barber,average
NA,10.0,10.0,1,1,Barber,average
NA,10.0,10.0,1,1,Barber,average
NA,10.0,10.0,1,1,Barber,average
NA,10.0,10.0,1,1,Barber,average
NA,10.0,10.0,1,1,Barber,average
NA,10.0,10.0,1,1,Barber,average
NA,10.0,10.0,1,1,Barber,average
NA,10.0,10.0,1,1,Barber,average
NA,10.0,10.0,1,1,Barber,average
NA,10.0,10.0,1,1,Barber,average
NA,10.0,10.0,1,1,Barber,average
NA,10.0,10.0,1,1,Barber,average
NA,10.0,10.0,1,1,Barber,average
NA,10.0,10.0,1,1,Barber,average
NA,10.0,10.0,1,1,Barber,average
NA,10.0,10.0,1,1,Barber,average
NA,10.0,10.0,1,1,Barber,average
NA,10.0,10.0,1,1,Barber,average
NA,10.0,10.0,1,1,Barber,average
NA,10.0,10.0,1,1,Barber,average
NA,10.0,10.0,1,1,Barber,average
NA,10.0,10.0,1,1,Barber,average
NA,10.0,10.0,1,1,Barber,average
NA,10.0,10.0,1,1,Barber,average
NA,10.0,10.0,1,1,Barber,average
NA,10.0,10.0,1,1,Barber,average
NA,10.0,10.0,1,1,Barber,average
NA,10.0,10.0,1,1,Barber,average
NA,10.0,10.0,1,1,Barber,average
NA,10.0,10.0,1,1,Barber,average
NA,10.0,10.0,1,1,Barber,average
NA,10.0,10.0,1,1,Barber,average
NA,10.0,10.0,1,1,Barber,average
NA,10.0,10.0,1,1,Barber,average
NA,10.0,10.0,1,1,Barber,average
NA,10.0,10.0,1,1,Barber,average
NA,10.0,10.0,1,1,Barber,average
NA,10.0,10.0,1,1,Barber,average
NA,10.0,10.0,1,1,Barber,average
NA,10.0,10.0,1,1,Barber,average
NA,10.0,10.0,1,1,Barber,average
NA,10.0,10.0,1,1,Barber,average
NA,10.0,10.0,1,1,Barber,average
NA,10.0,10.0,1,1,Barber,average
NA,10.0,10.0,1,1,Barber,average
NA,10.0,10.0,1,1,Barber,average
NA,10.0,10.0,1,1,Barber,average
NA,10.0,10.0,1,1,Barber,average
NA,10.0,10.0,1,1,Barber,average
NA,10.0,10.0,1,1,Barber,average
NA,10.0,10.0,1,1,Barber,average
NA,10.0,10.0,1,1,Barber,average
NA,10.0,10.0,1,1,Barber,average
NA,10.0,10.0,1,1,Barber,average
NA,10.0,10.0,1,1,Barber,average
NA,10.0,10.0,1,1,Barber,average
NA,10.0,10.0,1,1,Barber,average
NA,10.0,10.0,1,1,Barber,average
NA,10.0,10.0,1,1,Barber,average
NA,10.0,10.0,1,1,Barber,average
NA,10.0,10.0,1,1,Barber,average
NA,10.0,10.0,1,1,Barber,average
NA,10.0,10.0,1,1,Barber,average
NA,10.0,10.0,1,1,Barber,average
NA,10.0,10.0,1,1,Barber,average
NA,10.0,10.0,1,1,Barber,average
NA,10.0,10.0,1,1,Barber,average
NA,10.0,10.0,1,1,Barber,average
NA,10.0,10.0,1,1,Barber,average
NA,10.0,10.0,1,1,Barber,average
NA,10.0,10.0,1,1,Barber,average
NA,10.0,10.0,1,1,Barber,average
NA,10.0,10.0,1,1,Barber,average
NA,10.0,10.0,1,1,Barber,average
NA,10.0,10.0,1,1,Barber,average
NA,10.0,10.0,1,1,Barber,average
NA,10.0,10.0,1,1,Barber,average
NA,10.0,10.0,1,1,Barber,average
NA,10.0,10.0,1,1,Barber,average
NA,10.0,10.0,1,1,Barber,average
NA,10.0,10.0,1,1,Barber,average
NA,10.0,10.0,1,1,Barber,average
NA,10.0,10.0,1,1,Barber,average
NA,10.0,10.0,1,1,Barber,average
NA,10.0,10.0,1,1,Barber,average
NA,10.0,10.0,1,1,Barber,average
NA,10.0,10.0,1,1,Barber,average
NA,10.0,10.0,1,1,Barber,average
NA,10.0,10.0,1,1,Barber,average
NA,10.0,10.0,1,1,Barber,average
NA,10.0,10.0,1,1,Barber,average
NA,10.0,10.0,1,1,Barber,average
NA,10.0,10.0,1,1,Barber,average
NA,10.0,10.0,1,1,Barber,average
NA,10.0,10.0,1,1,Barber,average
NA,10.0,10.0,1,1,Barber,average
NA,10.0,10.0,1,1,Barber,average
NA,10.0,10.0,1,1,Barber,average
NA,10.0,10.0,1,1,Barber,average
NA,10.0,10.0,1,1,Barber,average
NA,10.0,10.0,1,1,Barber,average
NA,10.0,10.0,1,1,Barber,average
NA,10.0,10.0,1,1,Barber,average
NA,10.0,10.0,1,1,Barber,average
NA,10.0,10.0,1,1,Barber,average
NA,10.0,10.0,1,1,Barber,average
NA,10.0,10.0,1,1,Barber,average
NA,10.0,10.0,1,1,Barber,average
NA,10.0,10.0,1,1,Barber,average
NA,10.0,10.0,1,1,Barber,average
NA,10.0,10.0,1,1,Barber,average
NA,10.0,10.0,1,1,Barber,average
NA,10.0,10.0,1,1,Barber,average
NA,10.0,10.0,1,1,Barber,average
NA,10.0,10.0,1,1,Barber,average
NA,10.0,10.0,1,1,Barber,average
NA,10.0,10.0,1,1,Barber,average
NA,10.0,10.0,1,1,Barber,average
NA,10.0,10.0,1,1,Barber,average
NA,10.0,10.0,1,1,Barber,average
NA,10.0,10.0,1,1,Barber,average
NA,10.0,10.0,1,1,Barber,average
NA,10.0,10.0,1,1,Barber,average
NA,10.0,10.0,1,1,Barber,average
NA,10.0,10.0,1,1,Barber,average
NA,10.0,10.0,1,1,Barber,average
NA,10.0,10.0,1,1,Barber,average
NA,10.0,10.0,1,1,Barber,average
NA,10.0,10.0,1,1,Barber,average
NA,10.0,10.0,1,1,Barber,average
NA,10.0,10.0,1,1,Barber,average
NA,10.0,10.0,1,1,Barber,average
NA,10.0,10.0,1,1,Barber,average
NA,10.0,10.0,1,1,Barber,average
NA,10.0,10.0,1,1,Barber,average
NA,10.0,10.0,1,1,Barber,average
NA,10.0,10.0,1,1,Barber,average
NA,10.0,10.0,1,1,Barber,average
NA,10.0,10.0,1,1,Barber,average
NA,10.0,10.0,1,1,Barber,average
NA,10.0,10.0,1,1,Barber,average
NA,10.0,10.0,1,1,Barber,average
NA,10.0,10.0,1,1,Barber,average
NA,10.0,10.0,1,1,Barber,average
NA,10.0,10.0,1,1,Barber,average
NA,10.0,10.0,1,1,Barber,average
NA,10.0,10.0,1,1,Barber,average
NA,10.0,10.0,1,1,Barber,average
NA,10.0,10.0,1,1,Barber,average
NA,10.0,10.0,1,1,Barber,average
NA,10.0,10.0,1,1,Barber,average
NA,10.0,10.0,1,1,Barber,average
NA,10.0,10.0,1,1,Barber,average
NA,10.0,10.0,1,1,Barber,average
NA,10.0,10.0,1,1,Barber,average
NA,10.0,10.0,1,1,Barber,average
NA,10.0,10.0,1,1,Barber,average
NA,10.0,10.0,1,1,Barber,average
NA,10.0,10.0,1,1,Barber,average
NA,10.0,10.0,1,1,Barber,average
NA,10.0,10.0,1,1,Barber,average
NA,10.0,10.0,1,1,Barber,average
NA,10.0,10.0,1,1,Barber,average
NA,10.0,10.0,1,1,Barber,average
NA,10.0,10.0,1,1,Barber,average
NA,10.0,10.0,1,1,Barber,average
NA,10.0,10.0,1,1,Barber,average
NA,10.0,10.0,1,1,Barber,average
NA,10.0,10.0,1,1,Barber,average
NA,10.0,10.0,1,1,Barber,average
NA,10.0,10.0,1,1,Barber,average
NA,10.0,10.0,1,1,Barber,average
NA,10.0,10.0,1,1,Barber,average
NA,10.0,10.0,1,1,Barber,average
NA,10.0,10.0,1,1,Barber,average
NA,10.0,10.0,1,1,Barber,average
NA,10.0,10.0,1,1,Barber,average
NA,10.0,10.0,1,1,Barber,average
NA,10.0,10.0,1,1,Barber,average
NA,10.0,10.0,1,1,Barber,average
NA,10.0,10.0,1,1,Barber,average
NA,10.0,10.0,1,1,Barber,average
NA,10.0,10.0,1,1,Barber,average
NA,10.0,10.0,1,1,Barber,average
NA,10.0,10.0,1,1,Barber,average
NA,10.0,10.0,1,1,Barber,average
NA,10.0,10.0,1,1,Barber,average
NA,10.0,10.0,1,1,Barber,average
NA,10.0,10.0,1,1,Barber,average
NA,10.0,10.0,1,1,Barber,average
NA,10.0,10.0,1,1,Barber,average
NA,10.0,10.0,1,1,Barber,average
NA,10.0,10.0,1,1,Barber,average
NA,10.0,10.0,1,1,Barber,average
NA,10.0,10.0,1,1,Barber,average
NA,10.0,10.0,1,1,Barber,average
NA,10.0,10.0,1,1,Barber,average
NA,10.0,10.0,1,1,Barber,average
NA,10.0,10.0,1,1,Barber,average
NA,10.0,10.0,1,1,Barber,average
NA,10.0,10.0,1,1,Barber,average
NA,10.0,10.0,1,1,Barber,average
NA,10.0,10.0,1,1,Barber,average
NA,10.0,10.0,1,1,Barber,average
NA,10.0,10.0,1,1,Barber,average
NA,10.0,10.0,1,1,Barber,average
NA,10.0,10.0,1,1,Barber,average
NA,10.0,10.0,1,1,Barber,average
NA,10.0,10.0,1,1,Barber,average
NA,10.0,10.0,1,1,Barber,average
NA,10.0,10.0,1,1,Barber,average
NA,10.0,10.0,1,1,Barber,average
NA,10.0,10.0,1,1,Barber,average
NA,10.0,10.0,1,1,Barber,average
NA,10.0,10.0,1,1,Barber,average
NA,10.0,10.0,1,1,Barber,average
NA,10.0,10.0,1,1,Barber,average
NA,10.0,10.0,1,1,Barber,average
NA,10.0,10.0,1,1,Barber,average
NA,10.0,10.0,1,1,Barber,average
NA,10.0,10.0,1,1,Barber,average
NA,10.0,10.0,1,1,Barber,average
NA,10.0,10.0,1,1,Barber,average
NA,10.0,10.0,1,1,Barber,average
NA,10.0,10.0,1,1,Barber,average
NA,10.0,10.0,1,1,Barber,average
NA,10.0,10.0,1,1,Barber,average
NA,10.0,10.0,1,1,Barber,average
NA,10.0,10.0,1,1,Barber,average
NA,10.0,10.0,1,1,Barber,average
NA,10.0,10.0,1,1,Barber,average
NA,10.0,10.0,1,1,Barber,average
NA,10.0,10.0,1,1,Barber,average
NA,10.0,10.0,1,1,Barber,average
NA,10.0,10.0,1,1,Barber,average
NA,10.0,10.0,1,1,Barber,average
NA,10.0,10.0,1,1,Barber,average
NA,10.0,10.0,1,1,Barber,average
NA,10.0,10.0,1,1,Barber,average
NA,10.0,10.0,1,1,Barber,average
NA,10.0,10.0,1,1,Barber,average
NA,10.0,10.0,1,1,Barber,average
NA,10.0,10.0,1,1,Barber,average
NA,10.0,10.0,1,1,Barber,average
NA,10.0,10.0,1,1,Barber,average
NA,10.0,10.0,1,1,Barber,average
NA,10.0,10.0,1,1,Barber,average
NA,10.0,10.0,1,1,Barber,average
NA,10.0,10.0,1,1,Barber,average
NA,10.0,10.0,1,1,Barber,average
NA,10.0,10.0,1,1,Barber,average
NA,10.0,10.0,1,1,Barber,average
NA,10.0,10.0,1,1,Barber,average
NA,10.0,10.0,1,1,Barber,average
NA,10.0,10.0,1,1,Barber,average
NA,10.0,10.0,1,1,Barber,average
NA,10.0,10.0,1,1,Barber,average
NA,10.0,10.0,1,1,Barber,average
NA,10.0,10.0,1,1,Barber,average
NA,10.0,10.0,1,1,Barber,average
NA,10.0,10.0,1,1,Barber,average
NA,10.0,10.0,1,1,Barber,average
NA,10.0,10.0,1,1,Barber,average
NA,10.0,10.0,1,1,Barber,average
NA,10.0,10.0,1,1,Barber,average
NA,10.0,10.0,1,1,Barber,average
NA,10.0,10.0,1,1,Barber,average
NA,10.0,10.0,1,1,Barber,average
NA,10.0,10.0,1,1,Barber,average
NA,10.0,10.0,1,1,Barber,average
NA,10.0,10.0,1,1,Barber,average
NA,10.0,10.0,1,1,Barber,average
NA,10.0,10.0,1,1,Barber,average
NA,10.0,10.0,1,1,Barber,average
NA,10.0,10.0,1,1,Barber,average
NA,10.0,10.0,1,1,Barber,average
NA,10.0,10.0,1,1,Barber,average
NA,10.0,10.0,1,1,Barber,average
NA,10.0,10.0,1,1,Barber,average
NA,10.0,10.0,1,1,Barber,average
NA,10.0,10.0,1,1,Barber,average
NA,10.0,10.0,1,1,Barber,average
NA,10.0,10.0,1,1,Barber,average
NA,10.0,10.0,1,1,Barber,average
NA,10.0,10.0,1,1,Barber,average
NA,10.0,10.0,1,1,Barber,average
NA,10.0,10.0,1,1,Barber,average
NA,10.0,10.0,1,1,Barber,average
NA,10.0,10.0,1,1,Barber,average
NA,10.0,10.0,1,1,Barber,average
NA,10.0,10.0,1,1,Barber,average
NA,10.0,10.0,1,1,Barber,average
NA,10.0,10.0,1,1,Barber,average
NA,10.0,10.0,1,1,Barber,average
NA,10.0,10.0,1,1,Barber,average
NA,10.0,10.0,1,1,Barber,average
NA,10.0,10.0,1,1,Barber,average
NA,10.0,10.0,1,1,Barber,average
NA,10.0,10.0,1,1,Barber,average
NA,10.0,10.0,1,1,Barber,average
NA,10.0,10.0,1,1,Barber,average
NA,10.0,10.0,1,1,Barber,average
NA,10.0,10.0,1,1,Barber,average
NA,10.0,10.0,1,1,Barber,average
NA,10.0,10.0,1,1,Barber,average
NA,10.0,10.0,1,1,Barber,average
NA,10.0,10.0,1,1,Barber,average
NA,10.0,10.0,1,1,Barber,average
NA,10.0,10.0,1,1,Barber,average
NA,10.0,10.0,1,1,Barber,average
NA,10.0,10.0,1,1,Barber,average
NA,10.0,10.0,1,1,Barber,average
NA,10.0,10.0,1,1,Barber,average
NA,10.0,10.0,1,1,Barber,average
NA,10.0,10.0,1,1,Barber,average
NA,10.0,10.0,1,1,Barber,average
NA,10.0,10.0,1,1,Barber,average
NA,10.0,10.0,1,1,Barber,average
NA,10.0,10.0,1,1,Barber,average
NA,10.0,10.0,1,1,Barber,average
NA,10.0,10.0,1,1,Barber,average
NA,10.0,10.0,1,1,Barber,average
NA,10.0,10.0,1,1,Barber,average
NA,10.0,10.0,1,1,Barber,average
NA,10.0,10.0,1,1,Barber,average
NA,10.0,10.0,1,1,Barber,average
NA,10.0,10.0,1,1,Barber,average
NA,10.0,10.0,1,1,Barber,average
NA,10.0,10.0,1,1,Barber,average
NA,10.0,10.0,1,1,Barber,average
NA,10.0,10.0,1,1,Barber,average
NA,10.0,10.0,1,1,Barber,average
NA,10.0,10.0,1,1,Barber,average
NA,10.0,10.0,1,1,Barber,average
NA,10.0,10.0,1,1,Barber,average
NA,10.0,10.0,1,1,Barber,average
NA,10.0,10.0,1,1,Barber,average
NA,10.0,10.0,1,1,Barber,average
NA,10.0,10.0,1,1,Barber,average
NA,10.0,10.0,1,1,Barber,average
NA,10.0,10.0,1,1,Barber,average
