,Tau,Method,ARI
0,0.0,Naive,1.0
1,0.025,Randomized,1.0
2,0.05,Randomized,1.0
3,0.1,Randomized,1.0
4,0.25,Randomized,0.13071895424836602
5,0.5,Randomized,0.02145922746781116
6,1.0,Randomized,0.02145922746781116
7,5.0,Randomized,-0.03980099502487562
8,0.0,Naive,1.0
9,0.025,Randomized,1.0
10,0.05,Randomized,1.0
11,0.1,Randomized,1.0
12,0.25,Randomized,1.0
13,0.5,Randomized,0.02145922746781116
14,1.0,Randomized,0.1211453744493392
15,5.0,Randomized,0.02145922746781116
16,0.0,Naive,1.0
17,0.025,Randomized,1.0
18,0.05,Randomized,1.0
19,0.1,Randomized,1.0
20,0.25,Randomized,0.7995558023320377
21,0.5,Randomized,0.02145922746781116
22,1.0,Randomized,-0.04441976679622432
23,5.0,Randomized,-0.046255506607929514
24,0.0,Naive,1.0
25,0.025,Randomized,1.0
26,0.05,Randomized,1.0
27,0.1,Randomized,1.0
28,0.25,Randomized,0.0
29,0.5,Randomized,0.0
30,1.0,Randomized,-0.017306652244456464
31,5.0,Randomized,0.0526027397260274
32,0.0,Naive,1.0
33,0.025,Randomized,1.0
34,0.05,Randomized,1.0
35,0.1,Randomized,1.0
36,0.25,Randomized,0.0
37,0.5,Randomized,0.02145922746781116
38,1.0,Randomized,0.0
39,5.0,Randomized,0.0
40,0.0,Naive,1.0
41,0.025,Randomized,1.0
42,0.05,Randomized,1.0
43,0.1,Randomized,1.0
44,0.25,Randomized,1.0
45,0.5,Randomized,0.13071895424836602
46,1.0,Randomized,0.06489994591671173
47,5.0,Randomized,-0.011086474501108648
48,0.0,Naive,1.0
49,0.025,Randomized,1.0
50,0.05,Randomized,1.0
51,0.1,Randomized,1.0
52,0.25,Randomized,0.0
53,0.5,Randomized,0.0
54,1.0,Randomized,0.0
55,5.0,Randomized,0.0
56,0.0,Naive,1.0
57,0.025,Randomized,1.0
58,0.05,Randomized,1.0
59,0.1,Randomized,1.0
60,0.25,Randomized,1.0
61,0.5,Randomized,0.02145922746781116
62,1.0,Randomized,0.06489994591671173
63,5.0,Randomized,0.13071895424836602
64,0.0,Naive,1.0
65,0.025,Randomized,1.0
66,0.05,Randomized,1.0
67,0.1,Randomized,1.0
68,0.25,Randomized,1.0
69,0.5,Randomized,1.0
70,1.0,Randomized,0.6208425720620843
71,5.0,Randomized,-0.013333333333333334
72,0.0,Naive,1.0
73,0.025,Randomized,1.0
74,0.05,Randomized,1.0
75,0.1,Randomized,1.0
76,0.25,Randomized,1.0
77,0.5,Randomized,0.0
78,1.0,Randomized,0.0
79,5.0,Randomized,-0.019313304721030045
80,0.0,Naive,1.0
81,0.025,Randomized,1.0
82,0.05,Randomized,1.0
83,0.1,Randomized,0.0
84,0.25,Randomized,0.0
85,0.5,Randomized,0.0
86,1.0,Randomized,0.0
87,5.0,Randomized,0.0
88,0.0,Naive,1.0
89,0.025,Randomized,1.0
90,0.05,Randomized,1.0
91,0.1,Randomized,1.0
92,0.25,Randomized,0.0
93,0.5,Randomized,0.0
94,1.0,Randomized,0.02145922746781116
95,5.0,Randomized,0.02145922746781116
96,0.0,Naive,1.0
97,0.025,Randomized,0.7995558023320377
98,0.05,Randomized,0.7995558023320377
99,0.1,Randomized,0.7995558023320377
100,0.25,Randomized,0.0
101,0.5,Randomized,0.0
102,1.0,Randomized,0.0
103,5.0,Randomized,0.0
104,0.0,Naive,1.0
105,0.025,Randomized,1.0
106,0.05,Randomized,1.0
107,0.1,Randomized,1.0
108,0.25,Randomized,1.0
109,0.5,Randomized,0.02145922746781116
110,1.0,Randomized,0.02145922746781116
111,5.0,Randomized,0.06489994591671173
112,0.0,Naive,1.0
113,0.025,Randomized,1.0
114,0.05,Randomized,1.0
115,0.1,Randomized,1.0
116,0.25,Randomized,1.0
117,0.5,Randomized,0.2191780821917808
118,1.0,Randomized,0.21227197346600332
119,5.0,Randomized,-0.03980099502487562
120,0.0,Naive,1.0
121,0.025,Randomized,1.0
122,0.05,Randomized,1.0
123,0.1,Randomized,1.0
124,0.25,Randomized,0.0
125,0.5,Randomized,0.0
126,1.0,Randomized,0.0
127,5.0,Randomized,0.0
128,0.0,Naive,1.0
129,0.025,Randomized,1.0
130,0.05,Randomized,1.0
131,0.1,Randomized,1.0
132,0.25,Randomized,1.0
133,0.5,Randomized,1.0
134,1.0,Randomized,0.0
135,5.0,Randomized,-0.019313304721030045
136,0.0,Naive,1.0
137,0.025,Randomized,1.0
138,0.05,Randomized,1.0
139,0.1,Randomized,0.6208425720620843
140,0.25,Randomized,0.7995558023320377
141,0.5,Randomized,0.21227197346600332
142,1.0,Randomized,0.04422332780541736
143,5.0,Randomized,-0.03980099502487562
144,0.0,Naive,1.0
145,0.025,Randomized,1.0
146,0.05,Randomized,1.0
147,0.1,Randomized,1.0
148,0.25,Randomized,1.0
149,0.5,Randomized,0.0
150,1.0,Randomized,0.0
151,5.0,Randomized,0.0
152,0.0,Naive,1.0
153,0.025,Randomized,1.0
154,0.05,Randomized,1.0
155,0.1,Randomized,1.0
156,0.25,Randomized,1.0
157,0.5,Randomized,0.02145922746781116
158,1.0,Randomized,0.02145922746781116
159,5.0,Randomized,-0.017306652244456464
160,0.0,Naive,0.7995558023320377
161,0.025,Randomized,0.7995558023320377
162,0.05,Randomized,0.7995558023320377
163,0.1,Randomized,0.7995558023320377
164,0.25,Randomized,0.7995558023320377
165,0.5,Randomized,0.02145922746781116
166,1.0,Randomized,0.02145922746781116
167,5.0,Randomized,0.06489994591671173
168,0.0,Naive,1.0
169,0.025,Randomized,1.0
170,0.05,Randomized,1.0
171,0.1,Randomized,1.0
172,0.25,Randomized,1.0
173,0.5,Randomized,0.7995558023320377
174,1.0,Randomized,-0.011086474501108648
175,5.0,Randomized,0.06489994591671173
176,0.0,Naive,1.0
177,0.025,Randomized,1.0
178,0.05,Randomized,1.0
179,0.1,Randomized,1.0
180,0.25,Randomized,1.0
181,0.5,Randomized,0.02145922746781116
182,1.0,Randomized,0.2191780821917808
183,5.0,Randomized,0.06489994591671173
184,0.0,Naive,1.0
185,0.025,Randomized,1.0
186,0.05,Randomized,1.0
187,0.1,Randomized,1.0
188,0.25,Randomized,0.3303964757709251
189,0.5,Randomized,0.0
190,1.0,Randomized,0.0
191,5.0,Randomized,-0.017306652244456464
192,0.0,Naive,1.0
193,0.025,Randomized,1.0
194,0.05,Randomized,1.0
195,0.1,Randomized,1.0
196,0.25,Randomized,1.0
197,0.5,Randomized,0.0
198,1.0,Randomized,0.0
199,5.0,Randomized,-0.017306652244456464
200,0.0,Naive,1.0
201,0.025,Randomized,1.0
202,0.05,Randomized,1.0
203,0.1,Randomized,1.0
204,0.25,Randomized,0.0
205,0.5,Randomized,0.02145922746781116
206,1.0,Randomized,0.1211453744493392
207,5.0,Randomized,0.11529933481152993
208,0.0,Naive,1.0
209,0.025,Randomized,1.0
210,0.05,Randomized,1.0
211,0.1,Randomized,1.0
212,0.25,Randomized,1.0
213,0.5,Randomized,0.06489994591671173
214,1.0,Randomized,0.13071895424836602
215,5.0,Randomized,0.006535947712418301
216,0.0,Naive,1.0
217,0.025,Randomized,1.0
218,0.05,Randomized,1.0
219,0.1,Randomized,1.0
220,0.25,Randomized,1.0
221,0.5,Randomized,0.02145922746781116
222,1.0,Randomized,0.02145922746781116
223,5.0,Randomized,-0.030684931506849315
224,0.0,Naive,1.0
225,0.025,Randomized,1.0
226,0.05,Randomized,1.0
227,0.1,Randomized,1.0
228,0.25,Randomized,0.7995558023320377
229,0.5,Randomized,0.02145922746781116
230,1.0,Randomized,0.13071895424836602
231,5.0,Randomized,-0.017306652244456464
232,0.0,Naive,1.0
233,0.025,Randomized,1.0
234,0.05,Randomized,1.0
235,0.1,Randomized,1.0
236,0.25,Randomized,1.0
237,0.5,Randomized,0.0
238,1.0,Randomized,0.03997779011660189
239,5.0,Randomized,-0.011086474501108648
240,0.0,Naive,1.0
241,0.025,Randomized,1.0
242,0.05,Randomized,1.0
243,0.1,Randomized,1.0
244,0.25,Randomized,1.0
245,0.5,Randomized,0.0
246,1.0,Randomized,0.02145922746781116
247,5.0,Randomized,0.2087729039422543
248,0.0,Naive,0.0
249,0.025,Randomized,0.0
250,0.05,Randomized,1.0
251,0.1,Randomized,0.0
252,0.25,Randomized,0.06489994591671173
253,0.5,Randomized,0.0
254,1.0,Randomized,0.2191780821917808
255,5.0,Randomized,-0.034858387799564274
256,0.0,Naive,1.0
257,0.025,Randomized,1.0
258,0.05,Randomized,1.0
259,0.1,Randomized,1.0
260,0.25,Randomized,1.0
261,0.5,Randomized,0.06489994591671173
262,1.0,Randomized,0.02145922746781116
263,5.0,Randomized,0.06489994591671173
264,0.0,Naive,1.0
265,0.025,Randomized,1.0
266,0.05,Randomized,1.0
267,0.1,Randomized,1.0
268,0.25,Randomized,1.0
269,0.5,Randomized,0.0
270,1.0,Randomized,0.0526027397260274
271,5.0,Randomized,-0.030684931506849315
272,0.0,Naive,1.0
273,0.025,Randomized,1.0
274,0.05,Randomized,1.0
275,0.1,Randomized,1.0
276,0.25,Randomized,1.0
277,0.5,Randomized,0.13071895424836602
278,1.0,Randomized,0.11333333333333333
279,5.0,Randomized,-0.05321507760532151
280,0.0,Naive,1.0
281,0.025,Randomized,1.0
282,0.05,Randomized,1.0
283,0.1,Randomized,1.0
284,0.25,Randomized,0.0
285,0.5,Randomized,0.0
286,1.0,Randomized,0.3303964757709251
287,5.0,Randomized,-0.019313304721030045
288,0.0,Naive,1.0
289,0.025,Randomized,0.0
290,0.05,Randomized,0.0
291,0.1,Randomized,0.0
292,0.25,Randomized,1.0
293,0.5,Randomized,-0.034858387799564274
294,1.0,Randomized,-0.017306652244456464
295,5.0,Randomized,-0.017306652244456464
296,0.0,Naive,1.0
297,0.025,Randomized,1.0
298,0.05,Randomized,1.0
299,0.1,Randomized,1.0
300,0.25,Randomized,0.02145922746781116
301,0.5,Randomized,0.02145922746781116
302,1.0,Randomized,-0.019313304721030045
303,5.0,Randomized,0.04422332780541736
304,0.0,Naive,1.0
305,0.025,Randomized,1.0
306,0.05,Randomized,1.0
307,0.1,Randomized,1.0
308,0.25,Randomized,0.0
309,0.5,Randomized,0.0
310,1.0,Randomized,0.0
311,5.0,Randomized,0.0
312,0.0,Naive,1.0
313,0.025,Randomized,1.0
314,0.05,Randomized,1.0
315,0.1,Randomized,0.46434494195688225
316,0.25,Randomized,0.0
317,0.5,Randomized,0.0
318,1.0,Randomized,0.0
319,5.0,Randomized,-0.017306652244456464
320,0.0,Naive,1.0
321,0.025,Randomized,1.0
322,0.05,Randomized,1.0
323,0.1,Randomized,1.0
324,0.25,Randomized,0.0
325,0.5,Randomized,0.0
326,1.0,Randomized,0.0
327,5.0,Randomized,0.0
328,0.0,Naive,1.0
329,0.025,Randomized,1.0
330,0.05,Randomized,1.0
331,0.1,Randomized,1.0
332,0.25,Randomized,0.0
333,0.5,Randomized,0.0
334,1.0,Randomized,0.0
335,5.0,Randomized,0.0
336,0.0,Naive,1.0
337,0.025,Randomized,1.0
338,0.05,Randomized,1.0
339,0.1,Randomized,1.0
340,0.25,Randomized,0.46434494195688225
341,0.5,Randomized,0.0
342,1.0,Randomized,0.06489994591671173
343,5.0,Randomized,-0.017306652244456464
344,0.0,Naive,1.0
345,0.025,Randomized,1.0
346,0.05,Randomized,1.0
347,0.1,Randomized,1.0
348,0.25,Randomized,0.3303964757709251
349,0.5,Randomized,-0.004405286343612335
350,1.0,Randomized,0.3303964757709251
351,5.0,Randomized,-0.046255506607929514
352,0.0,Naive,1.0
353,0.025,Randomized,1.0
354,0.05,Randomized,1.0
355,0.1,Randomized,1.0
356,0.25,Randomized,1.0
357,0.5,Randomized,0.02145922746781116
358,1.0,Randomized,0.13071895424836602
359,5.0,Randomized,-0.046255506607929514
360,0.0,Naive,1.0
361,0.025,Randomized,1.0
362,0.05,Randomized,1.0
363,0.1,Randomized,1.0
364,0.25,Randomized,0.0
365,0.5,Randomized,0.3303964757709251
366,1.0,Randomized,0.13071895424836602
367,5.0,Randomized,-0.011086474501108648
368,0.0,Naive,1.0
369,0.025,Randomized,1.0
370,0.05,Randomized,1.0
371,0.1,Randomized,0.0
372,0.25,Randomized,0.0
373,0.5,Randomized,0.02145922746781116
374,1.0,Randomized,0.0
375,5.0,Randomized,-0.019313304721030045
376,0.0,Naive,0.0
377,0.025,Randomized,0.0
378,0.05,Randomized,0.0
379,0.1,Randomized,0.0
380,0.25,Randomized,0.06489994591671173
381,0.5,Randomized,0.0
382,1.0,Randomized,0.0526027397260274
383,5.0,Randomized,-0.011086474501108648
384,0.0,Naive,1.0
385,0.025,Randomized,1.0
386,0.05,Randomized,1.0
387,0.1,Randomized,1.0
388,0.25,Randomized,0.0
389,0.5,Randomized,0.0
390,1.0,Randomized,-0.017306652244456464
391,5.0,Randomized,0.02145922746781116
392,0.0,Naive,1.0
393,0.025,Randomized,1.0
394,0.05,Randomized,1.0
395,0.1,Randomized,1.0
396,0.25,Randomized,0.02145922746781116
397,0.5,Randomized,0.06489994591671173
398,1.0,Randomized,0.06489994591671173
399,5.0,Randomized,-0.017306652244456464
400,0.0,Naive,0.7995558023320377
401,0.025,Randomized,0.7995558023320377
402,0.05,Randomized,0.7995558023320377
403,0.1,Randomized,0.7995558023320377
404,0.25,Randomized,0.3303964757709251
405,0.5,Randomized,0.02145922746781116
406,1.0,Randomized,-0.03980099502487562
407,5.0,Randomized,0.4619655746807329
408,0.0,Naive,0.7995558023320377
409,0.025,Randomized,0.7995558023320377
410,0.05,Randomized,0.7995558023320377
411,0.1,Randomized,0.7995558023320377
412,0.25,Randomized,0.0
413,0.5,Randomized,0.02145922746781116
414,1.0,Randomized,-0.019313304721030045
415,5.0,Randomized,-0.05321507760532151
416,0.0,Naive,1.0
417,0.025,Randomized,1.0
418,0.05,Randomized,1.0
419,0.1,Randomized,1.0
420,0.25,Randomized,1.0
421,0.5,Randomized,0.2191780821917808
422,1.0,Randomized,0.02145922746781116
423,5.0,Randomized,-0.03980099502487562
424,0.0,Naive,1.0
425,0.025,Randomized,1.0
426,0.05,Randomized,1.0
427,0.1,Randomized,1.0
428,0.25,Randomized,0.3303964757709251
429,0.5,Randomized,0.3303964757709251
430,1.0,Randomized,0.21227197346600332
431,5.0,Randomized,0.03997779011660189
432,0.0,Naive,0.7995558023320377
433,0.025,Randomized,0.7995558023320377
434,0.05,Randomized,0.7995558023320377
435,0.1,Randomized,0.7995558023320377
436,0.25,Randomized,0.0
437,0.5,Randomized,0.0
438,1.0,Randomized,-0.034858387799564274
439,5.0,Randomized,-0.030684931506849315
440,0.0,Naive,1.0
441,0.025,Randomized,1.0
442,0.05,Randomized,1.0
443,0.1,Randomized,1.0
444,0.25,Randomized,1.0
445,0.5,Randomized,0.6208425720620843
446,1.0,Randomized,0.02145922746781116
447,5.0,Randomized,0.006535947712418301
448,0.0,Naive,1.0
449,0.025,Randomized,1.0
450,0.05,Randomized,1.0
451,0.1,Randomized,1.0
452,0.25,Randomized,1.0
453,0.5,Randomized,0.0
454,1.0,Randomized,-0.017306652244456464
455,5.0,Randomized,0.0526027397260274
456,0.0,Naive,1.0
457,0.025,Randomized,1.0
458,0.05,Randomized,1.0
459,0.1,Randomized,1.0
460,0.25,Randomized,0.0
461,0.5,Randomized,-0.034858387799564274
462,1.0,Randomized,-0.019313304721030045
463,5.0,Randomized,-0.030684931506849315
464,0.0,Naive,1.0
465,0.025,Randomized,1.0
466,0.05,Randomized,1.0
467,0.1,Randomized,0.0
468,0.25,Randomized,0.46434494195688225
469,0.5,Randomized,0.02145922746781116
470,1.0,Randomized,0.02145922746781116
471,5.0,Randomized,-0.017306652244456464
472,0.0,Naive,1.0
473,0.025,Randomized,1.0
474,0.05,Randomized,1.0
475,0.1,Randomized,1.0
476,0.25,Randomized,1.0
477,0.5,Randomized,0.0
478,1.0,Randomized,0.0
479,5.0,Randomized,-0.05555555555555555
480,0.0,Naive,1.0
481,0.025,Randomized,1.0
482,0.05,Randomized,1.0
483,0.1,Randomized,1.0
484,0.25,Randomized,1.0
485,0.5,Randomized,0.2191780821917808
486,1.0,Randomized,-0.004405286343612335
487,5.0,Randomized,-0.04441976679622432
488,0.0,Naive,1.0
489,0.025,Randomized,1.0
490,0.05,Randomized,1.0
491,0.1,Randomized,1.0
492,0.25,Randomized,1.0
493,0.5,Randomized,1.0
494,1.0,Randomized,0.0
495,5.0,Randomized,0.0
496,0.0,Naive,1.0
497,0.025,Randomized,1.0
498,0.05,Randomized,1.0
499,0.1,Randomized,0.0
500,0.25,Randomized,1.0
501,0.5,Randomized,0.02145922746781116
502,1.0,Randomized,-0.03980099502487562
503,5.0,Randomized,0.11529933481152993
504,0.0,Naive,1.0
505,0.025,Randomized,1.0
506,0.05,Randomized,1.0
507,0.1,Randomized,1.0
508,0.25,Randomized,0.0
509,0.5,Randomized,0.0
510,1.0,Randomized,0.0
511,5.0,Randomized,-0.046255506607929514
512,0.0,Naive,1.0
513,0.025,Randomized,1.0
514,0.05,Randomized,1.0
515,0.1,Randomized,1.0
516,0.25,Randomized,0.0
517,0.5,Randomized,0.2087729039422543
518,1.0,Randomized,-0.004405286343612335
519,5.0,Randomized,0.02145922746781116
520,0.0,Naive,0.7995558023320377
521,0.025,Randomized,0.7995558023320377
522,0.05,Randomized,0.7995558023320377
523,0.1,Randomized,0.7995558023320377
524,0.25,Randomized,0.7995558023320377
525,0.5,Randomized,1.0
526,1.0,Randomized,0.11529933481152993
527,5.0,Randomized,0.04422332780541736
528,0.0,Naive,1.0
529,0.025,Randomized,1.0
530,0.05,Randomized,1.0
531,0.1,Randomized,1.0
532,0.25,Randomized,0.0
533,0.5,Randomized,0.2191780821917808
534,1.0,Randomized,0.006535947712418301
535,5.0,Randomized,-0.030684931506849315
536,0.0,Naive,1.0
537,0.025,Randomized,1.0
538,0.05,Randomized,1.0
539,0.1,Randomized,1.0
540,0.25,Randomized,1.0
541,0.5,Randomized,0.3303964757709251
542,1.0,Randomized,0.11333333333333333
543,5.0,Randomized,-0.03980099502487562
544,0.0,Naive,1.0
545,0.025,Randomized,1.0
546,0.05,Randomized,1.0
547,0.1,Randomized,1.0
548,0.25,Randomized,1.0
549,0.5,Randomized,0.7995558023320377
550,1.0,Randomized,-0.017306652244456464
551,5.0,Randomized,0.006535947712418301
552,0.0,Naive,1.0
553,0.025,Randomized,1.0
554,0.05,Randomized,0.6208425720620843
555,0.1,Randomized,1.0
556,0.25,Randomized,1.0
557,0.5,Randomized,0.02145922746781116
558,1.0,Randomized,0.13071895424836602
559,5.0,Randomized,0.006535947712418301
560,0.0,Naive,1.0
561,0.025,Randomized,1.0
562,0.05,Randomized,1.0
563,0.1,Randomized,1.0
564,0.25,Randomized,0.0
565,0.5,Randomized,0.0
566,1.0,Randomized,0.0526027397260274
567,5.0,Randomized,-0.03980099502487562
568,0.0,Naive,1.0
569,0.025,Randomized,1.0
570,0.05,Randomized,1.0
571,0.1,Randomized,1.0
572,0.25,Randomized,1.0
573,0.5,Randomized,0.02145922746781116
574,1.0,Randomized,0.06489994591671173
575,5.0,Randomized,0.006535947712418301
576,0.0,Naive,1.0
577,0.025,Randomized,1.0
578,0.05,Randomized,1.0
579,0.1,Randomized,1.0
580,0.25,Randomized,1.0
581,0.5,Randomized,0.0
582,1.0,Randomized,0.06489994591671173
583,5.0,Randomized,0.06489994591671173
584,0.0,Naive,1.0
585,0.025,Randomized,1.0
586,0.05,Randomized,1.0
587,0.1,Randomized,1.0
588,0.25,Randomized,0.0
589,0.5,Randomized,0.0
590,1.0,Randomized,-0.04441976679622432
591,5.0,Randomized,-0.046255506607929514
592,0.0,Naive,1.0
593,0.025,Randomized,1.0
594,0.05,Randomized,1.0
595,0.1,Randomized,1.0
596,0.25,Randomized,0.0
597,0.5,Randomized,0.0
598,1.0,Randomized,0.02145922746781116
599,5.0,Randomized,-0.019313304721030045
600,0.0,Naive,1.0
601,0.025,Randomized,1.0
602,0.05,Randomized,1.0
603,0.1,Randomized,1.0
604,0.25,Randomized,0.0
605,0.5,Randomized,0.02145922746781116
606,1.0,Randomized,0.0
607,5.0,Randomized,0.03997779011660189
608,0.0,Naive,1.0
609,0.025,Randomized,1.0
610,0.05,Randomized,1.0
611,0.1,Randomized,1.0
612,0.25,Randomized,0.7995558023320377
613,0.5,Randomized,0.0
614,1.0,Randomized,0.0
615,5.0,Randomized,0.0
616,0.0,Naive,1.0
617,0.025,Randomized,1.0
618,0.05,Randomized,1.0
619,0.1,Randomized,1.0
620,0.25,Randomized,1.0
621,0.5,Randomized,0.0
622,1.0,Randomized,0.0
623,5.0,Randomized,0.21227197346600332
624,0.0,Naive,1.0
625,0.025,Randomized,1.0
626,0.05,Randomized,1.0
627,0.1,Randomized,1.0
628,0.25,Randomized,1.0
629,0.5,Randomized,0.3303964757709251
630,1.0,Randomized,0.06489994591671173
631,5.0,Randomized,0.006535947712418301
632,0.0,Naive,1.0
633,0.025,Randomized,1.0
634,0.05,Randomized,1.0
635,0.1,Randomized,1.0
636,0.25,Randomized,1.0
637,0.5,Randomized,0.2191780821917808
638,1.0,Randomized,0.13071895424836602
639,5.0,Randomized,-0.03980099502487562
640,0.0,Naive,1.0
641,0.025,Randomized,1.0
642,0.05,Randomized,1.0
643,0.1,Randomized,1.0
644,0.25,Randomized,1.0
645,0.5,Randomized,0.0
646,1.0,Randomized,0.0
647,5.0,Randomized,0.0
648,0.0,Naive,1.0
649,0.025,Randomized,1.0
650,0.05,Randomized,1.0
651,0.1,Randomized,1.0
652,0.25,Randomized,1.0
653,0.5,Randomized,0.0
654,1.0,Randomized,0.0
655,5.0,Randomized,0.0
656,0.0,Naive,1.0
657,0.025,Randomized,1.0
658,0.05,Randomized,1.0
659,0.1,Randomized,1.0
660,0.25,Randomized,0.0
661,0.5,Randomized,0.06489994591671173
662,1.0,Randomized,0.0
663,5.0,Randomized,0.0
664,0.0,Naive,1.0
665,0.025,Randomized,1.0
666,0.05,Randomized,1.0
667,0.1,Randomized,1.0
668,0.25,Randomized,1.0
669,0.5,Randomized,0.0
670,1.0,Randomized,0.06489994591671173
671,5.0,Randomized,-0.004405286343612335
672,0.0,Naive,1.0
673,0.025,Randomized,1.0
674,0.05,Randomized,1.0
675,0.1,Randomized,1.0
676,0.25,Randomized,1.0
677,0.5,Randomized,0.0
678,1.0,Randomized,0.0
679,5.0,Randomized,0.006535947712418301
680,0.0,Naive,1.0
681,0.025,Randomized,1.0
682,0.05,Randomized,1.0
683,0.1,Randomized,0.0
684,0.25,Randomized,0.0
685,0.5,Randomized,0.0
686,1.0,Randomized,0.0
687,5.0,Randomized,-0.04441976679622432
688,0.0,Naive,1.0
689,0.025,Randomized,1.0
690,0.05,Randomized,1.0
691,0.1,Randomized,1.0
692,0.25,Randomized,1.0
693,0.5,Randomized,0.02145922746781116
694,1.0,Randomized,0.0
695,5.0,Randomized,-0.019313304721030045
696,0.0,Naive,1.0
697,0.025,Randomized,1.0
698,0.05,Randomized,1.0
699,0.1,Randomized,1.0
700,0.25,Randomized,1.0
701,0.5,Randomized,0.7995558023320377
702,1.0,Randomized,0.02145922746781116
703,5.0,Randomized,0.04422332780541736
704,0.0,Naive,1.0
705,0.025,Randomized,1.0
706,0.05,Randomized,1.0
707,0.1,Randomized,1.0
708,0.25,Randomized,1.0
709,0.5,Randomized,0.02145922746781116
710,1.0,Randomized,0.0
711,5.0,Randomized,0.02145922746781116
712,0.0,Naive,1.0
713,0.025,Randomized,1.0
714,0.05,Randomized,1.0
715,0.1,Randomized,1.0
716,0.25,Randomized,1.0
717,0.5,Randomized,0.02145922746781116
718,1.0,Randomized,-0.030684931506849315
719,5.0,Randomized,-0.019313304721030045
720,0.0,Naive,1.0
721,0.025,Randomized,1.0
722,0.05,Randomized,1.0
723,0.1,Randomized,1.0
724,0.25,Randomized,1.0
725,0.5,Randomized,1.0
726,1.0,Randomized,0.3303964757709251
727,5.0,Randomized,0.04422332780541736
728,0.0,Naive,1.0
729,0.025,Randomized,1.0
730,0.05,Randomized,1.0
731,0.1,Randomized,1.0
732,0.25,Randomized,0.0
733,0.5,Randomized,0.02145922746781116
734,1.0,Randomized,-0.03980099502487562
735,5.0,Randomized,-0.004405286343612335
736,0.0,Naive,1.0
737,0.025,Randomized,1.0
738,0.05,Randomized,1.0
739,0.1,Randomized,1.0
740,0.25,Randomized,1.0
741,0.5,Randomized,0.21227197346600332
742,1.0,Randomized,0.13071895424836602
743,5.0,Randomized,0.02145922746781116
744,0.0,Naive,1.0
745,0.025,Randomized,1.0
746,0.05,Randomized,1.0
747,0.1,Randomized,1.0
748,0.25,Randomized,0.02145922746781116
749,0.5,Randomized,0.02145922746781116
750,1.0,Randomized,0.02145922746781116
751,5.0,Randomized,0.0526027397260274
752,0.0,Naive,1.0
753,0.025,Randomized,1.0
754,0.05,Randomized,1.0
755,0.1,Randomized,1.0
756,0.25,Randomized,0.46434494195688225
757,0.5,Randomized,0.3259423503325942
758,1.0,Randomized,-0.030684931506849315
759,5.0,Randomized,0.006535947712418301
760,0.0,Naive,1.0
761,0.025,Randomized,1.0
762,0.05,Randomized,1.0
763,0.1,Randomized,1.0
764,0.25,Randomized,0.7995558023320377
765,0.5,Randomized,0.46434494195688225
766,1.0,Randomized,0.04422332780541736
767,5.0,Randomized,0.1211453744493392
768,0.0,Naive,1.0
769,0.025,Randomized,1.0
770,0.05,Randomized,1.0
771,0.1,Randomized,1.0
772,0.25,Randomized,1.0
773,0.5,Randomized,0.0
774,1.0,Randomized,0.0
775,5.0,Randomized,0.04422332780541736
776,0.0,Naive,1.0
777,0.025,Randomized,1.0
778,0.05,Randomized,1.0
779,0.1,Randomized,0.0
780,0.25,Randomized,0.0
781,0.5,Randomized,0.0
782,1.0,Randomized,0.2191780821917808
783,5.0,Randomized,0.02145922746781116
784,0.0,Naive,1.0
785,0.025,Randomized,1.0
786,0.05,Randomized,1.0
787,0.1,Randomized,1.0
788,0.25,Randomized,0.0
789,0.5,Randomized,0.2191780821917808
790,1.0,Randomized,0.2191780821917808
791,5.0,Randomized,0.11333333333333333
792,0.0,Naive,1.0
793,0.025,Randomized,1.0
794,0.05,Randomized,1.0
795,0.1,Randomized,1.0
796,0.25,Randomized,0.0
797,0.5,Randomized,0.0
798,1.0,Randomized,0.06489994591671173
799,5.0,Randomized,-0.019313304721030045
800,0.0,Naive,1.0
801,0.025,Randomized,1.0
802,0.05,Randomized,1.0
803,0.1,Randomized,0.0
804,0.25,Randomized,0.0
805,0.5,Randomized,0.0
806,1.0,Randomized,0.0
807,5.0,Randomized,-0.034858387799564274
808,0.0,Naive,1.0
809,0.025,Randomized,1.0
810,0.05,Randomized,1.0
811,0.1,Randomized,1.0
812,0.25,Randomized,1.0
813,0.5,Randomized,0.6208425720620843
814,1.0,Randomized,0.2191780821917808
815,5.0,Randomized,-0.019313304721030045
816,0.0,Naive,1.0
817,0.025,Randomized,1.0
818,0.05,Randomized,1.0
819,0.1,Randomized,1.0
820,0.25,Randomized,0.7995558023320377
821,0.5,Randomized,0.7995558023320377
822,1.0,Randomized,0.0
823,5.0,Randomized,0.0
824,0.0,Naive,1.0
825,0.025,Randomized,1.0
826,0.05,Randomized,1.0
827,0.1,Randomized,0.0
828,0.25,Randomized,1.0
829,0.5,Randomized,0.0
830,1.0,Randomized,0.2191780821917808
831,5.0,Randomized,-0.004405286343612335
832,0.0,Naive,1.0
833,0.025,Randomized,1.0
834,0.05,Randomized,1.0
835,0.1,Randomized,1.0
836,0.25,Randomized,0.02145922746781116
837,0.5,Randomized,0.3303964757709251
838,1.0,Randomized,-0.011086474501108648
839,5.0,Randomized,-0.04441976679622432
840,0.0,Naive,1.0
841,0.025,Randomized,1.0
842,0.05,Randomized,1.0
843,0.1,Randomized,0.0
844,0.25,Randomized,0.0
845,0.5,Randomized,0.0
846,1.0,Randomized,0.3303964757709251
847,5.0,Randomized,-0.030684931506849315
848,0.0,Naive,1.0
849,0.025,Randomized,1.0
850,0.05,Randomized,1.0
851,0.1,Randomized,1.0
852,0.25,Randomized,1.0
853,0.5,Randomized,0.0
854,1.0,Randomized,-0.05321507760532151
855,5.0,Randomized,-0.046255506607929514
856,0.0,Naive,1.0
857,0.025,Randomized,1.0
858,0.05,Randomized,1.0
859,0.1,Randomized,1.0
860,0.25,Randomized,0.0
861,0.5,Randomized,0.0
862,1.0,Randomized,-0.017306652244456464
863,5.0,Randomized,0.2087729039422543
864,0.0,Naive,1.0
865,0.025,Randomized,1.0
866,0.05,Randomized,1.0
867,0.1,Randomized,1.0
868,0.25,Randomized,0.0
869,0.5,Randomized,0.0
870,1.0,Randomized,0.0
871,5.0,Randomized,0.06489994591671173
872,0.0,Naive,1.0
873,0.025,Randomized,1.0
874,0.05,Randomized,1.0
875,0.1,Randomized,1.0
876,0.25,Randomized,0.6208425720620843
877,0.5,Randomized,0.7995558023320377
878,1.0,Randomized,0.0
879,5.0,Randomized,-0.019313304721030045
880,0.0,Naive,1.0
881,0.025,Randomized,1.0
882,0.05,Randomized,1.0
883,0.1,Randomized,1.0
884,0.25,Randomized,0.6208425720620843
885,0.5,Randomized,0.0
886,1.0,Randomized,-0.019313304721030045
887,5.0,Randomized,-0.030684931506849315
888,0.0,Naive,1.0
889,0.025,Randomized,1.0
890,0.05,Randomized,1.0
891,0.1,Randomized,1.0
892,0.25,Randomized,0.13071895424836602
893,0.5,Randomized,0.2191780821917808
894,1.0,Randomized,0.3303964757709251
895,5.0,Randomized,-0.017306652244456464
896,0.0,Naive,1.0
897,0.025,Randomized,1.0
898,0.05,Randomized,1.0
899,0.1,Randomized,1.0
900,0.25,Randomized,1.0
901,0.5,Randomized,0.0
902,1.0,Randomized,0.0
903,5.0,Randomized,-0.019313304721030045
904,0.0,Naive,1.0
905,0.025,Randomized,1.0
906,0.05,Randomized,1.0
907,0.1,Randomized,1.0
908,0.25,Randomized,1.0
909,0.5,Randomized,0.0
910,1.0,Randomized,-0.017306652244456464
911,5.0,Randomized,-0.017306652244456464
912,0.0,Naive,1.0
913,0.025,Randomized,1.0
914,0.05,Randomized,1.0
915,0.1,Randomized,1.0
916,0.25,Randomized,0.0
917,0.5,Randomized,0.3303964757709251
918,1.0,Randomized,0.02145922746781116
919,5.0,Randomized,-0.017306652244456464
920,0.0,Naive,1.0
921,0.025,Randomized,1.0
922,0.05,Randomized,1.0
923,0.1,Randomized,1.0
924,0.25,Randomized,1.0
925,0.5,Randomized,0.02145922746781116
926,1.0,Randomized,-0.004405286343612335
927,5.0,Randomized,-0.046255506607929514
928,0.0,Naive,1.0
929,0.025,Randomized,1.0
930,0.05,Randomized,1.0
931,0.1,Randomized,1.0
932,0.25,Randomized,0.7995558023320377
933,0.5,Randomized,0.02145922746781116
934,1.0,Randomized,0.0
935,5.0,Randomized,-0.017306652244456464
936,0.0,Naive,1.0
937,0.025,Randomized,1.0
938,0.05,Randomized,1.0
939,0.1,Randomized,1.0
940,0.25,Randomized,1.0
941,0.5,Randomized,0.13071895424836602
942,1.0,Randomized,-0.017306652244456464
943,5.0,Randomized,0.11529933481152993
944,0.0,Naive,1.0
945,0.025,Randomized,1.0
946,0.05,Randomized,1.0
947,0.1,Randomized,1.0
948,0.25,Randomized,1.0
949,0.5,Randomized,1.0
950,1.0,Randomized,0.2191780821917808
951,5.0,Randomized,-0.017306652244456464
952,0.0,Naive,0.7995558023320377
953,0.025,Randomized,1.0
954,0.05,Randomized,1.0
955,0.1,Randomized,0.7995558023320377
956,0.25,Randomized,1.0
957,0.5,Randomized,0.3303964757709251
958,1.0,Randomized,-0.011086474501108648
959,5.0,Randomized,-0.030684931506849315
960,0.0,Naive,1.0
961,0.025,Randomized,1.0
962,0.05,Randomized,1.0
963,0.1,Randomized,1.0
964,0.25,Randomized,1.0
965,0.5,Randomized,0.6208425720620843
966,1.0,Randomized,0.2191780821917808
967,5.0,Randomized,0.21227197346600332
968,0.0,Naive,1.0
969,0.025,Randomized,1.0
970,0.05,Randomized,1.0
971,0.1,Randomized,0.7995558023320377
972,0.25,Randomized,1.0
973,0.5,Randomized,0.02145922746781116
974,1.0,Randomized,0.02145922746781116
975,5.0,Randomized,0.02145922746781116
976,0.0,Naive,1.0
977,0.025,Randomized,1.0
978,0.05,Randomized,1.0
979,0.1,Randomized,1.0
980,0.25,Randomized,0.46434494195688225
981,0.5,Randomized,0.0
982,1.0,Randomized,-0.03980099502487562
983,5.0,Randomized,0.0526027397260274
984,0.0,Naive,1.0
985,0.025,Randomized,1.0
986,0.05,Randomized,1.0
987,0.1,Randomized,1.0
988,0.25,Randomized,1.0
989,0.5,Randomized,0.0
990,1.0,Randomized,0.0
991,5.0,Randomized,0.0
992,0.0,Naive,0.7995558023320377
993,0.025,Randomized,0.7995558023320377
994,0.05,Randomized,1.0
995,0.1,Randomized,1.0
996,0.25,Randomized,1.0
997,0.5,Randomized,0.0
998,1.0,Randomized,0.02145922746781116
999,5.0,Randomized,-0.017306652244456464
1000,0.0,Naive,0.0
1001,0.025,Randomized,0.0
1002,0.05,Randomized,0.0
1003,0.1,Randomized,0.0
1004,0.25,Randomized,1.0
1005,0.5,Randomized,1.0
1006,1.0,Randomized,0.04422332780541736
1007,5.0,Randomized,0.006535947712418301
1008,0.0,Naive,1.0
1009,0.025,Randomized,1.0
1010,0.05,Randomized,1.0
1011,0.1,Randomized,1.0
1012,0.25,Randomized,1.0
1013,0.5,Randomized,0.0
1014,1.0,Randomized,0.0
1015,5.0,Randomized,-0.004405286343612335
1016,0.0,Naive,1.0
1017,0.025,Randomized,1.0
1018,0.05,Randomized,1.0
1019,0.1,Randomized,1.0
1020,0.25,Randomized,0.2191780821917808
1021,0.5,Randomized,0.1211453744493392
1022,1.0,Randomized,0.7995558023320377
1023,5.0,Randomized,0.06489994591671173
1024,0.0,Naive,1.0
1025,0.025,Randomized,1.0
1026,0.05,Randomized,1.0
1027,0.1,Randomized,1.0
1028,0.25,Randomized,1.0
1029,0.5,Randomized,0.0
1030,1.0,Randomized,-0.017306652244456464
1031,5.0,Randomized,-0.017306652244456464
1032,0.0,Naive,1.0
1033,0.025,Randomized,1.0
1034,0.05,Randomized,1.0
1035,0.1,Randomized,1.0
1036,0.25,Randomized,1.0
1037,0.5,Randomized,-0.017306652244456464
1038,1.0,Randomized,0.06489994591671173
1039,5.0,Randomized,-0.04441976679622432
1040,0.0,Naive,1.0
1041,0.025,Randomized,1.0
1042,0.05,Randomized,1.0
1043,0.1,Randomized,1.0
1044,0.25,Randomized,0.7995558023320377
1045,0.5,Randomized,-0.05321507760532151
1046,1.0,Randomized,-0.03980099502487562
1047,5.0,Randomized,-0.011086474501108648
1048,0.0,Naive,1.0
1049,0.025,Randomized,1.0
1050,0.05,Randomized,1.0
1051,0.1,Randomized,1.0
1052,0.25,Randomized,1.0
1053,0.5,Randomized,0.13071895424836602
1054,1.0,Randomized,-0.04441976679622432
1055,5.0,Randomized,0.11333333333333333
1056,0.0,Naive,1.0
1057,0.025,Randomized,1.0
1058,0.05,Randomized,1.0
1059,0.1,Randomized,1.0
1060,0.25,Randomized,1.0
1061,0.5,Randomized,0.0
1062,1.0,Randomized,0.3303964757709251
1063,5.0,Randomized,-0.03980099502487562
1064,0.0,Naive,0.7995558023320377
1065,0.025,Randomized,0.7995558023320377
1066,0.05,Randomized,1.0
1067,0.1,Randomized,0.7995558023320377
1068,0.25,Randomized,0.7995558023320377
1069,0.5,Randomized,0.06489994591671173
1070,1.0,Randomized,0.06489994591671173
1071,5.0,Randomized,-0.030684931506849315
1072,0.0,Naive,1.0
1073,0.025,Randomized,1.0
1074,0.05,Randomized,1.0
1075,0.1,Randomized,1.0
1076,0.25,Randomized,1.0
1077,0.5,Randomized,0.02145922746781116
1078,1.0,Randomized,0.1211453744493392
1079,5.0,Randomized,-0.046255506607929514
1080,0.0,Naive,1.0
1081,0.025,Randomized,1.0
1082,0.05,Randomized,1.0
1083,0.1,Randomized,1.0
1084,0.25,Randomized,0.7995558023320377
1085,0.5,Randomized,0.02145922746781116
1086,1.0,Randomized,-0.019313304721030045
1087,5.0,Randomized,-0.030684931506849315
1088,0.0,Naive,1.0
1089,0.025,Randomized,1.0
1090,0.05,Randomized,1.0
1091,0.1,Randomized,1.0
1092,0.25,Randomized,1.0
1093,0.5,Randomized,0.0
1094,1.0,Randomized,-0.03980099502487562
1095,5.0,Randomized,-0.013333333333333334
1096,0.0,Naive,1.0
1097,0.025,Randomized,1.0
1098,0.05,Randomized,1.0
1099,0.1,Randomized,1.0
1100,0.25,Randomized,0.0
1101,0.5,Randomized,0.0
1102,1.0,Randomized,0.0
1103,5.0,Randomized,-0.03980099502487562
1104,0.0,Naive,1.0
1105,0.025,Randomized,1.0
1106,0.05,Randomized,1.0
1107,0.1,Randomized,0.7995558023320377
1108,0.25,Randomized,1.0
1109,0.5,Randomized,0.2191780821917808
1110,1.0,Randomized,0.3303964757709251
1111,5.0,Randomized,-0.046255506607929514
1112,0.0,Naive,1.0
1113,0.025,Randomized,1.0
1114,0.05,Randomized,1.0
1115,0.1,Randomized,1.0
1116,0.25,Randomized,0.0
1117,0.5,Randomized,0.0
1118,1.0,Randomized,0.0
1119,5.0,Randomized,-0.017306652244456464
1120,0.0,Naive,1.0
1121,0.025,Randomized,1.0
1122,0.05,Randomized,1.0
1123,0.1,Randomized,0.7995558023320377
1124,0.25,Randomized,0.7995558023320377
1125,0.5,Randomized,0.0
1126,1.0,Randomized,0.0
1127,5.0,Randomized,0.3259423503325942
1128,0.0,Naive,1.0
1129,0.025,Randomized,1.0
1130,0.05,Randomized,1.0
1131,0.1,Randomized,0.0
1132,0.25,Randomized,1.0
1133,0.5,Randomized,0.02145922746781116
1134,1.0,Randomized,0.006535947712418301
1135,5.0,Randomized,0.02145922746781116
1136,0.0,Naive,1.0
1137,0.025,Randomized,1.0
1138,0.05,Randomized,1.0
1139,0.1,Randomized,1.0
1140,0.25,Randomized,0.0
1141,0.5,Randomized,0.03997779011660189
1142,1.0,Randomized,0.04422332780541736
1143,5.0,Randomized,-0.03980099502487562
1144,0.0,Naive,1.0
1145,0.025,Randomized,1.0
1146,0.05,Randomized,1.0
1147,0.1,Randomized,1.0
1148,0.25,Randomized,1.0
1149,0.5,Randomized,0.46434494195688225
1150,1.0,Randomized,0.02145922746781116
1151,5.0,Randomized,0.02145922746781116
1152,0.0,Naive,1.0
1153,0.025,Randomized,1.0
1154,0.05,Randomized,1.0
1155,0.1,Randomized,1.0
1156,0.25,Randomized,1.0
1157,0.5,Randomized,0.006535947712418301
1158,1.0,Randomized,0.04422332780541736
1159,5.0,Randomized,-0.013333333333333334
1160,0.0,Naive,1.0
1161,0.025,Randomized,1.0
1162,0.05,Randomized,1.0
1163,0.1,Randomized,1.0
1164,0.25,Randomized,1.0
1165,0.5,Randomized,0.3303964757709251
1166,1.0,Randomized,0.04422332780541736
1167,5.0,Randomized,-0.04441976679622432
1168,0.0,Naive,1.0
1169,0.025,Randomized,1.0
1170,0.05,Randomized,1.0
1171,0.1,Randomized,1.0
1172,0.25,Randomized,0.6208425720620843
1173,0.5,Randomized,0.06489994591671173
1174,1.0,Randomized,0.6208425720620843
1175,5.0,Randomized,-0.05321507760532151
1176,0.0,Naive,1.0
1177,0.025,Randomized,1.0
1178,0.05,Randomized,1.0
1179,0.1,Randomized,1.0
1180,0.25,Randomized,1.0
1181,0.5,Randomized,1.0
1182,1.0,Randomized,-0.030684931506849315
1183,5.0,Randomized,-0.046255506607929514
1184,0.0,Naive,1.0
1185,0.025,Randomized,1.0
1186,0.05,Randomized,1.0
1187,0.1,Randomized,1.0
1188,0.25,Randomized,1.0
1189,0.5,Randomized,0.7995558023320377
1190,1.0,Randomized,0.4619655746807329
1191,5.0,Randomized,0.0526027397260274
1192,0.0,Naive,1.0
1193,0.025,Randomized,1.0
1194,0.05,Randomized,1.0
1195,0.1,Randomized,1.0
1196,0.25,Randomized,1.0
1197,0.5,Randomized,0.0
1198,1.0,Randomized,0.02145922746781116
1199,5.0,Randomized,-0.004405286343612335
1200,0.0,Naive,1.0
1201,0.025,Randomized,1.0
1202,0.05,Randomized,1.0
1203,0.1,Randomized,1.0
1204,0.25,Randomized,0.0
1205,0.5,Randomized,0.0
1206,1.0,Randomized,0.06489994591671173
1207,5.0,Randomized,-0.017306652244456464
1208,0.0,Naive,0.0
1209,0.025,Randomized,0.0
1210,0.05,Randomized,0.0
1211,0.1,Randomized,0.0
1212,0.25,Randomized,0.0
1213,0.5,Randomized,0.3303964757709251
1214,1.0,Randomized,0.06489994591671173
1215,5.0,Randomized,-0.034858387799564274
1216,0.0,Naive,1.0
1217,0.025,Randomized,1.0
1218,0.05,Randomized,1.0
1219,0.1,Randomized,0.0
1220,0.25,Randomized,0.0
1221,0.5,Randomized,0.7995558023320377
1222,1.0,Randomized,0.3303964757709251
1223,5.0,Randomized,0.03997779011660189
1224,0.0,Naive,1.0
1225,0.025,Randomized,1.0
1226,0.05,Randomized,1.0
1227,0.1,Randomized,1.0
1228,0.25,Randomized,1.0
1229,0.5,Randomized,1.0
1230,1.0,Randomized,-0.04441976679622432
1231,5.0,Randomized,0.0526027397260274
1232,0.0,Naive,1.0
1233,0.025,Randomized,1.0
1234,0.05,Randomized,1.0
1235,0.1,Randomized,1.0
1236,0.25,Randomized,1.0
1237,0.5,Randomized,0.0
1238,1.0,Randomized,0.0
1239,5.0,Randomized,-0.017306652244456464
1240,0.0,Naive,1.0
1241,0.025,Randomized,1.0
1242,0.05,Randomized,1.0
1243,0.1,Randomized,1.0
1244,0.25,Randomized,1.0
1245,0.5,Randomized,0.0
1246,1.0,Randomized,0.0
1247,5.0,Randomized,-0.030684931506849315
1248,0.0,Naive,1.0
1249,0.025,Randomized,1.0
1250,0.05,Randomized,1.0
1251,0.1,Randomized,1.0
1252,0.25,Randomized,1.0
1253,0.5,Randomized,0.7995558023320377
1254,1.0,Randomized,0.02145922746781116
1255,5.0,Randomized,0.0
1256,0.0,Naive,1.0
1257,0.025,Randomized,1.0
1258,0.05,Randomized,1.0
1259,0.1,Randomized,1.0
1260,0.25,Randomized,1.0
1261,0.5,Randomized,0.13071895424836602
1262,1.0,Randomized,0.02145922746781116
1263,5.0,Randomized,-0.030684931506849315
1264,0.0,Naive,1.0
1265,0.025,Randomized,1.0
1266,0.05,Randomized,1.0
1267,0.1,Randomized,1.0
1268,0.25,Randomized,0.7995558023320377
1269,0.5,Randomized,0.6208425720620843
1270,1.0,Randomized,0.04422332780541736
1271,5.0,Randomized,-0.03980099502487562
1272,0.0,Naive,0.7995558023320377
1273,0.025,Randomized,0.7995558023320377
1274,0.05,Randomized,0.7995558023320377
1275,0.1,Randomized,0.7995558023320377
1276,0.25,Randomized,0.7995558023320377
1277,0.5,Randomized,0.02145922746781116
1278,1.0,Randomized,0.0
1279,5.0,Randomized,0.0
1280,0.0,Naive,1.0
1281,0.025,Randomized,1.0
1282,0.05,Randomized,1.0
1283,0.1,Randomized,1.0
1284,0.25,Randomized,0.0
1285,0.5,Randomized,0.13071895424836602
1286,1.0,Randomized,0.06489994591671173
1287,5.0,Randomized,-0.03980099502487562
1288,0.0,Naive,0.7995558023320377
1289,0.025,Randomized,0.7995558023320377
1290,0.05,Randomized,0.0
1291,0.1,Randomized,1.0
1292,0.25,Randomized,0.0
1293,0.5,Randomized,0.0
1294,1.0,Randomized,-0.019313304721030045
1295,5.0,Randomized,0.0
1296,0.0,Naive,1.0
1297,0.025,Randomized,1.0
1298,0.05,Randomized,1.0
1299,0.1,Randomized,1.0
1300,0.25,Randomized,0.0
1301,0.5,Randomized,1.0
1302,1.0,Randomized,0.02145922746781116
1303,5.0,Randomized,0.06489994591671173
1304,0.0,Naive,1.0
1305,0.025,Randomized,1.0
1306,0.05,Randomized,1.0
1307,0.1,Randomized,1.0
1308,0.25,Randomized,1.0
1309,0.5,Randomized,0.02145922746781116
1310,1.0,Randomized,0.2087729039422543
1311,5.0,Randomized,-0.05555555555555555
1312,0.0,Naive,1.0
1313,0.025,Randomized,1.0
1314,0.05,Randomized,1.0
1315,0.1,Randomized,1.0
1316,0.25,Randomized,0.0
1317,0.5,Randomized,0.06489994591671173
1318,1.0,Randomized,0.0
1319,5.0,Randomized,-0.017306652244456464
1320,0.0,Naive,1.0
1321,0.025,Randomized,1.0
1322,0.05,Randomized,1.0
1323,0.1,Randomized,1.0
1324,0.25,Randomized,1.0
1325,0.5,Randomized,0.0
1326,1.0,Randomized,0.0
1327,5.0,Randomized,0.0
1328,0.0,Naive,1.0
1329,0.025,Randomized,1.0
1330,0.05,Randomized,1.0
1331,0.1,Randomized,1.0
1332,0.25,Randomized,1.0
1333,0.5,Randomized,0.02145922746781116
1334,1.0,Randomized,-0.03980099502487562
1335,5.0,Randomized,0.2191780821917808
1336,0.0,Naive,1.0
1337,0.025,Randomized,1.0
1338,0.05,Randomized,1.0
1339,0.1,Randomized,1.0
1340,0.25,Randomized,1.0
1341,0.5,Randomized,0.0
1342,1.0,Randomized,0.0
1343,5.0,Randomized,-0.019313304721030045
1344,0.0,Naive,1.0
1345,0.025,Randomized,1.0
1346,0.05,Randomized,1.0
1347,0.1,Randomized,1.0
1348,0.25,Randomized,1.0
1349,0.5,Randomized,0.0
1350,1.0,Randomized,0.0
1351,5.0,Randomized,0.0
1352,0.0,Naive,1.0
1353,0.025,Randomized,1.0
1354,0.05,Randomized,1.0
1355,0.1,Randomized,0.0
1356,0.25,Randomized,0.0
1357,0.5,Randomized,0.0
1358,1.0,Randomized,0.0
1359,5.0,Randomized,0.0
1360,0.0,Naive,1.0
1361,0.025,Randomized,1.0
1362,0.05,Randomized,1.0
1363,0.1,Randomized,1.0
1364,0.25,Randomized,0.0
1365,0.5,Randomized,0.0
1366,1.0,Randomized,0.06489994591671173
1367,5.0,Randomized,0.03997779011660189
1368,0.0,Naive,1.0
1369,0.025,Randomized,1.0
1370,0.05,Randomized,1.0
1371,0.1,Randomized,1.0
1372,0.25,Randomized,1.0
1373,0.5,Randomized,0.06489994591671173
1374,1.0,Randomized,0.13071895424836602
1375,5.0,Randomized,-0.04441976679622432
1376,0.0,Naive,1.0
1377,0.025,Randomized,1.0
1378,0.05,Randomized,1.0
1379,0.1,Randomized,1.0
1380,0.25,Randomized,0.0
1381,0.5,Randomized,0.0
1382,1.0,Randomized,0.02145922746781116
1383,5.0,Randomized,0.0
1384,0.0,Naive,1.0
1385,0.025,Randomized,1.0
1386,0.05,Randomized,1.0
1387,0.1,Randomized,1.0
1388,0.25,Randomized,1.0
1389,0.5,Randomized,0.06489994591671173
1390,1.0,Randomized,-0.004405286343612335
1391,5.0,Randomized,-0.04441976679622432
1392,0.0,Naive,1.0
1393,0.025,Randomized,1.0
1394,0.05,Randomized,1.0
1395,0.1,Randomized,0.02145922746781116
1396,0.25,Randomized,1.0
1397,0.5,Randomized,0.7995558023320377
1398,1.0,Randomized,0.06489994591671173
1399,5.0,Randomized,0.03997779011660189
1400,0.0,Naive,1.0
1401,0.025,Randomized,1.0
1402,0.05,Randomized,1.0
1403,0.1,Randomized,1.0
1404,0.25,Randomized,0.02145922746781116
1405,0.5,Randomized,0.7995558023320377
1406,1.0,Randomized,0.0526027397260274
1407,5.0,Randomized,0.02145922746781116
1408,0.0,Naive,1.0
1409,0.025,Randomized,1.0
1410,0.05,Randomized,1.0
1411,0.1,Randomized,1.0
1412,0.25,Randomized,0.7995558023320377
1413,0.5,Randomized,1.0
1414,1.0,Randomized,0.02145922746781116
1415,5.0,Randomized,-0.019313304721030045
1416,0.0,Naive,1.0
1417,0.025,Randomized,1.0
1418,0.05,Randomized,1.0
1419,0.1,Randomized,1.0
1420,0.25,Randomized,1.0
1421,0.5,Randomized,-0.03980099502487562
1422,1.0,Randomized,0.2191780821917808
1423,5.0,Randomized,-0.03980099502487562
1424,0.0,Naive,1.0
1425,0.025,Randomized,1.0
1426,0.05,Randomized,1.0
1427,0.1,Randomized,1.0
1428,0.25,Randomized,1.0
1429,0.5,Randomized,1.0
1430,1.0,Randomized,0.0
1431,5.0,Randomized,0.0
1432,0.0,Naive,1.0
1433,0.025,Randomized,1.0
1434,0.05,Randomized,1.0
1435,0.1,Randomized,1.0
1436,0.25,Randomized,1.0
1437,0.5,Randomized,1.0
1438,1.0,Randomized,0.0526027397260274
1439,5.0,Randomized,0.04422332780541736
1440,0.0,Naive,1.0
1441,0.025,Randomized,1.0
1442,0.05,Randomized,1.0
1443,0.1,Randomized,1.0
1444,0.25,Randomized,1.0
1445,0.5,Randomized,0.3303964757709251
1446,1.0,Randomized,0.0526027397260274
1447,5.0,Randomized,-0.004405286343612335
1448,0.0,Naive,1.0
1449,0.025,Randomized,0.7995558023320377
1450,0.05,Randomized,0.7995558023320377
1451,0.1,Randomized,0.7995558023320377
1452,0.25,Randomized,0.6208425720620843
1453,0.5,Randomized,0.02145922746781116
1454,1.0,Randomized,0.02145922746781116
1455,5.0,Randomized,-0.046255506607929514
1456,0.0,Naive,1.0
1457,0.025,Randomized,1.0
1458,0.05,Randomized,1.0
1459,0.1,Randomized,1.0
1460,0.25,Randomized,1.0
1461,0.5,Randomized,-0.04441976679622432
1462,1.0,Randomized,0.1211453744493392
1463,5.0,Randomized,-0.030684931506849315
1464,0.0,Naive,1.0
1465,0.025,Randomized,1.0
1466,0.05,Randomized,1.0
1467,0.1,Randomized,1.0
1468,0.25,Randomized,0.02145922746781116
1469,0.5,Randomized,0.2191780821917808
1470,1.0,Randomized,0.11333333333333333
1471,5.0,Randomized,-0.017306652244456464
1472,0.0,Naive,1.0
1473,0.025,Randomized,1.0
1474,0.05,Randomized,1.0
1475,0.1,Randomized,1.0
1476,0.25,Randomized,1.0
1477,0.5,Randomized,0.0
1478,1.0,Randomized,0.02145922746781116
1479,5.0,Randomized,0.06489994591671173
1480,0.0,Naive,1.0
1481,0.025,Randomized,1.0
1482,0.05,Randomized,1.0
1483,0.1,Randomized,1.0
1484,0.25,Randomized,1.0
1485,0.5,Randomized,0.0
1486,1.0,Randomized,0.0
1487,5.0,Randomized,-0.019313304721030045
1488,0.0,Naive,0.02145922746781116
1489,0.025,Randomized,0.02145922746781116
1490,0.05,Randomized,0.02145922746781116
1491,0.1,Randomized,0.7995558023320377
1492,0.25,Randomized,0.0
1493,0.5,Randomized,0.0
1494,1.0,Randomized,-0.017306652244456464
1495,5.0,Randomized,0.02145922746781116
1496,0.0,Naive,1.0
1497,0.025,Randomized,1.0
1498,0.05,Randomized,1.0
1499,0.1,Randomized,1.0
1500,0.25,Randomized,0.0
1501,0.5,Randomized,0.0
1502,1.0,Randomized,0.13071895424836602
1503,5.0,Randomized,-0.019313304721030045
1504,0.0,Naive,0.0
1505,0.025,Randomized,0.0
1506,0.05,Randomized,0.0
1507,0.1,Randomized,0.0
1508,0.25,Randomized,0.06489994591671173
1509,0.5,Randomized,0.0
1510,1.0,Randomized,0.02145922746781116
1511,5.0,Randomized,-0.004405286343612335
1512,0.0,Naive,1.0
1513,0.025,Randomized,1.0
1514,0.05,Randomized,1.0
1515,0.1,Randomized,1.0
1516,0.25,Randomized,1.0
1517,0.5,Randomized,0.06489994591671173
1518,1.0,Randomized,0.1211453744493392
1519,5.0,Randomized,-0.04441976679622432
1520,0.0,Naive,1.0
1521,0.025,Randomized,1.0
1522,0.05,Randomized,1.0
1523,0.1,Randomized,1.0
1524,0.25,Randomized,1.0
1525,0.5,Randomized,0.3303964757709251
1526,1.0,Randomized,-0.011086474501108648
1527,5.0,Randomized,-0.05321507760532151
1528,0.0,Naive,0.7995558023320377
1529,0.025,Randomized,0.7995558023320377
1530,0.05,Randomized,0.7995558023320377
1531,0.1,Randomized,0.7995558023320377
1532,0.25,Randomized,0.0
1533,0.5,Randomized,1.0
1534,1.0,Randomized,0.2087729039422543
1535,5.0,Randomized,0.0526027397260274
1536,0.0,Naive,1.0
1537,0.025,Randomized,1.0
1538,0.05,Randomized,1.0
1539,0.1,Randomized,1.0
1540,0.25,Randomized,0.0
1541,0.5,Randomized,0.13071895424836602
1542,1.0,Randomized,0.13071895424836602
1543,5.0,Randomized,-0.05555555555555555
1544,0.0,Naive,1.0
1545,0.025,Randomized,1.0
1546,0.05,Randomized,1.0
1547,0.1,Randomized,1.0
1548,0.25,Randomized,0.6208425720620843
1549,0.5,Randomized,0.46434494195688225
1550,1.0,Randomized,0.0
1551,5.0,Randomized,-0.04441976679622432
1552,0.0,Naive,1.0
1553,0.025,Randomized,1.0
1554,0.05,Randomized,1.0
1555,0.1,Randomized,1.0
1556,0.25,Randomized,1.0
1557,0.5,Randomized,1.0
1558,1.0,Randomized,0.2191780821917808
1559,5.0,Randomized,-0.004405286343612335
1560,0.0,Naive,1.0
1561,0.025,Randomized,1.0
1562,0.05,Randomized,1.0
1563,0.1,Randomized,0.0
1564,0.25,Randomized,0.0
1565,0.5,Randomized,0.0
1566,1.0,Randomized,0.0
1567,5.0,Randomized,-0.030684931506849315
1568,0.0,Naive,1.0
1569,0.025,Randomized,0.0
1570,0.05,Randomized,0.0
1571,0.1,Randomized,0.0
1572,0.25,Randomized,0.0
1573,0.5,Randomized,0.0
1574,1.0,Randomized,0.0
1575,5.0,Randomized,0.06489994591671173
1576,0.0,Naive,1.0
1577,0.025,Randomized,1.0
1578,0.05,Randomized,1.0
1579,0.1,Randomized,1.0
1580,0.25,Randomized,0.6208425720620843
1581,0.5,Randomized,0.46434494195688225
1582,1.0,Randomized,0.3259423503325942
1583,5.0,Randomized,0.0526027397260274
1584,0.0,Naive,1.0
1585,0.025,Randomized,1.0
1586,0.05,Randomized,1.0
1587,0.1,Randomized,1.0
1588,0.25,Randomized,1.0
1589,0.5,Randomized,-0.019313304721030045
1590,1.0,Randomized,-0.019313304721030045
1591,5.0,Randomized,-0.030684931506849315
1592,0.0,Naive,1.0
1593,0.025,Randomized,1.0
1594,0.05,Randomized,1.0
1595,0.1,Randomized,1.0
1596,0.25,Randomized,1.0
1597,0.5,Randomized,0.13071895424836602
1598,1.0,Randomized,0.0
1599,5.0,Randomized,0.02145922746781116
1600,0.0,Naive,1.0
1601,0.025,Randomized,1.0
1602,0.05,Randomized,1.0
1603,0.1,Randomized,1.0
1604,0.25,Randomized,1.0
1605,0.5,Randomized,0.06489994591671173
1606,1.0,Randomized,0.02145922746781116
1607,5.0,Randomized,-0.013333333333333334
1608,0.0,Naive,0.02145922746781116
1609,0.025,Randomized,0.02145922746781116
1610,0.05,Randomized,0.02145922746781116
1611,0.1,Randomized,0.0
1612,0.25,Randomized,0.06489994591671173
1613,0.5,Randomized,0.0
1614,1.0,Randomized,0.0
1615,5.0,Randomized,-0.034858387799564274
1616,0.0,Naive,0.0
1617,0.025,Randomized,0.0
1618,0.05,Randomized,0.0
1619,0.1,Randomized,0.0
1620,0.25,Randomized,0.0
1621,0.5,Randomized,0.0
1622,1.0,Randomized,0.0
1623,5.0,Randomized,0.11529933481152993
1624,0.0,Naive,1.0
1625,0.025,Randomized,1.0
1626,0.05,Randomized,1.0
1627,0.1,Randomized,1.0
1628,0.25,Randomized,0.13071895424836602
1629,0.5,Randomized,0.2191780821917808
1630,1.0,Randomized,0.06489994591671173
1631,5.0,Randomized,-0.034858387799564274
1632,0.0,Naive,1.0
1633,0.025,Randomized,1.0
1634,0.05,Randomized,1.0
1635,0.1,Randomized,1.0
1636,0.25,Randomized,1.0
1637,0.5,Randomized,0.02145922746781116
1638,1.0,Randomized,0.3303964757709251
1639,5.0,Randomized,0.0526027397260274
1640,0.0,Naive,1.0
1641,0.025,Randomized,1.0
1642,0.05,Randomized,1.0
1643,0.1,Randomized,1.0
1644,0.25,Randomized,0.02145922746781116
1645,0.5,Randomized,0.3244444444444444
1646,1.0,Randomized,0.46434494195688225
1647,5.0,Randomized,-0.05555555555555555
1648,0.0,Naive,1.0
1649,0.025,Randomized,1.0
1650,0.05,Randomized,1.0
1651,0.1,Randomized,1.0
1652,0.25,Randomized,0.0
1653,0.5,Randomized,0.0
1654,1.0,Randomized,0.0
1655,5.0,Randomized,0.0
1656,0.0,Naive,1.0
1657,0.025,Randomized,1.0
1658,0.05,Randomized,1.0
1659,0.1,Randomized,1.0
1660,0.25,Randomized,1.0
1661,0.5,Randomized,1.0
1662,1.0,Randomized,0.02145922746781116
1663,5.0,Randomized,0.4619655746807329
1664,0.0,Naive,1.0
1665,0.025,Randomized,1.0
1666,0.05,Randomized,1.0
1667,0.1,Randomized,1.0
1668,0.25,Randomized,0.0
1669,0.5,Randomized,0.0
1670,1.0,Randomized,0.2191780821917808
1671,5.0,Randomized,-0.017306652244456464
1672,0.0,Naive,1.0
1673,0.025,Randomized,1.0
1674,0.05,Randomized,1.0
1675,0.1,Randomized,0.0
1676,0.25,Randomized,1.0
1677,0.5,Randomized,0.0
1678,1.0,Randomized,0.0
1679,5.0,Randomized,-0.019313304721030045
1680,0.0,Naive,0.0
1681,0.025,Randomized,0.0
1682,0.05,Randomized,0.0
1683,0.1,Randomized,0.0
1684,0.25,Randomized,0.7995558023320377
1685,0.5,Randomized,0.02145922746781116
1686,1.0,Randomized,0.006535947712418301
1687,5.0,Randomized,0.006535947712418301
1688,0.0,Naive,1.0
1689,0.025,Randomized,1.0
1690,0.05,Randomized,1.0
1691,0.1,Randomized,1.0
1692,0.25,Randomized,1.0
1693,0.5,Randomized,0.3303964757709251
1694,1.0,Randomized,-0.034858387799564274
1695,5.0,Randomized,-0.019313304721030045
1696,0.0,Naive,1.0
1697,0.025,Randomized,1.0
1698,0.05,Randomized,1.0
1699,0.1,Randomized,1.0
1700,0.25,Randomized,1.0
1701,0.5,Randomized,0.0
1702,1.0,Randomized,0.0
1703,5.0,Randomized,0.02145922746781116
1704,0.0,Naive,1.0
1705,0.025,Randomized,1.0
1706,0.05,Randomized,1.0
1707,0.1,Randomized,1.0
1708,0.25,Randomized,0.7995558023320377
1709,0.5,Randomized,0.6208425720620843
1710,1.0,Randomized,-0.013333333333333334
1711,5.0,Randomized,-0.04441976679622432
1712,0.0,Naive,1.0
1713,0.025,Randomized,1.0
1714,0.05,Randomized,1.0
1715,0.1,Randomized,1.0
1716,0.25,Randomized,1.0
1717,0.5,Randomized,0.06489994591671173
1718,1.0,Randomized,0.4619655746807329
1719,5.0,Randomized,-0.046255506607929514
1720,0.0,Naive,1.0
1721,0.025,Randomized,1.0
1722,0.05,Randomized,1.0
1723,0.1,Randomized,1.0
1724,0.25,Randomized,1.0
1725,0.5,Randomized,0.7995558023320377
1726,1.0,Randomized,-0.013333333333333334
1727,5.0,Randomized,-0.030684931506849315
1728,0.0,Naive,1.0
1729,0.025,Randomized,1.0
1730,0.05,Randomized,1.0
1731,0.1,Randomized,1.0
1732,0.25,Randomized,0.6208425720620843
1733,0.5,Randomized,0.7995558023320377
1734,1.0,Randomized,0.3259423503325942
1735,5.0,Randomized,-0.03980099502487562
1736,0.0,Naive,1.0
1737,0.025,Randomized,1.0
1738,0.05,Randomized,0.0
1739,0.1,Randomized,0.0
1740,0.25,Randomized,0.02145922746781116
1741,0.5,Randomized,0.3303964757709251
1742,1.0,Randomized,-0.030684931506849315
1743,5.0,Randomized,-0.017306652244456464
1744,0.0,Naive,1.0
1745,0.025,Randomized,1.0
1746,0.05,Randomized,1.0
1747,0.1,Randomized,1.0
1748,0.25,Randomized,0.0
1749,0.5,Randomized,0.0
1750,1.0,Randomized,0.02145922746781116
1751,5.0,Randomized,0.02145922746781116
1752,0.0,Naive,0.0
1753,0.025,Randomized,0.0
1754,0.05,Randomized,0.7995558023320377
1755,0.1,Randomized,0.0
1756,0.25,Randomized,0.0
1757,0.5,Randomized,0.0
1758,1.0,Randomized,0.06489994591671173
1759,5.0,Randomized,-0.017306652244456464
1760,0.0,Naive,1.0
1761,0.025,Randomized,1.0
1762,0.05,Randomized,1.0
1763,0.1,Randomized,1.0
1764,0.25,Randomized,1.0
1765,0.5,Randomized,0.02145922746781116
1766,1.0,Randomized,0.06489994591671173
1767,5.0,Randomized,-0.03980099502487562
1768,0.0,Naive,1.0
1769,0.025,Randomized,1.0
1770,0.05,Randomized,1.0
1771,0.1,Randomized,1.0
1772,0.25,Randomized,1.0
1773,0.5,Randomized,1.0
1774,1.0,Randomized,0.06489994591671173
1775,5.0,Randomized,-0.05321507760532151
1776,0.0,Naive,0.0
1777,0.025,Randomized,0.0
1778,0.05,Randomized,0.0
1779,0.1,Randomized,0.02145922746781116
1780,0.25,Randomized,0.02145922746781116
1781,0.5,Randomized,0.06489994591671173
1782,1.0,Randomized,0.02145922746781116
1783,5.0,Randomized,0.03997779011660189
1784,0.0,Naive,1.0
1785,0.025,Randomized,1.0
1786,0.05,Randomized,1.0
1787,0.1,Randomized,1.0
1788,0.25,Randomized,1.0
1789,0.5,Randomized,0.02145922746781116
1790,1.0,Randomized,0.0
1791,5.0,Randomized,0.0
1792,0.0,Naive,1.0
1793,0.025,Randomized,1.0
1794,0.05,Randomized,1.0
1795,0.1,Randomized,1.0
1796,0.25,Randomized,1.0
1797,0.5,Randomized,0.02145922746781116
1798,1.0,Randomized,0.11529933481152993
1799,5.0,Randomized,0.04422332780541736
1800,0.0,Naive,1.0
1801,0.025,Randomized,1.0
1802,0.05,Randomized,1.0
1803,0.1,Randomized,1.0
1804,0.25,Randomized,0.7995558023320377
1805,0.5,Randomized,0.7995558023320377
1806,1.0,Randomized,0.03997779011660189
1807,5.0,Randomized,0.1211453744493392
1808,0.0,Naive,1.0
1809,0.025,Randomized,1.0
1810,0.05,Randomized,1.0
1811,0.1,Randomized,1.0
1812,0.25,Randomized,1.0
1813,0.5,Randomized,0.2191780821917808
1814,1.0,Randomized,0.46434494195688225
1815,5.0,Randomized,0.0526027397260274
1816,0.0,Naive,1.0
1817,0.025,Randomized,1.0
1818,0.05,Randomized,1.0
1819,0.1,Randomized,1.0
1820,0.25,Randomized,0.0
1821,0.5,Randomized,0.0
1822,1.0,Randomized,0.02145922746781116
1823,5.0,Randomized,-0.030684931506849315
1824,0.0,Naive,1.0
1825,0.025,Randomized,1.0
1826,0.05,Randomized,1.0
1827,0.1,Randomized,1.0
1828,0.25,Randomized,1.0
1829,0.5,Randomized,0.0
1830,1.0,Randomized,0.0
1831,5.0,Randomized,0.0
1832,0.0,Naive,1.0
1833,0.025,Randomized,1.0
1834,0.05,Randomized,1.0
1835,0.1,Randomized,1.0
1836,0.25,Randomized,1.0
1837,0.5,Randomized,1.0
1838,1.0,Randomized,0.0
1839,5.0,Randomized,-0.013333333333333334
1840,0.0,Naive,1.0
1841,0.025,Randomized,1.0
1842,0.05,Randomized,1.0
1843,0.1,Randomized,1.0
1844,0.25,Randomized,1.0
1845,0.5,Randomized,0.3303964757709251
1846,1.0,Randomized,0.06489994591671173
1847,5.0,Randomized,0.06489994591671173
1848,0.0,Naive,0.02145922746781116
1849,0.025,Randomized,0.0
1850,0.05,Randomized,0.02145922746781116
1851,0.1,Randomized,0.02145922746781116
1852,0.25,Randomized,0.02145922746781116
1853,0.5,Randomized,0.0
1854,1.0,Randomized,0.02145922746781116
1855,5.0,Randomized,-0.019313304721030045
1856,0.0,Naive,1.0
1857,0.025,Randomized,1.0
1858,0.05,Randomized,1.0
1859,0.1,Randomized,1.0
1860,0.25,Randomized,1.0
1861,0.5,Randomized,0.0
1862,1.0,Randomized,0.0
1863,5.0,Randomized,0.0
1864,0.0,Naive,1.0
1865,0.025,Randomized,1.0
1866,0.05,Randomized,1.0
1867,0.1,Randomized,1.0
1868,0.25,Randomized,1.0
1869,0.5,Randomized,0.0
1870,1.0,Randomized,0.11529933481152993
1871,5.0,Randomized,-0.013333333333333334
1872,0.0,Naive,1.0
1873,0.025,Randomized,1.0
1874,0.05,Randomized,1.0
1875,0.1,Randomized,1.0
1876,0.25,Randomized,0.0
1877,0.5,Randomized,0.0
1878,1.0,Randomized,0.0
1879,5.0,Randomized,0.0
1880,0.0,Naive,1.0
1881,0.025,Randomized,0.0
1882,0.05,Randomized,0.0
1883,0.1,Randomized,0.0
1884,0.25,Randomized,0.6208425720620843
1885,0.5,Randomized,0.0
1886,1.0,Randomized,0.02145922746781116
1887,5.0,Randomized,-0.017306652244456464
1888,0.0,Naive,1.0
1889,0.025,Randomized,1.0
1890,0.05,Randomized,1.0
1891,0.1,Randomized,1.0
1892,0.25,Randomized,1.0
1893,0.5,Randomized,0.7995558023320377
1894,1.0,Randomized,0.13071895424836602
1895,5.0,Randomized,-0.019313304721030045
1896,0.0,Naive,1.0
1897,0.025,Randomized,1.0
1898,0.05,Randomized,1.0
1899,0.1,Randomized,1.0
1900,0.25,Randomized,0.2191780821917808
1901,0.5,Randomized,0.03997779011660189
1902,1.0,Randomized,0.13071895424836602
1903,5.0,Randomized,0.0
1904,0.0,Naive,1.0
1905,0.025,Randomized,1.0
1906,0.05,Randomized,1.0
1907,0.1,Randomized,1.0
1908,0.25,Randomized,1.0
1909,0.5,Randomized,0.3259423503325942
1910,1.0,Randomized,0.06489994591671173
1911,5.0,Randomized,-0.030684931506849315
1912,0.0,Naive,1.0
1913,0.025,Randomized,1.0
1914,0.05,Randomized,1.0
1915,0.1,Randomized,1.0
1916,0.25,Randomized,1.0
1917,0.5,Randomized,0.0
1918,1.0,Randomized,0.0
1919,5.0,Randomized,0.1211453744493392
1920,0.0,Naive,1.0
1921,0.025,Randomized,1.0
1922,0.05,Randomized,1.0
1923,0.1,Randomized,1.0
1924,0.25,Randomized,1.0
1925,0.5,Randomized,0.0
1926,1.0,Randomized,0.0
1927,5.0,Randomized,0.0
1928,0.0,Naive,1.0
1929,0.025,Randomized,1.0
1930,0.05,Randomized,1.0
1931,0.1,Randomized,1.0
1932,0.25,Randomized,1.0
1933,0.5,Randomized,0.0
1934,1.0,Randomized,0.0
1935,5.0,Randomized,0.0
1936,0.0,Naive,0.7995558023320377
1937,0.025,Randomized,0.7995558023320377
1938,0.05,Randomized,0.7995558023320377
1939,0.1,Randomized,0.0
1940,0.25,Randomized,0.0
1941,0.5,Randomized,0.02145922746781116
1942,1.0,Randomized,0.0
1943,5.0,Randomized,0.02145922746781116
1944,0.0,Naive,1.0
1945,0.025,Randomized,1.0
1946,0.05,Randomized,1.0
1947,0.1,Randomized,1.0
1948,0.25,Randomized,1.0
1949,0.5,Randomized,0.0
1950,1.0,Randomized,0.0
1951,5.0,Randomized,0.0
1952,0.0,Naive,1.0
1953,0.025,Randomized,1.0
1954,0.05,Randomized,1.0
1955,0.1,Randomized,1.0
1956,0.25,Randomized,0.06489994591671173
1957,0.5,Randomized,-0.034858387799564274
1958,1.0,Randomized,-0.011086474501108648
1959,5.0,Randomized,0.21227197346600332
1960,0.0,Naive,1.0
1961,0.025,Randomized,1.0
1962,0.05,Randomized,1.0
1963,0.1,Randomized,1.0
1964,0.25,Randomized,1.0
1965,0.5,Randomized,0.0
1966,1.0,Randomized,0.3303964757709251
1967,5.0,Randomized,0.21227197346600332
1968,0.0,Naive,1.0
1969,0.025,Randomized,1.0
1970,0.05,Randomized,1.0
1971,0.1,Randomized,1.0
1972,0.25,Randomized,1.0
1973,0.5,Randomized,0.02145922746781116
1974,1.0,Randomized,0.02145922746781116
1975,5.0,Randomized,0.02145922746781116
1976,0.0,Naive,0.0
1977,0.025,Randomized,0.0
1978,0.05,Randomized,0.0
1979,0.1,Randomized,1.0
1980,0.25,Randomized,1.0
1981,0.5,Randomized,1.0
1982,1.0,Randomized,0.06489994591671173
1983,5.0,Randomized,-0.030684931506849315
1984,0.0,Naive,1.0
1985,0.025,Randomized,1.0
1986,0.05,Randomized,1.0
1987,0.1,Randomized,1.0
1988,0.25,Randomized,1.0
1989,0.5,Randomized,0.3303964757709251
1990,1.0,Randomized,0.0
1991,5.0,Randomized,0.006535947712418301
1992,0.0,Naive,1.0
1993,0.025,Randomized,1.0
1994,0.05,Randomized,1.0
1995,0.1,Randomized,1.0
1996,0.25,Randomized,1.0
1997,0.5,Randomized,0.0
1998,1.0,Randomized,0.0
1999,5.0,Randomized,0.0
2000,0.0,Naive,1.0
2001,0.025,Randomized,1.0
2002,0.05,Randomized,1.0
2003,0.1,Randomized,0.7995558023320377
2004,0.25,Randomized,0.13071895424836602
2005,0.5,Randomized,0.06489994591671173
2006,1.0,Randomized,0.06489994591671173
2007,5.0,Randomized,-0.03980099502487562
2008,0.0,Naive,1.0
2009,0.025,Randomized,1.0
2010,0.05,Randomized,1.0
2011,0.1,Randomized,1.0
2012,0.25,Randomized,1.0
2013,0.5,Randomized,0.02145922746781116
2014,1.0,Randomized,-0.004405286343612335
2015,5.0,Randomized,-0.03980099502487562
2016,0.0,Naive,1.0
2017,0.025,Randomized,1.0
2018,0.05,Randomized,1.0
2019,0.1,Randomized,1.0
2020,0.25,Randomized,0.02145922746781116
2021,0.5,Randomized,-0.004405286343612335
2022,1.0,Randomized,0.02145922746781116
2023,5.0,Randomized,0.11529933481152993
2024,0.0,Naive,1.0
2025,0.025,Randomized,1.0
2026,0.05,Randomized,1.0
2027,0.1,Randomized,1.0
2028,0.25,Randomized,0.13071895424836602
2029,0.5,Randomized,0.0
2030,1.0,Randomized,0.06489994591671173
2031,5.0,Randomized,-0.030684931506849315
2032,0.0,Naive,0.0
2033,0.025,Randomized,0.0
2034,0.05,Randomized,0.0
2035,0.1,Randomized,0.0
2036,0.25,Randomized,0.0
2037,0.5,Randomized,0.04422332780541736
2038,1.0,Randomized,-0.017306652244456464
2039,5.0,Randomized,0.03997779011660189
2040,0.0,Naive,1.0
2041,0.025,Randomized,1.0
2042,0.05,Randomized,1.0
2043,0.1,Randomized,1.0
2044,0.25,Randomized,0.3303964757709251
2045,0.5,Randomized,0.02145922746781116
2046,1.0,Randomized,0.0
2047,5.0,Randomized,0.02145922746781116
2048,0.0,Naive,1.0
2049,0.025,Randomized,1.0
2050,0.05,Randomized,1.0
2051,0.1,Randomized,1.0
2052,0.25,Randomized,0.3303964757709251
2053,0.5,Randomized,0.0
2054,1.0,Randomized,-0.046255506607929514
2055,5.0,Randomized,-0.04441976679622432
2056,0.0,Naive,1.0
2057,0.025,Randomized,1.0
2058,0.05,Randomized,1.0
2059,0.1,Randomized,1.0
2060,0.25,Randomized,1.0
2061,0.5,Randomized,0.0
2062,1.0,Randomized,0.06489994591671173
2063,5.0,Randomized,-0.013333333333333334
2064,0.0,Naive,1.0
2065,0.025,Randomized,1.0
2066,0.05,Randomized,1.0
2067,0.1,Randomized,1.0
2068,0.25,Randomized,0.7995558023320377
2069,0.5,Randomized,0.2087729039422543
2070,1.0,Randomized,0.03997779011660189
2071,5.0,Randomized,0.21227197346600332
2072,0.0,Naive,0.6208425720620843
2073,0.025,Randomized,0.6208425720620843
2074,0.05,Randomized,0.6208425720620843
2075,0.1,Randomized,1.0
2076,0.25,Randomized,0.6208425720620843
2077,0.5,Randomized,0.6208425720620843
2078,1.0,Randomized,0.02145922746781116
2079,5.0,Randomized,-0.034858387799564274
2080,0.0,Naive,1.0
2081,0.025,Randomized,1.0
2082,0.05,Randomized,1.0
2083,0.1,Randomized,1.0
2084,0.25,Randomized,1.0
2085,0.5,Randomized,0.0
2086,1.0,Randomized,0.0
2087,5.0,Randomized,0.0
2088,0.0,Naive,1.0
2089,0.025,Randomized,1.0
2090,0.05,Randomized,1.0
2091,0.1,Randomized,1.0
2092,0.25,Randomized,0.0
2093,0.5,Randomized,0.0
2094,1.0,Randomized,0.0
2095,5.0,Randomized,-0.04441976679622432
2096,0.0,Naive,1.0
2097,0.025,Randomized,1.0
2098,0.05,Randomized,1.0
2099,0.1,Randomized,1.0
2100,0.25,Randomized,1.0
2101,0.5,Randomized,1.0
2102,1.0,Randomized,0.06489994591671173
2103,5.0,Randomized,0.11333333333333333
2104,0.0,Naive,0.7995558023320377
2105,0.025,Randomized,0.7995558023320377
2106,0.05,Randomized,0.7995558023320377
2107,0.1,Randomized,0.7995558023320377
2108,0.25,Randomized,0.6208425720620843
2109,0.5,Randomized,0.0
2110,1.0,Randomized,0.0
2111,5.0,Randomized,0.0
2112,0.0,Naive,1.0
2113,0.025,Randomized,1.0
2114,0.05,Randomized,1.0
2115,0.1,Randomized,1.0
2116,0.25,Randomized,0.02145922746781116
2117,0.5,Randomized,0.13071895424836602
2118,1.0,Randomized,0.02145922746781116
2119,5.0,Randomized,0.0526027397260274
2120,0.0,Naive,1.0
2121,0.025,Randomized,1.0
2122,0.05,Randomized,1.0
2123,0.1,Randomized,1.0
2124,0.25,Randomized,0.0
2125,0.5,Randomized,0.0
2126,1.0,Randomized,0.0
2127,5.0,Randomized,0.0
2128,0.0,Naive,1.0
2129,0.025,Randomized,1.0
2130,0.05,Randomized,1.0
2131,0.1,Randomized,1.0
2132,0.25,Randomized,0.0
2133,0.5,Randomized,0.0
2134,1.0,Randomized,0.0
2135,5.0,Randomized,0.0
2136,0.0,Naive,1.0
2137,0.025,Randomized,1.0
2138,0.05,Randomized,1.0
2139,0.1,Randomized,1.0
2140,0.25,Randomized,1.0
2141,0.5,Randomized,0.0
2142,1.0,Randomized,0.0
2143,5.0,Randomized,0.02145922746781116
2144,0.0,Naive,1.0
2145,0.025,Randomized,1.0
2146,0.05,Randomized,1.0
2147,0.1,Randomized,0.0
2148,0.25,Randomized,0.02145922746781116
2149,0.5,Randomized,0.06489994591671173
2150,1.0,Randomized,-0.017306652244456464
2151,5.0,Randomized,0.02145922746781116
2152,0.0,Naive,0.0
2153,0.025,Randomized,1.0
2154,0.05,Randomized,1.0
2155,0.1,Randomized,0.7995558023320377
2156,0.25,Randomized,0.0
2157,0.5,Randomized,0.0
2158,1.0,Randomized,0.02145922746781116
2159,5.0,Randomized,0.13071895424836602
2160,0.0,Naive,1.0
2161,0.025,Randomized,1.0
2162,0.05,Randomized,1.0
2163,0.1,Randomized,1.0
2164,0.25,Randomized,1.0
2165,0.5,Randomized,0.0
2166,1.0,Randomized,0.0
2167,5.0,Randomized,-0.011086474501108648
2168,0.0,Naive,1.0
2169,0.025,Randomized,1.0
2170,0.05,Randomized,1.0
2171,0.1,Randomized,1.0
2172,0.25,Randomized,0.06489994591671173
2173,0.5,Randomized,0.0
2174,1.0,Randomized,0.0
2175,5.0,Randomized,-0.030684931506849315
2176,0.0,Naive,1.0
2177,0.025,Randomized,1.0
2178,0.05,Randomized,1.0
2179,0.1,Randomized,1.0
2180,0.25,Randomized,0.7995558023320377
2181,0.5,Randomized,1.0
2182,1.0,Randomized,0.2191780821917808
2183,5.0,Randomized,-0.017306652244456464
2184,0.0,Naive,1.0
2185,0.025,Randomized,1.0
2186,0.05,Randomized,1.0
2187,0.1,Randomized,1.0
2188,0.25,Randomized,1.0
2189,0.5,Randomized,0.0
2190,1.0,Randomized,0.0
2191,5.0,Randomized,0.02145922746781116
2192,0.0,Naive,1.0
2193,0.025,Randomized,1.0
2194,0.05,Randomized,1.0
2195,0.1,Randomized,1.0
2196,0.25,Randomized,0.0
2197,0.5,Randomized,0.0
2198,1.0,Randomized,0.0
2199,5.0,Randomized,0.0
2200,0.0,Naive,1.0
2201,0.025,Randomized,1.0
2202,0.05,Randomized,1.0
2203,0.1,Randomized,1.0
2204,0.25,Randomized,1.0
2205,0.5,Randomized,0.0
2206,1.0,Randomized,0.2191780821917808
2207,5.0,Randomized,-0.030684931506849315
2208,0.0,Naive,1.0
2209,0.025,Randomized,1.0
2210,0.05,Randomized,1.0
2211,0.1,Randomized,1.0
2212,0.25,Randomized,1.0
2213,0.5,Randomized,0.3303964757709251
2214,1.0,Randomized,0.02145922746781116
2215,5.0,Randomized,-0.004405286343612335
2216,0.0,Naive,1.0
2217,0.025,Randomized,1.0
2218,0.05,Randomized,1.0
2219,0.1,Randomized,1.0
2220,0.25,Randomized,0.0
2221,0.5,Randomized,-0.046255506607929514
2222,1.0,Randomized,0.06489994591671173
2223,5.0,Randomized,-0.013333333333333334
2224,0.0,Naive,1.0
2225,0.025,Randomized,1.0
2226,0.05,Randomized,1.0
2227,0.1,Randomized,1.0
2228,0.25,Randomized,1.0
2229,0.5,Randomized,0.06489994591671173
2230,1.0,Randomized,0.13071895424836602
2231,5.0,Randomized,-0.011086474501108648
2232,0.0,Naive,1.0
2233,0.025,Randomized,1.0
2234,0.05,Randomized,1.0
2235,0.1,Randomized,1.0
2236,0.25,Randomized,0.6208425720620843
2237,0.5,Randomized,0.2191780821917808
2238,1.0,Randomized,0.2191780821917808
2239,5.0,Randomized,-0.034858387799564274
2240,0.0,Naive,0.0
2241,0.025,Randomized,1.0
2242,0.05,Randomized,0.7995558023320377
2243,0.1,Randomized,0.7995558023320377
2244,0.25,Randomized,0.7995558023320377
2245,0.5,Randomized,0.06489994591671173
2246,1.0,Randomized,0.4619655746807329
2247,5.0,Randomized,-0.046255506607929514
2248,0.0,Naive,1.0
2249,0.025,Randomized,1.0
2250,0.05,Randomized,1.0
2251,0.1,Randomized,1.0
2252,0.25,Randomized,1.0
2253,0.5,Randomized,0.0
2254,1.0,Randomized,0.0
2255,5.0,Randomized,0.0
2256,0.0,Naive,1.0
2257,0.025,Randomized,1.0
2258,0.05,Randomized,1.0
2259,0.1,Randomized,1.0
2260,0.25,Randomized,1.0
2261,0.5,Randomized,0.46434494195688225
2262,1.0,Randomized,0.02145922746781116
2263,5.0,Randomized,0.02145922746781116
2264,0.0,Naive,1.0
2265,0.025,Randomized,1.0
2266,0.05,Randomized,1.0
2267,0.1,Randomized,0.0
2268,0.25,Randomized,0.0
2269,0.5,Randomized,0.2191780821917808
2270,1.0,Randomized,0.0
2271,5.0,Randomized,-0.030684931506849315
2272,0.0,Naive,1.0
2273,0.025,Randomized,1.0
2274,0.05,Randomized,1.0
2275,0.1,Randomized,1.0
2276,0.25,Randomized,1.0
2277,0.5,Randomized,0.06489994591671173
2278,1.0,Randomized,0.13071895424836602
2279,5.0,Randomized,0.3259423503325942
2280,0.0,Naive,1.0
2281,0.025,Randomized,1.0
2282,0.05,Randomized,1.0
2283,0.1,Randomized,1.0
2284,0.25,Randomized,1.0
2285,0.5,Randomized,0.0
2286,1.0,Randomized,0.0
2287,5.0,Randomized,0.0
2288,0.0,Naive,1.0
2289,0.025,Randomized,1.0
2290,0.05,Randomized,0.0
2291,0.1,Randomized,0.0
2292,0.25,Randomized,1.0
2293,0.5,Randomized,0.0
2294,1.0,Randomized,0.0
2295,5.0,Randomized,0.0
2296,0.0,Naive,1.0
2297,0.025,Randomized,1.0
2298,0.05,Randomized,1.0
2299,0.1,Randomized,1.0
2300,0.25,Randomized,0.7995558023320377
2301,0.5,Randomized,0.2191780821917808
2302,1.0,Randomized,0.0526027397260274
2303,5.0,Randomized,-0.034858387799564274
2304,0.0,Naive,1.0
2305,0.025,Randomized,1.0
2306,0.05,Randomized,1.0
2307,0.1,Randomized,1.0
2308,0.25,Randomized,1.0
2309,0.5,Randomized,0.0
2310,1.0,Randomized,0.0
2311,5.0,Randomized,0.0
2312,0.0,Naive,1.0
2313,0.025,Randomized,1.0
2314,0.05,Randomized,1.0
2315,0.1,Randomized,1.0
2316,0.25,Randomized,0.0
2317,0.5,Randomized,0.02145922746781116
2318,1.0,Randomized,0.02145922746781116
2319,5.0,Randomized,-0.017306652244456464
2320,0.0,Naive,1.0
2321,0.025,Randomized,1.0
2322,0.05,Randomized,1.0
2323,0.1,Randomized,1.0
2324,0.25,Randomized,1.0
2325,0.5,Randomized,0.0
2326,1.0,Randomized,0.02145922746781116
2327,5.0,Randomized,0.02145922746781116
2328,0.0,Naive,1.0
2329,0.025,Randomized,1.0
2330,0.05,Randomized,1.0
2331,0.1,Randomized,0.0
2332,0.25,Randomized,1.0
2333,0.5,Randomized,0.0
2334,1.0,Randomized,0.06489994591671173
2335,5.0,Randomized,0.02145922746781116
2336,0.0,Naive,1.0
2337,0.025,Randomized,1.0
2338,0.05,Randomized,1.0
2339,0.1,Randomized,1.0
2340,0.25,Randomized,0.02145922746781116
2341,0.5,Randomized,0.6208425720620843
2342,1.0,Randomized,0.13071895424836602
2343,5.0,Randomized,-0.013333333333333334
2344,0.0,Naive,1.0
2345,0.025,Randomized,1.0
2346,0.05,Randomized,1.0
2347,0.1,Randomized,1.0
2348,0.25,Randomized,1.0
2349,0.5,Randomized,0.02145922746781116
2350,1.0,Randomized,0.21227197346600332
2351,5.0,Randomized,-0.04441976679622432
2352,0.0,Naive,1.0
2353,0.025,Randomized,1.0
2354,0.05,Randomized,1.0
2355,0.1,Randomized,1.0
2356,0.25,Randomized,1.0
2357,0.5,Randomized,0.0
2358,1.0,Randomized,0.0
2359,5.0,Randomized,0.0
2360,0.0,Naive,1.0
2361,0.025,Randomized,1.0
2362,0.05,Randomized,1.0
2363,0.1,Randomized,1.0
2364,0.25,Randomized,1.0
2365,0.5,Randomized,0.02145922746781116
2366,1.0,Randomized,0.1211453744493392
2367,5.0,Randomized,-0.019313304721030045
2368,0.0,Naive,1.0
2369,0.025,Randomized,1.0
2370,0.05,Randomized,1.0
2371,0.1,Randomized,1.0
2372,0.25,Randomized,0.0
2373,0.5,Randomized,1.0
2374,1.0,Randomized,0.0
2375,5.0,Randomized,-0.034858387799564274
2376,0.0,Naive,1.0
2377,0.025,Randomized,1.0
2378,0.05,Randomized,1.0
2379,0.1,Randomized,1.0
2380,0.25,Randomized,0.0
2381,0.5,Randomized,0.0
2382,1.0,Randomized,0.0
2383,5.0,Randomized,0.006535947712418301
2384,0.0,Naive,1.0
2385,0.025,Randomized,1.0
2386,0.05,Randomized,1.0
2387,0.1,Randomized,1.0
2388,0.25,Randomized,1.0
2389,0.5,Randomized,-0.017306652244456464
2390,1.0,Randomized,0.0
2391,5.0,Randomized,0.0
2392,0.0,Naive,1.0
2393,0.025,Randomized,1.0
2394,0.05,Randomized,1.0
2395,0.1,Randomized,1.0
2396,0.25,Randomized,1.0
2397,0.5,Randomized,0.2191780821917808
2398,1.0,Randomized,0.0
2399,5.0,Randomized,-0.017306652244456464
2400,0.0,Naive,1.0
2401,0.025,Randomized,1.0
2402,0.05,Randomized,1.0
2403,0.1,Randomized,1.0
2404,0.25,Randomized,0.0
2405,0.5,Randomized,0.0
2406,1.0,Randomized,0.02145922746781116
2407,5.0,Randomized,0.02145922746781116
2408,0.0,Naive,1.0
2409,0.025,Randomized,1.0
2410,0.05,Randomized,1.0
2411,0.1,Randomized,1.0
2412,0.25,Randomized,0.7995558023320377
2413,0.5,Randomized,0.13071895424836602
2414,1.0,Randomized,0.2191780821917808
2415,5.0,Randomized,0.0526027397260274
2416,0.0,Naive,1.0
2417,0.025,Randomized,1.0
2418,0.05,Randomized,1.0
2419,0.1,Randomized,1.0
2420,0.25,Randomized,0.13071895424836602
2421,0.5,Randomized,0.06489994591671173
2422,1.0,Randomized,0.02145922746781116
2423,5.0,Randomized,-0.017306652244456464
2424,0.0,Naive,1.0
2425,0.025,Randomized,1.0
2426,0.05,Randomized,1.0
2427,0.1,Randomized,1.0
2428,0.25,Randomized,0.46434494195688225
2429,0.5,Randomized,0.0
2430,1.0,Randomized,0.0
2431,5.0,Randomized,-0.019313304721030045
2432,0.0,Naive,1.0
2433,0.025,Randomized,1.0
2434,0.05,Randomized,1.0
2435,0.1,Randomized,1.0
2436,0.25,Randomized,0.02145922746781116
2437,0.5,Randomized,0.13071895424836602
2438,1.0,Randomized,-0.05321507760532151
2439,5.0,Randomized,-0.03980099502487562
2440,0.0,Naive,1.0
2441,0.025,Randomized,1.0
2442,0.05,Randomized,1.0
2443,0.1,Randomized,1.0
2444,0.25,Randomized,0.0
2445,0.5,Randomized,0.0
2446,1.0,Randomized,0.0
2447,5.0,Randomized,-0.019313304721030045
2448,0.0,Naive,1.0
2449,0.025,Randomized,1.0
2450,0.05,Randomized,1.0
2451,0.1,Randomized,1.0
2452,0.25,Randomized,1.0
2453,0.5,Randomized,0.0
2454,1.0,Randomized,0.0
2455,5.0,Randomized,0.21227197346600332
2456,0.0,Naive,1.0
2457,0.025,Randomized,1.0
2458,0.05,Randomized,1.0
2459,0.1,Randomized,1.0
2460,0.25,Randomized,1.0
2461,0.5,Randomized,0.0
2462,1.0,Randomized,0.0
2463,5.0,Randomized,-0.034858387799564274
2464,0.0,Naive,1.0
2465,0.025,Randomized,1.0
2466,0.05,Randomized,1.0
2467,0.1,Randomized,0.0
2468,0.25,Randomized,1.0
2469,0.5,Randomized,0.0
2470,1.0,Randomized,0.0
2471,5.0,Randomized,0.0
2472,0.0,Naive,0.7995558023320377
2473,0.025,Randomized,0.7995558023320377
2474,0.05,Randomized,0.7995558023320377
2475,0.1,Randomized,1.0
2476,0.25,Randomized,1.0
2477,0.5,Randomized,0.7995558023320377
2478,1.0,Randomized,0.06489994591671173
2479,5.0,Randomized,0.13071895424836602
2480,0.0,Naive,1.0
2481,0.025,Randomized,1.0
2482,0.05,Randomized,1.0
2483,0.1,Randomized,1.0
2484,0.25,Randomized,1.0
2485,0.5,Randomized,0.02145922746781116
2486,1.0,Randomized,0.13071895424836602
2487,5.0,Randomized,0.0526027397260274
2488,0.0,Naive,1.0
2489,0.025,Randomized,1.0
2490,0.05,Randomized,1.0
2491,0.1,Randomized,1.0
2492,0.25,Randomized,1.0
2493,0.5,Randomized,0.0
2494,1.0,Randomized,0.006535947712418301
2495,5.0,Randomized,-0.046255506607929514
2496,0.0,Naive,1.0
2497,0.025,Randomized,1.0
2498,0.05,Randomized,1.0
2499,0.1,Randomized,1.0
2500,0.25,Randomized,1.0
2501,0.5,Randomized,1.0
2502,1.0,Randomized,0.06489994591671173
2503,5.0,Randomized,-0.017306652244456464
2504,0.0,Naive,1.0
2505,0.025,Randomized,1.0
2506,0.05,Randomized,1.0
2507,0.1,Randomized,1.0
2508,0.25,Randomized,0.7995558023320377
2509,0.5,Randomized,1.0
2510,1.0,Randomized,0.46434494195688225
2511,5.0,Randomized,-0.04441976679622432
2512,0.0,Naive,1.0
2513,0.025,Randomized,1.0
2514,0.05,Randomized,1.0
2515,0.1,Randomized,1.0
2516,0.25,Randomized,1.0
2517,0.5,Randomized,0.0
2518,1.0,Randomized,0.0
2519,5.0,Randomized,-0.019313304721030045
2520,0.0,Naive,1.0
2521,0.025,Randomized,1.0
2522,0.05,Randomized,1.0
2523,0.1,Randomized,1.0
2524,0.25,Randomized,1.0
2525,0.5,Randomized,0.13071895424836602
2526,1.0,Randomized,0.06489994591671173
2527,5.0,Randomized,0.03997779011660189
2528,0.0,Naive,0.7995558023320377
2529,0.025,Randomized,0.7995558023320377
2530,0.05,Randomized,0.7995558023320377
2531,0.1,Randomized,0.7995558023320377
2532,0.25,Randomized,1.0
2533,0.5,Randomized,0.2191780821917808
2534,1.0,Randomized,-0.034858387799564274
2535,5.0,Randomized,0.006535947712418301
2536,0.0,Naive,1.0
2537,0.025,Randomized,1.0
2538,0.05,Randomized,1.0
2539,0.1,Randomized,1.0
2540,0.25,Randomized,1.0
2541,0.5,Randomized,-0.013333333333333334
2542,1.0,Randomized,0.2191780821917808
2543,5.0,Randomized,0.0526027397260274
2544,0.0,Naive,1.0
2545,0.025,Randomized,1.0
2546,0.05,Randomized,1.0
2547,0.1,Randomized,0.7995558023320377
2548,0.25,Randomized,0.0
2549,0.5,Randomized,0.02145922746781116
2550,1.0,Randomized,0.02145922746781116
2551,5.0,Randomized,-0.017306652244456464
2552,0.0,Naive,1.0
2553,0.025,Randomized,0.0
2554,0.05,Randomized,0.0
2555,0.1,Randomized,0.0
2556,0.25,Randomized,0.0
2557,0.5,Randomized,0.0
2558,1.0,Randomized,0.02145922746781116
2559,5.0,Randomized,0.0
2560,0.0,Naive,1.0
2561,0.025,Randomized,1.0
2562,0.05,Randomized,1.0
2563,0.1,Randomized,1.0
2564,0.25,Randomized,0.0
2565,0.5,Randomized,0.0
2566,1.0,Randomized,0.0
2567,5.0,Randomized,0.0
2568,0.0,Naive,1.0
2569,0.025,Randomized,1.0
2570,0.05,Randomized,1.0
2571,0.1,Randomized,1.0
2572,0.25,Randomized,0.0
2573,0.5,Randomized,0.02145922746781116
2574,1.0,Randomized,0.0
2575,5.0,Randomized,0.3259423503325942
2576,0.0,Naive,1.0
2577,0.025,Randomized,1.0
2578,0.05,Randomized,1.0
2579,0.1,Randomized,0.06489994591671173
2580,0.25,Randomized,0.02145922746781116
2581,0.5,Randomized,0.02145922746781116
2582,1.0,Randomized,-0.03980099502487562
2583,5.0,Randomized,-0.013333333333333334
2584,0.0,Naive,1.0
2585,0.025,Randomized,1.0
2586,0.05,Randomized,1.0
2587,0.1,Randomized,1.0
2588,0.25,Randomized,0.0
2589,0.5,Randomized,0.0
2590,1.0,Randomized,0.02145922746781116
2591,5.0,Randomized,-0.05321507760532151
2592,0.0,Naive,1.0
2593,0.025,Randomized,1.0
2594,0.05,Randomized,1.0
2595,0.1,Randomized,1.0
2596,0.25,Randomized,0.7995558023320377
2597,0.5,Randomized,-0.017306652244456464
2598,1.0,Randomized,0.13071895424836602
2599,5.0,Randomized,-0.017306652244456464
2600,0.0,Naive,1.0
2601,0.025,Randomized,1.0
2602,0.05,Randomized,1.0
2603,0.1,Randomized,1.0
2604,0.25,Randomized,0.7995558023320377
2605,0.5,Randomized,0.46434494195688225
2606,1.0,Randomized,-0.03980099502487562
2607,5.0,Randomized,-0.046255506607929514
2608,0.0,Naive,1.0
2609,0.025,Randomized,1.0
2610,0.05,Randomized,1.0
2611,0.1,Randomized,1.0
2612,0.25,Randomized,0.02145922746781116
2613,0.5,Randomized,0.0
2614,1.0,Randomized,0.006535947712418301
2615,5.0,Randomized,0.1211453744493392
2616,0.0,Naive,1.0
2617,0.025,Randomized,1.0
2618,0.05,Randomized,1.0
2619,0.1,Randomized,1.0
2620,0.25,Randomized,0.0
2621,0.5,Randomized,0.0
2622,1.0,Randomized,0.0
2623,5.0,Randomized,0.3259423503325942
2624,0.0,Naive,1.0
2625,0.025,Randomized,1.0
2626,0.05,Randomized,1.0
2627,0.1,Randomized,0.6208425720620843
2628,0.25,Randomized,0.02145922746781116
2629,0.5,Randomized,0.0
2630,1.0,Randomized,-0.034858387799564274
2631,5.0,Randomized,0.2087729039422543
2632,0.0,Naive,0.6208425720620843
2633,0.025,Randomized,0.6208425720620843
2634,0.05,Randomized,0.0
2635,0.1,Randomized,0.02145922746781116
2636,0.25,Randomized,0.7995558023320377
2637,0.5,Randomized,0.0
2638,1.0,Randomized,-0.046255506607929514
2639,5.0,Randomized,-0.046255506607929514
2640,0.0,Naive,1.0
2641,0.025,Randomized,1.0
2642,0.05,Randomized,1.0
2643,0.1,Randomized,1.0
2644,0.25,Randomized,1.0
2645,0.5,Randomized,0.0
2646,1.0,Randomized,0.0
2647,5.0,Randomized,-0.03980099502487562
2648,0.0,Naive,1.0
2649,0.025,Randomized,1.0
2650,0.05,Randomized,1.0
2651,0.1,Randomized,1.0
2652,0.25,Randomized,1.0
2653,0.5,Randomized,0.02145922746781116
2654,1.0,Randomized,0.02145922746781116
2655,5.0,Randomized,-0.019313304721030045
2656,0.0,Naive,1.0
2657,0.025,Randomized,1.0
2658,0.05,Randomized,1.0
2659,0.1,Randomized,1.0
2660,0.25,Randomized,1.0
2661,0.5,Randomized,-0.019313304721030045
2662,1.0,Randomized,0.4619655746807329
2663,5.0,Randomized,-0.05321507760532151
2664,0.0,Naive,1.0
2665,0.025,Randomized,1.0
2666,0.05,Randomized,0.0
2667,0.1,Randomized,0.0
2668,0.25,Randomized,0.0
2669,0.5,Randomized,0.0
2670,1.0,Randomized,0.0
2671,5.0,Randomized,0.0
2672,0.0,Naive,1.0
2673,0.025,Randomized,1.0
2674,0.05,Randomized,1.0
2675,0.1,Randomized,1.0
2676,0.25,Randomized,0.0
2677,0.5,Randomized,0.0
2678,1.0,Randomized,0.0
2679,5.0,Randomized,0.2191780821917808
2680,0.0,Naive,1.0
2681,0.025,Randomized,1.0
2682,0.05,Randomized,1.0
2683,0.1,Randomized,1.0
2684,0.25,Randomized,1.0
2685,0.5,Randomized,0.0
2686,1.0,Randomized,0.0
2687,5.0,Randomized,0.7995558023320377
2688,0.0,Naive,1.0
2689,0.025,Randomized,1.0
2690,0.05,Randomized,1.0
2691,0.1,Randomized,1.0
2692,0.25,Randomized,1.0
2693,0.5,Randomized,0.46434494195688225
2694,1.0,Randomized,-0.013333333333333334
2695,5.0,Randomized,0.11529933481152993
2696,0.0,Naive,1.0
2697,0.025,Randomized,1.0
2698,0.05,Randomized,1.0
2699,0.1,Randomized,0.7995558023320377
2700,0.25,Randomized,0.7995558023320377
2701,0.5,Randomized,1.0
2702,1.0,Randomized,0.13071895424836602
2703,5.0,Randomized,0.0526027397260274
2704,0.0,Naive,1.0
2705,0.025,Randomized,1.0
2706,0.05,Randomized,1.0
2707,0.1,Randomized,1.0
2708,0.25,Randomized,0.0
2709,0.5,Randomized,1.0
2710,1.0,Randomized,0.02145922746781116
2711,5.0,Randomized,-0.030684931506849315
2712,0.0,Naive,1.0
2713,0.025,Randomized,1.0
2714,0.05,Randomized,1.0
2715,0.1,Randomized,1.0
2716,0.25,Randomized,1.0
2717,0.5,Randomized,0.0
2718,1.0,Randomized,-0.046255506607929514
2719,5.0,Randomized,-0.011086474501108648
2720,0.0,Naive,1.0
2721,0.025,Randomized,1.0
2722,0.05,Randomized,1.0
2723,0.1,Randomized,1.0
2724,0.25,Randomized,1.0
2725,0.5,Randomized,0.0
2726,1.0,Randomized,0.7995558023320377
2727,5.0,Randomized,-0.011086474501108648
2728,0.0,Naive,1.0
2729,0.025,Randomized,1.0
2730,0.05,Randomized,1.0
2731,0.1,Randomized,1.0
2732,0.25,Randomized,0.0
2733,0.5,Randomized,1.0
2734,1.0,Randomized,0.0
2735,5.0,Randomized,-0.004405286343612335
2736,0.0,Naive,1.0
2737,0.025,Randomized,1.0
2738,0.05,Randomized,1.0
2739,0.1,Randomized,1.0
2740,0.25,Randomized,1.0
2741,0.5,Randomized,0.3244444444444444
2742,1.0,Randomized,0.2191780821917808
2743,5.0,Randomized,0.03997779011660189
2744,0.0,Naive,0.02145922746781116
2745,0.025,Randomized,0.02145922746781116
2746,0.05,Randomized,1.0
2747,0.1,Randomized,0.02145922746781116
2748,0.25,Randomized,0.0
2749,0.5,Randomized,0.0
2750,1.0,Randomized,0.0
2751,5.0,Randomized,-0.04441976679622432
2752,0.0,Naive,1.0
2753,0.025,Randomized,1.0
2754,0.05,Randomized,1.0
2755,0.1,Randomized,0.0
2756,0.25,Randomized,0.6208425720620843
2757,0.5,Randomized,0.13071895424836602
2758,1.0,Randomized,0.06489994591671173
2759,5.0,Randomized,-0.030684931506849315
2760,0.0,Naive,1.0
2761,0.025,Randomized,1.0
2762,0.05,Randomized,1.0
2763,0.1,Randomized,1.0
2764,0.25,Randomized,1.0
2765,0.5,Randomized,0.0
2766,1.0,Randomized,0.2191780821917808
2767,5.0,Randomized,0.0
2768,0.0,Naive,1.0
2769,0.025,Randomized,1.0
2770,0.05,Randomized,1.0
2771,0.1,Randomized,1.0
2772,0.25,Randomized,0.0
2773,0.5,Randomized,0.0
2774,1.0,Randomized,0.0
2775,5.0,Randomized,0.0
2776,0.0,Naive,1.0
2777,0.025,Randomized,1.0
2778,0.05,Randomized,1.0
2779,0.1,Randomized,1.0
2780,0.25,Randomized,1.0
2781,0.5,Randomized,0.0
2782,1.0,Randomized,0.02145922746781116
2783,5.0,Randomized,0.13071895424836602
2784,0.0,Naive,1.0
2785,0.025,Randomized,1.0
2786,0.05,Randomized,1.0
2787,0.1,Randomized,0.7995558023320377
2788,0.25,Randomized,0.6208425720620843
2789,0.5,Randomized,1.0
2790,1.0,Randomized,-0.017306652244456464
2791,5.0,Randomized,-0.004405286343612335
2792,0.0,Naive,1.0
2793,0.025,Randomized,1.0
2794,0.05,Randomized,1.0
2795,0.1,Randomized,1.0
2796,0.25,Randomized,1.0
2797,0.5,Randomized,0.0
2798,1.0,Randomized,0.0
2799,5.0,Randomized,0.0
2800,0.0,Naive,1.0
2801,0.025,Randomized,1.0
2802,0.05,Randomized,1.0
2803,0.1,Randomized,0.0
2804,0.25,Randomized,0.0
2805,0.5,Randomized,0.0
2806,1.0,Randomized,0.0
2807,5.0,Randomized,0.0
2808,0.0,Naive,1.0
2809,0.025,Randomized,1.0
2810,0.05,Randomized,1.0
2811,0.1,Randomized,1.0
2812,0.25,Randomized,1.0
2813,0.5,Randomized,0.6208425720620843
2814,1.0,Randomized,-0.019313304721030045
2815,5.0,Randomized,0.02145922746781116
2816,0.0,Naive,1.0
2817,0.025,Randomized,1.0
2818,0.05,Randomized,1.0
2819,0.1,Randomized,1.0
2820,0.25,Randomized,0.0
2821,0.5,Randomized,0.0
2822,1.0,Randomized,0.0
2823,5.0,Randomized,0.0
2824,0.0,Naive,1.0
2825,0.025,Randomized,1.0
2826,0.05,Randomized,1.0
2827,0.1,Randomized,1.0
2828,0.25,Randomized,1.0
2829,0.5,Randomized,0.6208425720620843
2830,1.0,Randomized,0.1211453744493392
2831,5.0,Randomized,-0.004405286343612335
2832,0.0,Naive,1.0
2833,0.025,Randomized,1.0
2834,0.05,Randomized,1.0
2835,0.1,Randomized,1.0
2836,0.25,Randomized,0.6208425720620843
2837,0.5,Randomized,0.02145922746781116
2838,1.0,Randomized,0.006535947712418301
2839,5.0,Randomized,0.006535947712418301
2840,0.0,Naive,1.0
2841,0.025,Randomized,1.0
2842,0.05,Randomized,1.0
2843,0.1,Randomized,1.0
2844,0.25,Randomized,1.0
2845,0.5,Randomized,0.0
2846,1.0,Randomized,0.0
2847,5.0,Randomized,0.02145922746781116
2848,0.0,Naive,1.0
2849,0.025,Randomized,1.0
2850,0.05,Randomized,1.0
2851,0.1,Randomized,1.0
2852,0.25,Randomized,0.0
2853,0.5,Randomized,0.02145922746781116
2854,1.0,Randomized,-0.019313304721030045
2855,5.0,Randomized,0.13071895424836602
2856,0.0,Naive,0.7995558023320377
2857,0.025,Randomized,0.7995558023320377
2858,0.05,Randomized,0.7995558023320377
2859,0.1,Randomized,0.0
2860,0.25,Randomized,0.0
2861,0.5,Randomized,0.0
2862,1.0,Randomized,0.06489994591671173
2863,5.0,Randomized,0.06489994591671173
2864,0.0,Naive,1.0
2865,0.025,Randomized,1.0
2866,0.05,Randomized,1.0
2867,0.1,Randomized,1.0
2868,0.25,Randomized,0.0
2869,0.5,Randomized,0.0
2870,1.0,Randomized,0.0
2871,5.0,Randomized,0.0
2872,0.0,Naive,1.0
2873,0.025,Randomized,1.0
2874,0.05,Randomized,1.0
2875,0.1,Randomized,0.7995558023320377
2876,0.25,Randomized,0.06489994591671173
2877,0.5,Randomized,0.0
2878,1.0,Randomized,0.006535947712418301
2879,5.0,Randomized,0.02145922746781116
2880,0.0,Naive,1.0
2881,0.025,Randomized,0.0
2882,0.05,Randomized,0.0
2883,0.1,Randomized,0.0
2884,0.25,Randomized,0.06489994591671173
2885,0.5,Randomized,0.02145922746781116
2886,1.0,Randomized,0.13071895424836602
2887,5.0,Randomized,-0.04441976679622432
2888,0.0,Naive,1.0
2889,0.025,Randomized,1.0
2890,0.05,Randomized,1.0
2891,0.1,Randomized,0.7995558023320377
2892,0.25,Randomized,0.0
2893,0.5,Randomized,0.0
2894,1.0,Randomized,-0.04441976679622432
2895,5.0,Randomized,-0.04441976679622432
2896,0.0,Naive,1.0
2897,0.025,Randomized,0.7995558023320377
2898,0.05,Randomized,0.7995558023320377
2899,0.1,Randomized,0.0
2900,0.25,Randomized,0.0
2901,0.5,Randomized,0.0
2902,1.0,Randomized,0.0
2903,5.0,Randomized,0.0
2904,0.0,Naive,1.0
2905,0.025,Randomized,1.0
2906,0.05,Randomized,1.0
2907,0.1,Randomized,1.0
2908,0.25,Randomized,1.0
2909,0.5,Randomized,0.7995558023320377
2910,1.0,Randomized,-0.017306652244456464
2911,5.0,Randomized,0.11333333333333333
2912,0.0,Naive,1.0
2913,0.025,Randomized,1.0
2914,0.05,Randomized,1.0
2915,0.1,Randomized,1.0
2916,0.25,Randomized,0.46434494195688225
2917,0.5,Randomized,0.7995558023320377
2918,1.0,Randomized,0.3244444444444444
2919,5.0,Randomized,-0.03980099502487562
2920,0.0,Naive,1.0
2921,0.025,Randomized,1.0
2922,0.05,Randomized,1.0
2923,0.1,Randomized,1.0
2924,0.25,Randomized,0.02145922746781116
2925,0.5,Randomized,1.0
2926,1.0,Randomized,0.13071895424836602
2927,5.0,Randomized,-0.034858387799564274
2928,0.0,Naive,1.0
2929,0.025,Randomized,1.0
2930,0.05,Randomized,1.0
2931,0.1,Randomized,1.0
2932,0.25,Randomized,1.0
2933,0.5,Randomized,0.02145922746781116
2934,1.0,Randomized,-0.011086474501108648
2935,5.0,Randomized,-0.04441976679622432
2936,0.0,Naive,1.0
2937,0.025,Randomized,1.0
2938,0.05,Randomized,1.0
2939,0.1,Randomized,1.0
2940,0.25,Randomized,1.0
2941,0.5,Randomized,-0.011086474501108648
2942,1.0,Randomized,0.4619655746807329
2943,5.0,Randomized,-0.013333333333333334
2944,0.0,Naive,1.0
2945,0.025,Randomized,1.0
2946,0.05,Randomized,1.0
2947,0.1,Randomized,1.0
2948,0.25,Randomized,0.06489994591671173
2949,0.5,Randomized,0.02145922746781116
2950,1.0,Randomized,0.0
2951,5.0,Randomized,0.0526027397260274
2952,0.0,Naive,1.0
2953,0.025,Randomized,1.0
2954,0.05,Randomized,1.0
2955,0.1,Randomized,1.0
2956,0.25,Randomized,0.0
2957,0.5,Randomized,-0.04441976679622432
2958,1.0,Randomized,0.02145922746781116
2959,5.0,Randomized,-0.04441976679622432
2960,0.0,Naive,1.0
2961,0.025,Randomized,1.0
2962,0.05,Randomized,1.0
2963,0.1,Randomized,1.0
2964,0.25,Randomized,1.0
2965,0.5,Randomized,0.02145922746781116
2966,1.0,Randomized,0.02145922746781116
2967,5.0,Randomized,-0.03980099502487562
2968,0.0,Naive,0.7995558023320377
2969,0.025,Randomized,0.7995558023320377
2970,0.05,Randomized,0.7995558023320377
2971,0.1,Randomized,0.7995558023320377
2972,0.25,Randomized,0.7995558023320377
2973,0.5,Randomized,-0.011086474501108648
2974,1.0,Randomized,0.06489994591671173
2975,5.0,Randomized,-0.011086474501108648
2976,0.0,Naive,1.0
2977,0.025,Randomized,1.0
2978,0.05,Randomized,1.0
2979,0.1,Randomized,1.0
2980,0.25,Randomized,0.02145922746781116
2981,0.5,Randomized,0.0
2982,1.0,Randomized,0.0
2983,5.0,Randomized,0.0
2984,0.0,Naive,1.0
2985,0.025,Randomized,1.0
2986,0.05,Randomized,1.0
2987,0.1,Randomized,1.0
2988,0.25,Randomized,1.0
2989,0.5,Randomized,0.0
2990,1.0,Randomized,0.0
2991,5.0,Randomized,0.0
2992,0.0,Naive,1.0
2993,0.025,Randomized,1.0
2994,0.05,Randomized,1.0
2995,0.1,Randomized,1.0
2996,0.25,Randomized,1.0
2997,0.5,Randomized,0.2191780821917808
2998,1.0,Randomized,0.02145922746781116
2999,5.0,Randomized,0.02145922746781116
3000,0.0,Naive,1.0
3001,0.025,Randomized,1.0
3002,0.05,Randomized,1.0
3003,0.1,Randomized,0.0
3004,0.25,Randomized,0.0
3005,0.5,Randomized,0.0
3006,1.0,Randomized,0.0
3007,5.0,Randomized,0.0
3008,0.0,Naive,0.0
3009,0.025,Randomized,0.0
3010,0.05,Randomized,0.0
3011,0.1,Randomized,0.0
3012,0.25,Randomized,0.02145922746781116
3013,0.5,Randomized,0.13071895424836602
3014,1.0,Randomized,0.0526027397260274
3015,5.0,Randomized,-0.017306652244456464
3016,0.0,Naive,1.0
3017,0.025,Randomized,1.0
3018,0.05,Randomized,1.0
3019,0.1,Randomized,1.0
3020,0.25,Randomized,0.46434494195688225
3021,0.5,Randomized,0.46434494195688225
3022,1.0,Randomized,-0.013333333333333334
3023,5.0,Randomized,-0.03980099502487562
3024,0.0,Naive,1.0
3025,0.025,Randomized,1.0
3026,0.05,Randomized,1.0
3027,0.1,Randomized,1.0
3028,0.25,Randomized,0.7995558023320377
3029,0.5,Randomized,0.0
3030,1.0,Randomized,0.0
3031,5.0,Randomized,-0.04441976679622432
3032,0.0,Naive,1.0
3033,0.025,Randomized,1.0
3034,0.05,Randomized,1.0
3035,0.1,Randomized,1.0
3036,0.25,Randomized,1.0
3037,0.5,Randomized,0.13071895424836602
3038,1.0,Randomized,0.06489994591671173
3039,5.0,Randomized,-0.046255506607929514
3040,0.0,Naive,1.0
3041,0.025,Randomized,1.0
3042,0.05,Randomized,1.0
3043,0.1,Randomized,1.0
3044,0.25,Randomized,1.0
3045,0.5,Randomized,1.0
3046,1.0,Randomized,0.0
3047,5.0,Randomized,0.0
3048,0.0,Naive,1.0
3049,0.025,Randomized,1.0
3050,0.05,Randomized,1.0
3051,0.1,Randomized,1.0
3052,0.25,Randomized,0.6208425720620843
3053,0.5,Randomized,0.0
3054,1.0,Randomized,0.0
3055,5.0,Randomized,0.3259423503325942
3056,0.0,Naive,1.0
3057,0.025,Randomized,1.0
3058,0.05,Randomized,1.0
3059,0.1,Randomized,1.0
3060,0.25,Randomized,1.0
3061,0.5,Randomized,0.0
3062,1.0,Randomized,0.13071895424836602
3063,5.0,Randomized,0.11529933481152993
3064,0.0,Naive,1.0
3065,0.025,Randomized,1.0
3066,0.05,Randomized,1.0
3067,0.1,Randomized,1.0
3068,0.25,Randomized,1.0
3069,0.5,Randomized,0.02145922746781116
3070,1.0,Randomized,0.0
3071,5.0,Randomized,0.06489994591671173
3072,0.0,Naive,1.0
3073,0.025,Randomized,1.0
3074,0.05,Randomized,1.0
3075,0.1,Randomized,1.0
3076,0.25,Randomized,1.0
3077,0.5,Randomized,0.006535947712418301
3078,1.0,Randomized,0.2087729039422543
3079,5.0,Randomized,-0.017306652244456464
3080,0.0,Naive,1.0
3081,0.025,Randomized,1.0
3082,0.05,Randomized,1.0
3083,0.1,Randomized,1.0
3084,0.25,Randomized,1.0
3085,0.5,Randomized,0.0
3086,1.0,Randomized,0.0
3087,5.0,Randomized,-0.019313304721030045
3088,0.0,Naive,0.02145922746781116
3089,0.025,Randomized,0.02145922746781116
3090,0.05,Randomized,0.02145922746781116
3091,0.1,Randomized,0.02145922746781116
3092,0.25,Randomized,0.13071895424836602
3093,0.5,Randomized,0.6208425720620843
3094,1.0,Randomized,0.46434494195688225
3095,5.0,Randomized,0.1211453744493392
3096,0.0,Naive,1.0
3097,0.025,Randomized,1.0
3098,0.05,Randomized,1.0
3099,0.1,Randomized,1.0
3100,0.25,Randomized,1.0
3101,0.5,Randomized,0.46434494195688225
3102,1.0,Randomized,-0.034858387799564274
3103,5.0,Randomized,-0.034858387799564274
3104,0.0,Naive,1.0
3105,0.025,Randomized,1.0
3106,0.05,Randomized,1.0
3107,0.1,Randomized,1.0
3108,0.25,Randomized,0.13071895424836602
3109,0.5,Randomized,0.02145922746781116
3110,1.0,Randomized,-0.03980099502487562
3111,5.0,Randomized,-0.034858387799564274
3112,0.0,Naive,1.0
3113,0.025,Randomized,1.0
3114,0.05,Randomized,1.0
3115,0.1,Randomized,1.0
3116,0.25,Randomized,1.0
3117,0.5,Randomized,-0.034858387799564274
3118,1.0,Randomized,0.0526027397260274
3119,5.0,Randomized,-0.004405286343612335
3120,0.0,Naive,1.0
3121,0.025,Randomized,1.0
3122,0.05,Randomized,1.0
3123,0.1,Randomized,1.0
3124,0.25,Randomized,0.02145922746781116
3125,0.5,Randomized,0.7995558023320377
3126,1.0,Randomized,0.13071895424836602
3127,5.0,Randomized,-0.030684931506849315
3128,0.0,Naive,1.0
3129,0.025,Randomized,1.0
3130,0.05,Randomized,1.0
3131,0.1,Randomized,1.0
3132,0.25,Randomized,1.0
3133,0.5,Randomized,-0.019313304721030045
3134,1.0,Randomized,-0.019313304721030045
3135,5.0,Randomized,0.06489994591671173
3136,0.0,Naive,1.0
3137,0.025,Randomized,1.0
3138,0.05,Randomized,1.0
3139,0.1,Randomized,0.0
3140,0.25,Randomized,0.0
3141,0.5,Randomized,0.06489994591671173
3142,1.0,Randomized,0.13071895424836602
3143,5.0,Randomized,-0.019313304721030045
3144,0.0,Naive,1.0
3145,0.025,Randomized,1.0
3146,0.05,Randomized,1.0
3147,0.1,Randomized,1.0
3148,0.25,Randomized,1.0
3149,0.5,Randomized,-0.019313304721030045
3150,1.0,Randomized,0.0
3151,5.0,Randomized,0.2087729039422543
3152,0.0,Naive,1.0
3153,0.025,Randomized,1.0
3154,0.05,Randomized,1.0
3155,0.1,Randomized,1.0
3156,0.25,Randomized,1.0
3157,0.5,Randomized,0.0
3158,1.0,Randomized,1.0
3159,5.0,Randomized,0.03997779011660189
3160,0.0,Naive,1.0
3161,0.025,Randomized,1.0
3162,0.05,Randomized,1.0
3163,0.1,Randomized,1.0
3164,0.25,Randomized,1.0
3165,0.5,Randomized,0.11529933481152993
3166,1.0,Randomized,-0.03980099502487562
3167,5.0,Randomized,-0.05321507760532151
3168,0.0,Naive,0.0
3169,0.025,Randomized,0.0
3170,0.05,Randomized,0.6208425720620843
3171,0.1,Randomized,0.0
3172,0.25,Randomized,0.06489994591671173
3173,0.5,Randomized,0.7995558023320377
3174,1.0,Randomized,0.04422332780541736
3175,5.0,Randomized,-0.05555555555555555
3176,0.0,Naive,0.7995558023320377
3177,0.025,Randomized,0.7995558023320377
3178,0.05,Randomized,0.7995558023320377
3179,0.1,Randomized,0.0
3180,0.25,Randomized,0.0
3181,0.5,Randomized,0.0526027397260274
3182,1.0,Randomized,-0.017306652244456464
3183,5.0,Randomized,-0.046255506607929514
3184,0.0,Naive,0.7995558023320377
3185,0.025,Randomized,0.0
3186,0.05,Randomized,0.0
3187,0.1,Randomized,1.0
3188,0.25,Randomized,0.7995558023320377
3189,0.5,Randomized,0.02145922746781116
3190,1.0,Randomized,0.02145922746781116
3191,5.0,Randomized,-0.03980099502487562
3192,0.0,Naive,1.0
3193,0.025,Randomized,1.0
3194,0.05,Randomized,1.0
3195,0.1,Randomized,1.0
3196,0.25,Randomized,1.0
3197,0.5,Randomized,0.0
3198,1.0,Randomized,0.0
3199,5.0,Randomized,0.0
3200,0.0,Naive,1.0
3201,0.025,Randomized,1.0
3202,0.05,Randomized,1.0
3203,0.1,Randomized,1.0
3204,0.25,Randomized,0.7995558023320377
3205,0.5,Randomized,-0.019313304721030045
3206,1.0,Randomized,0.13071895424836602
3207,5.0,Randomized,0.006535947712418301
3208,0.0,Naive,1.0
3209,0.025,Randomized,1.0
3210,0.05,Randomized,1.0
3211,0.1,Randomized,1.0
3212,0.25,Randomized,1.0
3213,0.5,Randomized,0.0
3214,1.0,Randomized,-0.004405286343612335
3215,5.0,Randomized,-0.046255506607929514
3216,0.0,Naive,1.0
3217,0.025,Randomized,1.0
3218,0.05,Randomized,1.0
3219,0.1,Randomized,1.0
3220,0.25,Randomized,0.02145922746781116
3221,0.5,Randomized,0.02145922746781116
3222,1.0,Randomized,0.02145922746781116
3223,5.0,Randomized,0.02145922746781116
3224,0.0,Naive,1.0
3225,0.025,Randomized,1.0
3226,0.05,Randomized,1.0
3227,0.1,Randomized,1.0
3228,0.25,Randomized,1.0
3229,0.5,Randomized,0.0
3230,1.0,Randomized,0.0
3231,5.0,Randomized,0.0
3232,0.0,Naive,1.0
3233,0.025,Randomized,1.0
3234,0.05,Randomized,1.0
3235,0.1,Randomized,1.0
3236,0.25,Randomized,0.02145922746781116
3237,0.5,Randomized,1.0
3238,1.0,Randomized,0.0
3239,5.0,Randomized,0.11333333333333333
3240,0.0,Naive,1.0
3241,0.025,Randomized,1.0
3242,0.05,Randomized,1.0
3243,0.1,Randomized,1.0
3244,0.25,Randomized,1.0
3245,0.5,Randomized,0.0
3246,1.0,Randomized,0.02145922746781116
3247,5.0,Randomized,0.02145922746781116
3248,0.0,Naive,1.0
3249,0.025,Randomized,0.0
3250,0.05,Randomized,1.0
3251,0.1,Randomized,0.0
3252,0.25,Randomized,0.0
3253,0.5,Randomized,0.0
3254,1.0,Randomized,-0.017306652244456464
3255,5.0,Randomized,-0.019313304721030045
3256,0.0,Naive,1.0
3257,0.025,Randomized,1.0
3258,0.05,Randomized,1.0
3259,0.1,Randomized,1.0
3260,0.25,Randomized,0.0
3261,0.5,Randomized,0.0
3262,1.0,Randomized,0.0
3263,5.0,Randomized,0.0
3264,0.0,Naive,1.0
3265,0.025,Randomized,1.0
3266,0.05,Randomized,1.0
3267,0.1,Randomized,1.0
3268,0.25,Randomized,1.0
3269,0.5,Randomized,0.0
3270,1.0,Randomized,0.0
3271,5.0,Randomized,0.11529933481152993
3272,0.0,Naive,1.0
3273,0.025,Randomized,1.0
3274,0.05,Randomized,1.0
3275,0.1,Randomized,1.0
3276,0.25,Randomized,1.0
3277,0.5,Randomized,0.3303964757709251
3278,1.0,Randomized,-0.04441976679622432
3279,5.0,Randomized,-0.013333333333333334
3280,0.0,Naive,0.0
3281,0.025,Randomized,1.0
3282,0.05,Randomized,1.0
3283,0.1,Randomized,1.0
3284,0.25,Randomized,0.02145922746781116
3285,0.5,Randomized,1.0
3286,1.0,Randomized,0.21227197346600332
3287,5.0,Randomized,-0.011086474501108648
3288,0.0,Naive,1.0
3289,0.025,Randomized,1.0
3290,0.05,Randomized,1.0
3291,0.1,Randomized,1.0
3292,0.25,Randomized,1.0
3293,0.5,Randomized,0.0
3294,1.0,Randomized,0.02145922746781116
3295,5.0,Randomized,0.006535947712418301
3296,0.0,Naive,1.0
3297,0.025,Randomized,1.0
3298,0.05,Randomized,1.0
3299,0.1,Randomized,1.0
3300,0.25,Randomized,0.0
3301,0.5,Randomized,0.13071895424836602
3302,1.0,Randomized,0.13071895424836602
3303,5.0,Randomized,-0.030684931506849315
3304,0.0,Naive,0.13071895424836602
3305,0.025,Randomized,0.13071895424836602
3306,0.05,Randomized,0.13071895424836602
3307,0.1,Randomized,0.13071895424836602
3308,0.25,Randomized,0.7995558023320377
3309,0.5,Randomized,0.13071895424836602
3310,1.0,Randomized,0.06489994591671173
3311,5.0,Randomized,0.0526027397260274
3312,0.0,Naive,1.0
3313,0.025,Randomized,1.0
3314,0.05,Randomized,1.0
3315,0.1,Randomized,1.0
3316,0.25,Randomized,1.0
3317,0.5,Randomized,1.0
3318,1.0,Randomized,-0.030684931506849315
3319,5.0,Randomized,0.06489994591671173
3320,0.0,Naive,1.0
3321,0.025,Randomized,1.0
3322,0.05,Randomized,1.0
3323,0.1,Randomized,1.0
3324,0.25,Randomized,1.0
3325,0.5,Randomized,0.0
3326,1.0,Randomized,0.0
3327,5.0,Randomized,-0.03980099502487562
3328,0.0,Naive,0.7995558023320377
3329,0.025,Randomized,0.7995558023320377
3330,0.05,Randomized,0.7995558023320377
3331,0.1,Randomized,1.0
3332,0.25,Randomized,1.0
3333,0.5,Randomized,0.0
3334,1.0,Randomized,-0.019313304721030045
3335,5.0,Randomized,-0.004405286343612335
3336,0.0,Naive,1.0
3337,0.025,Randomized,1.0
3338,0.05,Randomized,1.0
3339,0.1,Randomized,1.0
3340,0.25,Randomized,1.0
3341,0.5,Randomized,1.0
3342,1.0,Randomized,-0.046255506607929514
3343,5.0,Randomized,0.06489994591671173
3344,0.0,Naive,1.0
3345,0.025,Randomized,1.0
3346,0.05,Randomized,1.0
3347,0.1,Randomized,1.0
3348,0.25,Randomized,1.0
3349,0.5,Randomized,0.0
3350,1.0,Randomized,-0.019313304721030045
3351,5.0,Randomized,0.11333333333333333
3352,0.0,Naive,1.0
3353,0.025,Randomized,1.0
3354,0.05,Randomized,1.0
3355,0.1,Randomized,1.0
3356,0.25,Randomized,0.0
3357,0.5,Randomized,0.0
3358,1.0,Randomized,0.0
3359,5.0,Randomized,-0.019313304721030045
3360,0.0,Naive,1.0
3361,0.025,Randomized,1.0
3362,0.05,Randomized,1.0
3363,0.1,Randomized,1.0
3364,0.25,Randomized,1.0
3365,0.5,Randomized,0.0
3366,1.0,Randomized,0.02145922746781116
3367,5.0,Randomized,-0.017306652244456464
3368,0.0,Naive,1.0
3369,0.025,Randomized,1.0
3370,0.05,Randomized,1.0
3371,0.1,Randomized,1.0
3372,0.25,Randomized,0.0
3373,0.5,Randomized,0.02145922746781116
3374,1.0,Randomized,0.13071895424836602
3375,5.0,Randomized,0.03997779011660189
3376,0.0,Naive,1.0
3377,0.025,Randomized,1.0
3378,0.05,Randomized,1.0
3379,0.1,Randomized,1.0
3380,0.25,Randomized,1.0
3381,0.5,Randomized,0.0
3382,1.0,Randomized,0.02145922746781116
3383,5.0,Randomized,-0.04441976679622432
3384,0.0,Naive,1.0
3385,0.025,Randomized,1.0
3386,0.05,Randomized,1.0
3387,0.1,Randomized,1.0
3388,0.25,Randomized,1.0
3389,0.5,Randomized,0.6208425720620843
3390,1.0,Randomized,0.11529933481152993
3391,5.0,Randomized,-0.013333333333333334
3392,0.0,Naive,1.0
3393,0.025,Randomized,1.0
3394,0.05,Randomized,1.0
3395,0.1,Randomized,1.0
3396,0.25,Randomized,1.0
3397,0.5,Randomized,0.0
3398,1.0,Randomized,0.21227197346600332
3399,5.0,Randomized,-0.03980099502487562
3400,0.0,Naive,1.0
3401,0.025,Randomized,1.0
3402,0.05,Randomized,1.0
3403,0.1,Randomized,1.0
3404,0.25,Randomized,0.7995558023320377
3405,0.5,Randomized,0.3303964757709251
3406,1.0,Randomized,0.13071895424836602
3407,5.0,Randomized,0.04422332780541736
3408,0.0,Naive,1.0
3409,0.025,Randomized,1.0
3410,0.05,Randomized,1.0
3411,0.1,Randomized,1.0
3412,0.25,Randomized,0.02145922746781116
3413,0.5,Randomized,0.06489994591671173
3414,1.0,Randomized,-0.017306652244456464
3415,5.0,Randomized,-0.030684931506849315
3416,0.0,Naive,1.0
3417,0.025,Randomized,1.0
3418,0.05,Randomized,1.0
3419,0.1,Randomized,1.0
3420,0.25,Randomized,1.0
3421,0.5,Randomized,1.0
3422,1.0,Randomized,0.02145922746781116
3423,5.0,Randomized,-0.03980099502487562
3424,0.0,Naive,1.0
3425,0.025,Randomized,1.0
3426,0.05,Randomized,1.0
3427,0.1,Randomized,1.0
3428,0.25,Randomized,1.0
3429,0.5,Randomized,0.7995558023320377
3430,1.0,Randomized,0.02145922746781116
3431,5.0,Randomized,-0.034858387799564274
3432,0.0,Naive,1.0
3433,0.025,Randomized,1.0
3434,0.05,Randomized,1.0
3435,0.1,Randomized,1.0
3436,0.25,Randomized,0.02145922746781116
3437,0.5,Randomized,0.13071895424836602
3438,1.0,Randomized,-0.019313304721030045
3439,5.0,Randomized,-0.017306652244456464
3440,0.0,Naive,1.0
3441,0.025,Randomized,1.0
3442,0.05,Randomized,1.0
3443,0.1,Randomized,1.0
3444,0.25,Randomized,1.0
3445,0.5,Randomized,0.0
3446,1.0,Randomized,-0.046255506607929514
3447,5.0,Randomized,0.11529933481152993
3448,0.0,Naive,0.0
3449,0.025,Randomized,0.0
3450,0.05,Randomized,0.0
3451,0.1,Randomized,0.0
3452,0.25,Randomized,1.0
3453,0.5,Randomized,0.0
3454,1.0,Randomized,0.06489994591671173
3455,5.0,Randomized,0.04422332780541736
3456,0.0,Naive,1.0
3457,0.025,Randomized,1.0
3458,0.05,Randomized,1.0
3459,0.1,Randomized,0.7995558023320377
3460,0.25,Randomized,0.46434494195688225
3461,0.5,Randomized,0.13071895424836602
3462,1.0,Randomized,0.06489994591671173
3463,5.0,Randomized,-0.03980099502487562
3464,0.0,Naive,1.0
3465,0.025,Randomized,1.0
3466,0.05,Randomized,1.0
3467,0.1,Randomized,1.0
3468,0.25,Randomized,0.0
3469,0.5,Randomized,0.0
3470,1.0,Randomized,0.0
3471,5.0,Randomized,0.0
3472,0.0,Naive,1.0
3473,0.025,Randomized,1.0
3474,0.05,Randomized,1.0
3475,0.1,Randomized,1.0
3476,0.25,Randomized,1.0
3477,0.5,Randomized,0.06489994591671173
3478,1.0,Randomized,0.02145922746781116
3479,5.0,Randomized,0.13071895424836602
3480,0.0,Naive,1.0
3481,0.025,Randomized,1.0
3482,0.05,Randomized,1.0
3483,0.1,Randomized,1.0
3484,0.25,Randomized,0.0
3485,0.5,Randomized,0.02145922746781116
3486,1.0,Randomized,0.11529933481152993
3487,5.0,Randomized,0.11529933481152993
3488,0.0,Naive,1.0
3489,0.025,Randomized,1.0
3490,0.05,Randomized,1.0
3491,0.1,Randomized,1.0
3492,0.25,Randomized,1.0
3493,0.5,Randomized,1.0
3494,1.0,Randomized,0.1211453744493392
3495,5.0,Randomized,-0.004405286343612335
3496,0.0,Naive,1.0
3497,0.025,Randomized,1.0
3498,0.05,Randomized,1.0
3499,0.1,Randomized,1.0
3500,0.25,Randomized,0.0
3501,0.5,Randomized,0.0
3502,1.0,Randomized,0.0
3503,5.0,Randomized,-0.011086474501108648
3504,0.0,Naive,1.0
3505,0.025,Randomized,1.0
3506,0.05,Randomized,1.0
3507,0.1,Randomized,1.0
3508,0.25,Randomized,1.0
3509,0.5,Randomized,0.3303964757709251
3510,1.0,Randomized,0.2191780821917808
3511,5.0,Randomized,0.11529933481152993
3512,0.0,Naive,1.0
3513,0.025,Randomized,1.0
3514,0.05,Randomized,1.0
3515,0.1,Randomized,1.0
3516,0.25,Randomized,1.0
3517,0.5,Randomized,1.0
3518,1.0,Randomized,0.2087729039422543
3519,5.0,Randomized,0.03997779011660189
3520,0.0,Naive,1.0
3521,0.025,Randomized,1.0
3522,0.05,Randomized,1.0
3523,0.1,Randomized,1.0
3524,0.25,Randomized,1.0
3525,0.5,Randomized,0.06489994591671173
3526,1.0,Randomized,-0.03980099502487562
3527,5.0,Randomized,-0.03980099502487562
3528,0.0,Naive,1.0
3529,0.025,Randomized,1.0
3530,0.05,Randomized,1.0
3531,0.1,Randomized,1.0
3532,0.25,Randomized,0.13071895424836602
3533,0.5,Randomized,0.0
3534,1.0,Randomized,0.2087729039422543
3535,5.0,Randomized,-0.04441976679622432
3536,0.0,Naive,1.0
3537,0.025,Randomized,1.0
3538,0.05,Randomized,1.0
3539,0.1,Randomized,1.0
3540,0.25,Randomized,0.0
3541,0.5,Randomized,0.0
3542,1.0,Randomized,0.0
3543,5.0,Randomized,-0.05321507760532151
3544,0.0,Naive,1.0
3545,0.025,Randomized,1.0
3546,0.05,Randomized,1.0
3547,0.1,Randomized,1.0
3548,0.25,Randomized,1.0
3549,0.5,Randomized,0.02145922746781116
3550,1.0,Randomized,0.2087729039422543
3551,5.0,Randomized,0.3244444444444444
3552,0.0,Naive,1.0
3553,0.025,Randomized,1.0
3554,0.05,Randomized,1.0
3555,0.1,Randomized,1.0
3556,0.25,Randomized,0.02145922746781116
3557,0.5,Randomized,0.06489994591671173
3558,1.0,Randomized,-0.03980099502487562
3559,5.0,Randomized,-0.004405286343612335
3560,0.0,Naive,1.0
3561,0.025,Randomized,1.0
3562,0.05,Randomized,1.0
3563,0.1,Randomized,1.0
3564,0.25,Randomized,1.0
3565,0.5,Randomized,0.2191780821917808
3566,1.0,Randomized,0.1211453744493392
3567,5.0,Randomized,-0.05555555555555555
3568,0.0,Naive,0.7995558023320377
3569,0.025,Randomized,0.7995558023320377
3570,0.05,Randomized,0.7995558023320377
3571,0.1,Randomized,0.0
3572,0.25,Randomized,0.0
3573,0.5,Randomized,0.06489994591671173
3574,1.0,Randomized,0.0
3575,5.0,Randomized,0.02145922746781116
3576,0.0,Naive,1.0
3577,0.025,Randomized,1.0
3578,0.05,Randomized,1.0
3579,0.1,Randomized,1.0
3580,0.25,Randomized,1.0
3581,0.5,Randomized,0.0
3582,1.0,Randomized,0.06489994591671173
3583,5.0,Randomized,-0.017306652244456464
3584,0.0,Naive,1.0
3585,0.025,Randomized,1.0
3586,0.05,Randomized,1.0
3587,0.1,Randomized,1.0
3588,0.25,Randomized,0.0
3589,0.5,Randomized,0.0
3590,1.0,Randomized,0.0
3591,5.0,Randomized,-0.017306652244456464
3592,0.0,Naive,1.0
3593,0.025,Randomized,1.0
3594,0.05,Randomized,1.0
3595,0.1,Randomized,1.0
3596,0.25,Randomized,0.02145922746781116
3597,0.5,Randomized,0.02145922746781116
3598,1.0,Randomized,0.21227197346600332
3599,5.0,Randomized,0.04422332780541736
3600,0.0,Naive,1.0
3601,0.025,Randomized,1.0
3602,0.05,Randomized,1.0
3603,0.1,Randomized,1.0
3604,0.25,Randomized,1.0
3605,0.5,Randomized,0.0
3606,1.0,Randomized,0.04422332780541736
3607,5.0,Randomized,0.2087729039422543
3608,0.0,Naive,1.0
3609,0.025,Randomized,1.0
3610,0.05,Randomized,1.0
3611,0.1,Randomized,1.0
3612,0.25,Randomized,1.0
3613,0.5,Randomized,-0.05321507760532151
3614,1.0,Randomized,0.13071895424836602
3615,5.0,Randomized,-0.034858387799564274
3616,0.0,Naive,1.0
3617,0.025,Randomized,1.0
3618,0.05,Randomized,1.0
3619,0.1,Randomized,1.0
3620,0.25,Randomized,0.0
3621,0.5,Randomized,0.0
3622,1.0,Randomized,0.0
3623,5.0,Randomized,0.11529933481152993
3624,0.0,Naive,1.0
3625,0.025,Randomized,1.0
3626,0.05,Randomized,1.0
3627,0.1,Randomized,1.0
3628,0.25,Randomized,0.7995558023320377
3629,0.5,Randomized,0.13071895424836602
3630,1.0,Randomized,0.13071895424836602
3631,5.0,Randomized,0.0526027397260274
3632,0.0,Naive,1.0
3633,0.025,Randomized,1.0
3634,0.05,Randomized,1.0
3635,0.1,Randomized,1.0
3636,0.25,Randomized,0.6208425720620843
3637,0.5,Randomized,0.3303964757709251
3638,1.0,Randomized,-0.004405286343612335
3639,5.0,Randomized,0.04422332780541736
3640,0.0,Naive,1.0
3641,0.025,Randomized,1.0
3642,0.05,Randomized,1.0
3643,0.1,Randomized,1.0
3644,0.25,Randomized,0.0
3645,0.5,Randomized,0.0
3646,1.0,Randomized,-0.017306652244456464
3647,5.0,Randomized,0.006535947712418301
3648,0.0,Naive,1.0
3649,0.025,Randomized,1.0
3650,0.05,Randomized,1.0
3651,0.1,Randomized,1.0
3652,0.25,Randomized,1.0
3653,0.5,Randomized,1.0
3654,1.0,Randomized,0.2191780821917808
3655,5.0,Randomized,-0.011086474501108648
3656,0.0,Naive,1.0
3657,0.025,Randomized,1.0
3658,0.05,Randomized,1.0
3659,0.1,Randomized,0.0
3660,0.25,Randomized,0.0
3661,0.5,Randomized,0.0
3662,1.0,Randomized,0.0
3663,5.0,Randomized,0.0
3664,0.0,Naive,1.0
3665,0.025,Randomized,1.0
3666,0.05,Randomized,1.0
3667,0.1,Randomized,1.0
3668,0.25,Randomized,1.0
3669,0.5,Randomized,0.13071895424836602
3670,1.0,Randomized,0.0526027397260274
3671,5.0,Randomized,-0.034858387799564274
3672,0.0,Naive,1.0
3673,0.025,Randomized,1.0
3674,0.05,Randomized,1.0
3675,0.1,Randomized,1.0
3676,0.25,Randomized,1.0
3677,0.5,Randomized,1.0
3678,1.0,Randomized,0.02145922746781116
3679,5.0,Randomized,-0.03980099502487562
3680,0.0,Naive,1.0
3681,0.025,Randomized,1.0
3682,0.05,Randomized,1.0
3683,0.1,Randomized,1.0
3684,0.25,Randomized,0.0
3685,0.5,Randomized,0.0
3686,1.0,Randomized,0.0
3687,5.0,Randomized,-0.013333333333333334
3688,0.0,Naive,1.0
3689,0.025,Randomized,1.0
3690,0.05,Randomized,0.7995558023320377
3691,0.1,Randomized,0.7995558023320377
3692,0.25,Randomized,0.7995558023320377
3693,0.5,Randomized,0.13071895424836602
3694,1.0,Randomized,0.1211453744493392
3695,5.0,Randomized,0.006535947712418301
3696,0.0,Naive,1.0
3697,0.025,Randomized,1.0
3698,0.05,Randomized,1.0
3699,0.1,Randomized,1.0
3700,0.25,Randomized,0.0
3701,0.5,Randomized,0.0
3702,1.0,Randomized,0.06489994591671173
3703,5.0,Randomized,0.04422332780541736
3704,0.0,Naive,1.0
3705,0.025,Randomized,1.0
3706,0.05,Randomized,1.0
3707,0.1,Randomized,1.0
3708,0.25,Randomized,1.0
3709,0.5,Randomized,0.0
3710,1.0,Randomized,-0.013333333333333334
3711,5.0,Randomized,-0.013333333333333334
3712,0.0,Naive,1.0
3713,0.025,Randomized,1.0
3714,0.05,Randomized,1.0
3715,0.1,Randomized,1.0
3716,0.25,Randomized,1.0
3717,0.5,Randomized,1.0
3718,1.0,Randomized,0.02145922746781116
3719,5.0,Randomized,0.02145922746781116
3720,0.0,Naive,1.0
3721,0.025,Randomized,1.0
3722,0.05,Randomized,1.0
3723,0.1,Randomized,1.0
3724,0.25,Randomized,0.0
3725,0.5,Randomized,0.0
3726,1.0,Randomized,0.0
3727,5.0,Randomized,0.02145922746781116
3728,0.0,Naive,1.0
3729,0.025,Randomized,1.0
3730,0.05,Randomized,1.0
3731,0.1,Randomized,1.0
3732,0.25,Randomized,0.3259423503325942
3733,0.5,Randomized,0.0
3734,1.0,Randomized,0.0
3735,5.0,Randomized,-0.030684931506849315
3736,0.0,Naive,1.0
3737,0.025,Randomized,1.0
3738,0.05,Randomized,1.0
3739,0.1,Randomized,1.0
3740,0.25,Randomized,1.0
3741,0.5,Randomized,1.0
3742,1.0,Randomized,0.2191780821917808
3743,5.0,Randomized,0.04422332780541736
3744,0.0,Naive,1.0
3745,0.025,Randomized,1.0
3746,0.05,Randomized,1.0
3747,0.1,Randomized,1.0
3748,0.25,Randomized,0.06489994591671173
3749,0.5,Randomized,-0.03980099502487562
3750,1.0,Randomized,-0.011086474501108648
3751,5.0,Randomized,0.04422332780541736
3752,0.0,Naive,1.0
3753,0.025,Randomized,1.0
3754,0.05,Randomized,1.0
3755,0.1,Randomized,0.7995558023320377
3756,0.25,Randomized,1.0
3757,0.5,Randomized,0.0
3758,1.0,Randomized,0.0
3759,5.0,Randomized,0.0
3760,0.0,Naive,1.0
3761,0.025,Randomized,1.0
3762,0.05,Randomized,1.0
3763,0.1,Randomized,0.0
3764,0.25,Randomized,0.0
3765,0.5,Randomized,0.0
3766,1.0,Randomized,0.02145922746781116
3767,5.0,Randomized,-0.030684931506849315
3768,0.0,Naive,1.0
3769,0.025,Randomized,1.0
3770,0.05,Randomized,1.0
3771,0.1,Randomized,1.0
3772,0.25,Randomized,0.0
3773,0.5,Randomized,0.0
3774,1.0,Randomized,0.0
3775,5.0,Randomized,0.0
3776,0.0,Naive,0.02145922746781116
3777,0.025,Randomized,0.02145922746781116
3778,0.05,Randomized,0.3303964757709251
3779,0.1,Randomized,0.0
3780,0.25,Randomized,0.0
3781,0.5,Randomized,0.0
3782,1.0,Randomized,0.06489994591671173
3783,5.0,Randomized,-0.030684931506849315
3784,0.0,Naive,1.0
3785,0.025,Randomized,1.0
3786,0.05,Randomized,1.0
3787,0.1,Randomized,1.0
3788,0.25,Randomized,1.0
3789,0.5,Randomized,0.0
3790,1.0,Randomized,-0.013333333333333334
3791,5.0,Randomized,-0.019313304721030045
3792,0.0,Naive,1.0
3793,0.025,Randomized,1.0
3794,0.05,Randomized,1.0
3795,0.1,Randomized,1.0
3796,0.25,Randomized,0.0
3797,0.5,Randomized,0.06489994591671173
3798,1.0,Randomized,-0.013333333333333334
3799,5.0,Randomized,-0.046255506607929514
3800,0.0,Naive,1.0
3801,0.025,Randomized,1.0
3802,0.05,Randomized,1.0
3803,0.1,Randomized,1.0
3804,0.25,Randomized,0.7995558023320377
3805,0.5,Randomized,0.6208425720620843
3806,1.0,Randomized,0.02145922746781116
3807,5.0,Randomized,0.03997779011660189
3808,0.0,Naive,1.0
3809,0.025,Randomized,1.0
3810,0.05,Randomized,1.0
3811,0.1,Randomized,1.0
3812,0.25,Randomized,1.0
3813,0.5,Randomized,0.06489994591671173
3814,1.0,Randomized,-0.03980099502487562
3815,5.0,Randomized,0.13071895424836602
3816,0.0,Naive,1.0
3817,0.025,Randomized,0.0
3818,0.05,Randomized,0.0
3819,0.1,Randomized,0.0
3820,0.25,Randomized,0.0
3821,0.5,Randomized,0.0
3822,1.0,Randomized,-0.019313304721030045
3823,5.0,Randomized,0.006535947712418301
3824,0.0,Naive,1.0
3825,0.025,Randomized,1.0
3826,0.05,Randomized,1.0
3827,0.1,Randomized,1.0
3828,0.25,Randomized,0.02145922746781116
3829,0.5,Randomized,0.0
3830,1.0,Randomized,0.0
3831,5.0,Randomized,-0.004405286343612335
3832,0.0,Naive,1.0
3833,0.025,Randomized,1.0
3834,0.05,Randomized,1.0
3835,0.1,Randomized,1.0
3836,0.25,Randomized,1.0
3837,0.5,Randomized,0.0
3838,1.0,Randomized,0.0
3839,5.0,Randomized,0.0
3840,0.0,Naive,1.0
3841,0.025,Randomized,1.0
3842,0.05,Randomized,1.0
3843,0.1,Randomized,1.0
3844,0.25,Randomized,1.0
3845,0.5,Randomized,0.02145922746781116
3846,1.0,Randomized,0.3303964757709251
3847,5.0,Randomized,-0.030684931506849315
3848,0.0,Naive,1.0
3849,0.025,Randomized,1.0
3850,0.05,Randomized,1.0
3851,0.1,Randomized,1.0
3852,0.25,Randomized,1.0
3853,0.5,Randomized,1.0
3854,1.0,Randomized,0.06489994591671173
3855,5.0,Randomized,0.006535947712418301
3856,0.0,Naive,1.0
3857,0.025,Randomized,1.0
3858,0.05,Randomized,1.0
3859,0.1,Randomized,1.0
3860,0.25,Randomized,1.0
3861,0.5,Randomized,0.6208425720620843
3862,1.0,Randomized,0.13071895424836602
3863,5.0,Randomized,-0.013333333333333334
3864,0.0,Naive,1.0
3865,0.025,Randomized,1.0
3866,0.05,Randomized,1.0
3867,0.1,Randomized,1.0
3868,0.25,Randomized,1.0
3869,0.5,Randomized,0.0
3870,1.0,Randomized,0.0
3871,5.0,Randomized,-0.03980099502487562
3872,0.0,Naive,1.0
3873,0.025,Randomized,1.0
3874,0.05,Randomized,1.0
3875,0.1,Randomized,1.0
3876,0.25,Randomized,0.7995558023320377
3877,0.5,Randomized,0.02145922746781116
3878,1.0,Randomized,0.06489994591671173
3879,5.0,Randomized,-0.04441976679622432
3880,0.0,Naive,1.0
3881,0.025,Randomized,1.0
3882,0.05,Randomized,1.0
3883,0.1,Randomized,1.0
3884,0.25,Randomized,1.0
3885,0.5,Randomized,0.0
3886,1.0,Randomized,0.13071895424836602
3887,5.0,Randomized,0.0526027397260274
3888,0.0,Naive,1.0
3889,0.025,Randomized,1.0
3890,0.05,Randomized,1.0
3891,0.1,Randomized,0.7995558023320377
3892,0.25,Randomized,1.0
3893,0.5,Randomized,-0.004405286343612335
3894,1.0,Randomized,0.02145922746781116
3895,5.0,Randomized,0.0
3896,0.0,Naive,1.0
3897,0.025,Randomized,1.0
3898,0.05,Randomized,1.0
3899,0.1,Randomized,1.0
3900,0.25,Randomized,1.0
3901,0.5,Randomized,1.0
3902,1.0,Randomized,0.2191780821917808
3903,5.0,Randomized,0.0526027397260274
3904,0.0,Naive,1.0
3905,0.025,Randomized,1.0
3906,0.05,Randomized,1.0
3907,0.1,Randomized,1.0
3908,0.25,Randomized,1.0
3909,0.5,Randomized,0.06489994591671173
3910,1.0,Randomized,0.06489994591671173
3911,5.0,Randomized,-0.04441976679622432
3912,0.0,Naive,1.0
3913,0.025,Randomized,1.0
3914,0.05,Randomized,1.0
3915,0.1,Randomized,1.0
3916,0.25,Randomized,0.02145922746781116
3917,0.5,Randomized,1.0
3918,1.0,Randomized,0.06489994591671173
3919,5.0,Randomized,-0.013333333333333334
3920,0.0,Naive,1.0
3921,0.025,Randomized,1.0
3922,0.05,Randomized,1.0
3923,0.1,Randomized,1.0
3924,0.25,Randomized,1.0
3925,0.5,Randomized,0.0
3926,1.0,Randomized,0.0
3927,5.0,Randomized,-0.004405286343612335
3928,0.0,Naive,1.0
3929,0.025,Randomized,1.0
3930,0.05,Randomized,0.0
3931,0.1,Randomized,1.0
3932,0.25,Randomized,0.0
3933,0.5,Randomized,0.0
3934,1.0,Randomized,0.0
3935,5.0,Randomized,0.0
3936,0.0,Naive,1.0
3937,0.025,Randomized,1.0
3938,0.05,Randomized,1.0
3939,0.1,Randomized,1.0
3940,0.25,Randomized,-0.017306652244456464
3941,0.5,Randomized,0.3303964757709251
3942,1.0,Randomized,0.006535947712418301
3943,5.0,Randomized,-0.011086474501108648
3944,0.0,Naive,1.0
3945,0.025,Randomized,1.0
3946,0.05,Randomized,1.0
3947,0.1,Randomized,1.0
3948,0.25,Randomized,1.0
3949,0.5,Randomized,1.0
3950,1.0,Randomized,0.3244444444444444
3951,5.0,Randomized,0.11529933481152993
3952,0.0,Naive,0.02145922746781116
3953,0.025,Randomized,0.0
3954,0.05,Randomized,0.02145922746781116
3955,0.1,Randomized,0.0
3956,0.25,Randomized,0.0
3957,0.5,Randomized,0.0
3958,1.0,Randomized,0.0
3959,5.0,Randomized,0.0
3960,0.0,Naive,1.0
3961,0.025,Randomized,1.0
3962,0.05,Randomized,1.0
3963,0.1,Randomized,1.0
3964,0.25,Randomized,1.0
3965,0.5,Randomized,0.06489994591671173
3966,1.0,Randomized,-0.017306652244456464
3967,5.0,Randomized,0.0526027397260274
3968,0.0,Naive,1.0
3969,0.025,Randomized,1.0
3970,0.05,Randomized,1.0
3971,0.1,Randomized,1.0
3972,0.25,Randomized,0.0
3973,0.5,Randomized,0.0
3974,1.0,Randomized,0.0
3975,5.0,Randomized,0.02145922746781116
3976,0.0,Naive,1.0
3977,0.025,Randomized,1.0
3978,0.05,Randomized,1.0
3979,0.1,Randomized,1.0
3980,0.25,Randomized,0.06489994591671173
3981,0.5,Randomized,0.02145922746781116
3982,1.0,Randomized,0.3303964757709251
3983,5.0,Randomized,-0.034858387799564274
3984,0.0,Naive,1.0
3985,0.025,Randomized,1.0
3986,0.05,Randomized,1.0
3987,0.1,Randomized,1.0
3988,0.25,Randomized,0.0
3989,0.5,Randomized,1.0
3990,1.0,Randomized,0.2191780821917808
3991,5.0,Randomized,-0.046255506607929514
3992,0.0,Naive,1.0
3993,0.025,Randomized,1.0
3994,0.05,Randomized,1.0
3995,0.1,Randomized,1.0
3996,0.25,Randomized,1.0
3997,0.5,Randomized,0.13071895424836602
3998,1.0,Randomized,0.3259423503325942
3999,5.0,Randomized,-0.04441976679622432
