,Tau,Method,WCSS/TSS
0,0.0,Naive,0.23126713118749884
1,0.025,Randomized,0.23126713118749884
2,0.05,Randomized,0.23126713118749884
3,0.1,Randomized,0.23126713118749884
4,0.25,Randomized,0.8457321537037088
5,0.5,Randomized,0.9557229093753039
6,1.0,Randomized,0.9557229093753039
7,5.0,Randomized,0.9807735273570675
8,0.0,Naive,0.12166670929650836
9,0.025,Randomized,0.12166670929650836
10,0.05,Randomized,0.12166670929650836
11,0.1,Randomized,0.12166670929650836
12,0.25,Randomized,0.12166670929650836
13,0.5,Randomized,0.884190616601626
14,1.0,Randomized,0.8185242237137306
15,5.0,Randomized,0.9205414097831464
16,0.0,Naive,0.1872177856799693
17,0.025,Randomized,0.1872177856799693
18,0.05,Randomized,0.1872177856799693
19,0.1,Randomized,0.1872177856799693
20,0.25,Randomized,0.2690809661651318
21,0.5,Randomized,0.896176876465471
22,1.0,Randomized,0.989839554490057
23,5.0,Randomized,0.9870254041574763
24,0.0,Naive,0.18851061985259537
25,0.025,Randomized,0.18851061985259537
26,0.05,Randomized,0.18851061985259537
27,0.1,Randomized,0.18851061985259537
28,0.25,Randomized,0.850154330696417
29,0.5,Randomized,0.9465829732373526
30,1.0,Randomized,0.95403942730031
31,5.0,Randomized,0.9329323959494528
32,0.0,Naive,0.18184373268785686
33,0.025,Randomized,0.18184373268785686
34,0.05,Randomized,0.18184373268785686
35,0.1,Randomized,0.18184373268785686
36,0.25,Randomized,0.960953671880232
37,0.5,Randomized,0.9046880374916569
38,1.0,Randomized,0.9514750303267371
39,5.0,Randomized,0.9514750303267371
40,0.0,Naive,0.11799687839103222
41,0.025,Randomized,0.11799687839103222
42,0.05,Randomized,0.11799687839103222
43,0.1,Randomized,0.11799687839103222
44,0.25,Randomized,0.11799687839103222
45,0.5,Randomized,0.8642381634186795
46,1.0,Randomized,0.7978132912823126
47,5.0,Randomized,0.9661048900527632
48,0.0,Naive,0.1914163372637004
49,0.025,Randomized,0.1914163372637004
50,0.05,Randomized,0.1914163372637004
51,0.1,Randomized,0.1914163372637004
52,0.25,Randomized,0.9768457212945237
53,0.5,Randomized,0.9444409765209887
54,1.0,Randomized,0.8947506363284001
55,5.0,Randomized,0.9629690923268477
56,0.0,Naive,0.10124893884177198
57,0.025,Randomized,0.10124893884177198
58,0.05,Randomized,0.10124893884177198
59,0.1,Randomized,0.10124893884177198
60,0.25,Randomized,0.10124893884177198
61,0.5,Randomized,0.9354230415266042
62,1.0,Randomized,0.8591026896817097
63,5.0,Randomized,0.7459893409813875
64,0.0,Naive,0.1482455066409152
65,0.025,Randomized,0.1482455066409152
66,0.05,Randomized,0.1482455066409152
67,0.1,Randomized,0.1482455066409152
68,0.25,Randomized,0.1482455066409152
69,0.5,Randomized,0.1482455066409152
70,1.0,Randomized,0.427304120670216
71,5.0,Randomized,0.9763625036324094
72,0.0,Naive,0.15626011246159793
73,0.025,Randomized,0.15626011246159793
74,0.05,Randomized,0.15626011246159793
75,0.1,Randomized,0.15626011246159793
76,0.25,Randomized,0.15626011246159793
77,0.5,Randomized,0.9503977244092432
78,1.0,Randomized,0.9088387682648966
79,5.0,Randomized,0.9868789676457527
80,0.0,Naive,0.22224198012161353
81,0.025,Randomized,0.22224198012161353
82,0.05,Randomized,0.22224198012161353
83,0.1,Randomized,0.8740520628647415
84,0.25,Randomized,0.9146706682639483
85,0.5,Randomized,0.9764836967815281
86,1.0,Randomized,0.9764836967815281
87,5.0,Randomized,0.9763612117509839
88,0.0,Naive,0.18340433926109048
89,0.025,Randomized,0.18340433926109048
90,0.05,Randomized,0.18340433926109048
91,0.1,Randomized,0.18340433926109048
92,0.25,Randomized,0.8897643904782964
93,0.5,Randomized,0.9748135014643925
94,1.0,Randomized,0.8024759218475715
95,5.0,Randomized,0.8761108981706549
96,0.0,Naive,0.18137552154930892
97,0.025,Randomized,0.18284991250486457
98,0.05,Randomized,0.18284991250486457
99,0.1,Randomized,0.18284991250486457
100,0.25,Randomized,0.854701780945077
101,0.5,Randomized,0.854701780945077
102,1.0,Randomized,0.9383308571569596
103,5.0,Randomized,0.9476977882911559
104,0.0,Naive,0.18433737863304753
105,0.025,Randomized,0.18433737863304753
106,0.05,Randomized,0.18433737863304753
107,0.1,Randomized,0.18433737863304753
108,0.25,Randomized,0.18433737863304753
109,0.5,Randomized,0.7894150249579128
110,1.0,Randomized,0.8818628217641835
111,5.0,Randomized,0.8503320299952993
112,0.0,Naive,0.12880294523262592
113,0.025,Randomized,0.12880294523262592
114,0.05,Randomized,0.12880294523262592
115,0.1,Randomized,0.12880294523262592
116,0.25,Randomized,0.12880294523262592
117,0.5,Randomized,0.5888004647611291
118,1.0,Randomized,0.7334148377372325
119,5.0,Randomized,0.9946959138816444
120,0.0,Naive,0.19264738578923823
121,0.025,Randomized,0.19264738578923823
122,0.05,Randomized,0.19264738578923823
123,0.1,Randomized,0.19264738578923823
124,0.25,Randomized,0.8834971460298752
125,0.5,Randomized,0.8865573457340044
126,1.0,Randomized,0.9623913416826199
127,5.0,Randomized,0.9433501760293135
128,0.0,Naive,0.11910051733720221
129,0.025,Randomized,0.11910051733720221
130,0.05,Randomized,0.11910051733720221
131,0.1,Randomized,0.11910051733720221
132,0.25,Randomized,0.11910051733720221
133,0.5,Randomized,0.11910051733720221
134,1.0,Randomized,0.9514677603841717
135,5.0,Randomized,0.9992464043276582
136,0.0,Naive,0.1805244725179548
137,0.025,Randomized,0.1805244725179548
138,0.05,Randomized,0.1805244725179548
139,0.1,Randomized,0.3144195895245567
140,0.25,Randomized,0.3858688477721607
141,0.5,Randomized,0.8119352197391133
142,1.0,Randomized,0.8766705927804442
143,5.0,Randomized,0.9704113132610597
144,0.0,Naive,0.14883268537316616
145,0.025,Randomized,0.14883268537316616
146,0.05,Randomized,0.14883268537316616
147,0.1,Randomized,0.14883268537316616
148,0.25,Randomized,0.14883268537316616
149,0.5,Randomized,0.9583138768433987
150,1.0,Randomized,0.8855448376791064
151,5.0,Randomized,0.8855448376791064
152,0.0,Naive,0.15951855980410792
153,0.025,Randomized,0.15951855980410792
154,0.05,Randomized,0.15951855980410792
155,0.1,Randomized,0.15951855980410792
156,0.25,Randomized,0.15951855980410792
157,0.5,Randomized,0.8320680169846644
158,1.0,Randomized,0.8361846796800244
159,5.0,Randomized,0.9745461172915336
160,0.0,Naive,0.16585277878225982
161,0.025,Randomized,0.16585277878225982
162,0.05,Randomized,0.16585277878225982
163,0.1,Randomized,0.16585277878225982
164,0.25,Randomized,0.16585277878225982
165,0.5,Randomized,0.8727021921025613
166,1.0,Randomized,0.9348488995831505
167,5.0,Randomized,0.7985076471720517
168,0.0,Naive,0.12771983422320357
169,0.025,Randomized,0.12771983422320357
170,0.05,Randomized,0.12771983422320357
171,0.1,Randomized,0.12771983422320357
172,0.25,Randomized,0.12771983422320357
173,0.5,Randomized,0.250164226584789
174,1.0,Randomized,0.9095697033292205
175,5.0,Randomized,0.7844558558146929
176,0.0,Naive,0.114300224728029
177,0.025,Randomized,0.114300224728029
178,0.05,Randomized,0.114300224728029
179,0.1,Randomized,0.114300224728029
180,0.25,Randomized,0.114300224728029
181,0.5,Randomized,0.8054572850651676
182,1.0,Randomized,0.7258444447587883
183,5.0,Randomized,0.8366906342359924
184,0.0,Naive,0.20732556009779868
185,0.025,Randomized,0.20732556009779868
186,0.05,Randomized,0.20732556009779868
187,0.1,Randomized,0.20732556009779868
188,0.25,Randomized,0.4423361712727325
189,0.5,Randomized,0.9534659371119991
190,1.0,Randomized,0.9534659371119991
191,5.0,Randomized,0.9922227614082869
192,0.0,Naive,0.14534953321404717
193,0.025,Randomized,0.14534953321404717
194,0.05,Randomized,0.14534953321404717
195,0.1,Randomized,0.14534953321404717
196,0.25,Randomized,0.14534953321404717
197,0.5,Randomized,0.9009463622347154
198,1.0,Randomized,0.9842006189052906
199,5.0,Randomized,0.9977288908315551
200,0.0,Naive,0.1618804165419779
201,0.025,Randomized,0.1618804165419779
202,0.05,Randomized,0.1618804165419779
203,0.1,Randomized,0.1618804165419779
204,0.25,Randomized,0.9267471640875563
205,0.5,Randomized,0.8741570613102279
206,1.0,Randomized,0.8286106372326021
207,5.0,Randomized,0.7821605288890904
208,0.0,Naive,0.1239200455089459
209,0.025,Randomized,0.1239200455089459
210,0.05,Randomized,0.1239200455089459
211,0.1,Randomized,0.1239200455089459
212,0.25,Randomized,0.1239200455089459
213,0.5,Randomized,0.8857082295775173
214,1.0,Randomized,0.7799694441223093
215,5.0,Randomized,0.9412919491408255
216,0.0,Naive,0.12136359505893991
217,0.025,Randomized,0.12136359505893991
218,0.05,Randomized,0.12136359505893991
219,0.1,Randomized,0.12136359505893991
220,0.25,Randomized,0.12136359505893991
221,0.5,Randomized,0.9461328418687621
222,1.0,Randomized,0.8406314067776121
223,5.0,Randomized,0.9800061717272655
224,0.0,Naive,0.11051062899143035
225,0.025,Randomized,0.11051062899143035
226,0.05,Randomized,0.11051062899143035
227,0.1,Randomized,0.11051062899143035
228,0.25,Randomized,0.23583734626199743
229,0.5,Randomized,0.9143381759811354
230,1.0,Randomized,0.7366848091158357
231,5.0,Randomized,0.9787031231486765
232,0.0,Naive,0.1687363951818838
233,0.025,Randomized,0.1687363951818838
234,0.05,Randomized,0.1687363951818838
235,0.1,Randomized,0.1687363951818838
236,0.25,Randomized,0.1687363951818838
237,0.5,Randomized,0.8825795096119208
238,1.0,Randomized,0.9474739743895331
239,5.0,Randomized,0.9658671392995611
240,0.0,Naive,0.16681541835253125
241,0.025,Randomized,0.16681541835253125
242,0.05,Randomized,0.16681541835253125
243,0.1,Randomized,0.16681541835253125
244,0.25,Randomized,0.16681541835253125
245,0.5,Randomized,0.8893577206962868
246,1.0,Randomized,0.8895642399967101
247,5.0,Randomized,0.7702235378188801
248,0.0,Naive,0.9350336360119574
249,0.025,Randomized,0.9350336360119574
250,0.05,Randomized,0.20940134031303967
251,0.1,Randomized,0.8900292096276707
252,0.25,Randomized,0.7005662263548655
253,0.5,Randomized,0.9741675710829738
254,1.0,Randomized,0.8636338389416522
255,5.0,Randomized,0.9847123394041722
256,0.0,Naive,0.1682532235284111
257,0.025,Randomized,0.1682532235284111
258,0.05,Randomized,0.1682532235284111
259,0.1,Randomized,0.1682532235284111
260,0.25,Randomized,0.1682532235284111
261,0.5,Randomized,0.8172176529445331
262,1.0,Randomized,0.8774615539672933
263,5.0,Randomized,0.8518138706935205
264,0.0,Naive,0.15253747597122105
265,0.025,Randomized,0.15253747597122105
266,0.05,Randomized,0.15253747597122105
267,0.1,Randomized,0.15253747597122105
268,0.25,Randomized,0.15253747597122105
269,0.5,Randomized,0.8770692638148732
270,1.0,Randomized,0.9036582871841996
271,5.0,Randomized,0.9960624456028695
272,0.0,Naive,0.1694480878368409
273,0.025,Randomized,0.1694480878368409
274,0.05,Randomized,0.1694480878368409
275,0.1,Randomized,0.1694480878368409
276,0.25,Randomized,0.1694480878368409
277,0.5,Randomized,0.7810908733426768
278,1.0,Randomized,0.8977209971465802
279,5.0,Randomized,0.9894941580062808
280,0.0,Naive,0.1629831222731429
281,0.025,Randomized,0.1629831222731429
282,0.05,Randomized,0.1629831222731429
283,0.1,Randomized,0.1629831222731429
284,0.25,Randomized,0.9617049890878363
285,0.5,Randomized,0.9256051083681041
286,1.0,Randomized,0.7496776160753437
287,5.0,Randomized,0.9986649677865467
288,0.0,Naive,0.22050746955866554
289,0.025,Randomized,0.8314115437566908
290,0.05,Randomized,0.8314115437566908
291,0.1,Randomized,0.8314115437566908
292,0.25,Randomized,0.22050746955866554
293,0.5,Randomized,0.9892246983963254
294,1.0,Randomized,0.9936578721795853
295,5.0,Randomized,0.9875671290528467
296,0.0,Naive,0.19831773044382417
297,0.025,Randomized,0.19831773044382417
298,0.05,Randomized,0.19831773044382417
299,0.1,Randomized,0.19831773044382417
300,0.25,Randomized,0.9296003662454978
301,0.5,Randomized,0.9543016254177411
302,1.0,Randomized,0.9884232828900322
303,5.0,Randomized,0.9298952665224861
304,0.0,Naive,0.15408579806579015
305,0.025,Randomized,0.15408579806579015
306,0.05,Randomized,0.15408579806579015
307,0.1,Randomized,0.15408579806579015
308,0.25,Randomized,0.8276737185167247
309,0.5,Randomized,0.8276737185167247
310,1.0,Randomized,0.8276737185167247
311,5.0,Randomized,0.9655271467768507
312,0.0,Naive,0.21219908499442733
313,0.025,Randomized,0.21219908499442733
314,0.05,Randomized,0.21219908499442733
315,0.1,Randomized,0.2848257884736235
316,0.25,Randomized,0.9516816220217352
317,0.5,Randomized,0.948011820398673
318,1.0,Randomized,0.9516816220217352
319,5.0,Randomized,0.9780281050026141
320,0.0,Naive,0.21003867236854282
321,0.025,Randomized,0.21003867236854282
322,0.05,Randomized,0.21003867236854282
323,0.1,Randomized,0.21003867236854282
324,0.25,Randomized,0.8717040789997942
325,0.5,Randomized,0.8717040789997942
326,1.0,Randomized,0.9264445235672745
327,5.0,Randomized,0.9264445235672745
328,0.0,Naive,0.1642601658579341
329,0.025,Randomized,0.1642601658579341
330,0.05,Randomized,0.1642601658579341
331,0.1,Randomized,0.1642601658579341
332,0.25,Randomized,0.982646676671847
333,0.5,Randomized,0.982646676671847
334,1.0,Randomized,0.9469763795826047
335,5.0,Randomized,0.9469763795826047
336,0.0,Naive,0.11801778204152025
337,0.025,Randomized,0.11801778204152025
338,0.05,Randomized,0.11801778204152025
339,0.1,Randomized,0.11801778204152025
340,0.25,Randomized,0.4595876315784219
341,0.5,Randomized,0.8917766849576614
342,1.0,Randomized,0.8542725156719085
343,5.0,Randomized,0.9864334943900682
344,0.0,Naive,0.17352662509678354
345,0.025,Randomized,0.17352662509678354
346,0.05,Randomized,0.17352662509678354
347,0.1,Randomized,0.17352662509678354
348,0.25,Randomized,0.5043825139091886
349,0.5,Randomized,0.9419667566808291
350,1.0,Randomized,0.6360310861652255
351,5.0,Randomized,0.9915971924567614
352,0.0,Naive,0.1050188679047123
353,0.025,Randomized,0.1050188679047123
354,0.05,Randomized,0.1050188679047123
355,0.1,Randomized,0.1050188679047123
356,0.25,Randomized,0.1050188679047123
357,0.5,Randomized,0.9083339826680089
358,1.0,Randomized,0.7893252723838109
359,5.0,Randomized,0.9979463675015418
360,0.0,Naive,0.14717512694370075
361,0.025,Randomized,0.14717512694370075
362,0.05,Randomized,0.14717512694370075
363,0.1,Randomized,0.14717512694370075
364,0.25,Randomized,0.8687432820759472
365,0.5,Randomized,0.5123906850179877
366,1.0,Randomized,0.7921411284868083
367,5.0,Randomized,0.9493895895987764
368,0.0,Naive,0.22286589615531624
369,0.025,Randomized,0.22286589615531624
370,0.05,Randomized,0.22286589615531624
371,0.1,Randomized,0.8979560483396469
372,0.25,Randomized,0.8979560483396469
373,0.5,Randomized,0.9131519446138316
374,1.0,Randomized,0.9603301471585782
375,5.0,Randomized,0.9998538651353982
376,0.0,Naive,0.8319201120910581
377,0.025,Randomized,0.8319201120910581
378,0.05,Randomized,0.8319201120910581
379,0.1,Randomized,0.8319201120910581
380,0.25,Randomized,0.9605575661696121
381,0.5,Randomized,0.9036627561582918
382,1.0,Randomized,0.7804241154895628
383,5.0,Randomized,0.9432629717572467
384,0.0,Naive,0.1859379254107346
385,0.025,Randomized,0.1859379254107346
386,0.05,Randomized,0.1859379254107346
387,0.1,Randomized,0.1859379254107346
388,0.25,Randomized,0.9391635689482718
389,0.5,Randomized,0.8822308366924737
390,1.0,Randomized,0.9784596461861
391,5.0,Randomized,0.9394483990397299
392,0.0,Naive,0.1845297473971098
393,0.025,Randomized,0.1845297473971098
394,0.05,Randomized,0.1845297473971098
395,0.1,Randomized,0.1845297473971098
396,0.25,Randomized,0.7983737058420448
397,0.5,Randomized,0.8773983575310045
398,1.0,Randomized,0.7767950779819677
399,5.0,Randomized,0.9859209047017676
400,0.0,Naive,0.17432051577474633
401,0.025,Randomized,0.17432051577474633
402,0.05,Randomized,0.17432051577474633
403,0.1,Randomized,0.17432051577474633
404,0.25,Randomized,0.6575416670250283
405,0.5,Randomized,0.9087806274217594
406,1.0,Randomized,0.9961741908463482
407,5.0,Randomized,0.6120851964334594
408,0.0,Naive,0.17686851227307443
409,0.025,Randomized,0.17686851227307443
410,0.05,Randomized,0.17686851227307443
411,0.1,Randomized,0.17686851227307443
412,0.25,Randomized,0.9259043954950004
413,0.5,Randomized,0.9324738601896639
414,1.0,Randomized,0.9997680162828929
415,5.0,Randomized,0.9981862783006978
416,0.0,Naive,0.09731205832398965
417,0.025,Randomized,0.09731205832398965
418,0.05,Randomized,0.09731205832398965
419,0.1,Randomized,0.09731205832398965
420,0.25,Randomized,0.09731205832398965
421,0.5,Randomized,0.6887539607047414
422,1.0,Randomized,0.8759200478539821
423,5.0,Randomized,0.9879583288158612
424,0.0,Naive,0.13489032400418322
425,0.025,Randomized,0.13489032400418322
426,0.05,Randomized,0.13489032400418322
427,0.1,Randomized,0.13489032400418322
428,0.25,Randomized,0.6306073683112555
429,0.5,Randomized,0.5888619171005521
430,1.0,Randomized,0.8475708472482845
431,5.0,Randomized,0.958617576644706
432,0.0,Naive,0.19677984607072496
433,0.025,Randomized,0.19677984607072496
434,0.05,Randomized,0.19677984607072496
435,0.1,Randomized,0.19677984607072496
436,0.25,Randomized,0.9399083220902124
437,0.5,Randomized,0.9010942513366802
438,1.0,Randomized,0.9934957999217351
439,5.0,Randomized,0.9632380510830306
440,0.0,Naive,0.15749491768384946
441,0.025,Randomized,0.15749491768384946
442,0.05,Randomized,0.15749491768384946
443,0.1,Randomized,0.15749491768384946
444,0.25,Randomized,0.15749491768384946
445,0.5,Randomized,0.40798039380547463
446,1.0,Randomized,0.9308153730132473
447,5.0,Randomized,0.9345004447861202
448,0.0,Naive,0.13128063494621467
449,0.025,Randomized,0.13128063494621467
450,0.05,Randomized,0.13128063494621467
451,0.1,Randomized,0.13128063494621467
452,0.25,Randomized,0.13128063494621467
453,0.5,Randomized,0.9366312498962882
454,1.0,Randomized,0.9628819210579348
455,5.0,Randomized,0.9226640917093459
456,0.0,Naive,0.20371227387962784
457,0.025,Randomized,0.20371227387962784
458,0.05,Randomized,0.20371227387962784
459,0.1,Randomized,0.20371227387962784
460,0.25,Randomized,0.9118159017542677
461,0.5,Randomized,0.9934682702678327
462,1.0,Randomized,0.9776228767333657
463,5.0,Randomized,0.9952247700262127
464,0.0,Naive,0.14987065001887237
465,0.025,Randomized,0.14987065001887237
466,0.05,Randomized,0.14987065001887237
467,0.1,Randomized,0.9841325804759574
468,0.25,Randomized,0.5594004297801369
469,0.5,Randomized,0.8776755061666165
470,1.0,Randomized,0.8604916026098421
471,5.0,Randomized,0.9857570175314105
472,0.0,Naive,0.1676332290483976
473,0.025,Randomized,0.1676332290483976
474,0.05,Randomized,0.1676332290483976
475,0.1,Randomized,0.1676332290483976
476,0.25,Randomized,0.1676332290483976
477,0.5,Randomized,0.9812732455677815
478,1.0,Randomized,0.9186838260314255
479,5.0,Randomized,0.9939855841092586
480,0.0,Naive,0.14646132956303823
481,0.025,Randomized,0.14646132956303823
482,0.05,Randomized,0.14646132956303823
483,0.1,Randomized,0.14646132956303823
484,0.25,Randomized,0.14646132956303823
485,0.5,Randomized,0.7461091415851676
486,1.0,Randomized,0.9876151661625461
487,5.0,Randomized,0.9978210849977223
488,0.0,Naive,0.15128647667013462
489,0.025,Randomized,0.15128647667013462
490,0.05,Randomized,0.15128647667013462
491,0.1,Randomized,0.15128647667013462
492,0.25,Randomized,0.15128647667013462
493,0.5,Randomized,0.15128647667013462
494,1.0,Randomized,0.8980624989013783
495,5.0,Randomized,0.8980624989013783
496,0.0,Naive,0.16197418106095482
497,0.025,Randomized,0.16197418106095482
498,0.05,Randomized,0.16197418106095482
499,0.1,Randomized,0.9596551465833275
500,0.25,Randomized,0.16197418106095482
501,0.5,Randomized,0.8334762363689399
502,1.0,Randomized,0.9888868194211095
503,5.0,Randomized,0.6911747158654229
504,0.0,Naive,0.13078039601915387
505,0.025,Randomized,0.13078039601915387
506,0.05,Randomized,0.13078039601915387
507,0.1,Randomized,0.13078039601915387
508,0.25,Randomized,0.9423528494752581
509,0.5,Randomized,0.9084681249464266
510,1.0,Randomized,0.9423528494752581
511,5.0,Randomized,0.9966806654279857
512,0.0,Naive,0.20827128497082287
513,0.025,Randomized,0.20827128497082287
514,0.05,Randomized,0.20827128497082287
515,0.1,Randomized,0.20827128497082287
516,0.25,Randomized,0.8786059633166126
517,0.5,Randomized,0.8427880023669359
518,1.0,Randomized,0.895425865532051
519,5.0,Randomized,0.8924272064879839
520,0.0,Naive,0.23131935355222516
521,0.025,Randomized,0.23131935355222516
522,0.05,Randomized,0.23131935355222516
523,0.1,Randomized,0.23131935355222516
524,0.25,Randomized,0.23131935355222516
525,0.5,Randomized,0.19318091933525466
526,1.0,Randomized,0.9320033264300155
527,5.0,Randomized,0.8190184521856357
528,0.0,Naive,0.17559958815039325
529,0.025,Randomized,0.17559958815039325
530,0.05,Randomized,0.17559958815039325
531,0.1,Randomized,0.17559958815039325
532,0.25,Randomized,0.9002659346484309
533,0.5,Randomized,0.572230131705853
534,1.0,Randomized,0.9467989579327127
535,5.0,Randomized,0.9729109807571003
536,0.0,Naive,0.09235620255507128
537,0.025,Randomized,0.09235620255507128
538,0.05,Randomized,0.09235620255507128
539,0.1,Randomized,0.09235620255507128
540,0.25,Randomized,0.09235620255507128
541,0.5,Randomized,0.6443227431834794
542,1.0,Randomized,0.8879215438109991
543,5.0,Randomized,0.9864922915887613
544,0.0,Naive,0.1504932310768276
545,0.025,Randomized,0.1504932310768276
546,0.05,Randomized,0.1504932310768276
547,0.1,Randomized,0.1504932310768276
548,0.25,Randomized,0.1504932310768276
549,0.5,Randomized,0.20083635429926083
550,1.0,Randomized,0.9663447256165059
551,5.0,Randomized,0.9394180192033084
552,0.0,Naive,0.14857821388687056
553,0.025,Randomized,0.14857821388687056
554,0.05,Randomized,0.205791305496138
555,0.1,Randomized,0.14857821388687056
556,0.25,Randomized,0.14857821388687056
557,0.5,Randomized,0.8396536249330344
558,1.0,Randomized,0.7454657850871758
559,5.0,Randomized,0.8986681179378292
560,0.0,Naive,0.21150318545307437
561,0.025,Randomized,0.21150318545307437
562,0.05,Randomized,0.21150318545307437
563,0.1,Randomized,0.21150318545307437
564,0.25,Randomized,0.8927890987183376
565,0.5,Randomized,0.9514737313384621
566,1.0,Randomized,0.8197398936207607
567,5.0,Randomized,0.9928193020256835
568,0.0,Naive,0.1240853834267838
569,0.025,Randomized,0.1240853834267838
570,0.05,Randomized,0.1240853834267838
571,0.1,Randomized,0.1240853834267838
572,0.25,Randomized,0.1240853834267838
573,0.5,Randomized,0.9421565682371308
574,1.0,Randomized,0.7512357179705037
575,5.0,Randomized,0.9445927679463022
576,0.0,Naive,0.14340096747493497
577,0.025,Randomized,0.14340096747493497
578,0.05,Randomized,0.14340096747493497
579,0.1,Randomized,0.14340096747493497
580,0.25,Randomized,0.14340096747493497
581,0.5,Randomized,0.9757575753963602
582,1.0,Randomized,0.8882287576864832
583,5.0,Randomized,0.8953267782311244
584,0.0,Naive,0.15288683477890733
585,0.025,Randomized,0.15288683477890733
586,0.05,Randomized,0.15288683477890733
587,0.1,Randomized,0.15288683477890733
588,0.25,Randomized,0.917443959290975
589,0.5,Randomized,0.9760991168803047
590,1.0,Randomized,0.9752572828722291
591,5.0,Randomized,0.9986407441082498
592,0.0,Naive,0.10852180945492396
593,0.025,Randomized,0.10852180945492396
594,0.05,Randomized,0.10852180945492396
595,0.1,Randomized,0.10852180945492396
596,0.25,Randomized,0.9422290109489917
597,0.5,Randomized,0.9262181744876565
598,1.0,Randomized,0.9062471598442052
599,5.0,Randomized,0.9927702434128781
600,0.0,Naive,0.09271064831213884
601,0.025,Randomized,0.09271064831213884
602,0.05,Randomized,0.09271064831213884
603,0.1,Randomized,0.09271064831213884
604,0.25,Randomized,0.9837111131544635
605,0.5,Randomized,0.9044050824984047
606,1.0,Randomized,0.9047366353613225
607,5.0,Randomized,0.8792674068639232
608,0.0,Naive,0.17428455393306447
609,0.025,Randomized,0.17428455393306447
610,0.05,Randomized,0.17428455393306447
611,0.1,Randomized,0.17428455393306447
612,0.25,Randomized,0.27550591436673966
613,0.5,Randomized,0.9569685291541083
614,1.0,Randomized,0.9769228111750542
615,5.0,Randomized,0.9739232080030478
616,0.0,Naive,0.18257683243587686
617,0.025,Randomized,0.18257683243587686
618,0.05,Randomized,0.18257683243587686
619,0.1,Randomized,0.18257683243587686
620,0.25,Randomized,0.18257683243587686
621,0.5,Randomized,0.895846151408307
622,1.0,Randomized,0.895846151408307
623,5.0,Randomized,0.832571820663388
624,0.0,Naive,0.16022258126316746
625,0.025,Randomized,0.16022258126316746
626,0.05,Randomized,0.16022258126316746
627,0.1,Randomized,0.16022258126316746
628,0.25,Randomized,0.16022258126316746
629,0.5,Randomized,0.6485180966810864
630,1.0,Randomized,0.9022490346606638
631,5.0,Randomized,0.9515862447316712
632,0.0,Naive,0.17024491354851698
633,0.025,Randomized,0.17024491354851698
634,0.05,Randomized,0.17024491354851698
635,0.1,Randomized,0.17024491354851698
636,0.25,Randomized,0.17024491354851698
637,0.5,Randomized,0.7289352014815123
638,1.0,Randomized,0.7440548490922002
639,5.0,Randomized,0.9911491786672542
640,0.0,Naive,0.1532030626267502
641,0.025,Randomized,0.1532030626267502
642,0.05,Randomized,0.1532030626267502
643,0.1,Randomized,0.1532030626267502
644,0.25,Randomized,0.1532030626267502
645,0.5,Randomized,0.8384574067748515
646,1.0,Randomized,0.8384574067748515
647,5.0,Randomized,0.8895464124029594
648,0.0,Naive,0.1933117104327394
649,0.025,Randomized,0.1933117104327394
650,0.05,Randomized,0.1933117104327394
651,0.1,Randomized,0.1933117104327394
652,0.25,Randomized,0.1933117104327394
653,0.5,Randomized,0.991741084299767
654,1.0,Randomized,0.991741084299767
655,5.0,Randomized,0.991741084299767
656,0.0,Naive,0.1813981606252025
657,0.025,Randomized,0.1813981606252025
658,0.05,Randomized,0.1813981606252025
659,0.1,Randomized,0.1813981606252025
660,0.25,Randomized,0.9162500080534807
661,0.5,Randomized,0.9517577192002005
662,1.0,Randomized,0.9162500080534807
663,5.0,Randomized,0.9162500080534807
664,0.0,Naive,0.1959664886166971
665,0.025,Randomized,0.1959664886166971
666,0.05,Randomized,0.1959664886166971
667,0.1,Randomized,0.1959664886166971
668,0.25,Randomized,0.1959664886166971
669,0.5,Randomized,0.8651100862035597
670,1.0,Randomized,0.8966676921629322
671,5.0,Randomized,0.9915353555082072
672,0.0,Naive,0.17872390131579333
673,0.025,Randomized,0.17872390131579333
674,0.05,Randomized,0.17872390131579333
675,0.1,Randomized,0.17872390131579333
676,0.25,Randomized,0.17872390131579333
677,0.5,Randomized,0.9009657372379404
678,1.0,Randomized,0.8973331961886158
679,5.0,Randomized,0.9234216360533086
680,0.0,Naive,0.19503345329184546
681,0.025,Randomized,0.19503345329184546
682,0.05,Randomized,0.19503345329184546
683,0.1,Randomized,0.8786742019165998
684,0.25,Randomized,0.8786742019165998
685,0.5,Randomized,0.8786742019165998
686,1.0,Randomized,0.8786742019165998
687,5.0,Randomized,0.9628924681701421
688,0.0,Naive,0.16564450050783378
689,0.025,Randomized,0.16564450050783378
690,0.05,Randomized,0.16564450050783378
691,0.1,Randomized,0.16564450050783378
692,0.25,Randomized,0.16564450050783378
693,0.5,Randomized,0.8987965747737505
694,1.0,Randomized,0.8833754284128066
695,5.0,Randomized,0.9881700591878557
696,0.0,Naive,0.12207453733488248
697,0.025,Randomized,0.12207453733488248
698,0.05,Randomized,0.12207453733488248
699,0.1,Randomized,0.12207453733488248
700,0.25,Randomized,0.12207453733488248
701,0.5,Randomized,0.17438286427729674
702,1.0,Randomized,0.8468219106905068
703,5.0,Randomized,0.93063232633318
704,0.0,Naive,0.14991300589314374
705,0.025,Randomized,0.14991300589314374
706,0.05,Randomized,0.14991300589314374
707,0.1,Randomized,0.14991300589314374
708,0.25,Randomized,0.14991300589314374
709,0.5,Randomized,0.9309536389399212
710,1.0,Randomized,0.9477195824399238
711,5.0,Randomized,0.9432380586348555
712,0.0,Naive,0.14972242959022317
713,0.025,Randomized,0.14972242959022317
714,0.05,Randomized,0.14972242959022317
715,0.1,Randomized,0.14972242959022317
716,0.25,Randomized,0.14972242959022317
717,0.5,Randomized,0.8114422399984398
718,1.0,Randomized,0.9848195847317006
719,5.0,Randomized,0.9993578255106078
720,0.0,Naive,0.11061821347479027
721,0.025,Randomized,0.11061821347479027
722,0.05,Randomized,0.11061821347479027
723,0.1,Randomized,0.11061821347479027
724,0.25,Randomized,0.11061821347479027
725,0.5,Randomized,0.11061821347479027
726,1.0,Randomized,0.5789610154428636
727,5.0,Randomized,0.9067103966578839
728,0.0,Naive,0.14798373569031556
729,0.025,Randomized,0.14798373569031556
730,0.05,Randomized,0.14798373569031556
731,0.1,Randomized,0.14798373569031556
732,0.25,Randomized,0.9358310553872162
733,0.5,Randomized,0.9525143923630693
734,1.0,Randomized,0.9769782210168451
735,5.0,Randomized,0.9682260835487011
736,0.0,Naive,0.1316544793717756
737,0.025,Randomized,0.1316544793717756
738,0.05,Randomized,0.1316544793717756
739,0.1,Randomized,0.1316544793717756
740,0.25,Randomized,0.1316544793717756
741,0.5,Randomized,0.7008888763803484
742,1.0,Randomized,0.8330610200469576
743,5.0,Randomized,0.949071141087309
744,0.0,Naive,0.21310178545174374
745,0.025,Randomized,0.21310178545174374
746,0.05,Randomized,0.21310178545174374
747,0.1,Randomized,0.21310178545174374
748,0.25,Randomized,0.7813917557400148
749,0.5,Randomized,0.9416957950897005
750,1.0,Randomized,0.8454611421443777
751,5.0,Randomized,0.7754557435563377
752,0.0,Naive,0.20366997587938498
753,0.025,Randomized,0.20366997587938498
754,0.05,Randomized,0.20366997587938498
755,0.1,Randomized,0.20366997587938498
756,0.25,Randomized,0.4870465607962842
757,0.5,Randomized,0.6352384347178068
758,1.0,Randomized,0.9936081629832091
759,5.0,Randomized,0.9507588622835018
760,0.0,Naive,0.2330217987103002
761,0.025,Randomized,0.2330217987103002
762,0.05,Randomized,0.2330217987103002
763,0.1,Randomized,0.2330217987103002
764,0.25,Randomized,0.26559689635705297
765,0.5,Randomized,0.5944619619561351
766,1.0,Randomized,0.8210554831837729
767,5.0,Randomized,0.8658902480915268
768,0.0,Naive,0.1703522078010568
769,0.025,Randomized,0.1703522078010568
770,0.05,Randomized,0.1703522078010568
771,0.1,Randomized,0.1703522078010568
772,0.25,Randomized,0.1703522078010568
773,0.5,Randomized,0.8899070833376149
774,1.0,Randomized,0.9474952967314945
775,5.0,Randomized,0.9305729311668367
776,0.0,Naive,0.17239598087654395
777,0.025,Randomized,0.17239598087654395
778,0.05,Randomized,0.17239598087654395
779,0.1,Randomized,0.8594623681014785
780,0.25,Randomized,0.8594623681014785
781,0.5,Randomized,0.8662622162957793
782,1.0,Randomized,0.6642219035320358
783,5.0,Randomized,0.9665448225955422
784,0.0,Naive,0.1801528931986642
785,0.025,Randomized,0.1801528931986642
786,0.05,Randomized,0.1801528931986642
787,0.1,Randomized,0.1801528931986642
788,0.25,Randomized,0.9706367426043081
789,0.5,Randomized,0.6255428330390334
790,1.0,Randomized,0.6255428330390334
791,5.0,Randomized,0.8242486711467333
792,0.0,Naive,0.13730940728888175
793,0.025,Randomized,0.13730940728888175
794,0.05,Randomized,0.13730940728888175
795,0.1,Randomized,0.13730940728888175
796,0.25,Randomized,0.9102608877597549
797,0.5,Randomized,0.9197172708381347
798,1.0,Randomized,0.7555905728152451
799,5.0,Randomized,0.9978478193764738
800,0.0,Naive,0.1943534689626594
801,0.025,Randomized,0.1943534689626594
802,0.05,Randomized,0.1943534689626594
803,0.1,Randomized,0.9681750655824188
804,0.25,Randomized,0.9681750655824188
805,0.5,Randomized,0.9681750655824188
806,1.0,Randomized,0.9681750655824188
807,5.0,Randomized,0.9987981444896642
808,0.0,Naive,0.14135852191576434
809,0.025,Randomized,0.14135852191576434
810,0.05,Randomized,0.14135852191576434
811,0.1,Randomized,0.14135852191576434
812,0.25,Randomized,0.14135852191576434
813,0.5,Randomized,0.36371811201421134
814,1.0,Randomized,0.7477197596606993
815,5.0,Randomized,0.9975143022114846
816,0.0,Naive,0.12189561867741514
817,0.025,Randomized,0.12189561867741514
818,0.05,Randomized,0.12189561867741514
819,0.1,Randomized,0.12189561867741514
820,0.25,Randomized,0.20441511541435742
821,0.5,Randomized,0.1969841032725836
822,1.0,Randomized,0.9888734654063058
823,5.0,Randomized,0.9528543580504152
824,0.0,Naive,0.15748089919974917
825,0.025,Randomized,0.15748089919974917
826,0.05,Randomized,0.15748089919974917
827,0.1,Randomized,0.8888363711576833
828,0.25,Randomized,0.15748089919974917
829,0.5,Randomized,0.9616928472002517
830,1.0,Randomized,0.8078417851392664
831,5.0,Randomized,0.9430976427776793
832,0.0,Naive,0.21203053830711954
833,0.025,Randomized,0.21203053830711954
834,0.05,Randomized,0.21203053830711954
835,0.1,Randomized,0.21203053830711954
836,0.25,Randomized,0.7819509817624309
837,0.5,Randomized,0.6866793083464042
838,1.0,Randomized,0.9815652276715668
839,5.0,Randomized,0.9931731574824622
840,0.0,Naive,0.16386998379093898
841,0.025,Randomized,0.16386998379093898
842,0.05,Randomized,0.16386998379093898
843,0.1,Randomized,0.9152356136351165
844,0.25,Randomized,0.9152356136351165
845,0.5,Randomized,0.9927904651450744
846,1.0,Randomized,0.5283551984171078
847,5.0,Randomized,0.9870833372667065
848,0.0,Naive,0.11855524168361796
849,0.025,Randomized,0.11855524168361796
850,0.05,Randomized,0.11855524168361796
851,0.1,Randomized,0.11855524168361796
852,0.25,Randomized,0.11855524168361796
853,0.5,Randomized,0.9437263895037451
854,1.0,Randomized,0.9850671507649404
855,5.0,Randomized,0.995559725354923
856,0.0,Naive,0.1920381367449201
857,0.025,Randomized,0.1920381367449201
858,0.05,Randomized,0.1920381367449201
859,0.1,Randomized,0.1920381367449201
860,0.25,Randomized,0.9203458605386201
861,0.5,Randomized,0.9203458605386201
862,1.0,Randomized,0.9731841761653
863,5.0,Randomized,0.8142814877217392
864,0.0,Naive,0.15248575191572508
865,0.025,Randomized,0.15248575191572508
866,0.05,Randomized,0.15248575191572508
867,0.1,Randomized,0.15248575191572508
868,0.25,Randomized,0.8541336643931796
869,0.5,Randomized,0.8541336643931796
870,1.0,Randomized,0.9187467666176261
871,5.0,Randomized,0.8633978280113779
872,0.0,Naive,0.1750635729216354
873,0.025,Randomized,0.1750635729216354
874,0.05,Randomized,0.1750635729216354
875,0.1,Randomized,0.1750635729216354
876,0.25,Randomized,0.24729465372908363
877,0.5,Randomized,0.22091186910930266
878,1.0,Randomized,0.9291764060573736
879,5.0,Randomized,0.9805331503641838
880,0.0,Naive,0.12544098820561572
881,0.025,Randomized,0.12544098820561572
882,0.05,Randomized,0.12544098820561572
883,0.1,Randomized,0.12544098820561572
884,0.25,Randomized,0.31414755823008134
885,0.5,Randomized,0.8955281110565338
886,1.0,Randomized,0.9878177795484676
887,5.0,Randomized,0.9934962970691931
888,0.0,Naive,0.17884028248825146
889,0.025,Randomized,0.17884028248825146
890,0.05,Randomized,0.17884028248825146
891,0.1,Randomized,0.17884028248825146
892,0.25,Randomized,0.6415481904503131
893,0.5,Randomized,0.6688910636616404
894,1.0,Randomized,0.6045577311406997
895,5.0,Randomized,0.9776755745535686
896,0.0,Naive,0.1280037133862155
897,0.025,Randomized,0.1280037133862155
898,0.05,Randomized,0.1280037133862155
899,0.1,Randomized,0.1280037133862155
900,0.25,Randomized,0.1280037133862155
901,0.5,Randomized,0.9847376432342198
902,1.0,Randomized,0.8790049603091703
903,5.0,Randomized,0.9952800166774314
904,0.0,Naive,0.12032647274871384
905,0.025,Randomized,0.12032647274871384
906,0.05,Randomized,0.12032647274871384
907,0.1,Randomized,0.12032647274871384
908,0.25,Randomized,0.12032647274871384
909,0.5,Randomized,0.9657338965987368
910,1.0,Randomized,0.9815243892721852
911,5.0,Randomized,0.9593930454789178
912,0.0,Naive,0.1572670592303932
913,0.025,Randomized,0.1572670592303932
914,0.05,Randomized,0.1572670592303932
915,0.1,Randomized,0.1572670592303932
916,0.25,Randomized,0.9962676404354975
917,0.5,Randomized,0.4748983405416043
918,1.0,Randomized,0.9479391585040081
919,5.0,Randomized,0.9373226925208827
920,0.0,Naive,0.11327626341838656
921,0.025,Randomized,0.11327626341838656
922,0.05,Randomized,0.11327626341838656
923,0.1,Randomized,0.11327626341838656
924,0.25,Randomized,0.11327626341838656
925,0.5,Randomized,0.929219440453598
926,1.0,Randomized,0.9627804043465046
927,5.0,Randomized,0.9984775901727905
928,0.0,Naive,0.09666706324834425
929,0.025,Randomized,0.09666706324834425
930,0.05,Randomized,0.09666706324834425
931,0.1,Randomized,0.09666706324834425
932,0.25,Randomized,0.1447645299061059
933,0.5,Randomized,0.8854374603790416
934,1.0,Randomized,0.9571748571897056
935,5.0,Randomized,0.9890085628379015
936,0.0,Naive,0.12197442511433869
937,0.025,Randomized,0.12197442511433869
938,0.05,Randomized,0.12197442511433869
939,0.1,Randomized,0.12197442511433869
940,0.25,Randomized,0.12197442511433869
941,0.5,Randomized,0.6669640464115004
942,1.0,Randomized,0.9719942954315657
943,5.0,Randomized,0.8964751578450152
944,0.0,Naive,0.10772858054610075
945,0.025,Randomized,0.10772858054610075
946,0.05,Randomized,0.10772858054610075
947,0.1,Randomized,0.10772858054610075
948,0.25,Randomized,0.10772858054610075
949,0.5,Randomized,0.10772858054610075
950,1.0,Randomized,0.7435450049901292
951,5.0,Randomized,0.9482617757112741
952,0.0,Naive,0.155837026347349
953,0.025,Randomized,0.13820165699684722
954,0.05,Randomized,0.13820165699684722
955,0.1,Randomized,0.155837026347349
956,0.25,Randomized,0.13820165699684722
957,0.5,Randomized,0.6084398830872852
958,1.0,Randomized,0.9827595616488088
959,5.0,Randomized,0.98042048903095
960,0.0,Naive,0.18413892554407624
961,0.025,Randomized,0.18413892554407624
962,0.05,Randomized,0.18413892554407624
963,0.1,Randomized,0.18413892554407624
964,0.25,Randomized,0.18413892554407624
965,0.5,Randomized,0.4729050577469197
966,1.0,Randomized,0.5900175405960351
967,5.0,Randomized,0.7036788151320906
968,0.0,Naive,0.16170259202015413
969,0.025,Randomized,0.16170259202015413
970,0.05,Randomized,0.16170259202015413
971,0.1,Randomized,0.17193390304343534
972,0.25,Randomized,0.16170259202015413
973,0.5,Randomized,0.8773733447053974
974,1.0,Randomized,0.9261119381944389
975,5.0,Randomized,0.9261119381944389
976,0.0,Naive,0.1444338285416966
977,0.025,Randomized,0.1444338285416966
978,0.05,Randomized,0.1444338285416966
979,0.1,Randomized,0.1444338285416966
980,0.25,Randomized,0.4096198794680765
981,0.5,Randomized,0.9313763546145958
982,1.0,Randomized,0.9618889805606501
983,5.0,Randomized,0.8453107369572166
984,0.0,Naive,0.14689040870258588
985,0.025,Randomized,0.14689040870258588
986,0.05,Randomized,0.14689040870258588
987,0.1,Randomized,0.14689040870258588
988,0.25,Randomized,0.14689040870258588
989,0.5,Randomized,0.9330609107601813
990,1.0,Randomized,0.9193682232277853
991,5.0,Randomized,0.9852154113042404
992,0.0,Naive,0.15513612489952747
993,0.025,Randomized,0.15513612489952747
994,0.05,Randomized,0.16084322115953364
995,0.1,Randomized,0.16084322115953364
996,0.25,Randomized,0.16084322115953364
997,0.5,Randomized,0.9388912978264115
998,1.0,Randomized,0.7677281109867338
999,5.0,Randomized,0.9789513404043427
1000,0.0,Naive,0.8073486861527321
1001,0.025,Randomized,0.8073486861527321
1002,0.05,Randomized,0.8073486861527321
1003,0.1,Randomized,0.8073486861527321
1004,0.25,Randomized,0.19300364729261907
1005,0.5,Randomized,0.19300364729261907
1006,1.0,Randomized,0.8774405442489555
1007,5.0,Randomized,0.9630449511104706
1008,0.0,Naive,0.14214534800064607
1009,0.025,Randomized,0.14214534800064607
1010,0.05,Randomized,0.14214534800064607
1011,0.1,Randomized,0.14214534800064607
1012,0.25,Randomized,0.14214534800064607
1013,0.5,Randomized,0.9475866391990522
1014,1.0,Randomized,0.9475866391990522
1015,5.0,Randomized,0.9749147563424769
1016,0.0,Naive,0.1486456046988499
1017,0.025,Randomized,0.1486456046988499
1018,0.05,Randomized,0.1486456046988499
1019,0.1,Randomized,0.1486456046988499
1020,0.25,Randomized,0.5504424321537892
1021,0.5,Randomized,0.860800683920678
1022,1.0,Randomized,0.3383442354755391
1023,5.0,Randomized,0.777837829217837
1024,0.0,Naive,0.12791109383518973
1025,0.025,Randomized,0.12791109383518973
1026,0.05,Randomized,0.12791109383518973
1027,0.1,Randomized,0.12791109383518973
1028,0.25,Randomized,0.12791109383518973
1029,0.5,Randomized,0.9334564989588044
1030,1.0,Randomized,0.9930003656047208
1031,5.0,Randomized,0.9353732700591546
1032,0.0,Naive,0.15299285952535338
1033,0.025,Randomized,0.15299285952535338
1034,0.05,Randomized,0.15299285952535338
1035,0.1,Randomized,0.15299285952535338
1036,0.25,Randomized,0.15299285952535338
1037,0.5,Randomized,0.9555736286503673
1038,1.0,Randomized,0.8800668421722488
1039,5.0,Randomized,0.9867755657658814
1040,0.0,Naive,0.14758410272248892
1041,0.025,Randomized,0.14758410272248892
1042,0.05,Randomized,0.14758410272248892
1043,0.1,Randomized,0.14758410272248892
1044,0.25,Randomized,0.22779505291534796
1045,0.5,Randomized,0.9995333724017533
1046,1.0,Randomized,0.9854448507696452
1047,5.0,Randomized,0.9776035812809513
1048,0.0,Naive,0.22156587218463472
1049,0.025,Randomized,0.22156587218463472
1050,0.05,Randomized,0.22156587218463472
1051,0.1,Randomized,0.22156587218463472
1052,0.25,Randomized,0.22156587218463472
1053,0.5,Randomized,0.734107593025518
1054,1.0,Randomized,0.9772190114288349
1055,5.0,Randomized,0.9075307140930101
1056,0.0,Naive,0.15129528349077107
1057,0.025,Randomized,0.15129528349077107
1058,0.05,Randomized,0.15129528349077107
1059,0.1,Randomized,0.15129528349077107
1060,0.25,Randomized,0.15129528349077107
1061,0.5,Randomized,0.9214987836215809
1062,1.0,Randomized,0.5630857514360541
1063,5.0,Randomized,0.996846072892882
1064,0.0,Naive,0.19298474203692897
1065,0.025,Randomized,0.19298474203692897
1066,0.05,Randomized,0.2145623996778832
1067,0.1,Randomized,0.19298474203692897
1068,0.25,Randomized,0.19298474203692897
1069,0.5,Randomized,0.8542409538347311
1070,1.0,Randomized,0.9174506516958196
1071,5.0,Randomized,0.9990588507665358
1072,0.0,Naive,0.15241244279476956
1073,0.025,Randomized,0.15241244279476956
1074,0.05,Randomized,0.15241244279476956
1075,0.1,Randomized,0.15241244279476956
1076,0.25,Randomized,0.15241244279476956
1077,0.5,Randomized,0.8831109273790712
1078,1.0,Randomized,0.9260807809737585
1079,5.0,Randomized,0.994397009464708
1080,0.0,Naive,0.1281772665345254
1081,0.025,Randomized,0.1281772665345254
1082,0.05,Randomized,0.1281772665345254
1083,0.1,Randomized,0.1281772665345254
1084,0.25,Randomized,0.26340440173289426
1085,0.5,Randomized,0.8722220789703514
1086,1.0,Randomized,0.9688109845787995
1087,5.0,Randomized,0.9800367696405317
1088,0.0,Naive,0.12359715505271109
1089,0.025,Randomized,0.12359715505271109
1090,0.05,Randomized,0.12359715505271109
1091,0.1,Randomized,0.12359715505271109
1092,0.25,Randomized,0.12359715505271109
1093,0.5,Randomized,0.9290253021915665
1094,1.0,Randomized,0.9886956311072485
1095,5.0,Randomized,0.9342951271545239
1096,0.0,Naive,0.15545405408997737
1097,0.025,Randomized,0.15545405408997737
1098,0.05,Randomized,0.15545405408997737
1099,0.1,Randomized,0.15545405408997737
1100,0.25,Randomized,0.9487904797552807
1101,0.5,Randomized,0.9487904797552807
1102,1.0,Randomized,0.9487904797552807
1103,5.0,Randomized,0.9875414204176529
1104,0.0,Naive,0.20283495650911718
1105,0.025,Randomized,0.20283495650911718
1106,0.05,Randomized,0.20283495650911718
1107,0.1,Randomized,0.2348475197946579
1108,0.25,Randomized,0.20283495650911718
1109,0.5,Randomized,0.5300064214678661
1110,1.0,Randomized,0.613693184888779
1111,5.0,Randomized,0.9952379158401408
1112,0.0,Naive,0.19994454349723303
1113,0.025,Randomized,0.19994454349723303
1114,0.05,Randomized,0.19994454349723303
1115,0.1,Randomized,0.19994454349723303
1116,0.25,Randomized,0.9449721963467154
1117,0.5,Randomized,0.8568520825272515
1118,1.0,Randomized,0.8568520825272515
1119,5.0,Randomized,0.9033381991018183
1120,0.0,Naive,0.18693918171392143
1121,0.025,Randomized,0.18693918171392143
1122,0.05,Randomized,0.18693918171392143
1123,0.1,Randomized,0.20322485159604825
1124,0.25,Randomized,0.20322485159604825
1125,0.5,Randomized,0.9264519798066145
1126,1.0,Randomized,0.9776424629049414
1127,5.0,Randomized,0.7963891928266064
1128,0.0,Naive,0.15152133739304205
1129,0.025,Randomized,0.15152133739304205
1130,0.05,Randomized,0.15152133739304205
1131,0.1,Randomized,0.8756726161069477
1132,0.25,Randomized,0.15152133739304205
1133,0.5,Randomized,0.8985078176865913
1134,1.0,Randomized,0.9843983389546053
1135,5.0,Randomized,0.8640934317293243
1136,0.0,Naive,0.19975091300686654
1137,0.025,Randomized,0.19975091300686654
1138,0.05,Randomized,0.19975091300686654
1139,0.1,Randomized,0.19975091300686654
1140,0.25,Randomized,0.966175505831261
1141,0.5,Randomized,0.8111355359078866
1142,1.0,Randomized,0.8099418330507122
1143,5.0,Randomized,0.9711332336244048
1144,0.0,Naive,0.19249908243107203
1145,0.025,Randomized,0.19249908243107203
1146,0.05,Randomized,0.19249908243107203
1147,0.1,Randomized,0.19249908243107203
1148,0.25,Randomized,0.19249908243107203
1149,0.5,Randomized,0.5769218827037301
1150,1.0,Randomized,0.8722227313027425
1151,5.0,Randomized,0.9323455025462931
1152,0.0,Naive,0.09920003695374775
1153,0.025,Randomized,0.09920003695374775
1154,0.05,Randomized,0.09920003695374775
1155,0.1,Randomized,0.09920003695374775
1156,0.25,Randomized,0.09920003695374775
1157,0.5,Randomized,0.9028390839926043
1158,1.0,Randomized,0.943390142449251
1159,5.0,Randomized,0.9621507944351292
1160,0.0,Naive,0.12243666318905613
1161,0.025,Randomized,0.12243666318905613
1162,0.05,Randomized,0.12243666318905613
1163,0.1,Randomized,0.12243666318905613
1164,0.25,Randomized,0.12243666318905613
1165,0.5,Randomized,0.6230213388431063
1166,1.0,Randomized,0.9127465930870021
1167,5.0,Randomized,0.9947976063005223
1168,0.0,Naive,0.13904162575832635
1169,0.025,Randomized,0.13904162575832635
1170,0.05,Randomized,0.13904162575832635
1171,0.1,Randomized,0.13904162575832635
1172,0.25,Randomized,0.37171635210305226
1173,0.5,Randomized,0.7599221159123527
1174,1.0,Randomized,0.46567530924993894
1175,5.0,Randomized,0.9999448850054606
1176,0.0,Naive,0.14628543900285834
1177,0.025,Randomized,0.14628543900285834
1178,0.05,Randomized,0.14628543900285834
1179,0.1,Randomized,0.14628543900285834
1180,0.25,Randomized,0.14628543900285834
1181,0.5,Randomized,0.14628543900285834
1182,1.0,Randomized,0.9926515248446123
1183,5.0,Randomized,0.9823119358380756
1184,0.0,Naive,0.18856538328872005
1185,0.025,Randomized,0.18856538328872005
1186,0.05,Randomized,0.18856538328872005
1187,0.1,Randomized,0.18856538328872005
1188,0.25,Randomized,0.18856538328872005
1189,0.5,Randomized,0.38599863038870236
1190,1.0,Randomized,0.5748958280406217
1191,5.0,Randomized,0.9229509220581337
1192,0.0,Naive,0.13391027985133314
1193,0.025,Randomized,0.13391027985133314
1194,0.05,Randomized,0.13391027985133314
1195,0.1,Randomized,0.13391027985133314
1196,0.25,Randomized,0.13391027985133314
1197,0.5,Randomized,0.9552977785156304
1198,1.0,Randomized,0.8864798191435603
1199,5.0,Randomized,0.9590527904521977
1200,0.0,Naive,0.18494878344990429
1201,0.025,Randomized,0.18494878344990429
1202,0.05,Randomized,0.18494878344990429
1203,0.1,Randomized,0.18494878344990429
1204,0.25,Randomized,0.9057612774240619
1205,0.5,Randomized,0.9602117622692383
1206,1.0,Randomized,0.8476035685411871
1207,5.0,Randomized,0.9805821098529094
1208,0.0,Naive,0.8796886109055078
1209,0.025,Randomized,0.8796886109055078
1210,0.05,Randomized,0.8796886109055078
1211,0.1,Randomized,0.8796886109055078
1212,0.25,Randomized,0.8796886109055078
1213,0.5,Randomized,0.6180456947007108
1214,1.0,Randomized,0.8229767088634178
1215,5.0,Randomized,0.9661174319021876
1216,0.0,Naive,0.21638313238543924
1217,0.025,Randomized,0.21638313238543924
1218,0.05,Randomized,0.21638313238543924
1219,0.1,Randomized,0.8394579174831114
1220,0.25,Randomized,0.8394579174831114
1221,0.5,Randomized,0.25243517419434564
1222,1.0,Randomized,0.5119988793542922
1223,5.0,Randomized,0.8703930866528975
1224,0.0,Naive,0.17618114195596524
1225,0.025,Randomized,0.17618114195596524
1226,0.05,Randomized,0.17618114195596524
1227,0.1,Randomized,0.17618114195596524
1228,0.25,Randomized,0.17618114195596524
1229,0.5,Randomized,0.17618114195596524
1230,1.0,Randomized,0.9676917095184208
1231,5.0,Randomized,0.8734064378223486
1232,0.0,Naive,0.10052602197960996
1233,0.025,Randomized,0.10052602197960996
1234,0.05,Randomized,0.10052602197960996
1235,0.1,Randomized,0.10052602197960996
1236,0.25,Randomized,0.10052602197960996
1237,0.5,Randomized,0.8758784398079232
1238,1.0,Randomized,0.9349389381453722
1239,5.0,Randomized,0.9864323001154935
1240,0.0,Naive,0.13348012439269957
1241,0.025,Randomized,0.13348012439269957
1242,0.05,Randomized,0.13348012439269957
1243,0.1,Randomized,0.13348012439269957
1244,0.25,Randomized,0.13348012439269957
1245,0.5,Randomized,0.8946531896250829
1246,1.0,Randomized,0.889327798714608
1247,5.0,Randomized,0.9913100844380428
1248,0.0,Naive,0.14646027089592073
1249,0.025,Randomized,0.14646027089592073
1250,0.05,Randomized,0.14646027089592073
1251,0.1,Randomized,0.14646027089592073
1252,0.25,Randomized,0.14646027089592073
1253,0.5,Randomized,0.2089574540420452
1254,1.0,Randomized,0.9098565233403222
1255,5.0,Randomized,0.9390986102066056
1256,0.0,Naive,0.15521440742653242
1257,0.025,Randomized,0.15521440742653242
1258,0.05,Randomized,0.15521440742653242
1259,0.1,Randomized,0.15521440742653242
1260,0.25,Randomized,0.15521440742653242
1261,0.5,Randomized,0.8368896424800288
1262,1.0,Randomized,0.8625946418204529
1263,5.0,Randomized,0.9836676207641298
1264,0.0,Naive,0.16599058120484356
1265,0.025,Randomized,0.16599058120484356
1266,0.05,Randomized,0.16599058120484356
1267,0.1,Randomized,0.16599058120484356
1268,0.25,Randomized,0.2255745349438838
1269,0.5,Randomized,0.5284083137015905
1270,1.0,Randomized,0.823975324022874
1271,5.0,Randomized,0.9913418344079575
1272,0.0,Naive,0.1931140435345677
1273,0.025,Randomized,0.1931140435345677
1274,0.05,Randomized,0.1931140435345677
1275,0.1,Randomized,0.1931140435345677
1276,0.25,Randomized,0.1931140435345677
1277,0.5,Randomized,0.9304842715691043
1278,1.0,Randomized,0.9782417454837593
1279,5.0,Randomized,0.9488992090181305
1280,0.0,Naive,0.1807727152801703
1281,0.025,Randomized,0.1807727152801703
1282,0.05,Randomized,0.1807727152801703
1283,0.1,Randomized,0.1807727152801703
1284,0.25,Randomized,0.991781500469733
1285,0.5,Randomized,0.6363548474305893
1286,1.0,Randomized,0.7911640605703492
1287,5.0,Randomized,0.9649491740714886
1288,0.0,Naive,0.19297891869608788
1289,0.025,Randomized,0.19297891869608788
1290,0.05,Randomized,0.8992645092393192
1291,0.1,Randomized,0.20164266111418408
1292,0.25,Randomized,0.8881097991445792
1293,0.5,Randomized,0.8881097991445792
1294,1.0,Randomized,0.9995489844778446
1295,5.0,Randomized,0.9337276334342818
1296,0.0,Naive,0.11443917422870441
1297,0.025,Randomized,0.11443917422870441
1298,0.05,Randomized,0.11443917422870441
1299,0.1,Randomized,0.11443917422870441
1300,0.25,Randomized,0.9055912911735978
1301,0.5,Randomized,0.11443917422870441
1302,1.0,Randomized,0.9212447839660126
1303,5.0,Randomized,0.7536313534069944
1304,0.0,Naive,0.2047125366121993
1305,0.025,Randomized,0.2047125366121993
1306,0.05,Randomized,0.2047125366121993
1307,0.1,Randomized,0.2047125366121993
1308,0.25,Randomized,0.2047125366121993
1309,0.5,Randomized,0.896014565375806
1310,1.0,Randomized,0.7127223874471116
1311,5.0,Randomized,0.9984710090896698
1312,0.0,Naive,0.20719208759262375
1313,0.025,Randomized,0.20719208759262375
1314,0.05,Randomized,0.20719208759262375
1315,0.1,Randomized,0.20719208759262375
1316,0.25,Randomized,0.8352213444693768
1317,0.5,Randomized,0.7045122609876269
1318,1.0,Randomized,0.9250683797005002
1319,5.0,Randomized,0.9873642280787911
1320,0.0,Naive,0.16384110054517348
1321,0.025,Randomized,0.16384110054517348
1322,0.05,Randomized,0.16384110054517348
1323,0.1,Randomized,0.16384110054517348
1324,0.25,Randomized,0.16384110054517348
1325,0.5,Randomized,0.9500412122238134
1326,1.0,Randomized,0.9387197716472048
1327,5.0,Randomized,0.953100094393588
1328,0.0,Naive,0.16001741822972285
1329,0.025,Randomized,0.16001741822972285
1330,0.05,Randomized,0.16001741822972285
1331,0.1,Randomized,0.16001741822972285
1332,0.25,Randomized,0.16001741822972285
1333,0.5,Randomized,0.9399593646458203
1334,1.0,Randomized,0.9702641010135584
1335,5.0,Randomized,0.7101777437597802
1336,0.0,Naive,0.18730215906362158
1337,0.025,Randomized,0.18730215906362158
1338,0.05,Randomized,0.18730215906362158
1339,0.1,Randomized,0.18730215906362158
1340,0.25,Randomized,0.18730215906362158
1341,0.5,Randomized,0.9073895437890065
1342,1.0,Randomized,0.9073895437890065
1343,5.0,Randomized,0.9923112725391664
1344,0.0,Naive,0.13915018391191858
1345,0.025,Randomized,0.13915018391191858
1346,0.05,Randomized,0.13915018391191858
1347,0.1,Randomized,0.13915018391191858
1348,0.25,Randomized,0.13915018391191858
1349,0.5,Randomized,0.9828835330128143
1350,1.0,Randomized,0.9828835330128143
1351,5.0,Randomized,0.9566528500050833
1352,0.0,Naive,0.13603765823452607
1353,0.025,Randomized,0.13603765823452607
1354,0.05,Randomized,0.13603765823452607
1355,0.1,Randomized,0.8907431857326856
1356,0.25,Randomized,0.8907431857326856
1357,0.5,Randomized,0.9620288560521103
1358,1.0,Randomized,0.9620288560521103
1359,5.0,Randomized,0.9620288560521103
1360,0.0,Naive,0.14081839171764654
1361,0.025,Randomized,0.14081839171764654
1362,0.05,Randomized,0.14081839171764654
1363,0.1,Randomized,0.14081839171764654
1364,0.25,Randomized,0.936767578049318
1365,0.5,Randomized,0.936767578049318
1366,1.0,Randomized,0.8699029830761194
1367,5.0,Randomized,0.9056280378901856
1368,0.0,Naive,0.13710354955703558
1369,0.025,Randomized,0.13710354955703558
1370,0.05,Randomized,0.13710354955703558
1371,0.1,Randomized,0.13710354955703558
1372,0.25,Randomized,0.13710354955703558
1373,0.5,Randomized,0.8440569350417092
1374,1.0,Randomized,0.6846802357033914
1375,5.0,Randomized,0.9894541934283925
1376,0.0,Naive,0.12454858096317892
1377,0.025,Randomized,0.12454858096317892
1378,0.05,Randomized,0.12454858096317892
1379,0.1,Randomized,0.12454858096317892
1380,0.25,Randomized,0.958510505741348
1381,0.5,Randomized,0.9065568410967441
1382,1.0,Randomized,0.9029596377286797
1383,5.0,Randomized,0.958510505741348
1384,0.0,Naive,0.1787414880230541
1385,0.025,Randomized,0.1787414880230541
1386,0.05,Randomized,0.1787414880230541
1387,0.1,Randomized,0.1787414880230541
1388,0.25,Randomized,0.1787414880230541
1389,0.5,Randomized,0.8087265526480617
1390,1.0,Randomized,0.882113397969099
1391,5.0,Randomized,0.9827359966014588
1392,0.0,Naive,0.1680232647820515
1393,0.025,Randomized,0.1680232647820515
1394,0.05,Randomized,0.1680232647820515
1395,0.1,Randomized,0.7637033890247436
1396,0.25,Randomized,0.1680232647820515
1397,0.5,Randomized,0.40168727314140346
1398,1.0,Randomized,0.7691685135606666
1399,5.0,Randomized,0.9109526087462856
1400,0.0,Naive,0.1468375086522818
1401,0.025,Randomized,0.1468375086522818
1402,0.05,Randomized,0.1468375086522818
1403,0.1,Randomized,0.1468375086522818
1404,0.25,Randomized,0.8146297931033674
1405,0.5,Randomized,0.1677795958224355
1406,1.0,Randomized,0.7916812455095658
1407,5.0,Randomized,0.904878365330382
1408,0.0,Naive,0.1414895750312179
1409,0.025,Randomized,0.1414895750312179
1410,0.05,Randomized,0.1414895750312179
1411,0.1,Randomized,0.1414895750312179
1412,0.25,Randomized,0.17124041640992865
1413,0.5,Randomized,0.1414895750312179
1414,1.0,Randomized,0.879407691044234
1415,5.0,Randomized,0.997275123976971
1416,0.0,Naive,0.11803289652990294
1417,0.025,Randomized,0.11803289652990294
1418,0.05,Randomized,0.11803289652990294
1419,0.1,Randomized,0.11803289652990294
1420,0.25,Randomized,0.11803289652990294
1421,0.5,Randomized,0.999794176351277
1422,1.0,Randomized,0.7224846734078172
1423,5.0,Randomized,0.9942185241359667
1424,0.0,Naive,0.09075675915663071
1425,0.025,Randomized,0.09075675915663071
1426,0.05,Randomized,0.09075675915663071
1427,0.1,Randomized,0.09075675915663071
1428,0.25,Randomized,0.09075675915663071
1429,0.5,Randomized,0.09075675915663071
1430,1.0,Randomized,0.9351883890779418
1431,5.0,Randomized,0.9351883890779418
1432,0.0,Naive,0.11875238004548996
1433,0.025,Randomized,0.11875238004548996
1434,0.05,Randomized,0.11875238004548996
1435,0.1,Randomized,0.11875238004548996
1436,0.25,Randomized,0.11875238004548996
1437,0.5,Randomized,0.11875238004548996
1438,1.0,Randomized,0.8078597967661715
1439,5.0,Randomized,0.9590332860560198
1440,0.0,Naive,0.13966820632857205
1441,0.025,Randomized,0.13966820632857205
1442,0.05,Randomized,0.13966820632857205
1443,0.1,Randomized,0.13966820632857205
1444,0.25,Randomized,0.13966820632857205
1445,0.5,Randomized,0.6614728924305449
1446,1.0,Randomized,0.8845388239067954
1447,5.0,Randomized,0.9696512737480415
1448,0.0,Naive,0.1800417223935348
1449,0.025,Randomized,0.21199657675842684
1450,0.05,Randomized,0.21199657675842684
1451,0.1,Randomized,0.21199657675842684
1452,0.25,Randomized,0.24797113088556558
1453,0.5,Randomized,0.915205037563934
1454,1.0,Randomized,0.9398648069841882
1455,5.0,Randomized,0.9814089994662819
1456,0.0,Naive,0.20082651016231431
1457,0.025,Randomized,0.20082651016231431
1458,0.05,Randomized,0.20082651016231431
1459,0.1,Randomized,0.20082651016231431
1460,0.25,Randomized,0.20082651016231431
1461,0.5,Randomized,0.9946297136619473
1462,1.0,Randomized,0.7799216878780388
1463,5.0,Randomized,0.9886432728024183
1464,0.0,Naive,0.17133921866534965
1465,0.025,Randomized,0.17133921866534965
1466,0.05,Randomized,0.17133921866534965
1467,0.1,Randomized,0.17133921866534965
1468,0.25,Randomized,0.9650386765032417
1469,0.5,Randomized,0.7874543910742389
1470,1.0,Randomized,0.8605048764284748
1471,5.0,Randomized,0.9533980586462704
1472,0.0,Naive,0.15774177412892487
1473,0.025,Randomized,0.15774177412892487
1474,0.05,Randomized,0.15774177412892487
1475,0.1,Randomized,0.15774177412892487
1476,0.25,Randomized,0.15774177412892487
1477,0.5,Randomized,0.9370863410065925
1478,1.0,Randomized,0.923303069481332
1479,5.0,Randomized,0.8281470345704226
1480,0.0,Naive,0.19719684838592338
1481,0.025,Randomized,0.19719684838592338
1482,0.05,Randomized,0.19719684838592338
1483,0.1,Randomized,0.19719684838592338
1484,0.25,Randomized,0.19719684838592338
1485,0.5,Randomized,0.9544102266895775
1486,1.0,Randomized,0.9800855008787636
1487,5.0,Randomized,0.9733036106567164
1488,0.0,Naive,0.7968590901422061
1489,0.025,Randomized,0.7968590901422061
1490,0.05,Randomized,0.7968590901422061
1491,0.1,Randomized,0.22578165440425488
1492,0.25,Randomized,0.9102949899219427
1493,0.5,Randomized,0.9102949899219427
1494,1.0,Randomized,0.9511289774598822
1495,5.0,Randomized,0.8253964540299966
1496,0.0,Naive,0.1726648483801282
1497,0.025,Randomized,0.1726648483801282
1498,0.05,Randomized,0.1726648483801282
1499,0.1,Randomized,0.1726648483801282
1500,0.25,Randomized,0.8623231557009037
1501,0.5,Randomized,0.8623231557009037
1502,1.0,Randomized,0.8754892339726184
1503,5.0,Randomized,0.992740331218717
1504,0.0,Naive,0.9202395491250306
1505,0.025,Randomized,0.9202395491250306
1506,0.05,Randomized,0.9470523146722057
1507,0.1,Randomized,0.9470523146722057
1508,0.25,Randomized,0.7979077768483215
1509,0.5,Randomized,0.9202395491250306
1510,1.0,Randomized,0.8548397158910662
1511,5.0,Randomized,0.9910653707550384
1512,0.0,Naive,0.1636100053282113
1513,0.025,Randomized,0.1636100053282113
1514,0.05,Randomized,0.1636100053282113
1515,0.1,Randomized,0.1636100053282113
1516,0.25,Randomized,0.1636100053282113
1517,0.5,Randomized,0.8002149302947227
1518,1.0,Randomized,0.7800108139942596
1519,5.0,Randomized,0.9682451630000837
1520,0.0,Naive,0.1254731258139445
1521,0.025,Randomized,0.1254731258139445
1522,0.05,Randomized,0.1254731258139445
1523,0.1,Randomized,0.1254731258139445
1524,0.25,Randomized,0.1254731258139445
1525,0.5,Randomized,0.6042038992362802
1526,1.0,Randomized,0.9693986113893365
1527,5.0,Randomized,0.9938990636246054
1528,0.0,Naive,0.20525245309471213
1529,0.025,Randomized,0.20525245309471213
1530,0.05,Randomized,0.20525245309471213
1531,0.1,Randomized,0.20525245309471213
1532,0.25,Randomized,0.9457173010603166
1533,0.5,Randomized,0.2039624375765389
1534,1.0,Randomized,0.6357764126345531
1535,5.0,Randomized,0.844221588671541
1536,0.0,Naive,0.20307520128342318
1537,0.025,Randomized,0.20307520128342318
1538,0.05,Randomized,0.20307520128342318
1539,0.1,Randomized,0.20307520128342318
1540,0.25,Randomized,0.9669129464273487
1541,0.5,Randomized,0.6995389586089047
1542,1.0,Randomized,0.6893976997574874
1543,5.0,Randomized,0.9822837498700916
1544,0.0,Naive,0.13414901570043514
1545,0.025,Randomized,0.13414901570043514
1546,0.05,Randomized,0.13414901570043514
1547,0.1,Randomized,0.13414901570043514
1548,0.25,Randomized,0.2641063561150973
1549,0.5,Randomized,0.41382690775520287
1550,1.0,Randomized,0.9691072824110897
1551,5.0,Randomized,0.9957621724445631
1552,0.0,Naive,0.1623278875907989
1553,0.025,Randomized,0.1623278875907989
1554,0.05,Randomized,0.1623278875907989
1555,0.1,Randomized,0.1623278875907989
1556,0.25,Randomized,0.1623278875907989
1557,0.5,Randomized,0.1623278875907989
1558,1.0,Randomized,0.6509830745508326
1559,5.0,Randomized,0.9588798572472246
1560,0.0,Naive,0.15915350649807186
1561,0.025,Randomized,0.15915350649807186
1562,0.05,Randomized,0.15915350649807186
1563,0.1,Randomized,0.8811334859919587
1564,0.25,Randomized,0.9083747883709711
1565,0.5,Randomized,0.9083747883709711
1566,1.0,Randomized,0.9637004925579472
1567,5.0,Randomized,0.9598040804242406
1568,0.0,Naive,0.16124181648655134
1569,0.025,Randomized,0.8704027026674017
1570,0.05,Randomized,0.8704027026674017
1571,0.1,Randomized,0.8704027026674017
1572,0.25,Randomized,0.9704919602366454
1573,0.5,Randomized,0.912290541039805
1574,1.0,Randomized,0.8951947282492383
1575,5.0,Randomized,0.7152024067073097
1576,0.0,Naive,0.15831316412104704
1577,0.025,Randomized,0.15831316412104704
1578,0.05,Randomized,0.15831316412104704
1579,0.1,Randomized,0.15831316412104704
1580,0.25,Randomized,0.2812145731046911
1581,0.5,Randomized,0.5080604856898547
1582,1.0,Randomized,0.670354250694702
1583,5.0,Randomized,0.863381789058604
1584,0.0,Naive,0.14832069870106404
1585,0.025,Randomized,0.14832069870106404
1586,0.05,Randomized,0.14832069870106404
1587,0.1,Randomized,0.14832069870106404
1588,0.25,Randomized,0.14832069870106404
1589,0.5,Randomized,0.9988555551784083
1590,1.0,Randomized,0.9988555551784083
1591,5.0,Randomized,0.9944469684996609
1592,0.0,Naive,0.09303799058871288
1593,0.025,Randomized,0.09303799058871288
1594,0.05,Randomized,0.09303799058871288
1595,0.1,Randomized,0.09303799058871288
1596,0.25,Randomized,0.09303799058871288
1597,0.5,Randomized,0.7711604638139544
1598,1.0,Randomized,0.9366499107087575
1599,5.0,Randomized,0.8723117660604873
1600,0.0,Naive,0.10717511227983252
1601,0.025,Randomized,0.10717511227983252
1602,0.05,Randomized,0.10717511227983252
1603,0.1,Randomized,0.10717511227983252
1604,0.25,Randomized,0.10717511227983252
1605,0.5,Randomized,0.8528435817720008
1606,1.0,Randomized,0.8225138259599254
1607,5.0,Randomized,0.9738005909703116
1608,0.0,Naive,0.7426905080787106
1609,0.025,Randomized,0.7426905080787106
1610,0.05,Randomized,0.7426905080787106
1611,0.1,Randomized,0.9551922726772063
1612,0.25,Randomized,0.873757432475942
1613,0.5,Randomized,0.9679974884949561
1614,1.0,Randomized,0.9679974884949561
1615,5.0,Randomized,0.9696063956262301
1616,0.0,Naive,0.844780913194193
1617,0.025,Randomized,0.844780913194193
1618,0.05,Randomized,0.844780913194193
1619,0.1,Randomized,0.844780913194193
1620,0.25,Randomized,0.844780913194193
1621,0.5,Randomized,0.844780913194193
1622,1.0,Randomized,0.844780913194193
1623,5.0,Randomized,0.8621159468095806
1624,0.0,Naive,0.19995224087132973
1625,0.025,Randomized,0.19995224087132973
1626,0.05,Randomized,0.19995224087132973
1627,0.1,Randomized,0.19995224087132973
1628,0.25,Randomized,0.7097834589731278
1629,0.5,Randomized,0.802688098754494
1630,1.0,Randomized,0.7061593694953353
1631,5.0,Randomized,0.9948912129435122
1632,0.0,Naive,0.13882081225883
1633,0.025,Randomized,0.13882081225883
1634,0.05,Randomized,0.13882081225883
1635,0.1,Randomized,0.13882081225883
1636,0.25,Randomized,0.13882081225883
1637,0.5,Randomized,0.8707671071105094
1638,1.0,Randomized,0.6733857047871651
1639,5.0,Randomized,0.9361441955615658
1640,0.0,Naive,0.1620263102275914
1641,0.025,Randomized,0.1620263102275914
1642,0.05,Randomized,0.1620263102275914
1643,0.1,Randomized,0.1620263102275914
1644,0.25,Randomized,0.7988461615558012
1645,0.5,Randomized,0.7158530077790595
1646,1.0,Randomized,0.47063494384863974
1647,5.0,Randomized,0.9975012356528355
1648,0.0,Naive,0.15530632345490164
1649,0.025,Randomized,0.15530632345490164
1650,0.05,Randomized,0.15530632345490164
1651,0.1,Randomized,0.15530632345490164
1652,0.25,Randomized,0.9212432832180206
1653,0.5,Randomized,0.9212432832180206
1654,1.0,Randomized,0.9471428216933602
1655,5.0,Randomized,0.9471428216933602
1656,0.0,Naive,0.15311818304449584
1657,0.025,Randomized,0.15311818304449584
1658,0.05,Randomized,0.15311818304449584
1659,0.1,Randomized,0.15311818304449584
1660,0.25,Randomized,0.15311818304449584
1661,0.5,Randomized,0.15311818304449584
1662,1.0,Randomized,0.8157664286630752
1663,5.0,Randomized,0.5360118773863264
1664,0.0,Naive,0.20365142054278854
1665,0.025,Randomized,0.20365142054278854
1666,0.05,Randomized,0.20365142054278854
1667,0.1,Randomized,0.20365142054278854
1668,0.25,Randomized,0.9260898953457901
1669,0.5,Randomized,0.9632918014832874
1670,1.0,Randomized,0.7513122742136187
1671,5.0,Randomized,0.9957912021257627
1672,0.0,Naive,0.19772773324586343
1673,0.025,Randomized,0.19772773324586343
1674,0.05,Randomized,0.19772773324586343
1675,0.1,Randomized,0.8464654138462119
1676,0.25,Randomized,0.19772773324586343
1677,0.5,Randomized,0.8464654138462119
1678,1.0,Randomized,0.8464654138462119
1679,5.0,Randomized,0.9971147926002596
1680,0.0,Naive,0.9156096096365324
1681,0.025,Randomized,0.9262742296247893
1682,0.05,Randomized,0.9262742296247893
1683,0.1,Randomized,0.942463840071947
1684,0.25,Randomized,0.22675591393976263
1685,0.5,Randomized,0.9932981594567332
1686,1.0,Randomized,0.924261142291282
1687,5.0,Randomized,0.9413671841655433
1688,0.0,Naive,0.15023550010032272
1689,0.025,Randomized,0.15023550010032272
1690,0.05,Randomized,0.15023550010032272
1691,0.1,Randomized,0.15023550010032272
1692,0.25,Randomized,0.15023550010032272
1693,0.5,Randomized,0.5274233466153758
1694,1.0,Randomized,0.9992429851072931
1695,5.0,Randomized,0.9949355042005384
1696,0.0,Naive,0.1776547119325758
1697,0.025,Randomized,0.1776547119325758
1698,0.05,Randomized,0.1776547119325758
1699,0.1,Randomized,0.1776547119325758
1700,0.25,Randomized,0.1776547119325758
1701,0.5,Randomized,0.9245563221832118
1702,1.0,Randomized,0.8931682709424431
1703,5.0,Randomized,0.881368255419837
1704,0.0,Naive,0.13759823446581188
1705,0.025,Randomized,0.13759823446581188
1706,0.05,Randomized,0.13759823446581188
1707,0.1,Randomized,0.13759823446581188
1708,0.25,Randomized,0.16907779013475546
1709,0.5,Randomized,0.35127838006570905
1710,1.0,Randomized,0.9615964091007705
1711,5.0,Randomized,0.9988480348763764
1712,0.0,Naive,0.17175149419283492
1713,0.025,Randomized,0.17175149419283492
1714,0.05,Randomized,0.17175149419283492
1715,0.1,Randomized,0.17175149419283492
1716,0.25,Randomized,0.17175149419283492
1717,0.5,Randomized,0.8102827617119609
1718,1.0,Randomized,0.6492376714345854
1719,5.0,Randomized,0.9986523250921365
1720,0.0,Naive,0.165494621426686
1721,0.025,Randomized,0.165494621426686
1722,0.05,Randomized,0.165494621426686
1723,0.1,Randomized,0.165494621426686
1724,0.25,Randomized,0.165494621426686
1725,0.5,Randomized,0.35281260766321165
1726,1.0,Randomized,0.9127003992577875
1727,5.0,Randomized,0.9571145762543947
1728,0.0,Naive,0.14339020246773657
1729,0.025,Randomized,0.14339020246773657
1730,0.05,Randomized,0.14339020246773657
1731,0.1,Randomized,0.14339020246773657
1732,0.25,Randomized,0.5261565376956335
1733,0.5,Randomized,0.2305778520544417
1734,1.0,Randomized,0.5692611878955324
1735,5.0,Randomized,0.9802093355007522
1736,0.0,Naive,0.17653713040867208
1737,0.025,Randomized,0.17653713040867208
1738,0.05,Randomized,0.8181739991331833
1739,0.1,Randomized,0.8181739991331833
1740,0.25,Randomized,0.8739977597509684
1741,0.5,Randomized,0.528350797581304
1742,1.0,Randomized,0.9772494330481722
1743,5.0,Randomized,0.9790780571369677
1744,0.0,Naive,0.24867812429522848
1745,0.025,Randomized,0.24867812429522848
1746,0.05,Randomized,0.24867812429522848
1747,0.1,Randomized,0.24867812429522848
1748,0.25,Randomized,0.9130297542438797
1749,0.5,Randomized,0.9235251538265341
1750,1.0,Randomized,0.8750175058663879
1751,5.0,Randomized,0.8631828929087556
1752,0.0,Naive,0.8592571234131016
1753,0.025,Randomized,0.8592571234131016
1754,0.05,Randomized,0.19470617211602462
1755,0.1,Randomized,0.8592571234131016
1756,0.25,Randomized,0.8592571234131016
1757,0.5,Randomized,0.9339339678039301
1758,1.0,Randomized,0.8022997157334225
1759,5.0,Randomized,0.9723979954121068
1760,0.0,Naive,0.16345741996462143
1761,0.025,Randomized,0.16345741996462143
1762,0.05,Randomized,0.16345741996462143
1763,0.1,Randomized,0.16345741996462143
1764,0.25,Randomized,0.16345741996462143
1765,0.5,Randomized,0.8965205435316685
1766,1.0,Randomized,0.7618899176070703
1767,5.0,Randomized,0.9902408647401576
1768,0.0,Naive,0.15004555373048067
1769,0.025,Randomized,0.15004555373048067
1770,0.05,Randomized,0.15004555373048067
1771,0.1,Randomized,0.15004555373048067
1772,0.25,Randomized,0.15004555373048067
1773,0.5,Randomized,0.15004555373048067
1774,1.0,Randomized,0.8620370460542212
1775,5.0,Randomized,0.9953986158050796
1776,0.0,Naive,0.8874556302990229
1777,0.025,Randomized,0.8874556302990229
1778,0.05,Randomized,0.8874556302990229
1779,0.1,Randomized,0.9450772422845727
1780,0.25,Randomized,0.8215389176652084
1781,0.5,Randomized,0.8867768606594053
1782,1.0,Randomized,0.9809150833845904
1783,5.0,Randomized,0.9232929907688259
1784,0.0,Naive,0.16554917278366554
1785,0.025,Randomized,0.16554917278366554
1786,0.05,Randomized,0.16554917278366554
1787,0.1,Randomized,0.16554917278366554
1788,0.25,Randomized,0.16554917278366554
1789,0.5,Randomized,0.8034859233346348
1790,1.0,Randomized,0.8804092175530076
1791,5.0,Randomized,0.953636672022804
1792,0.0,Naive,0.10692718015525199
1793,0.025,Randomized,0.10692718015525199
1794,0.05,Randomized,0.10692718015525199
1795,0.1,Randomized,0.10692718015525199
1796,0.25,Randomized,0.10692718015525199
1797,0.5,Randomized,0.9633735572811805
1798,1.0,Randomized,0.8670627127007167
1799,5.0,Randomized,0.9050306820596382
1800,0.0,Naive,0.20919537990285694
1801,0.025,Randomized,0.20919537990285694
1802,0.05,Randomized,0.20919537990285694
1803,0.1,Randomized,0.20919537990285694
1804,0.25,Randomized,0.2546212290828622
1805,0.5,Randomized,0.336191008036049
1806,1.0,Randomized,0.9625287842026984
1807,5.0,Randomized,0.7534139987681747
1808,0.0,Naive,0.20476830045474817
1809,0.025,Randomized,0.20476830045474817
1810,0.05,Randomized,0.20476830045474817
1811,0.1,Randomized,0.20476830045474817
1812,0.25,Randomized,0.20476830045474817
1813,0.5,Randomized,0.7871656389238059
1814,1.0,Randomized,0.6250671836852193
1815,5.0,Randomized,0.825262562170076
1816,0.0,Naive,0.15300090147195106
1817,0.025,Randomized,0.15300090147195106
1818,0.05,Randomized,0.15300090147195106
1819,0.1,Randomized,0.15300090147195106
1820,0.25,Randomized,0.9608775276433861
1821,0.5,Randomized,0.9743554471612604
1822,1.0,Randomized,0.8351579063750133
1823,5.0,Randomized,0.9785688313235256
1824,0.0,Naive,0.1764908660115586
1825,0.025,Randomized,0.1764908660115586
1826,0.05,Randomized,0.1764908660115586
1827,0.1,Randomized,0.1764908660115586
1828,0.25,Randomized,0.1764908660115586
1829,0.5,Randomized,0.993164659617812
1830,1.0,Randomized,0.9214982736475886
1831,5.0,Randomized,0.9780702257269361
1832,0.0,Naive,0.12879879950769887
1833,0.025,Randomized,0.12879879950769887
1834,0.05,Randomized,0.12879879950769887
1835,0.1,Randomized,0.12879879950769887
1836,0.25,Randomized,0.12879879950769887
1837,0.5,Randomized,0.12879879950769887
1838,1.0,Randomized,0.9550158013369524
1839,5.0,Randomized,0.9170082639203911
1840,0.0,Naive,0.17566276382128276
1841,0.025,Randomized,0.17566276382128276
1842,0.05,Randomized,0.17566276382128276
1843,0.1,Randomized,0.17566276382128276
1844,0.25,Randomized,0.17566276382128276
1845,0.5,Randomized,0.4453874937813869
1846,1.0,Randomized,0.8113480930446031
1847,5.0,Randomized,0.8403601245251189
1848,0.0,Naive,0.7021663193529524
1849,0.025,Randomized,0.854736388924508
1850,0.05,Randomized,0.7021663193529524
1851,0.1,Randomized,0.7021663193529524
1852,0.25,Randomized,0.7021663193529524
1853,0.5,Randomized,0.854736388924508
1854,1.0,Randomized,0.7021663193529524
1855,5.0,Randomized,0.9242036269132979
1856,0.0,Naive,0.1115534059000598
1857,0.025,Randomized,0.1115534059000598
1858,0.05,Randomized,0.1115534059000598
1859,0.1,Randomized,0.1115534059000598
1860,0.25,Randomized,0.1115534059000598
1861,0.5,Randomized,0.9617032947624099
1862,1.0,Randomized,0.9617032947624099
1863,5.0,Randomized,0.9483582643745474
1864,0.0,Naive,0.18409522795078342
1865,0.025,Randomized,0.18409522795078342
1866,0.05,Randomized,0.18409522795078342
1867,0.1,Randomized,0.18409522795078342
1868,0.25,Randomized,0.18409522795078342
1869,0.5,Randomized,0.843915741802204
1870,1.0,Randomized,0.7819922926776403
1871,5.0,Randomized,0.9761438782192899
1872,0.0,Naive,0.13827475354266183
1873,0.025,Randomized,0.13827475354266183
1874,0.05,Randomized,0.13827475354266183
1875,0.1,Randomized,0.13827475354266183
1876,0.25,Randomized,0.8997316586879089
1877,0.5,Randomized,0.969398028380381
1878,1.0,Randomized,0.9573154164319861
1879,5.0,Randomized,0.8997316586879089
1880,0.0,Naive,0.2350777244797579
1881,0.025,Randomized,0.880820237375497
1882,0.05,Randomized,0.880820237375497
1883,0.1,Randomized,0.880820237375497
1884,0.25,Randomized,0.3683904710235257
1885,0.5,Randomized,0.880820237375497
1886,1.0,Randomized,0.7807894802901056
1887,5.0,Randomized,0.9812372627342755
1888,0.0,Naive,0.10469342205354379
1889,0.025,Randomized,0.10469342205354379
1890,0.05,Randomized,0.10469342205354379
1891,0.1,Randomized,0.10469342205354379
1892,0.25,Randomized,0.10469342205354379
1893,0.5,Randomized,0.17455312011625587
1894,1.0,Randomized,0.7570342884040602
1895,5.0,Randomized,0.9972220805691516
1896,0.0,Naive,0.11757529679035642
1897,0.025,Randomized,0.11757529679035642
1898,0.05,Randomized,0.11757529679035642
1899,0.1,Randomized,0.11757529679035642
1900,0.25,Randomized,0.611099790578493
1901,0.5,Randomized,0.8154448039553215
1902,1.0,Randomized,0.7881798489753352
1903,5.0,Randomized,0.9573776057513447
1904,0.0,Naive,0.20750143196057372
1905,0.025,Randomized,0.20750143196057372
1906,0.05,Randomized,0.20750143196057372
1907,0.1,Randomized,0.20750143196057372
1908,0.25,Randomized,0.20750143196057372
1909,0.5,Randomized,0.7539418996920968
1910,1.0,Randomized,0.7664726159297184
1911,5.0,Randomized,0.9906555944206283
1912,0.0,Naive,0.16522395166947734
1913,0.025,Randomized,0.16522395166947734
1914,0.05,Randomized,0.16522395166947734
1915,0.1,Randomized,0.16522395166947734
1916,0.25,Randomized,0.16522395166947734
1917,0.5,Randomized,0.9408399224737934
1918,1.0,Randomized,0.9720370360746887
1919,5.0,Randomized,0.8231323959297177
1920,0.0,Naive,0.1414067180334052
1921,0.025,Randomized,0.1414067180334052
1922,0.05,Randomized,0.1414067180334052
1923,0.1,Randomized,0.1414067180334052
1924,0.25,Randomized,0.1414067180334052
1925,0.5,Randomized,0.9205632305778495
1926,1.0,Randomized,0.8659303100358899
1927,5.0,Randomized,0.9737293541807703
1928,0.0,Naive,0.12146548507694378
1929,0.025,Randomized,0.12146548507694378
1930,0.05,Randomized,0.12146548507694378
1931,0.1,Randomized,0.12146548507694378
1932,0.25,Randomized,0.12146548507694378
1933,0.5,Randomized,0.970962233139052
1934,1.0,Randomized,0.95667831234646
1935,5.0,Randomized,0.9413250880346663
1936,0.0,Naive,0.23406380842386915
1937,0.025,Randomized,0.23406380842386915
1938,0.05,Randomized,0.23406380842386915
1939,0.1,Randomized,0.9737815443205478
1940,0.25,Randomized,0.8468716057228782
1941,0.5,Randomized,0.9559539232030277
1942,1.0,Randomized,0.9613985247026632
1943,5.0,Randomized,0.9462989421144697
1944,0.0,Naive,0.17380896603065668
1945,0.025,Randomized,0.17380896603065668
1946,0.05,Randomized,0.17380896603065668
1947,0.1,Randomized,0.17380896603065668
1948,0.25,Randomized,0.17380896603065668
1949,0.5,Randomized,0.9612267901896967
1950,1.0,Randomized,0.921435491361737
1951,5.0,Randomized,0.9383179781243696
1952,0.0,Naive,0.24570882728001958
1953,0.025,Randomized,0.24570882728001958
1954,0.05,Randomized,0.24570882728001958
1955,0.1,Randomized,0.24570882728001958
1956,0.25,Randomized,0.6960828766123052
1957,0.5,Randomized,0.9650871890968274
1958,1.0,Randomized,0.9448337663347557
1959,5.0,Randomized,0.8811481524451079
1960,0.0,Naive,0.18752775763047655
1961,0.025,Randomized,0.18752775763047655
1962,0.05,Randomized,0.18752775763047655
1963,0.1,Randomized,0.18752775763047655
1964,0.25,Randomized,0.18752775763047655
1965,0.5,Randomized,0.9517532453433878
1966,1.0,Randomized,0.4579593308764235
1967,5.0,Randomized,0.7924708231328873
1968,0.0,Naive,0.12405848577613614
1969,0.025,Randomized,0.12405848577613614
1970,0.05,Randomized,0.12405848577613614
1971,0.1,Randomized,0.12405848577613614
1972,0.25,Randomized,0.12405848577613614
1973,0.5,Randomized,0.8512395971848112
1974,1.0,Randomized,0.8723360726910662
1975,5.0,Randomized,0.9066236184026555
1976,0.0,Naive,0.8214112028110744
1977,0.025,Randomized,0.8214112028110744
1978,0.05,Randomized,0.8214112028110744
1979,0.1,Randomized,0.19943586368957666
1980,0.25,Randomized,0.19943586368957666
1981,0.5,Randomized,0.19943586368957666
1982,1.0,Randomized,0.8780166972897264
1983,5.0,Randomized,0.9934704849252671
1984,0.0,Naive,0.13875436999342192
1985,0.025,Randomized,0.13875436999342192
1986,0.05,Randomized,0.13875436999342192
1987,0.1,Randomized,0.13875436999342192
1988,0.25,Randomized,0.13875436999342192
1989,0.5,Randomized,0.6429820055182538
1990,1.0,Randomized,0.9747409626040082
1991,5.0,Randomized,0.9263774549784818
1992,0.0,Naive,0.17973128999995364
1993,0.025,Randomized,0.17973128999995364
1994,0.05,Randomized,0.17973128999995364
1995,0.1,Randomized,0.17973128999995364
1996,0.25,Randomized,0.17973128999995364
1997,0.5,Randomized,0.9301013868263004
1998,1.0,Randomized,0.9301013868263004
1999,5.0,Randomized,0.9301013868263004
2000,0.0,Naive,0.17077776524557736
2001,0.025,Randomized,0.17077776524557736
2002,0.05,Randomized,0.17077776524557736
2003,0.1,Randomized,0.1953000866262149
2004,0.25,Randomized,0.7312181197404997
2005,0.5,Randomized,0.8642870861091053
2006,1.0,Randomized,0.7677609583348516
2007,5.0,Randomized,0.9759950909406997
2008,0.0,Naive,0.10993823612062346
2009,0.025,Randomized,0.10993823612062346
2010,0.05,Randomized,0.10993823612062346
2011,0.1,Randomized,0.10993823612062346
2012,0.25,Randomized,0.10993823612062346
2013,0.5,Randomized,0.873271828825544
2014,1.0,Randomized,0.9743532966977666
2015,5.0,Randomized,0.9741547068790825
2016,0.0,Naive,0.2892560748022039
2017,0.025,Randomized,0.2892560748022039
2018,0.05,Randomized,0.2892560748022039
2019,0.1,Randomized,0.2892560748022039
2020,0.25,Randomized,0.9739079641418121
2021,0.5,Randomized,0.7624512767619118
2022,1.0,Randomized,0.8681092967592281
2023,5.0,Randomized,0.8102073917004814
2024,0.0,Naive,0.15869004119601063
2025,0.025,Randomized,0.15869004119601063
2026,0.05,Randomized,0.15869004119601063
2027,0.1,Randomized,0.15869004119601063
2028,0.25,Randomized,0.6868920105835904
2029,0.5,Randomized,0.9345071765883263
2030,1.0,Randomized,0.7524351859435755
2031,5.0,Randomized,0.9952961207765963
2032,0.0,Naive,0.8424780714935607
2033,0.025,Randomized,0.8424780714935607
2034,0.05,Randomized,0.8424780714935607
2035,0.1,Randomized,0.8424780714935607
2036,0.25,Randomized,0.8424780714935607
2037,0.5,Randomized,0.8624135686236538
2038,1.0,Randomized,0.81592615892773
2039,5.0,Randomized,0.9066922156935797
2040,0.0,Naive,0.22642765098074405
2041,0.025,Randomized,0.22642765098074405
2042,0.05,Randomized,0.22642765098074405
2043,0.1,Randomized,0.22642765098074405
2044,0.25,Randomized,0.5192522996904876
2045,0.5,Randomized,0.8204902704270471
2046,1.0,Randomized,0.921562406878353
2047,5.0,Randomized,0.9088375608784455
2048,0.0,Naive,0.22555459464901859
2049,0.025,Randomized,0.22555459464901859
2050,0.05,Randomized,0.22555459464901859
2051,0.1,Randomized,0.22555459464901859
2052,0.25,Randomized,0.41978718469482734
2053,0.5,Randomized,0.8162598153894853
2054,1.0,Randomized,0.9861595799041353
2055,5.0,Randomized,0.9922688681822771
2056,0.0,Naive,0.1206077116884556
2057,0.025,Randomized,0.1206077116884556
2058,0.05,Randomized,0.1206077116884556
2059,0.1,Randomized,0.1206077116884556
2060,0.25,Randomized,0.1206077116884556
2061,0.5,Randomized,0.919593028116853
2062,1.0,Randomized,0.8703521227957471
2063,5.0,Randomized,0.975761433002754
2064,0.0,Naive,0.1932197029799939
2065,0.025,Randomized,0.1932197029799939
2066,0.05,Randomized,0.1932197029799939
2067,0.1,Randomized,0.1932197029799939
2068,0.25,Randomized,0.2505110248724237
2069,0.5,Randomized,0.671865085960989
2070,1.0,Randomized,0.886251500711918
2071,5.0,Randomized,0.699722443866613
2072,0.0,Naive,0.22486054326494273
2073,0.025,Randomized,0.22486054326494273
2074,0.05,Randomized,0.22486054326494273
2075,0.1,Randomized,0.205741312112719
2076,0.25,Randomized,0.22486054326494273
2077,0.5,Randomized,0.22486054326494273
2078,1.0,Randomized,0.937718446278362
2079,5.0,Randomized,0.9844550531755536
2080,0.0,Naive,0.14398178467226394
2081,0.025,Randomized,0.14398178467226394
2082,0.05,Randomized,0.14398178467226394
2083,0.1,Randomized,0.14398178467226394
2084,0.25,Randomized,0.14398178467226394
2085,0.5,Randomized,0.9918862875758458
2086,1.0,Randomized,0.9918862875758458
2087,5.0,Randomized,0.923826342086422
2088,0.0,Naive,0.19344404031203702
2089,0.025,Randomized,0.19344404031203702
2090,0.05,Randomized,0.19344404031203702
2091,0.1,Randomized,0.19344404031203702
2092,0.25,Randomized,0.9265462262985931
2093,0.5,Randomized,0.9265462262985931
2094,1.0,Randomized,0.9265462262985931
2095,5.0,Randomized,0.976226156662762
2096,0.0,Naive,0.13925355863004849
2097,0.025,Randomized,0.13925355863004849
2098,0.05,Randomized,0.13925355863004849
2099,0.1,Randomized,0.13925355863004849
2100,0.25,Randomized,0.13925355863004849
2101,0.5,Randomized,0.13925355863004849
2102,1.0,Randomized,0.8224190719875005
2103,5.0,Randomized,0.8851558418456136
2104,0.0,Naive,0.22279269885585648
2105,0.025,Randomized,0.22279269885585648
2106,0.05,Randomized,0.22279269885585648
2107,0.1,Randomized,0.22279269885585648
2108,0.25,Randomized,0.42378112788782396
2109,0.5,Randomized,0.946890452965355
2110,1.0,Randomized,0.9354132594758485
2111,5.0,Randomized,0.9683017252610343
2112,0.0,Naive,0.07930397080356968
2113,0.025,Randomized,0.07930397080356968
2114,0.05,Randomized,0.07930397080356968
2115,0.1,Randomized,0.07930397080356968
2116,0.25,Randomized,0.8881176673087434
2117,0.5,Randomized,0.7037114646759007
2118,1.0,Randomized,0.9230722815660845
2119,5.0,Randomized,0.8922415688423616
2120,0.0,Naive,0.17936333553054096
2121,0.025,Randomized,0.17936333553054096
2122,0.05,Randomized,0.17936333553054096
2123,0.1,Randomized,0.17936333553054096
2124,0.25,Randomized,0.8362768195172197
2125,0.5,Randomized,0.9354891114730507
2126,1.0,Randomized,0.9354891114730507
2127,5.0,Randomized,0.952471452912708
2128,0.0,Naive,0.15804053662893836
2129,0.025,Randomized,0.15804053662893836
2130,0.05,Randomized,0.15804053662893836
2131,0.1,Randomized,0.15804053662893836
2132,0.25,Randomized,0.977078952738093
2133,0.5,Randomized,0.977078952738093
2134,1.0,Randomized,0.977078952738093
2135,5.0,Randomized,0.977078952738093
2136,0.0,Naive,0.16285460254536274
2137,0.025,Randomized,0.16285460254536274
2138,0.05,Randomized,0.16285460254536274
2139,0.1,Randomized,0.16285460254536274
2140,0.25,Randomized,0.16285460254536274
2141,0.5,Randomized,0.9248193175714181
2142,1.0,Randomized,0.9248193175714181
2143,5.0,Randomized,0.9046720826997713
2144,0.0,Naive,0.16842045405204617
2145,0.025,Randomized,0.16842045405204617
2146,0.05,Randomized,0.16842045405204617
2147,0.1,Randomized,0.9279124797157517
2148,0.25,Randomized,0.8333455269514467
2149,0.5,Randomized,0.7866523594496724
2150,1.0,Randomized,0.9477578291294024
2151,5.0,Randomized,0.9192481139758631
2152,0.0,Naive,0.8234513119879461
2153,0.025,Randomized,0.2416462065901898
2154,0.05,Randomized,0.2416462065901898
2155,0.1,Randomized,0.23730018357465948
2156,0.25,Randomized,0.9153972598918174
2157,0.5,Randomized,0.9428439142681287
2158,1.0,Randomized,0.9045404382960734
2159,5.0,Randomized,0.8392753471623233
2160,0.0,Naive,0.16452613478464492
2161,0.025,Randomized,0.16452613478464492
2162,0.05,Randomized,0.16452613478464492
2163,0.1,Randomized,0.16452613478464492
2164,0.25,Randomized,0.16452613478464492
2165,0.5,Randomized,0.8657682875711221
2166,1.0,Randomized,0.8657682875711221
2167,5.0,Randomized,0.9956736170594995
2168,0.0,Naive,0.1129891750850702
2169,0.025,Randomized,0.1129891750850702
2170,0.05,Randomized,0.1129891750850702
2171,0.1,Randomized,0.1129891750850702
2172,0.25,Randomized,0.865871896988196
2173,0.5,Randomized,0.976039661599739
2174,1.0,Randomized,0.9400186549946361
2175,5.0,Randomized,0.978805840538938
2176,0.0,Naive,0.09883702570972282
2177,0.025,Randomized,0.09883702570972282
2178,0.05,Randomized,0.09883702570972282
2179,0.1,Randomized,0.09883702570972282
2180,0.25,Randomized,0.2113815155362724
2181,0.5,Randomized,0.09883702570972282
2182,1.0,Randomized,0.7491926855054201
2183,5.0,Randomized,0.9988204740190008
2184,0.0,Naive,0.1370767543281181
2185,0.025,Randomized,0.1370767543281181
2186,0.05,Randomized,0.1370767543281181
2187,0.1,Randomized,0.1370767543281181
2188,0.25,Randomized,0.1370767543281181
2189,0.5,Randomized,0.9634439220377036
2190,1.0,Randomized,0.9634439220377036
2191,5.0,Randomized,0.9271811520070123
2192,0.0,Naive,0.1563492639236022
2193,0.025,Randomized,0.1563492639236022
2194,0.05,Randomized,0.1563492639236022
2195,0.1,Randomized,0.1563492639236022
2196,0.25,Randomized,0.8722491139938178
2197,0.5,Randomized,0.8722491139938178
2198,1.0,Randomized,0.9525022379366789
2199,5.0,Randomized,0.9525022379366789
2200,0.0,Naive,0.10863291587769547
2201,0.025,Randomized,0.10863291587769547
2202,0.05,Randomized,0.10863291587769547
2203,0.1,Randomized,0.10863291587769547
2204,0.25,Randomized,0.10863291587769547
2205,0.5,Randomized,0.9552631124672697
2206,1.0,Randomized,0.5523763965340189
2207,5.0,Randomized,0.984509878494891
2208,0.0,Naive,0.14817785396498842
2209,0.025,Randomized,0.14817785396498842
2210,0.05,Randomized,0.14817785396498842
2211,0.1,Randomized,0.14817785396498842
2212,0.25,Randomized,0.14817785396498842
2213,0.5,Randomized,0.5558679063646147
2214,1.0,Randomized,0.9460634549567586
2215,5.0,Randomized,0.9183083731317603
2216,0.0,Naive,0.21257729910811993
2217,0.025,Randomized,0.21257729910811993
2218,0.05,Randomized,0.21257729910811993
2219,0.1,Randomized,0.21257729910811993
2220,0.25,Randomized,0.8728313581696578
2221,0.5,Randomized,0.9931067763159409
2222,1.0,Randomized,0.8686968261913611
2223,5.0,Randomized,0.9661198119990367
2224,0.0,Naive,0.1832936829657681
2225,0.025,Randomized,0.1832936829657681
2226,0.05,Randomized,0.1832936829657681
2227,0.1,Randomized,0.1832936829657681
2228,0.25,Randomized,0.1832936829657681
2229,0.5,Randomized,0.8492204282276014
2230,1.0,Randomized,0.8095741812017312
2231,5.0,Randomized,0.9533993942363675
2232,0.0,Naive,0.2066744613878331
2233,0.025,Randomized,0.2066744613878331
2234,0.05,Randomized,0.2066744613878331
2235,0.1,Randomized,0.2066744613878331
2236,0.25,Randomized,0.34579611848114084
2237,0.5,Randomized,0.6374949493320989
2238,1.0,Randomized,0.8055363369618624
2239,5.0,Randomized,0.9835581171357926
2240,0.0,Naive,0.9040135564147412
2241,0.025,Randomized,0.19971796966356767
2242,0.05,Randomized,0.2130218468666537
2243,0.1,Randomized,0.2130218468666537
2244,0.25,Randomized,0.2130218468666537
2245,0.5,Randomized,0.8665910170586371
2246,1.0,Randomized,0.3350330950309766
2247,5.0,Randomized,0.9874814106631785
2248,0.0,Naive,0.1811422284930642
2249,0.025,Randomized,0.1811422284930642
2250,0.05,Randomized,0.1811422284930642
2251,0.1,Randomized,0.1811422284930642
2252,0.25,Randomized,0.1811422284930642
2253,0.5,Randomized,0.8995286607335811
2254,1.0,Randomized,0.8602672116018516
2255,5.0,Randomized,0.9596107006900565
2256,0.0,Naive,0.08627245039765502
2257,0.025,Randomized,0.08627245039765502
2258,0.05,Randomized,0.08627245039765502
2259,0.1,Randomized,0.08627245039765502
2260,0.25,Randomized,0.08627245039765502
2261,0.5,Randomized,0.5588832049994061
2262,1.0,Randomized,0.9459202335162228
2263,5.0,Randomized,0.8428950949011116
2264,0.0,Naive,0.14607075174870454
2265,0.025,Randomized,0.14607075174870454
2266,0.05,Randomized,0.14607075174870454
2267,0.1,Randomized,0.9422673301084575
2268,0.25,Randomized,0.849083716708482
2269,0.5,Randomized,0.734278612718569
2270,1.0,Randomized,0.9290088585921511
2271,5.0,Randomized,0.9967501030314813
2272,0.0,Naive,0.12748203049836393
2273,0.025,Randomized,0.12748203049836393
2274,0.05,Randomized,0.12748203049836393
2275,0.1,Randomized,0.12748203049836393
2276,0.25,Randomized,0.12748203049836393
2277,0.5,Randomized,0.8682057521881914
2278,1.0,Randomized,0.7049511360818669
2279,5.0,Randomized,0.7088582645392227
2280,0.0,Naive,0.13748142830891824
2281,0.025,Randomized,0.13748142830891824
2282,0.05,Randomized,0.13748142830891824
2283,0.1,Randomized,0.13748142830891824
2284,0.25,Randomized,0.13748142830891824
2285,0.5,Randomized,0.8938300469303468
2286,1.0,Randomized,0.97051787289869
2287,5.0,Randomized,0.984604224875936
2288,0.0,Naive,0.2004293354938065
2289,0.025,Randomized,0.2004293354938065
2290,0.05,Randomized,0.874419159379345
2291,0.1,Randomized,0.874419159379345
2292,0.25,Randomized,0.2004293354938065
2293,0.5,Randomized,0.9059505514566445
2294,1.0,Randomized,0.984305537943214
2295,5.0,Randomized,0.9059505514566445
2296,0.0,Naive,0.2335119799378815
2297,0.025,Randomized,0.2335119799378815
2298,0.05,Randomized,0.2335119799378815
2299,0.1,Randomized,0.2335119799378815
2300,0.25,Randomized,0.25262550673260886
2301,0.5,Randomized,0.7014845410244395
2302,1.0,Randomized,0.848848500141836
2303,5.0,Randomized,0.9934542241002771
2304,0.0,Naive,0.1897148084088579
2305,0.025,Randomized,0.1897148084088579
2306,0.05,Randomized,0.1897148084088579
2307,0.1,Randomized,0.1897148084088579
2308,0.25,Randomized,0.1897148084088579
2309,0.5,Randomized,0.9071235567852411
2310,1.0,Randomized,0.9158199927017934
2311,5.0,Randomized,0.9471057949405951
2312,0.0,Naive,0.17387117199059765
2313,0.025,Randomized,0.17387117199059765
2314,0.05,Randomized,0.17387117199059765
2315,0.1,Randomized,0.17387117199059765
2316,0.25,Randomized,0.8853048967508842
2317,0.5,Randomized,0.9620386693889913
2318,1.0,Randomized,0.8731217453846352
2319,5.0,Randomized,0.9937162256893907
2320,0.0,Naive,0.1585301219908498
2321,0.025,Randomized,0.1585301219908498
2322,0.05,Randomized,0.1585301219908498
2323,0.1,Randomized,0.1585301219908498
2324,0.25,Randomized,0.1585301219908498
2325,0.5,Randomized,0.9012215651194238
2326,1.0,Randomized,0.9110208220341451
2327,5.0,Randomized,0.9154607392341528
2328,0.0,Naive,0.169540899411386
2329,0.025,Randomized,0.169540899411386
2330,0.05,Randomized,0.169540899411386
2331,0.1,Randomized,0.9619257478070476
2332,0.25,Randomized,0.169540899411386
2333,0.5,Randomized,0.9821979504823222
2334,1.0,Randomized,0.937857485737158
2335,5.0,Randomized,0.8906698992675848
2336,0.0,Naive,0.11386947219310956
2337,0.025,Randomized,0.11386947219310956
2338,0.05,Randomized,0.11386947219310956
2339,0.1,Randomized,0.11386947219310956
2340,0.25,Randomized,0.8573389583880018
2341,0.5,Randomized,0.34937890703719693
2342,1.0,Randomized,0.836404731327266
2343,5.0,Randomized,0.9713335057116096
2344,0.0,Naive,0.14315049427147566
2345,0.025,Randomized,0.14315049427147566
2346,0.05,Randomized,0.14315049427147566
2347,0.1,Randomized,0.14315049427147566
2348,0.25,Randomized,0.14315049427147566
2349,0.5,Randomized,0.9099805097628026
2350,1.0,Randomized,0.7239905165849764
2351,5.0,Randomized,0.991644466810473
2352,0.0,Naive,0.1519917049116649
2353,0.025,Randomized,0.1519917049116649
2354,0.05,Randomized,0.1519917049116649
2355,0.1,Randomized,0.1519917049116649
2356,0.25,Randomized,0.1519917049116649
2357,0.5,Randomized,0.9773214033236421
2358,1.0,Randomized,0.9002008071725979
2359,5.0,Randomized,0.9002008071725979
2360,0.0,Naive,0.13262467361504246
2361,0.025,Randomized,0.13262467361504246
2362,0.05,Randomized,0.13262467361504246
2363,0.1,Randomized,0.13262467361504246
2364,0.25,Randomized,0.13262467361504246
2365,0.5,Randomized,0.8711031656173018
2366,1.0,Randomized,0.8170528286576064
2367,5.0,Randomized,0.9921404804905881
2368,0.0,Naive,0.16555576713750558
2369,0.025,Randomized,0.16555576713750558
2370,0.05,Randomized,0.16555576713750558
2371,0.1,Randomized,0.16555576713750558
2372,0.25,Randomized,0.8328326498235019
2373,0.5,Randomized,0.16555576713750558
2374,1.0,Randomized,0.8328326498235019
2375,5.0,Randomized,0.998531504165614
2376,0.0,Naive,0.17864739499695612
2377,0.025,Randomized,0.17864739499695612
2378,0.05,Randomized,0.17864739499695612
2379,0.1,Randomized,0.17864739499695612
2380,0.25,Randomized,0.8494612313164148
2381,0.5,Randomized,0.8494612313164148
2382,1.0,Randomized,0.8494612313164148
2383,5.0,Randomized,0.982178876378604
2384,0.0,Naive,0.19484417131572548
2385,0.025,Randomized,0.19484417131572548
2386,0.05,Randomized,0.19484417131572548
2387,0.1,Randomized,0.19484417131572548
2388,0.25,Randomized,0.19484417131572548
2389,0.5,Randomized,0.9633544686359383
2390,1.0,Randomized,0.9493044283755503
2391,5.0,Randomized,0.9493044283755503
2392,0.0,Naive,0.1502782661399443
2393,0.025,Randomized,0.1502782661399443
2394,0.05,Randomized,0.1502782661399443
2395,0.1,Randomized,0.1502782661399443
2396,0.25,Randomized,0.1502782661399443
2397,0.5,Randomized,0.5995339623597447
2398,1.0,Randomized,0.9410804460549465
2399,5.0,Randomized,0.976065012516471
2400,0.0,Naive,0.17527797428924444
2401,0.025,Randomized,0.17527797428924444
2402,0.05,Randomized,0.17527797428924444
2403,0.1,Randomized,0.17527797428924444
2404,0.25,Randomized,0.9918863592659701
2405,0.5,Randomized,0.8837123370239317
2406,1.0,Randomized,0.8553016494112556
2407,5.0,Randomized,0.9345205230585213
2408,0.0,Naive,0.12480722885983445
2409,0.025,Randomized,0.12480722885983445
2410,0.05,Randomized,0.12480722885983445
2411,0.1,Randomized,0.12480722885983445
2412,0.25,Randomized,0.21695706278032337
2413,0.5,Randomized,0.6622703614767548
2414,1.0,Randomized,0.7504436699363168
2415,5.0,Randomized,0.8687352043670551
2416,0.0,Naive,0.2042979660381078
2417,0.025,Randomized,0.2042979660381078
2418,0.05,Randomized,0.2042979660381078
2419,0.1,Randomized,0.2042979660381078
2420,0.25,Randomized,0.6062647436772596
2421,0.5,Randomized,0.7158527452165118
2422,1.0,Randomized,0.7941020070328146
2423,5.0,Randomized,0.979415536217303
2424,0.0,Naive,0.13415941601268153
2425,0.025,Randomized,0.13415941601268153
2426,0.05,Randomized,0.13415941601268153
2427,0.1,Randomized,0.13415941601268153
2428,0.25,Randomized,0.38852836090482573
2429,0.5,Randomized,0.9758334502104209
2430,1.0,Randomized,0.9758334502104209
2431,5.0,Randomized,0.996112190789309
2432,0.0,Naive,0.1793725657262328
2433,0.025,Randomized,0.1793725657262328
2434,0.05,Randomized,0.1793725657262328
2435,0.1,Randomized,0.1793725657262328
2436,0.25,Randomized,0.8241622447808793
2437,0.5,Randomized,0.7313009756783673
2438,1.0,Randomized,0.988446175540136
2439,5.0,Randomized,0.9457625894920403
2440,0.0,Naive,0.10562794310825206
2441,0.025,Randomized,0.10562794310825206
2442,0.05,Randomized,0.10562794310825206
2443,0.1,Randomized,0.10562794310825206
2444,0.25,Randomized,0.9050163318997285
2445,0.5,Randomized,0.9050163318997285
2446,1.0,Randomized,0.9050163318997285
2447,5.0,Randomized,0.9990862324668441
2448,0.0,Naive,0.16346907612330874
2449,0.025,Randomized,0.16346907612330874
2450,0.05,Randomized,0.16346907612330874
2451,0.1,Randomized,0.16346907612330874
2452,0.25,Randomized,0.16346907612330874
2453,0.5,Randomized,0.9720215682214921
2454,1.0,Randomized,0.9722889786914408
2455,5.0,Randomized,0.7432307774247455
2456,0.0,Naive,0.19966835273410968
2457,0.025,Randomized,0.19966835273410968
2458,0.05,Randomized,0.19966835273410968
2459,0.1,Randomized,0.19966835273410968
2460,0.25,Randomized,0.19966835273410968
2461,0.5,Randomized,0.9839020128179148
2462,1.0,Randomized,0.9839020128179148
2463,5.0,Randomized,0.9981522109529074
2464,0.0,Naive,0.24146602171023435
2465,0.025,Randomized,0.24146602171023435
2466,0.05,Randomized,0.24146602171023435
2467,0.1,Randomized,0.8440343493666235
2468,0.25,Randomized,0.24146602171023435
2469,0.5,Randomized,0.9642995473005042
2470,1.0,Randomized,0.9642995473005042
2471,5.0,Randomized,0.977413709681563
2472,0.0,Naive,0.17293359319746404
2473,0.025,Randomized,0.17293359319746404
2474,0.05,Randomized,0.17293359319746404
2475,0.1,Randomized,0.17230873695802407
2476,0.25,Randomized,0.17230873695802407
2477,0.5,Randomized,0.32997847596616386
2478,1.0,Randomized,0.7913470400501014
2479,5.0,Randomized,0.8695068924529276
2480,0.0,Naive,0.14508248074804503
2481,0.025,Randomized,0.14508248074804503
2482,0.05,Randomized,0.14508248074804503
2483,0.1,Randomized,0.14508248074804503
2484,0.25,Randomized,0.14508248074804503
2485,0.5,Randomized,0.8616445149856469
2486,1.0,Randomized,0.8556493797023773
2487,5.0,Randomized,0.9095819295706115
2488,0.0,Naive,0.24554306882699678
2489,0.025,Randomized,0.24554306882699678
2490,0.05,Randomized,0.24554306882699678
2491,0.1,Randomized,0.24554306882699678
2492,0.25,Randomized,0.24554306882699678
2493,0.5,Randomized,0.950994281517203
2494,1.0,Randomized,0.976526233380622
2495,5.0,Randomized,0.9785947032665592
2496,0.0,Naive,0.13527535711145153
2497,0.025,Randomized,0.13527535711145153
2498,0.05,Randomized,0.13527535711145153
2499,0.1,Randomized,0.13527535711145153
2500,0.25,Randomized,0.13527535711145153
2501,0.5,Randomized,0.13527535711145153
2502,1.0,Randomized,0.8456739706049263
2503,5.0,Randomized,0.9659721686059967
2504,0.0,Naive,0.1290725068683061
2505,0.025,Randomized,0.1290725068683061
2506,0.05,Randomized,0.1290725068683061
2507,0.1,Randomized,0.1290725068683061
2508,0.25,Randomized,0.24767738362798902
2509,0.5,Randomized,0.1290725068683061
2510,1.0,Randomized,0.525975613630115
2511,5.0,Randomized,0.9927440696050476
2512,0.0,Naive,0.20199930352419507
2513,0.025,Randomized,0.20199930352419507
2514,0.05,Randomized,0.20199930352419507
2515,0.1,Randomized,0.20199930352419507
2516,0.25,Randomized,0.20199930352419507
2517,0.5,Randomized,0.9689526851376412
2518,1.0,Randomized,0.9474344650550769
2519,5.0,Randomized,0.9673070738233185
2520,0.0,Naive,0.17408222480132415
2521,0.025,Randomized,0.17408222480132415
2522,0.05,Randomized,0.17408222480132415
2523,0.1,Randomized,0.17408222480132415
2524,0.25,Randomized,0.17408222480132415
2525,0.5,Randomized,0.6119146412843203
2526,1.0,Randomized,0.9314760590689624
2527,5.0,Randomized,0.8801182202133304
2528,0.0,Naive,0.21154817088874184
2529,0.025,Randomized,0.21154817088874184
2530,0.05,Randomized,0.21154817088874184
2531,0.1,Randomized,0.21154817088874184
2532,0.25,Randomized,0.19209078344493635
2533,0.5,Randomized,0.7338492687579844
2534,1.0,Randomized,0.9887006777075504
2535,5.0,Randomized,0.9195132037086857
2536,0.0,Naive,0.16389431054016226
2537,0.025,Randomized,0.16389431054016226
2538,0.05,Randomized,0.16389431054016226
2539,0.1,Randomized,0.16389431054016226
2540,0.25,Randomized,0.16389431054016226
2541,0.5,Randomized,0.9455435351945575
2542,1.0,Randomized,0.7199740902942123
2543,5.0,Randomized,0.9133539354124415
2544,0.0,Naive,0.17435089888782526
2545,0.025,Randomized,0.17435089888782526
2546,0.05,Randomized,0.17435089888782526
2547,0.1,Randomized,0.21416526413574147
2548,0.25,Randomized,0.9921710598993553
2549,0.5,Randomized,0.9806581032374203
2550,1.0,Randomized,0.8602609537184936
2551,5.0,Randomized,0.9823678514241609
2552,0.0,Naive,0.15978535014344572
2553,0.025,Randomized,0.8320219806748136
2554,0.05,Randomized,0.8320219806748136
2555,0.1,Randomized,0.8320219806748136
2556,0.25,Randomized,0.8320219806748136
2557,0.5,Randomized,0.9474146365296177
2558,1.0,Randomized,0.8063201636705812
2559,5.0,Randomized,0.959934569389297
2560,0.0,Naive,0.19628650841007758
2561,0.025,Randomized,0.19628650841007758
2562,0.05,Randomized,0.19628650841007758
2563,0.1,Randomized,0.19628650841007758
2564,0.25,Randomized,0.9593730241190523
2565,0.5,Randomized,0.8519293599161026
2566,1.0,Randomized,0.9424924538135006
2567,5.0,Randomized,0.9424924538135006
2568,0.0,Naive,0.17485984608995792
2569,0.025,Randomized,0.17485984608995792
2570,0.05,Randomized,0.17485984608995792
2571,0.1,Randomized,0.17485984608995792
2572,0.25,Randomized,0.9168210115411181
2573,0.5,Randomized,0.809788612330988
2574,1.0,Randomized,0.9160856280071042
2575,5.0,Randomized,0.6282161107173652
2576,0.0,Naive,0.18894755657918527
2577,0.025,Randomized,0.18894755657918527
2578,0.05,Randomized,0.18894755657918527
2579,0.1,Randomized,0.7208078414940489
2580,0.25,Randomized,0.849890699574946
2581,0.5,Randomized,0.9395891157124375
2582,1.0,Randomized,0.998665591125594
2583,5.0,Randomized,0.9447318542157367
2584,0.0,Naive,0.1801357705701431
2585,0.025,Randomized,0.1801357705701431
2586,0.05,Randomized,0.1801357705701431
2587,0.1,Randomized,0.1801357705701431
2588,0.25,Randomized,0.8587054876756564
2589,0.5,Randomized,0.941530615762741
2590,1.0,Randomized,0.892014128462772
2591,5.0,Randomized,0.9604436133564449
2592,0.0,Naive,0.18209800866751788
2593,0.025,Randomized,0.18209800866751788
2594,0.05,Randomized,0.18209800866751788
2595,0.1,Randomized,0.18209800866751788
2596,0.25,Randomized,0.2178728104188847
2597,0.5,Randomized,0.9196500737411388
2598,1.0,Randomized,0.7817008896428349
2599,5.0,Randomized,0.9926329239474467
2600,0.0,Naive,0.12707641916433987
2601,0.025,Randomized,0.12707641916433987
2602,0.05,Randomized,0.12707641916433987
2603,0.1,Randomized,0.12707641916433987
2604,0.25,Randomized,0.24721888714054838
2605,0.5,Randomized,0.41969931954373135
2606,1.0,Randomized,0.9544274158049258
2607,5.0,Randomized,0.9983474516072655
2608,0.0,Naive,0.24223943980861892
2609,0.025,Randomized,0.24223943980861892
2610,0.05,Randomized,0.24223943980861892
2611,0.1,Randomized,0.24223943980861892
2612,0.25,Randomized,0.7823672917531524
2613,0.5,Randomized,0.8834395082642293
2614,1.0,Randomized,0.9418015068832267
2615,5.0,Randomized,0.7254553781659351
2616,0.0,Naive,0.18065560228555305
2617,0.025,Randomized,0.18065560228555305
2618,0.05,Randomized,0.18065560228555305
2619,0.1,Randomized,0.18065560228555305
2620,0.25,Randomized,0.8691974553930351
2621,0.5,Randomized,0.8691974553930351
2622,1.0,Randomized,0.9228203549962674
2623,5.0,Randomized,0.7054754502718713
2624,0.0,Naive,0.23721994102250724
2625,0.025,Randomized,0.23721994102250724
2626,0.05,Randomized,0.23721994102250724
2627,0.1,Randomized,0.3789865369652059
2628,0.25,Randomized,0.7340932072456002
2629,0.5,Randomized,0.9497475001851314
2630,1.0,Randomized,0.9996558674285324
2631,5.0,Randomized,0.6847159969142094
2632,0.0,Naive,0.3473150893874318
2633,0.025,Randomized,0.3473150893874318
2634,0.05,Randomized,0.9616608652518133
2635,0.1,Randomized,0.9609830421140303
2636,0.25,Randomized,0.28645290104620413
2637,0.5,Randomized,0.8745813917363251
2638,1.0,Randomized,0.9798541969609719
2639,5.0,Randomized,0.9939969421761449
2640,0.0,Naive,0.11767122555858757
2641,0.025,Randomized,0.11767122555858757
2642,0.05,Randomized,0.11767122555858757
2643,0.1,Randomized,0.11767122555858757
2644,0.25,Randomized,0.11767122555858757
2645,0.5,Randomized,0.9030350012269708
2646,1.0,Randomized,0.913072323726889
2647,5.0,Randomized,0.9956514254264557
2648,0.0,Naive,0.18209400338380963
2649,0.025,Randomized,0.18209400338380963
2650,0.05,Randomized,0.18209400338380963
2651,0.1,Randomized,0.18209400338380963
2652,0.25,Randomized,0.18209400338380963
2653,0.5,Randomized,0.8186031358121236
2654,1.0,Randomized,0.8398857883011918
2655,5.0,Randomized,0.9824485143182229
2656,0.0,Naive,0.12429735023915119
2657,0.025,Randomized,0.12429735023915119
2658,0.05,Randomized,0.12429735023915119
2659,0.1,Randomized,0.12429735023915119
2660,0.25,Randomized,0.12429735023915119
2661,0.5,Randomized,0.9985241364822173
2662,1.0,Randomized,0.6029219272751623
2663,5.0,Randomized,0.9931905052938315
2664,0.0,Naive,0.17394477815732248
2665,0.025,Randomized,0.17394477815732248
2666,0.05,Randomized,0.8397682196876248
2667,0.1,Randomized,0.8397682196876248
2668,0.25,Randomized,0.8397682196876248
2669,0.5,Randomized,0.9815022309142087
2670,1.0,Randomized,0.9815022309142087
2671,5.0,Randomized,0.9026998032919691
2672,0.0,Naive,0.10946839813159055
2673,0.025,Randomized,0.10946839813159055
2674,0.05,Randomized,0.10946839813159055
2675,0.1,Randomized,0.10946839813159055
2676,0.25,Randomized,0.9828702226238117
2677,0.5,Randomized,0.8821305617676444
2678,1.0,Randomized,0.9355790720937271
2679,5.0,Randomized,0.6979029349997976
2680,0.0,Naive,0.08537049303583809
2681,0.025,Randomized,0.08537049303583809
2682,0.05,Randomized,0.08537049303583809
2683,0.1,Randomized,0.08537049303583809
2684,0.25,Randomized,0.08537049303583809
2685,0.5,Randomized,0.9807147954136466
2686,1.0,Randomized,0.9621210051265435
2687,5.0,Randomized,0.3393124451184529
2688,0.0,Naive,0.1887166246646663
2689,0.025,Randomized,0.1887166246646663
2690,0.05,Randomized,0.1887166246646663
2691,0.1,Randomized,0.1887166246646663
2692,0.25,Randomized,0.1887166246646663
2693,0.5,Randomized,0.4195974103434753
2694,1.0,Randomized,0.9889598961215675
2695,5.0,Randomized,0.8984791002966929
2696,0.0,Naive,0.20978418251425004
2697,0.025,Randomized,0.20978418251425004
2698,0.05,Randomized,0.20978418251425004
2699,0.1,Randomized,0.23941211911170573
2700,0.25,Randomized,0.23941211911170573
2701,0.5,Randomized,0.20978418251425004
2702,1.0,Randomized,0.7523842937381857
2703,5.0,Randomized,0.902519286826335
2704,0.0,Naive,0.1880621944109108
2705,0.025,Randomized,0.1880621944109108
2706,0.05,Randomized,0.1880621944109108
2707,0.1,Randomized,0.1880621944109108
2708,0.25,Randomized,0.990164668258507
2709,0.5,Randomized,0.1880621944109108
2710,1.0,Randomized,0.8062371821320867
2711,5.0,Randomized,0.9949473733522851
2712,0.0,Naive,0.19029353912964841
2713,0.025,Randomized,0.19029353912964841
2714,0.05,Randomized,0.19029353912964841
2715,0.1,Randomized,0.19029353912964841
2716,0.25,Randomized,0.19029353912964841
2717,0.5,Randomized,0.9365140861150827
2718,1.0,Randomized,0.9953660033517314
2719,5.0,Randomized,0.9361755668977878
2720,0.0,Naive,0.19131513854709398
2721,0.025,Randomized,0.19131513854709398
2722,0.05,Randomized,0.19131513854709398
2723,0.1,Randomized,0.19131513854709398
2724,0.25,Randomized,0.19131513854709398
2725,0.5,Randomized,0.8386140688203391
2726,1.0,Randomized,0.352900916202791
2727,5.0,Randomized,0.9033343688026048
2728,0.0,Naive,0.15382076438180597
2729,0.025,Randomized,0.15382076438180597
2730,0.05,Randomized,0.15382076438180597
2731,0.1,Randomized,0.15382076438180597
2732,0.25,Randomized,0.9867250288917316
2733,0.5,Randomized,0.15382076438180597
2734,1.0,Randomized,0.897395101778138
2735,5.0,Randomized,0.9390433188382281
2736,0.0,Naive,0.13508510450918987
2737,0.025,Randomized,0.13508510450918987
2738,0.05,Randomized,0.13508510450918987
2739,0.1,Randomized,0.13508510450918987
2740,0.25,Randomized,0.13508510450918987
2741,0.5,Randomized,0.5750280603888754
2742,1.0,Randomized,0.7172710704678323
2743,5.0,Randomized,0.8916551268270462
2744,0.0,Naive,0.7011105734274274
2745,0.025,Randomized,0.7011105734274274
2746,0.05,Randomized,0.222399296285715
2747,0.1,Randomized,0.7011105734274274
2748,0.25,Randomized,0.9173579497511198
2749,0.5,Randomized,0.9748650077903802
2750,1.0,Randomized,0.9703192574022311
2751,5.0,Randomized,0.9883765180146977
2752,0.0,Naive,0.19072810170223478
2753,0.025,Randomized,0.19072810170223478
2754,0.05,Randomized,0.19072810170223478
2755,0.1,Randomized,0.8763262210114126
2756,0.25,Randomized,0.35145979111336156
2757,0.5,Randomized,0.7224869183355245
2758,1.0,Randomized,0.8039504377903053
2759,5.0,Randomized,0.9863833231386812
2760,0.0,Naive,0.16069766171647423
2761,0.025,Randomized,0.16069766171647423
2762,0.05,Randomized,0.16069766171647423
2763,0.1,Randomized,0.16069766171647423
2764,0.25,Randomized,0.16069766171647423
2765,0.5,Randomized,0.8814105183788996
2766,1.0,Randomized,0.7438422620417617
2767,5.0,Randomized,0.9249114944988266
2768,0.0,Naive,0.18358057755252205
2769,0.025,Randomized,0.18358057755252205
2770,0.05,Randomized,0.18358057755252205
2771,0.1,Randomized,0.18358057755252205
2772,0.25,Randomized,0.8593159737727891
2773,0.5,Randomized,0.9522025207797721
2774,1.0,Randomized,0.9892206672856878
2775,5.0,Randomized,0.9775537674692742
2776,0.0,Naive,0.13921353729494673
2777,0.025,Randomized,0.13921353729494673
2778,0.05,Randomized,0.13921353729494673
2779,0.1,Randomized,0.13921353729494673
2780,0.25,Randomized,0.13921353729494673
2781,0.5,Randomized,0.9165833316830342
2782,1.0,Randomized,0.9540681737556
2783,5.0,Randomized,0.7866263821787949
2784,0.0,Naive,0.1683457350319694
2785,0.025,Randomized,0.1683457350319694
2786,0.05,Randomized,0.1683457350319694
2787,0.1,Randomized,0.19708375307331297
2788,0.25,Randomized,0.31278877447971687
2789,0.5,Randomized,0.1683457350319694
2790,1.0,Randomized,0.9949618778863888
2791,5.0,Randomized,0.9263654138863114
2792,0.0,Naive,0.17763696528150846
2793,0.025,Randomized,0.17763696528150846
2794,0.05,Randomized,0.17763696528150846
2795,0.1,Randomized,0.17763696528150846
2796,0.25,Randomized,0.17763696528150846
2797,0.5,Randomized,0.9253360463392728
2798,1.0,Randomized,0.9253360463392728
2799,5.0,Randomized,0.96381280955116
2800,0.0,Naive,0.1873078321731308
2801,0.025,Randomized,0.1873078321731308
2802,0.05,Randomized,0.1873078321731308
2803,0.1,Randomized,0.85682998372698
2804,0.25,Randomized,0.9115275628260452
2805,0.5,Randomized,0.85682998372698
2806,1.0,Randomized,0.9115275628260452
2807,5.0,Randomized,0.85682998372698
2808,0.0,Naive,0.13290242443438752
2809,0.025,Randomized,0.13290242443438752
2810,0.05,Randomized,0.13290242443438752
2811,0.1,Randomized,0.13290242443438752
2812,0.25,Randomized,0.13290242443438752
2813,0.5,Randomized,0.30663137718013417
2814,1.0,Randomized,0.9971653174004301
2815,5.0,Randomized,0.9007552264292508
2816,0.0,Naive,0.17312908488679166
2817,0.025,Randomized,0.17312908488679166
2818,0.05,Randomized,0.17312908488679166
2819,0.1,Randomized,0.17312908488679166
2820,0.25,Randomized,0.8901349570179445
2821,0.5,Randomized,0.9098234568580963
2822,1.0,Randomized,0.9098234568580963
2823,5.0,Randomized,0.9411846386682673
2824,0.0,Naive,0.11637849377279964
2825,0.025,Randomized,0.11637849377279964
2826,0.05,Randomized,0.11637849377279964
2827,0.1,Randomized,0.11637849377279964
2828,0.25,Randomized,0.11637849377279964
2829,0.5,Randomized,0.4257561862925574
2830,1.0,Randomized,0.8569359464928912
2831,5.0,Randomized,0.9170544949016526
2832,0.0,Naive,0.15304359541155022
2833,0.025,Randomized,0.15304359541155022
2834,0.05,Randomized,0.15304359541155022
2835,0.1,Randomized,0.15304359541155022
2836,0.25,Randomized,0.331956048001264
2837,0.5,Randomized,0.9090609424139768
2838,1.0,Randomized,0.919804255915602
2839,5.0,Randomized,0.883996036691496
2840,0.0,Naive,0.18036525372974532
2841,0.025,Randomized,0.18036525372974532
2842,0.05,Randomized,0.18036525372974532
2843,0.1,Randomized,0.18036525372974532
2844,0.25,Randomized,0.18036525372974532
2845,0.5,Randomized,0.9959962126414508
2846,1.0,Randomized,0.975115570442883
2847,5.0,Randomized,0.9347853794322035
2848,0.0,Naive,0.19199720500405043
2849,0.025,Randomized,0.19199720500405043
2850,0.05,Randomized,0.19199720500405043
2851,0.1,Randomized,0.19199720500405043
2852,0.25,Randomized,0.9611515438769003
2853,0.5,Randomized,0.9040029536538567
2854,1.0,Randomized,0.9739215078590847
2855,5.0,Randomized,0.6839926906225263
2856,0.0,Naive,0.2591594451668939
2857,0.025,Randomized,0.2591594451668939
2858,0.05,Randomized,0.2591594451668939
2859,0.1,Randomized,0.9291491285814477
2860,0.25,Randomized,0.9090847012004771
2861,0.5,Randomized,0.9090847012004771
2862,1.0,Randomized,0.8373591694832024
2863,5.0,Randomized,0.890833480055628
2864,0.0,Naive,0.1368208964545693
2865,0.025,Randomized,0.1368208964545693
2866,0.05,Randomized,0.1368208964545693
2867,0.1,Randomized,0.1368208964545693
2868,0.25,Randomized,0.9097038717736564
2869,0.5,Randomized,0.9097038717736564
2870,1.0,Randomized,0.9097038717736564
2871,5.0,Randomized,0.9855828159426635
2872,0.0,Naive,0.17974513165141662
2873,0.025,Randomized,0.17974513165141662
2874,0.05,Randomized,0.17974513165141662
2875,0.1,Randomized,0.19441584523550734
2876,0.25,Randomized,0.8234642126511103
2877,0.5,Randomized,0.9461775721228511
2878,1.0,Randomized,0.8978896871165413
2879,5.0,Randomized,0.8800941488553595
2880,0.0,Naive,0.2315795587405498
2881,0.025,Randomized,0.8751044974044836
2882,0.05,Randomized,0.8751044974044836
2883,0.1,Randomized,0.8751044974044836
2884,0.25,Randomized,0.7698651350517668
2885,0.5,Randomized,0.9203874698533692
2886,1.0,Randomized,0.7208275542191258
2887,5.0,Randomized,0.9462917656294979
2888,0.0,Naive,0.21721513872925088
2889,0.025,Randomized,0.21721513872925088
2890,0.05,Randomized,0.21721513872925088
2891,0.1,Randomized,0.24556389468087875
2892,0.25,Randomized,0.923118925332117
2893,0.5,Randomized,0.923118925332117
2894,1.0,Randomized,0.9734180517834726
2895,5.0,Randomized,0.9601831405958451
2896,0.0,Naive,0.17082810866809864
2897,0.025,Randomized,0.21097948979254688
2898,0.05,Randomized,0.21097948979254688
2899,0.1,Randomized,0.9766632047849463
2900,0.25,Randomized,0.858896665232047
2901,0.5,Randomized,0.9161880982928227
2902,1.0,Randomized,0.9161880982928227
2903,5.0,Randomized,0.9443556603827868
2904,0.0,Naive,0.11956405543196738
2905,0.025,Randomized,0.11956405543196738
2906,0.05,Randomized,0.11956405543196738
2907,0.1,Randomized,0.11956405543196738
2908,0.25,Randomized,0.11956405543196738
2909,0.5,Randomized,0.25364601770339584
2910,1.0,Randomized,0.967033298947076
2911,5.0,Randomized,0.8133034069148812
2912,0.0,Naive,0.1446119996470259
2913,0.025,Randomized,0.1446119996470259
2914,0.05,Randomized,0.1446119996470259
2915,0.1,Randomized,0.1446119996470259
2916,0.25,Randomized,0.516933323897608
2917,0.5,Randomized,0.26456685751698156
2918,1.0,Randomized,0.5635787172712284
2919,5.0,Randomized,0.9982417306374406
2920,0.0,Naive,0.15754620778434786
2921,0.025,Randomized,0.15754620778434786
2922,0.05,Randomized,0.15754620778434786
2923,0.1,Randomized,0.15754620778434786
2924,0.25,Randomized,0.9721978477895149
2925,0.5,Randomized,0.15754620778434786
2926,1.0,Randomized,0.7431226354397238
2927,5.0,Randomized,0.9985804738739932
2928,0.0,Naive,0.09842832031453272
2929,0.025,Randomized,0.09842832031453272
2930,0.05,Randomized,0.09842832031453272
2931,0.1,Randomized,0.09842832031453272
2932,0.25,Randomized,0.09842832031453272
2933,0.5,Randomized,0.8971549458569145
2934,1.0,Randomized,0.9624092285498996
2935,5.0,Randomized,0.9855429966234147
2936,0.0,Naive,0.12614973714269528
2937,0.025,Randomized,0.12614973714269528
2938,0.05,Randomized,0.12614973714269528
2939,0.1,Randomized,0.12614973714269528
2940,0.25,Randomized,0.12614973714269528
2941,0.5,Randomized,0.9870369577897935
2942,1.0,Randomized,0.5795468132084656
2943,5.0,Randomized,0.9462520992089196
2944,0.0,Naive,0.16851073359042656
2945,0.025,Randomized,0.16851073359042656
2946,0.05,Randomized,0.16851073359042656
2947,0.1,Randomized,0.16851073359042656
2948,0.25,Randomized,0.6519204479341153
2949,0.5,Randomized,0.8757986514804655
2950,1.0,Randomized,0.8622172105975422
2951,5.0,Randomized,0.9436166314399518
2952,0.0,Naive,0.22076765532065662
2953,0.025,Randomized,0.22076765532065662
2954,0.05,Randomized,0.22076765532065662
2955,0.1,Randomized,0.22076765532065662
2956,0.25,Randomized,0.9715760192074739
2957,0.5,Randomized,0.966298324685701
2958,1.0,Randomized,0.8688832731158027
2959,5.0,Randomized,0.9930040331914468
2960,0.0,Naive,0.11750113591538484
2961,0.025,Randomized,0.11750113591538484
2962,0.05,Randomized,0.11750113591538484
2963,0.1,Randomized,0.11750113591538484
2964,0.25,Randomized,0.11750113591538484
2965,0.5,Randomized,0.9491486070549248
2966,1.0,Randomized,0.9091153904769446
2967,5.0,Randomized,0.9944117890814023
2968,0.0,Naive,0.1853149163143826
2969,0.025,Randomized,0.1853149163143826
2970,0.05,Randomized,0.1853149163143826
2971,0.1,Randomized,0.1853149163143826
2972,0.25,Randomized,0.1853149163143826
2973,0.5,Randomized,0.9620585195851294
2974,1.0,Randomized,0.8676292389455222
2975,5.0,Randomized,0.9893209972849367
2976,0.0,Naive,0.14139247571849275
2977,0.025,Randomized,0.14139247571849275
2978,0.05,Randomized,0.14139247571849275
2979,0.1,Randomized,0.14139247571849275
2980,0.25,Randomized,0.8640364383955574
2981,0.5,Randomized,0.859080489883973
2982,1.0,Randomized,0.9048616826768201
2983,5.0,Randomized,0.859080489883973
2984,0.0,Naive,0.13135825102821416
2985,0.025,Randomized,0.13135825102821416
2986,0.05,Randomized,0.13135825102821416
2987,0.1,Randomized,0.13135825102821416
2988,0.25,Randomized,0.13135825102821416
2989,0.5,Randomized,0.9146686688268408
2990,1.0,Randomized,0.9093802781708777
2991,5.0,Randomized,0.9093802781708777
2992,0.0,Naive,0.14335247884961422
2993,0.025,Randomized,0.14335247884961422
2994,0.05,Randomized,0.14335247884961422
2995,0.1,Randomized,0.14335247884961422
2996,0.25,Randomized,0.14335247884961422
2997,0.5,Randomized,0.7812291468373673
2998,1.0,Randomized,0.8755445669953847
2999,5.0,Randomized,0.9032284152296651
3000,0.0,Naive,0.18257914173194856
3001,0.025,Randomized,0.18257914173194856
3002,0.05,Randomized,0.18257914173194856
3003,0.1,Randomized,0.8893588508102447
3004,0.25,Randomized,0.8893588508102447
3005,0.5,Randomized,0.9879443076658355
3006,1.0,Randomized,0.9676865882956486
3007,5.0,Randomized,0.9711184946789251
3008,0.0,Naive,0.8935990231216192
3009,0.025,Randomized,0.8935990231216192
3010,0.05,Randomized,0.8332747592671438
3011,0.1,Randomized,0.8332747592671438
3012,0.25,Randomized,0.9647432451224974
3013,0.5,Randomized,0.8522518374994966
3014,1.0,Randomized,0.8458797824397567
3015,5.0,Randomized,0.9946250428838201
3016,0.0,Naive,0.18619987415738315
3017,0.025,Randomized,0.18619987415738315
3018,0.05,Randomized,0.18619987415738315
3019,0.1,Randomized,0.18619987415738315
3020,0.25,Randomized,0.3474414550957853
3021,0.5,Randomized,0.4555572403632869
3022,1.0,Randomized,0.8288986319661145
3023,5.0,Randomized,0.9724276198705073
3024,0.0,Naive,0.17797905050647267
3025,0.025,Randomized,0.17797905050647267
3026,0.05,Randomized,0.17797905050647267
3027,0.1,Randomized,0.17797905050647267
3028,0.25,Randomized,0.2357050614145177
3029,0.5,Randomized,0.9842260457111528
3030,1.0,Randomized,0.9842260457111528
3031,5.0,Randomized,0.9968901194996612
3032,0.0,Naive,0.1339130191227306
3033,0.025,Randomized,0.1339130191227306
3034,0.05,Randomized,0.1339130191227306
3035,0.1,Randomized,0.1339130191227306
3036,0.25,Randomized,0.1339130191227306
3037,0.5,Randomized,0.727457012969713
3038,1.0,Randomized,0.8200250258147311
3039,5.0,Randomized,0.9792639902530376
3040,0.0,Naive,0.15836412545972212
3041,0.025,Randomized,0.15836412545972212
3042,0.05,Randomized,0.15836412545972212
3043,0.1,Randomized,0.15836412545972212
3044,0.25,Randomized,0.15836412545972212
3045,0.5,Randomized,0.15836412545972212
3046,1.0,Randomized,0.9451023191936259
3047,5.0,Randomized,0.9451023191936259
3048,0.0,Naive,0.12928575589719926
3049,0.025,Randomized,0.12928575589719926
3050,0.05,Randomized,0.12928575589719926
3051,0.1,Randomized,0.12928575589719926
3052,0.25,Randomized,0.2646431556763422
3053,0.5,Randomized,0.9836744932035676
3054,1.0,Randomized,0.8676716998157677
3055,5.0,Randomized,0.7045820491472168
3056,0.0,Naive,0.14099558587694105
3057,0.025,Randomized,0.14099558587694105
3058,0.05,Randomized,0.14099558587694105
3059,0.1,Randomized,0.14099558587694105
3060,0.25,Randomized,0.14099558587694105
3061,0.5,Randomized,0.9056836758524919
3062,1.0,Randomized,0.7231095594862271
3063,5.0,Randomized,0.7907049361219918
3064,0.0,Naive,0.11223442293659724
3065,0.025,Randomized,0.11223442293659724
3066,0.05,Randomized,0.11223442293659724
3067,0.1,Randomized,0.11223442293659724
3068,0.25,Randomized,0.11223442293659724
3069,0.5,Randomized,0.8885398376004504
3070,1.0,Randomized,0.9370329320114965
3071,5.0,Randomized,0.7675720852739204
3072,0.0,Naive,0.1682142204704581
3073,0.025,Randomized,0.1682142204704581
3074,0.05,Randomized,0.1682142204704581
3075,0.1,Randomized,0.1682142204704581
3076,0.25,Randomized,0.1682142204704581
3077,0.5,Randomized,0.940761639182979
3078,1.0,Randomized,0.7704909642275102
3079,5.0,Randomized,0.973728174411249
3080,0.0,Naive,0.12751416519159967
3081,0.025,Randomized,0.12751416519159967
3082,0.05,Randomized,0.12751416519159967
3083,0.1,Randomized,0.12751416519159967
3084,0.25,Randomized,0.12751416519159967
3085,0.5,Randomized,0.8741178103044439
3086,1.0,Randomized,0.9765358444210888
3087,5.0,Randomized,0.9967636251513757
3088,0.0,Naive,0.8037944337702334
3089,0.025,Randomized,0.8037944337702334
3090,0.05,Randomized,0.8037944337702334
3091,0.1,Randomized,0.8037944337702334
3092,0.25,Randomized,0.6242786835544821
3093,0.5,Randomized,0.3286289989520222
3094,1.0,Randomized,0.5579721642314931
3095,5.0,Randomized,0.8921179372724527
3096,0.0,Naive,0.18972143120238077
3097,0.025,Randomized,0.18972143120238077
3098,0.05,Randomized,0.18972143120238077
3099,0.1,Randomized,0.18972143120238077
3100,0.25,Randomized,0.18972143120238077
3101,0.5,Randomized,0.4775483689302928
3102,1.0,Randomized,0.9928626331664335
3103,5.0,Randomized,0.9895024971190178
3104,0.0,Naive,0.161538746375585
3105,0.025,Randomized,0.161538746375585
3106,0.05,Randomized,0.161538746375585
3107,0.1,Randomized,0.161538746375585
3108,0.25,Randomized,0.9015971838307644
3109,0.5,Randomized,0.9227195999145784
3110,1.0,Randomized,0.9755035683139711
3111,5.0,Randomized,0.9899166102123368
3112,0.0,Naive,0.1739319275589759
3113,0.025,Randomized,0.1739319275589759
3114,0.05,Randomized,0.1739319275589759
3115,0.1,Randomized,0.1739319275589759
3116,0.25,Randomized,0.1739319275589759
3117,0.5,Randomized,0.9678780925373277
3118,1.0,Randomized,0.7560092841340932
3119,5.0,Randomized,0.9108279811474439
3120,0.0,Naive,0.1367571784959858
3121,0.025,Randomized,0.1367571784959858
3122,0.05,Randomized,0.1367571784959858
3123,0.1,Randomized,0.1367571784959858
3124,0.25,Randomized,0.8209440314540293
3125,0.5,Randomized,0.23351213597904308
3126,1.0,Randomized,0.7119594724421577
3127,5.0,Randomized,0.9750630094197617
3128,0.0,Naive,0.144774491592391
3129,0.025,Randomized,0.144774491592391
3130,0.05,Randomized,0.144774491592391
3131,0.1,Randomized,0.144774491592391
3132,0.25,Randomized,0.144774491592391
3133,0.5,Randomized,0.9945588343921423
3134,1.0,Randomized,0.9971806018648045
3135,5.0,Randomized,0.8728959788061083
3136,0.0,Naive,0.18259504721253006
3137,0.025,Randomized,0.18259504721253006
3138,0.05,Randomized,0.18259504721253006
3139,0.1,Randomized,0.8515003659666387
3140,0.25,Randomized,0.8917347533801233
3141,0.5,Randomized,0.8499201718025226
3142,1.0,Randomized,0.8282593623669564
3143,5.0,Randomized,0.9949587960554829
3144,0.0,Naive,0.15544435786794755
3145,0.025,Randomized,0.15544435786794755
3146,0.05,Randomized,0.15544435786794755
3147,0.1,Randomized,0.15544435786794755
3148,0.25,Randomized,0.15544435786794755
3149,0.5,Randomized,0.9686849899176132
3150,1.0,Randomized,0.9058407504868073
3151,5.0,Randomized,0.8537310895887438
3152,0.0,Naive,0.10092272975187849
3153,0.025,Randomized,0.10092272975187849
3154,0.05,Randomized,0.10092272975187849
3155,0.1,Randomized,0.10092272975187849
3156,0.25,Randomized,0.10092272975187849
3157,0.5,Randomized,0.9800179703914101
3158,1.0,Randomized,0.10092272975187849
3159,5.0,Randomized,0.9239126663508835
3160,0.0,Naive,0.133210355792841
3161,0.025,Randomized,0.133210355792841
3162,0.05,Randomized,0.133210355792841
3163,0.1,Randomized,0.133210355792841
3164,0.25,Randomized,0.133210355792841
3165,0.5,Randomized,0.9444251132614698
3166,1.0,Randomized,0.9982052643080396
3167,5.0,Randomized,0.992735834424957
3168,0.0,Naive,0.7966708568545698
3169,0.025,Randomized,0.7966708568545698
3170,0.05,Randomized,0.30974650426401745
3171,0.1,Randomized,0.7966708568545698
3172,0.25,Randomized,0.6777977872642231
3173,0.5,Randomized,0.4490745016550874
3174,1.0,Randomized,0.9536424559121068
3175,5.0,Randomized,0.9740689388127581
3176,0.0,Naive,0.2197854897088255
3177,0.025,Randomized,0.2197854897088255
3178,0.05,Randomized,0.22117680644577253
3179,0.1,Randomized,0.8998051110531675
3180,0.25,Randomized,0.8998051110531675
3181,0.5,Randomized,0.8166801801379817
3182,1.0,Randomized,0.9925559174562462
3183,5.0,Randomized,0.9933800977381811
3184,0.0,Naive,0.13523078582242892
3185,0.025,Randomized,0.8790756525879665
3186,0.05,Randomized,0.8790756525879665
3187,0.1,Randomized,0.1532951898220775
3188,0.25,Randomized,0.13523078582242892
3189,0.5,Randomized,0.8630402357054486
3190,1.0,Randomized,0.8363871839952718
3191,5.0,Randomized,0.981476747390736
3192,0.0,Naive,0.15320496082051832
3193,0.025,Randomized,0.15320496082051832
3194,0.05,Randomized,0.15320496082051832
3195,0.1,Randomized,0.15320496082051832
3196,0.25,Randomized,0.15320496082051832
3197,0.5,Randomized,0.9845783489542306
3198,1.0,Randomized,0.8688849765897898
3199,5.0,Randomized,0.898253247934573
3200,0.0,Naive,0.14536854550190972
3201,0.025,Randomized,0.14536854550190972
3202,0.05,Randomized,0.14536854550190972
3203,0.1,Randomized,0.14536854550190972
3204,0.25,Randomized,0.20504848807610992
3205,0.5,Randomized,0.9769457087626657
3206,1.0,Randomized,0.717427912560843
3207,5.0,Randomized,0.9067068426716378
3208,0.0,Naive,0.18203784239570087
3209,0.025,Randomized,0.18203784239570087
3210,0.05,Randomized,0.18203784239570087
3211,0.1,Randomized,0.18203784239570087
3212,0.25,Randomized,0.18203784239570087
3213,0.5,Randomized,0.8850092648323793
3214,1.0,Randomized,0.9528284200659473
3215,5.0,Randomized,0.9956926139326036
3216,0.0,Naive,0.17793049857698304
3217,0.025,Randomized,0.17793049857698304
3218,0.05,Randomized,0.17793049857698304
3219,0.1,Randomized,0.17793049857698304
3220,0.25,Randomized,0.8996896510781637
3221,0.5,Randomized,0.8996896510781637
3222,1.0,Randomized,0.8996896510781637
3223,5.0,Randomized,0.8996896510781637
3224,0.0,Naive,0.11904405333007272
3225,0.025,Randomized,0.11904405333007272
3226,0.05,Randomized,0.11904405333007272
3227,0.1,Randomized,0.11904405333007272
3228,0.25,Randomized,0.11904405333007272
3229,0.5,Randomized,0.8624674277865018
3230,1.0,Randomized,0.8624674277865018
3231,5.0,Randomized,0.933161914275704
3232,0.0,Naive,0.1704867920257749
3233,0.025,Randomized,0.1704867920257749
3234,0.05,Randomized,0.1704867920257749
3235,0.1,Randomized,0.1704867920257749
3236,0.25,Randomized,0.951939703889686
3237,0.5,Randomized,0.1704867920257749
3238,1.0,Randomized,0.9035877069230994
3239,5.0,Randomized,0.8531677479779228
3240,0.0,Naive,0.20420800450153212
3241,0.025,Randomized,0.20420800450153212
3242,0.05,Randomized,0.20420800450153212
3243,0.1,Randomized,0.20420800450153212
3244,0.25,Randomized,0.20420800450153212
3245,0.5,Randomized,0.976216402403407
3246,1.0,Randomized,0.8910785086242123
3247,5.0,Randomized,0.8095346019027867
3248,0.0,Naive,0.21619258453284637
3249,0.025,Randomized,0.8751803555436907
3250,0.05,Randomized,0.21619258453284637
3251,0.1,Randomized,0.9424801583321494
3252,0.25,Randomized,0.9424801583321494
3253,0.5,Randomized,0.8751803555436907
3254,1.0,Randomized,0.9975895295838397
3255,5.0,Randomized,0.9652598546909155
3256,0.0,Naive,0.20683758904231617
3257,0.025,Randomized,0.20683758904231617
3258,0.05,Randomized,0.20683758904231617
3259,0.1,Randomized,0.20683758904231617
3260,0.25,Randomized,0.8990566909031666
3261,0.5,Randomized,0.9648089831881523
3262,1.0,Randomized,0.9879720887333373
3263,5.0,Randomized,0.9699076897428984
3264,0.0,Naive,0.09510376861406017
3265,0.025,Randomized,0.09510376861406017
3266,0.05,Randomized,0.09510376861406017
3267,0.1,Randomized,0.09510376861406017
3268,0.25,Randomized,0.09510376861406017
3269,0.5,Randomized,0.9450138292873023
3270,1.0,Randomized,0.9416895834896243
3271,5.0,Randomized,0.845783328096203
3272,0.0,Naive,0.1515419593393745
3273,0.025,Randomized,0.1515419593393745
3274,0.05,Randomized,0.1515419593393745
3275,0.1,Randomized,0.1515419593393745
3276,0.25,Randomized,0.1515419593393745
3277,0.5,Randomized,0.6288803997147673
3278,1.0,Randomized,0.9772226290403824
3279,5.0,Randomized,0.9358667337980252
3280,0.0,Naive,0.8059427193953281
3281,0.025,Randomized,0.17540186093546037
3282,0.05,Randomized,0.17540186093546037
3283,0.1,Randomized,0.17540186093546037
3284,0.25,Randomized,0.9794382388137491
3285,0.5,Randomized,0.17540186093546037
3286,1.0,Randomized,0.7624289296602603
3287,5.0,Randomized,0.9714418539728977
3288,0.0,Naive,0.1084529617463163
3289,0.025,Randomized,0.1084529617463163
3290,0.05,Randomized,0.1084529617463163
3291,0.1,Randomized,0.1084529617463163
3292,0.25,Randomized,0.1084529617463163
3293,0.5,Randomized,0.9886745179076845
3294,1.0,Randomized,0.8504906285251929
3295,5.0,Randomized,0.9764702016987745
3296,0.0,Naive,0.1989370622618077
3297,0.025,Randomized,0.1989370622618077
3298,0.05,Randomized,0.1989370622618077
3299,0.1,Randomized,0.1989370622618077
3300,0.25,Randomized,0.900277515467302
3301,0.5,Randomized,0.7230246930796801
3302,1.0,Randomized,0.693948966074595
3303,5.0,Randomized,0.9366149494701839
3304,0.0,Naive,0.5609816989785955
3305,0.025,Randomized,0.5609816989785955
3306,0.05,Randomized,0.5609816989785955
3307,0.1,Randomized,0.5609816989785955
3308,0.25,Randomized,0.2617344856263576
3309,0.5,Randomized,0.5609816989785955
3310,1.0,Randomized,0.7419695198528472
3311,5.0,Randomized,0.7867628755573395
3312,0.0,Naive,0.13080809036502455
3313,0.025,Randomized,0.13080809036502455
3314,0.05,Randomized,0.13080809036502455
3315,0.1,Randomized,0.13080809036502455
3316,0.25,Randomized,0.13080809036502455
3317,0.5,Randomized,0.13080809036502455
3318,1.0,Randomized,0.9942283223766128
3319,5.0,Randomized,0.8540452217175609
3320,0.0,Naive,0.11834149981405197
3321,0.025,Randomized,0.11834149981405197
3322,0.05,Randomized,0.11834149981405197
3323,0.1,Randomized,0.11834149981405197
3324,0.25,Randomized,0.11834149981405197
3325,0.5,Randomized,0.9255705347809634
3326,1.0,Randomized,0.9087156387357479
3327,5.0,Randomized,0.9843519387216869
3328,0.0,Naive,0.1934138443246771
3329,0.025,Randomized,0.1934138443246771
3330,0.05,Randomized,0.1934138443246771
3331,0.1,Randomized,0.17339125002253025
3332,0.25,Randomized,0.17339125002253025
3333,0.5,Randomized,0.9163497158135222
3334,1.0,Randomized,0.9950778447985671
3335,5.0,Randomized,0.9926223183184187
3336,0.0,Naive,0.16541767005196642
3337,0.025,Randomized,0.16541767005196642
3338,0.05,Randomized,0.16541767005196642
3339,0.1,Randomized,0.16541767005196642
3340,0.25,Randomized,0.16541767005196642
3341,0.5,Randomized,0.16541767005196642
3342,1.0,Randomized,0.9908868242809363
3343,5.0,Randomized,0.8509456876692183
3344,0.0,Naive,0.18623994010741665
3345,0.025,Randomized,0.18623994010741665
3346,0.05,Randomized,0.18623994010741665
3347,0.1,Randomized,0.18623994010741665
3348,0.25,Randomized,0.18623994010741665
3349,0.5,Randomized,0.8666014732950581
3350,1.0,Randomized,0.9966162365110418
3351,5.0,Randomized,0.9163251225457596
3352,0.0,Naive,0.2230149804989561
3353,0.025,Randomized,0.2230149804989561
3354,0.05,Randomized,0.2230149804989561
3355,0.1,Randomized,0.2230149804989561
3356,0.25,Randomized,0.9636684012653395
3357,0.5,Randomized,0.9636684012653395
3358,1.0,Randomized,0.8640937232913778
3359,5.0,Randomized,0.9942065223814102
3360,0.0,Naive,0.1562963842956001
3361,0.025,Randomized,0.1562963842956001
3362,0.05,Randomized,0.1562963842956001
3363,0.1,Randomized,0.1562963842956001
3364,0.25,Randomized,0.1562963842956001
3365,0.5,Randomized,0.9685803323861324
3366,1.0,Randomized,0.9353806657743993
3367,5.0,Randomized,0.9701467638570779
3368,0.0,Naive,0.21636221012931503
3369,0.025,Randomized,0.21636221012931503
3370,0.05,Randomized,0.21636221012931503
3371,0.1,Randomized,0.21636221012931503
3372,0.25,Randomized,0.9441713873595534
3373,0.5,Randomized,0.8033058298786162
3374,1.0,Randomized,0.8276131253910018
3375,5.0,Randomized,0.8840193240886632
3376,0.0,Naive,0.09116706119081615
3377,0.025,Randomized,0.09116706119081615
3378,0.05,Randomized,0.09116706119081615
3379,0.1,Randomized,0.09116706119081615
3380,0.25,Randomized,0.09116706119081615
3381,0.5,Randomized,0.8879309560813852
3382,1.0,Randomized,0.8752477358775625
3383,5.0,Randomized,0.9854717162191391
3384,0.0,Naive,0.198649201403405
3385,0.025,Randomized,0.198649201403405
3386,0.05,Randomized,0.198649201403405
3387,0.1,Randomized,0.198649201403405
3388,0.25,Randomized,0.198649201403405
3389,0.5,Randomized,0.4980745949960553
3390,1.0,Randomized,0.8953209803429794
3391,5.0,Randomized,0.93629595396742
3392,0.0,Naive,0.11009648667866774
3393,0.025,Randomized,0.11009648667866774
3394,0.05,Randomized,0.11009648667866774
3395,0.1,Randomized,0.11009648667866774
3396,0.25,Randomized,0.11009648667866774
3397,0.5,Randomized,0.9867252480370408
3398,1.0,Randomized,0.6867737883416617
3399,5.0,Randomized,0.981536694151898
3400,0.0,Naive,0.16040443394782924
3401,0.025,Randomized,0.16040443394782924
3402,0.05,Randomized,0.16040443394782924
3403,0.1,Randomized,0.16040443394782924
3404,0.25,Randomized,0.32912841801285647
3405,0.5,Randomized,0.5499541187931689
3406,1.0,Randomized,0.7839564864087221
3407,5.0,Randomized,0.9346314134126277
3408,0.0,Naive,0.18676758641547941
3409,0.025,Randomized,0.18676758641547941
3410,0.05,Randomized,0.18676758641547941
3411,0.1,Randomized,0.18676758641547941
3412,0.25,Randomized,0.9708347432747294
3413,0.5,Randomized,0.8403056583738328
3414,1.0,Randomized,0.9176829011279799
3415,5.0,Randomized,0.9626232125303635
3416,0.0,Naive,0.15626383120408133
3417,0.025,Randomized,0.15626383120408133
3418,0.05,Randomized,0.15626383120408133
3419,0.1,Randomized,0.15626383120408133
3420,0.25,Randomized,0.15626383120408133
3421,0.5,Randomized,0.15626383120408133
3422,1.0,Randomized,0.9511305531341897
3423,5.0,Randomized,0.9905509761303782
3424,0.0,Naive,0.11128088961813805
3425,0.025,Randomized,0.11128088961813805
3426,0.05,Randomized,0.11128088961813805
3427,0.1,Randomized,0.11128088961813805
3428,0.25,Randomized,0.11128088961813805
3429,0.5,Randomized,0.2151606111827005
3430,1.0,Randomized,0.8435731478764863
3431,5.0,Randomized,0.9957404321099158
3432,0.0,Naive,0.12211849728697308
3433,0.025,Randomized,0.12211849728697308
3434,0.05,Randomized,0.12211849728697308
3435,0.1,Randomized,0.12211849728697308
3436,0.25,Randomized,0.7870268090158896
3437,0.5,Randomized,0.7600153272991015
3438,1.0,Randomized,0.9881593206694058
3439,5.0,Randomized,0.9662879606234474
3440,0.0,Naive,0.19538250136789068
3441,0.025,Randomized,0.19538250136789068
3442,0.05,Randomized,0.19538250136789068
3443,0.1,Randomized,0.19538250136789068
3444,0.25,Randomized,0.19538250136789068
3445,0.5,Randomized,0.8802726566743276
3446,1.0,Randomized,0.9763312888402527
3447,5.0,Randomized,0.8893605233252779
3448,0.0,Naive,0.8856008148803026
3449,0.025,Randomized,0.8856008148803026
3450,0.05,Randomized,0.8856008148803026
3451,0.1,Randomized,0.8856008148803026
3452,0.25,Randomized,0.1838264191189365
3453,0.5,Randomized,0.9981996981503858
3454,1.0,Randomized,0.7855029191742087
3455,5.0,Randomized,0.9034925651319023
3456,0.0,Naive,0.099143153292822
3457,0.025,Randomized,0.099143153292822
3458,0.05,Randomized,0.099143153292822
3459,0.1,Randomized,0.15626539740316692
3460,0.25,Randomized,0.4500305226690164
3461,0.5,Randomized,0.837457510610672
3462,1.0,Randomized,0.8527202702616471
3463,5.0,Randomized,0.9859849627526
3464,0.0,Naive,0.20342812524378273
3465,0.025,Randomized,0.20342812524378273
3466,0.05,Randomized,0.20342812524378273
3467,0.1,Randomized,0.20342812524378273
3468,0.25,Randomized,0.9300244574392368
3469,0.5,Randomized,0.9316080731037653
3470,1.0,Randomized,0.9316080731037653
3471,5.0,Randomized,0.968470726300336
3472,0.0,Naive,0.10658707256714361
3473,0.025,Randomized,0.10658707256714361
3474,0.05,Randomized,0.10658707256714361
3475,0.1,Randomized,0.10658707256714361
3476,0.25,Randomized,0.10658707256714361
3477,0.5,Randomized,0.8046781015779436
3478,1.0,Randomized,0.8819327593930764
3479,5.0,Randomized,0.824452546099557
3480,0.0,Naive,0.16231887954279273
3481,0.025,Randomized,0.16231887954279273
3482,0.05,Randomized,0.16231887954279273
3483,0.1,Randomized,0.16231887954279273
3484,0.25,Randomized,0.8493550297268272
3485,0.5,Randomized,0.9479473375842414
3486,1.0,Randomized,0.8324407264080117
3487,5.0,Randomized,0.8487681383485348
3488,0.0,Naive,0.100829074059054
3489,0.025,Randomized,0.100829074059054
3490,0.05,Randomized,0.100829074059054
3491,0.1,Randomized,0.100829074059054
3492,0.25,Randomized,0.100829074059054
3493,0.5,Randomized,0.100829074059054
3494,1.0,Randomized,0.7453251435614405
3495,5.0,Randomized,0.9583101139989861
3496,0.0,Naive,0.13629829738269605
3497,0.025,Randomized,0.13629829738269605
3498,0.05,Randomized,0.13629829738269605
3499,0.1,Randomized,0.13629829738269605
3500,0.25,Randomized,0.9755061603287488
3501,0.5,Randomized,0.9956858115255833
3502,1.0,Randomized,0.9755061603287488
3503,5.0,Randomized,0.9850293682345219
3504,0.0,Naive,0.22855458029721576
3505,0.025,Randomized,0.22855458029721576
3506,0.05,Randomized,0.22855458029721576
3507,0.1,Randomized,0.22855458029721576
3508,0.25,Randomized,0.22855458029721576
3509,0.5,Randomized,0.8391039609057807
3510,1.0,Randomized,0.776237973364159
3511,5.0,Randomized,0.8376999851024711
3512,0.0,Naive,0.11285919235503031
3513,0.025,Randomized,0.11285919235503031
3514,0.05,Randomized,0.11285919235503031
3515,0.1,Randomized,0.11285919235503031
3516,0.25,Randomized,0.11285919235503031
3517,0.5,Randomized,0.11285919235503031
3518,1.0,Randomized,0.8246316257615246
3519,5.0,Randomized,0.9121952041669559
3520,0.0,Naive,0.10849679199295476
3521,0.025,Randomized,0.10849679199295476
3522,0.05,Randomized,0.10849679199295476
3523,0.1,Randomized,0.10849679199295476
3524,0.25,Randomized,0.10849679199295476
3525,0.5,Randomized,0.7475975088335618
3526,1.0,Randomized,0.9886785571786848
3527,5.0,Randomized,0.9973420123101422
3528,0.0,Naive,0.21191806466600513
3529,0.025,Randomized,0.21191806466600513
3530,0.05,Randomized,0.21191806466600513
3531,0.1,Randomized,0.21191806466600513
3532,0.25,Randomized,0.7618568929895606
3533,0.5,Randomized,0.8883499517154996
3534,1.0,Randomized,0.7654293896677936
3535,5.0,Randomized,0.9743558470697216
3536,0.0,Naive,0.2516326693332478
3537,0.025,Randomized,0.2516326693332478
3538,0.05,Randomized,0.2516326693332478
3539,0.1,Randomized,0.2516326693332478
3540,0.25,Randomized,0.8499457146228308
3541,0.5,Randomized,0.9173771911089763
3542,1.0,Randomized,0.9021894908196255
3543,5.0,Randomized,0.9985623097813169
3544,0.0,Naive,0.11943282592997756
3545,0.025,Randomized,0.11943282592997756
3546,0.05,Randomized,0.11943282592997756
3547,0.1,Randomized,0.11943282592997756
3548,0.25,Randomized,0.11943282592997756
3549,0.5,Randomized,0.9663986885239734
3550,1.0,Randomized,0.8387479545018985
3551,5.0,Randomized,0.7442883274943943
3552,0.0,Naive,0.16463439372221314
3553,0.025,Randomized,0.16463439372221314
3554,0.05,Randomized,0.16463439372221314
3555,0.1,Randomized,0.16463439372221314
3556,0.25,Randomized,0.9603253561772034
3557,0.5,Randomized,0.7707342471362756
3558,1.0,Randomized,0.9503012002298056
3559,5.0,Randomized,0.9442715346370653
3560,0.0,Naive,0.13717968863228874
3561,0.025,Randomized,0.13717968863228874
3562,0.05,Randomized,0.13717968863228874
3563,0.1,Randomized,0.13717968863228874
3564,0.25,Randomized,0.13717968863228874
3565,0.5,Randomized,0.7838284848246984
3566,1.0,Randomized,0.7867233754953429
3567,5.0,Randomized,0.9899997335714525
3568,0.0,Naive,0.17620588500042675
3569,0.025,Randomized,0.17620588500042675
3570,0.05,Randomized,0.17620588500042675
3571,0.1,Randomized,0.9457265787252114
3572,0.25,Randomized,0.9457265787252114
3573,0.5,Randomized,0.7528128835000596
3574,1.0,Randomized,0.94922385399884
3575,5.0,Randomized,0.9013854954637229
3576,0.0,Naive,0.152371571358299
3577,0.025,Randomized,0.152371571358299
3578,0.05,Randomized,0.152371571358299
3579,0.1,Randomized,0.152371571358299
3580,0.25,Randomized,0.152371571358299
3581,0.5,Randomized,0.9230435840233203
3582,1.0,Randomized,0.943451905188529
3583,5.0,Randomized,0.9277645537216332
3584,0.0,Naive,0.16830764452155375
3585,0.025,Randomized,0.16830764452155375
3586,0.05,Randomized,0.16830764452155375
3587,0.1,Randomized,0.16830764452155375
3588,0.25,Randomized,0.9104603511249337
3589,0.5,Randomized,0.9513325243995279
3590,1.0,Randomized,0.9092695469024271
3591,5.0,Randomized,0.9696723849190095
3592,0.0,Naive,0.1643140644547703
3593,0.025,Randomized,0.1643140644547703
3594,0.05,Randomized,0.1643140644547703
3595,0.1,Randomized,0.1643140644547703
3596,0.25,Randomized,0.8110012965378883
3597,0.5,Randomized,0.9603716555921605
3598,1.0,Randomized,0.7812888351753683
3599,5.0,Randomized,0.9534961240688786
3600,0.0,Naive,0.14424281941761094
3601,0.025,Randomized,0.14424281941761094
3602,0.05,Randomized,0.14424281941761094
3603,0.1,Randomized,0.14424281941761094
3604,0.25,Randomized,0.14424281941761094
3605,0.5,Randomized,0.9108219859298327
3606,1.0,Randomized,0.968701506290417
3607,5.0,Randomized,0.8463603553370919
3608,0.0,Naive,0.12095686711080755
3609,0.025,Randomized,0.12095686711080755
3610,0.05,Randomized,0.12095686711080755
3611,0.1,Randomized,0.12095686711080755
3612,0.25,Randomized,0.12095686711080755
3613,0.5,Randomized,0.9991701184867007
3614,1.0,Randomized,0.8672215157660281
3615,5.0,Randomized,0.9927953122674056
3616,0.0,Naive,0.20067154002960647
3617,0.025,Randomized,0.20067154002960647
3618,0.05,Randomized,0.20067154002960647
3619,0.1,Randomized,0.20067154002960647
3620,0.25,Randomized,0.9324819363538599
3621,0.5,Randomized,0.8879064221611719
3622,1.0,Randomized,0.976237231082219
3623,5.0,Randomized,0.7365894426849899
3624,0.0,Naive,0.17356782374815066
3625,0.025,Randomized,0.17356782374815066
3626,0.05,Randomized,0.17356782374815066
3627,0.1,Randomized,0.17356782374815066
3628,0.25,Randomized,0.24953968752205327
3629,0.5,Randomized,0.8292675791700043
3630,1.0,Randomized,0.7561619631178591
3631,5.0,Randomized,0.8844036771021757
3632,0.0,Naive,0.1416340169230828
3633,0.025,Randomized,0.1416340169230828
3634,0.05,Randomized,0.1416340169230828
3635,0.1,Randomized,0.1416340169230828
3636,0.25,Randomized,0.3349312919938183
3637,0.5,Randomized,0.6102020009693769
3638,1.0,Randomized,0.9537816136464582
3639,5.0,Randomized,0.9672333192168459
3640,0.0,Naive,0.19641345980483618
3641,0.025,Randomized,0.19641345980483618
3642,0.05,Randomized,0.19641345980483618
3643,0.1,Randomized,0.19641345980483618
3644,0.25,Randomized,0.9133903900452556
3645,0.5,Randomized,0.9499751730137717
3646,1.0,Randomized,0.986042527180616
3647,5.0,Randomized,0.9086419996810665
3648,0.0,Naive,0.11386782557098869
3649,0.025,Randomized,0.11386782557098869
3650,0.05,Randomized,0.11386782557098869
3651,0.1,Randomized,0.11386782557098869
3652,0.25,Randomized,0.11386782557098869
3653,0.5,Randomized,0.11386782557098869
3654,1.0,Randomized,0.7064480975934633
3655,5.0,Randomized,0.950861680535091
3656,0.0,Naive,0.13706280074915025
3657,0.025,Randomized,0.13706280074915025
3658,0.05,Randomized,0.13706280074915025
3659,0.1,Randomized,0.9438223256396564
3660,0.25,Randomized,0.9322618162479571
3661,0.5,Randomized,0.9322618162479571
3662,1.0,Randomized,0.9322618162479571
3663,5.0,Randomized,0.9873998273529867
3664,0.0,Naive,0.13818977738782762
3665,0.025,Randomized,0.13818977738782762
3666,0.05,Randomized,0.13818977738782762
3667,0.1,Randomized,0.13818977738782762
3668,0.25,Randomized,0.13818977738782762
3669,0.5,Randomized,0.761775658575698
3670,1.0,Randomized,0.8881420222116753
3671,5.0,Randomized,0.9948579672833129
3672,0.0,Naive,0.11509427744257317
3673,0.025,Randomized,0.11509427744257317
3674,0.05,Randomized,0.11509427744257317
3675,0.1,Randomized,0.11509427744257317
3676,0.25,Randomized,0.11509427744257317
3677,0.5,Randomized,0.11509427744257317
3678,1.0,Randomized,0.9332124756257237
3679,5.0,Randomized,0.9665606642148399
3680,0.0,Naive,0.15311306073186262
3681,0.025,Randomized,0.15311306073186262
3682,0.05,Randomized,0.15311306073186262
3683,0.1,Randomized,0.15311306073186262
3684,0.25,Randomized,0.9610789858038448
3685,0.5,Randomized,0.9610789858038448
3686,1.0,Randomized,0.9610789858038448
3687,5.0,Randomized,0.9405498117624479
3688,0.0,Naive,0.21999406689013726
3689,0.025,Randomized,0.21999406689013726
3690,0.05,Randomized,0.23912096002920188
3691,0.1,Randomized,0.23912096002920188
3692,0.25,Randomized,0.2775010743990889
3693,0.5,Randomized,0.7786967193830999
3694,1.0,Randomized,0.8870461815111857
3695,5.0,Randomized,0.9593506839802466
3696,0.0,Naive,0.1471710373683872
3697,0.025,Randomized,0.1471710373683872
3698,0.05,Randomized,0.1471710373683872
3699,0.1,Randomized,0.1471710373683872
3700,0.25,Randomized,0.9472763672710608
3701,0.5,Randomized,0.8883141357540463
3702,1.0,Randomized,0.8092993853006074
3703,5.0,Randomized,0.9272278851044504
3704,0.0,Naive,0.08309992733689006
3705,0.025,Randomized,0.08309992733689006
3706,0.05,Randomized,0.08309992733689006
3707,0.1,Randomized,0.08309992733689006
3708,0.25,Randomized,0.08309992733689006
3709,0.5,Randomized,0.9208350621912539
3710,1.0,Randomized,0.9824560892315538
3711,5.0,Randomized,0.9717013036258928
3712,0.0,Naive,0.12606835682609688
3713,0.025,Randomized,0.12606835682609688
3714,0.05,Randomized,0.12606835682609688
3715,0.1,Randomized,0.12606835682609688
3716,0.25,Randomized,0.12606835682609688
3717,0.5,Randomized,0.12606835682609688
3718,1.0,Randomized,0.8481346592324921
3719,5.0,Randomized,0.8371876716466611
3720,0.0,Naive,0.1343287425421406
3721,0.025,Randomized,0.1343287425421406
3722,0.05,Randomized,0.1343287425421406
3723,0.1,Randomized,0.1343287425421406
3724,0.25,Randomized,0.8757146528054803
3725,0.5,Randomized,0.9337463547712251
3726,1.0,Randomized,0.8757146528054803
3727,5.0,Randomized,0.9392442174736807
3728,0.0,Naive,0.21293491528318964
3729,0.025,Randomized,0.21293491528318964
3730,0.05,Randomized,0.21293491528318964
3731,0.1,Randomized,0.21293491528318964
3732,0.25,Randomized,0.4781986953971132
3733,0.5,Randomized,0.9932213413435703
3734,1.0,Randomized,0.9483813802143151
3735,5.0,Randomized,0.9698948260723019
3736,0.0,Naive,0.12041482223358382
3737,0.025,Randomized,0.12041482223358382
3738,0.05,Randomized,0.12041482223358382
3739,0.1,Randomized,0.12041482223358382
3740,0.25,Randomized,0.12041482223358382
3741,0.5,Randomized,0.12041482223358382
3742,1.0,Randomized,0.7083003082183675
3743,5.0,Randomized,0.9134010407681623
3744,0.0,Naive,0.1891816734202235
3745,0.025,Randomized,0.1891816734202235
3746,0.05,Randomized,0.1891816734202235
3747,0.1,Randomized,0.1891816734202235
3748,0.25,Randomized,0.7459177847177242
3749,0.5,Randomized,0.9553126949452104
3750,1.0,Randomized,0.9830340430873468
3751,5.0,Randomized,0.9421055473892134
3752,0.0,Naive,0.17849966987826257
3753,0.025,Randomized,0.17849966987826257
3754,0.05,Randomized,0.17849966987826257
3755,0.1,Randomized,0.20105036164707837
3756,0.25,Randomized,0.17849966987826257
3757,0.5,Randomized,0.9488542063452808
3758,1.0,Randomized,0.9439711556244544
3759,5.0,Randomized,0.9361234888722696
3760,0.0,Naive,0.2235041839546848
3761,0.025,Randomized,0.2235041839546848
3762,0.05,Randomized,0.2235041839546848
3763,0.1,Randomized,0.8370175550361533
3764,0.25,Randomized,0.8370175550361533
3765,0.5,Randomized,0.8370175550361533
3766,1.0,Randomized,0.9198411017206104
3767,5.0,Randomized,0.9867051332420035
3768,0.0,Naive,0.1363095868630151
3769,0.025,Randomized,0.1363095868630151
3770,0.05,Randomized,0.1363095868630151
3771,0.1,Randomized,0.1363095868630151
3772,0.25,Randomized,0.8922713615035024
3773,0.5,Randomized,0.8922713615035024
3774,1.0,Randomized,0.8922713615035024
3775,5.0,Randomized,0.8957473314117428
3776,0.0,Naive,0.787957570578096
3777,0.025,Randomized,0.787957570578096
3778,0.05,Randomized,0.44467502853474583
3779,0.1,Randomized,0.8709248481507286
3780,0.25,Randomized,0.9865233041260443
3781,0.5,Randomized,0.8709248481507286
3782,1.0,Randomized,0.7880581011564112
3783,5.0,Randomized,0.9989673702370016
3784,0.0,Naive,0.18183893894806677
3785,0.025,Randomized,0.18183893894806677
3786,0.05,Randomized,0.18183893894806677
3787,0.1,Randomized,0.18183893894806677
3788,0.25,Randomized,0.18183893894806677
3789,0.5,Randomized,0.9632583878598646
3790,1.0,Randomized,0.9454256586293954
3791,5.0,Randomized,0.9772473272637535
3792,0.0,Naive,0.17380989352437878
3793,0.025,Randomized,0.17380989352437878
3794,0.05,Randomized,0.17380989352437878
3795,0.1,Randomized,0.17380989352437878
3796,0.25,Randomized,0.9067453515729217
3797,0.5,Randomized,0.9180786098277195
3798,1.0,Randomized,0.9514855684352234
3799,5.0,Randomized,0.9836764033473715
3800,0.0,Naive,0.1580525403994189
3801,0.025,Randomized,0.1580525403994189
3802,0.05,Randomized,0.1580525403994189
3803,0.1,Randomized,0.1580525403994189
3804,0.25,Randomized,0.2056824691449847
3805,0.5,Randomized,0.33265898038755537
3806,1.0,Randomized,0.8604738156036648
3807,5.0,Randomized,0.9125793802546213
3808,0.0,Naive,0.21464932148117888
3809,0.025,Randomized,0.21464932148117888
3810,0.05,Randomized,0.21464932148117888
3811,0.1,Randomized,0.21464932148117888
3812,0.25,Randomized,0.21464932148117888
3813,0.5,Randomized,0.9143966420122648
3814,1.0,Randomized,0.9396777991595836
3815,5.0,Randomized,0.8121225368557473
3816,0.0,Naive,0.17535184351937272
3817,0.025,Randomized,0.8727061369694834
3818,0.05,Randomized,0.8727061369694834
3819,0.1,Randomized,0.8727061369694834
3820,0.25,Randomized,0.8727061369694834
3821,0.5,Randomized,0.8727061369694834
3822,1.0,Randomized,0.9947351437553783
3823,5.0,Randomized,0.990614854364703
3824,0.0,Naive,0.1870169516776313
3825,0.025,Randomized,0.1870169516776313
3826,0.05,Randomized,0.1870169516776313
3827,0.1,Randomized,0.1870169516776313
3828,0.25,Randomized,0.8687493200780209
3829,0.5,Randomized,0.9159561485059579
3830,1.0,Randomized,0.9146087711801344
3831,5.0,Randomized,0.9450377470803658
3832,0.0,Naive,0.12137635176859378
3833,0.025,Randomized,0.12137635176859378
3834,0.05,Randomized,0.12137635176859378
3835,0.1,Randomized,0.12137635176859378
3836,0.25,Randomized,0.12137635176859378
3837,0.5,Randomized,0.9499818013709559
3838,1.0,Randomized,0.9884419536317192
3839,5.0,Randomized,0.90756166258963
3840,0.0,Naive,0.09513613805637336
3841,0.025,Randomized,0.09513613805637336
3842,0.05,Randomized,0.09513613805637336
3843,0.1,Randomized,0.09513613805637336
3844,0.25,Randomized,0.09513613805637336
3845,0.5,Randomized,0.8942170244964004
3846,1.0,Randomized,0.5897350350528726
3847,5.0,Randomized,0.9904267424619955
3848,0.0,Naive,0.13319847299653897
3849,0.025,Randomized,0.13319847299653897
3850,0.05,Randomized,0.13319847299653897
3851,0.1,Randomized,0.13319847299653897
3852,0.25,Randomized,0.13319847299653897
3853,0.5,Randomized,0.13319847299653897
3854,1.0,Randomized,0.78596657948409
3855,5.0,Randomized,0.9192820881188156
3856,0.0,Naive,0.12318772201981439
3857,0.025,Randomized,0.12318772201981439
3858,0.05,Randomized,0.12318772201981439
3859,0.1,Randomized,0.12318772201981439
3860,0.25,Randomized,0.12318772201981439
3861,0.5,Randomized,0.3148542257677418
3862,1.0,Randomized,0.7108349102238452
3863,5.0,Randomized,0.9518450059910603
3864,0.0,Naive,0.11769539251919439
3865,0.025,Randomized,0.11769539251919439
3866,0.05,Randomized,0.11769539251919439
3867,0.1,Randomized,0.11769539251919439
3868,0.25,Randomized,0.11769539251919439
3869,0.5,Randomized,0.9432300284440018
3870,1.0,Randomized,0.9532862399404299
3871,5.0,Randomized,0.9934273822740503
3872,0.0,Naive,0.1980795359832283
3873,0.025,Randomized,0.1980795359832283
3874,0.05,Randomized,0.1980795359832283
3875,0.1,Randomized,0.1980795359832283
3876,0.25,Randomized,0.2337555725288162
3877,0.5,Randomized,0.974937522152745
3878,1.0,Randomized,0.83002172166621
3879,5.0,Randomized,0.9767504143055526
3880,0.0,Naive,0.16235640250567943
3881,0.025,Randomized,0.16235640250567943
3882,0.05,Randomized,0.16235640250567943
3883,0.1,Randomized,0.16235640250567943
3884,0.25,Randomized,0.16235640250567943
3885,0.5,Randomized,0.8794680716454369
3886,1.0,Randomized,0.8239169269108468
3887,5.0,Randomized,0.7858344729906199
3888,0.0,Naive,0.1630479418639511
3889,0.025,Randomized,0.1630479418639511
3890,0.05,Randomized,0.1630479418639511
3891,0.1,Randomized,0.18760795875325603
3892,0.25,Randomized,0.1630479418639511
3893,0.5,Randomized,0.9698778536291426
3894,1.0,Randomized,0.8471431556059947
3895,5.0,Randomized,0.9250799016349585
3896,0.0,Naive,0.1527907364429455
3897,0.025,Randomized,0.1527907364429455
3898,0.05,Randomized,0.1527907364429455
3899,0.1,Randomized,0.1527907364429455
3900,0.25,Randomized,0.1527907364429455
3901,0.5,Randomized,0.1527907364429455
3902,1.0,Randomized,0.7065513068516914
3903,5.0,Randomized,0.835929329775464
3904,0.0,Naive,0.12495515986585595
3905,0.025,Randomized,0.12495515986585595
3906,0.05,Randomized,0.12495515986585595
3907,0.1,Randomized,0.12495515986585595
3908,0.25,Randomized,0.12495515986585595
3909,0.5,Randomized,0.7582606832609884
3910,1.0,Randomized,0.7703582154279628
3911,5.0,Randomized,0.9657983073559135
3912,0.0,Naive,0.18183895919711401
3913,0.025,Randomized,0.18183895919711401
3914,0.05,Randomized,0.18183895919711401
3915,0.1,Randomized,0.18183895919711401
3916,0.25,Randomized,0.795397730583816
3917,0.5,Randomized,0.18183895919711401
3918,1.0,Randomized,0.7694627291615377
3919,5.0,Randomized,0.9653797297753282
3920,0.0,Naive,0.13410301701216182
3921,0.025,Randomized,0.13410301701216182
3922,0.05,Randomized,0.13410301701216182
3923,0.1,Randomized,0.13410301701216182
3924,0.25,Randomized,0.13410301701216182
3925,0.5,Randomized,0.9188023433939363
3926,1.0,Randomized,0.9188023433939363
3927,5.0,Randomized,0.9659816171851552
3928,0.0,Naive,0.19379499642370152
3929,0.025,Randomized,0.19379499642370152
3930,0.05,Randomized,0.8253991568783436
3931,0.1,Randomized,0.19379499642370152
3932,0.25,Randomized,0.8253991568783436
3933,0.5,Randomized,0.9222074352742904
3934,1.0,Randomized,0.9123444177356304
3935,5.0,Randomized,0.8253991568783436
3936,0.0,Naive,0.17288710895548867
3937,0.025,Randomized,0.17288710895548867
3938,0.05,Randomized,0.17288710895548867
3939,0.1,Randomized,0.17288710895548867
3940,0.25,Randomized,0.9641198806796423
3941,0.5,Randomized,0.5899588782238105
3942,1.0,Randomized,0.9154456137709933
3943,5.0,Randomized,0.9758680807531305
3944,0.0,Naive,0.21074125581980396
3945,0.025,Randomized,0.21074125581980396
3946,0.05,Randomized,0.21074125581980396
3947,0.1,Randomized,0.21074125581980396
3948,0.25,Randomized,0.21074125581980396
3949,0.5,Randomized,0.21074125581980396
3950,1.0,Randomized,0.7626535482530656
3951,5.0,Randomized,0.8700629089013218
3952,0.0,Naive,0.7969216380367533
3953,0.025,Randomized,0.926996015783603
3954,0.05,Randomized,0.7969216380367533
3955,0.1,Randomized,0.8765428391461404
3956,0.25,Randomized,0.9989367355476798
3957,0.5,Randomized,0.9989367355476798
3958,1.0,Randomized,0.9989367355476798
3959,5.0,Randomized,0.9119449485664157
3960,0.0,Naive,0.20304830076020647
3961,0.025,Randomized,0.20304830076020647
3962,0.05,Randomized,0.20304830076020647
3963,0.1,Randomized,0.20304830076020647
3964,0.25,Randomized,0.20304830076020647
3965,0.5,Randomized,0.7094604625400871
3966,1.0,Randomized,0.9497395283718886
3967,5.0,Randomized,0.8849119513856586
3968,0.0,Naive,0.17906165136402782
3969,0.025,Randomized,0.17906165136402782
3970,0.05,Randomized,0.17906165136402782
3971,0.1,Randomized,0.17906165136402782
3972,0.25,Randomized,0.9472836547433007
3973,0.5,Randomized,0.9302841974768609
3974,1.0,Randomized,0.9302841974768609
3975,5.0,Randomized,0.9051560665291764
3976,0.0,Naive,0.17594905124053414
3977,0.025,Randomized,0.17594905124053414
3978,0.05,Randomized,0.17594905124053414
3979,0.1,Randomized,0.17594905124053414
3980,0.25,Randomized,0.7604274150611079
3981,0.5,Randomized,0.9813305394942451
3982,1.0,Randomized,0.6337877659355169
3983,5.0,Randomized,0.9969941602996827
3984,0.0,Naive,0.22526435253615573
3985,0.025,Randomized,0.22526435253615573
3986,0.05,Randomized,0.22526435253615573
3987,0.1,Randomized,0.22526435253615573
3988,0.25,Randomized,0.8714362768056871
3989,0.5,Randomized,0.22526435253615573
3990,1.0,Randomized,0.7753401826223343
3991,5.0,Randomized,0.9885439354203587
3992,0.0,Naive,0.17553635803286535
3993,0.025,Randomized,0.17553635803286535
3994,0.05,Randomized,0.17553635803286535
3995,0.1,Randomized,0.17553635803286535
3996,0.25,Randomized,0.17553635803286535
3997,0.5,Randomized,0.827053179502349
3998,1.0,Randomized,0.7671416090415691
3999,5.0,Randomized,0.9909048577179683
